Model year,Make,Model,Vehicle class,Engine size (L),Cylinders,Transmission,Fuel type,Combined (L/100 km),CO2 emissions (g/km)
2015,Acura,ILX,Compact,2.0,4,AS5,Z,8.3,191
2015,Acura,ILX,Compact,2.4,4,M6,Z,9.3,214
2015,Acura,ILX Hybrid,Compact,1.5,4,AV7,Z,6.1,140
2015,Acura,MDX SH-AWD,Sport utility vehicle: Small,3.5,6,AS6,Z,11.1,255
2015,Acura,RDX AWD,Sport utility vehicle: Small,3.5,6,AS6,Z,10.6,244
2015,Acura,RLX,Mid-size,3.5,6,AS6,Z,10.0,230
2015,Acura,RLX Hybrid,Mid-size,3.5,6,AM7,Z,7.7,177
2015,Acura,TLX,Compact,2.4,4,AM8,Z,8.3,191
2015,Acura,TLX,Compact,3.5,6,AS9,Z,9.2,212
2015,Acura,TLX SH-AWD,Compact,3.5,6,AS9,Z,9.6,221
2015,Alfa Romeo,4C,Two-seater,1.8,4,AM6,Z,8.4,193
2015,Aston Martin,DB9,Minicompact,5.9,12,A6,Z,15.6,359
2015,Aston Martin,Rapide S,Subcompact,6.0,12,A8,Z,14.2,327
2015,Aston Martin,V8 Vantage,Two-seater,4.7,8,AM7,Z,14.7,338
2015,Aston Martin,V8 Vantage,Two-seater,4.7,8,M6,Z,15.5,356
2015,Aston Martin,V8 Vantage S,Two-seater,4.7,8,AM7,Z,14.7,338
2015,Aston Martin,V8 Vantage S,Two-seater,4.7,8,M6,Z,15.5,356
2015,Aston Martin,V12 Vantage S,Two-seater,6.0,12,AM7,Z,16.5,379
2015,Aston Martin,Vantage GT,Two-seater,4.7,8,AM7,Z,14.7,338
2015,Aston Martin,Vantage GT,Two-seater,4.7,8,M6,Z,15.5,356
2015,Aston Martin,Vanquish,Minicompact,6.0,12,A8,Z,14.8,340
2015,Audi,A3,Subcompact,1.8,4,AM6,Z,8.7,200
2015,Audi,A3 TDI (modified),Subcompact,2.0,4,AM6,D,6.5,177
2015,Audi,A3 quattro,Subcompact,2.0,4,AM6,Z,8.6,198
2015,Audi,A3 Cabriolet quattro,Subcompact,2.0,4,AM6,Z,8.9,205
2015,Audi,A4,Compact,2.0,4,AV8,Z,8.9,205
2015,Audi,A4 quattro,Compact,2.0,4,AS8,Z,9.6,221
2015,Audi,A4 quattro,Compact,2.0,4,M6,Z,9.1,209
2015,Audi,A4 allroad quattro,Station wagon: Small,2.0,4,AS8,Z,9.9,228
2015,Audi,A5 quattro,Subcompact,2.0,4,AS8,Z,9.6,221
2015,Audi,A5 quattro,Subcompact,2.0,4,M6,Z,9.1,209
2015,Audi,A5 Cabriolet quattro,Subcompact,2.0,4,AS8,Z,9.8,225
2015,Audi,A6 quattro,Mid-size,2.0,4,AS8,Z,10.3,237
2015,Audi,A6 quattro,Mid-size,3.0,6,AS8,Z,10.9,251
2015,Audi,A6 quattro TDI (modified),Mid-size,3.0,6,AS8,D,8.1,217
2015,Audi,A7 quattro,Mid-size,3.0,6,AS8,Z,11.0,253
2015,Audi,A7 quattro TDI (modified),Mid-size,3.0,6,AS8,D,8.1,217
2015,Audi,A8,Mid-size,3.0,6,AS8,Z,10.5,242
2015,Audi,A8 TDI (modified),Mid-size,3.0,6,AS8,D,8.4,224
2015,Audi,A8,Mid-size,4.0,8,AS8,Z,10.7,246
2015,Audi,A8L,Full-size,3.0,6,AS8,Z,10.5,242
2015,Audi,A8L TDI (modified),Full-size,3.0,6,AS8,D,8.4,224
2015,Audi,A8L,Full-size,4.0,8,AS8,Z,11.0,258
2015,Audi,A8L,Full-size,6.3,12,AS8,Z,14.6,344
2015,Audi,Q3,Compact,2.0,4,AS6,Z,10.3,237
2015,Audi,Q3 quattro,Compact,2.0,4,AS6,Z,10.3,237
2015,Audi,Q5,Sport utility vehicle: Small,2.0,4,AS8,Z,10.4,239
2015,Audi,Q5,Sport utility vehicle: Small,3.0,6,AS8,Z,11.4,262
2015,Audi,Q5 TDI (modified),Sport utility vehicle: Small,3.0,6,AS8,D,9.0,244
2015,Audi,Q5 Hybrid,Sport utility vehicle: Small,2.0,4,AS8,Z,8.9,205
2015,Audi,Q7,Sport utility vehicle: Standard,3.0,6,AS8,Z,13.3,306
2015,Audi,Q7 TDI (modified),Sport utility vehicle: Standard,3.0,6,AS8,D,10.7,290
2015,Audi,R8,Two-seater,4.2,8,AM7,Z,14.2,327
2015,Audi,R8,Two-seater,4.2,8,M6,Z,16.6,382
2015,Audi,R8,Two-seater,5.2,10,AM7,Z,14.8,347
2015,Audi,R8,Two-seater,5.2,10,M6,Z,16.4,377
2015,Audi,R8 Spyder,Two-seater,4.2,8,AM7,Z,14.2,327
2015,Audi,R8 Spyder,Two-seater,4.2,8,M6,Z,16.6,382
2015,Audi,R8 Spyder,Two-seater,5.2,10,AM7,Z,14.8,347
2015,Audi,R8 Spyder,Two-seater,5.2,10,M6,Z,16.4,377
2015,Audi,RS 5,Subcompact,4.2,8,AM7,Z,12.8,294
2015,Audi,RS 5 Cabriolet,Subcompact,4.2,8,AM7,Z,12.9,297
2015,Audi,RS 7,Mid-size,4.0,8,AS8,Z,13.3,313
2015,Audi,S3,Subcompact,2.0,4,AM6,Z,9.0,207
2015,Audi,S4,Compact,3.0,6,AM7,Z,11.0,253
2015,Audi,S4,Compact,3.0,6,M6,Z,11.7,269
2015,Audi,S5,Subcompact,3.0,6,AM7,Z,11.0,253
2015,Audi,S5,Subcompact,3.0,6,M6,Z,11.7,269
2015,Audi,S5 Cabriolet,Subcompact,3.0,6,AM7,Z,11.4,262
2015,Audi,S6,Mid-size,4.0,8,AM7,Z,11.7,269
2015,Audi,S7,Mid-size,4.0,8,AM7,Z,11.7,269
2015,Audi,S8,Mid-size,4.0,8,AS8,Z,11.9,281
2015,Audi,SQ5,Sport utility vehicle: Small,3.0,6,AS8,Z,12.2,281
2015,Audi,TT Coupe quattro,Subcompact,2.0,4,AM6,Z,9.1,209
2015,Audi,TT Roadster quattro,Two-seater,2.0,4,AM6,Z,9.2,212
2015,Audi,TTS Coupe quattro,Subcompact,2.0,4,AM6,Z,10.2,235
2015,Audi,TTS Roadster quattro,Two-seater,2.0,4,AM6,Z,10.2,235
2015,Bentley,Continental GT,Compact,4.0,8,AS8,Z,13.1,307
2015,Bentley,Continental GT,Compact,6.0,12,AS8,Z,15.4,354
2015,Bentley,Continental GT Convertible,Subcompact,4.0,8,AS8,Z,14.4,337
2015,Bentley,Continental GT Convertible,Subcompact,6.0,12,AS8,Z,16.0,368
2015,Bentley,Continental GT3-R,Two-seater,4.0,8,AS8,Z,14.2,327
2015,Bentley,Flying Spur,Mid-size,4.0,8,AS8,Z,14.2,334
2015,Bentley,Flying Spur,Mid-size,6.0,12,AS8,Z,16.5,388
2015,Bentley,Mulsanne,Mid-size,6.8,8,AS8,Z,18.2,419
2015,BMW,228i Cabriolet,Subcompact,2.0,4,AS8,Z,8.9,205
2015,BMW,228i xDrive Cabriolet,Subcompact,2.0,4,AS8,Z,9.1,209
2015,BMW,228i Coupe,Subcompact,2.0,4,AS8,Z,8.4,193
2015,BMW,228i Coupe,Subcompact,2.0,4,M6,Z,9.0,207
2015,BMW,228i xDrive Coupe,Subcompact,2.0,4,AS8,Z,8.7,200
2015,BMW,320i Sedan,Compact,2.0,4,AS8,Z,8.4,193
2015,BMW,320i Sedan,Compact,2.0,4,M6,Z,9.0,207
2015,BMW,320i xDrive Sedan,Compact,2.0,4,AS8,Z,8.7,200
2015,BMW,328d xDrive Sedan,Compact,2.0,4,AS8,D,6.7,181
2015,BMW,328d xDrive Touring,Station wagon: Small,2.0,4,AS8,D,6.7,181
2015,BMW,328i Sedan,Compact,2.0,4,AS8,Z,8.4,193
2015,BMW,328i Sedan,Compact,2.0,4,M6,Z,9.0,207
2015,BMW,328i xDrive Sedan,Compact,2.0,4,AS8,Z,9.1,209
2015,BMW,328i xDrive Gran Turismo,Full-size,2.0,4,AS8,Z,9.1,209
2015,BMW,328i xDrive Touring,Station wagon: Small,2.0,4,AS8,Z,9.1,209
2015,BMW,335i Sedan,Compact,3.0,6,AS8,Z,9.6,221
2015,BMW,335i Sedan,Compact,3.0,6,M6,Z,9.8,225
2015,BMW,335i xDrive Sedan,Compact,3.0,6,AS8,Z,10.0,230
2015,BMW,335i xDrive Sedan,Compact,3.0,6,M6,Z,10.3,237
2015,BMW,335i xDrive Gran Turismo,Full-size,3.0,6,AS8,Z,10.0,230
2015,BMW,428i Cabriolet,Subcompact,2.0,4,AS8,Z,8.9,205
2015,BMW,428i xDrive Cabriolet,Subcompact,2.0,4,AS8,Z,9.6,221
2015,BMW,428i Coupe,Compact,2.0,4,AS8,Z,8.4,193
2015,BMW,428i Coupe,Compact,2.0,4,M6,Z,9.0,207
2015,BMW,428i xDrive Coupe,Compact,2.0,4,AS8,Z,9.1,209
2015,BMW,428i Gran Coupe,Compact,2.0,4,AS8,Z,8.9,205
2015,BMW,428i Gran Coupe,Compact,2.0,4,M6,Z,9.0,207
2015,BMW,428i xDrive Gran Coupe,Compact,2.0,4,AS8,Z,9.1,209
2015,BMW,435i Cabriolet,Subcompact,3.0,6,AS8,Z,9.9,228
2015,BMW,435i xDrive Cabriolet,Subcompact,3.0,6,AS8,Z,10.3,237
2015,BMW,435i Coupe,Compact,3.0,6,AS8,Z,9.6,221
2015,BMW,435i Coupe,Compact,3.0,6,M6,Z,9.8,225
2015,BMW,435i xDrive Coupe,Compact,3.0,6,AS8,Z,10.0,230
2015,BMW,435i xDrive Coupe,Compact,3.0,6,M6,Z,10.3,237
2015,BMW,435i Gran Coupe,Compact,3.0,6,AS8,Z,9.6,221
2015,BMW,435i xDrive Gran Coupe,Compact,3.0,6,AS8,Z,10.0,230
2015,BMW,528i Sedan,Mid-size,2.0,4,AS8,Z,8.9,205
2015,BMW,528i xDrive Sedan,Mid-size,2.0,4,AS8,Z,9.1,209
2015,BMW,535d xDrive Sedan,Mid-size,3.0,6,AS8,D,7.9,213
2015,BMW,535i xDrive Sedan,Mid-size,3.0,6,AS8,Z,10.3,237
2015,BMW,535i xDrive Gran Turismo,Full-size,3.0,6,AS8,Z,11.0,253
2015,BMW,550i xDrive Sedan,Mid-size,4.4,8,AS8,Z,12.3,283
2015,BMW,550i xDrive Gran Turismo,Full-size,4.4,8,AS8,Z,12.8,294
2015,BMW,640i xDrive Cabriolet,Subcompact,3.0,6,AS8,Z,10.3,237
2015,BMW,640i xDrive Gran Coupe,Compact,3.0,6,AS8,Z,10.3,237
2015,BMW,650i xDrive Cabriolet,Subcompact,4.4,8,AS8,Z,12.8,294
2015,BMW,650i xDrive Coupe,Compact,4.4,8,AS8,Z,12.3,283
2015,BMW,650i xDrive Gran Coupe,Compact,4.4,8,AS8,Z,12.8,294
2015,BMW,740Ld xDrive Sedan,Full-size,3.0,6,AS8,D,8.8,238
2015,BMW,740Li xDrive Sedan,Full-size,3.0,6,AS8,Z,10.3,237
2015,BMW,750i xDrive Sedan,Full-size,4.4,8,AS8,Z,12.8,294
2015,BMW,750Li xDrive Sedan,Full-size,4.4,8,AS8,Z,12.8,294
2015,BMW,760Li Sedan,Full-size,6.0,12,AS8,Z,15.5,356
2015,BMW,ActiveHybrid 3,Compact,3.0,6,AS8,Z,8.7,200
2015,BMW,ActiveHybrid 5,Mid-size,3.0,6,AS8,Z,9.4,216
2015,BMW,ActiveHybrid 7L,Full-size,3.0,6,AS8,Z,9.3,214
2015,BMW,Alpina B6 xDrive Gran Coupe,Compact,4.4,8,AS8,Z,12.8,294
2015,BMW,Alpina B7 xDrive SWB,Full-size,4.4,8,AS8,Z,12.8,294
2015,BMW,Alpina B7 xDrive LWB,Full-size,4.4,8,AS8,Z,12.8,294
2015,BMW,M235i Cabriolet,Subcompact,3.0,6,AS8,Z,10.2,235
2015,BMW,M235i Cabriolet,Subcompact,3.0,6,M6,Z,10.8,248
2015,BMW,M235i Coupe,Subcompact,3.0,6,AS8,Z,10.2,235
2015,BMW,M235i Coupe,Subcompact,3.0,6,M6,Z,10.4,239
2015,BMW,M235i xDrive Coupe,Subcompact,3.0,6,AS8,Z,10.0,230
2015,BMW,M3 Sedan,Compact,3.0,6,AM7,Z,12.1,278
2015,BMW,M3 Sedan,Compact,3.0,6,M6,Z,11.6,267
2015,BMW,M4 Cabriolet,Subcompact,3.0,6,AM7,Z,12.1,278
2015,BMW,M4 Cabriolet,Subcompact,3.0,6,M6,Z,11.8,271
2015,BMW,M4 Coupe,Compact,3.0,6,AM7,Z,12.1,278
2015,BMW,M4 Coupe,Compact,3.0,6,M6,Z,11.6,267
2015,BMW,M5 Sedan,Mid-size,4.4,8,AM7,Z,14.7,338
2015,BMW,M5 Sedan,Mid-size,4.4,8,M6,Z,13.7,315
2015,BMW,M6 Cabriolet,Subcompact,4.4,8,AM7,Z,14.7,338
2015,BMW,M6 Cabriolet,Subcompact,4.4,8,M6,Z,13.7,315
2015,BMW,M6 Coupe,Compact,4.4,8,AM7,Z,14.7,338
2015,BMW,M6 Coupe,Compact,4.4,8,M6,Z,13.7,315
2015,BMW,M6 Gran Coupe,Compact,4.4,8,AM7,Z,14.7,338
2015,BMW,M6 Gran Coupe,Compact,4.4,8,M6,Z,13.7,315
2015,BMW,X1 xDrive28i,Sport utility vehicle: Small,2.0,4,AS8,Z,9.1,209
2015,BMW,X1 xDrive35i,Sport utility vehicle: Small,3.0,6,AS6,Z,11.2,258
2015,BMW,X3 xDrive28d,Sport utility vehicle: Small,2.0,4,AS8,D,7.9,213
2015,BMW,X3 xDrive28i,Sport utility vehicle: Small,2.0,4,AS8,Z,9.9,228
2015,BMW,X3 xDrive35i,Sport utility vehicle: Small,3.0,6,AS8,Z,10.9,251
2015,BMW,X4 xDrive28i,Sport utility vehicle: Small,2.0,4,AS8,Z,10.2,235
2015,BMW,X4 xDrive35i,Sport utility vehicle: Small,3.0,6,AS8,Z,10.9,251
2015,BMW,X5 xDrive35d,Sport utility vehicle: Standard,3.0,6,AS8,D,8.7,235
2015,BMW,X5 xDrive35i,Sport utility vehicle: Standard,3.0,6,AS8,Z,11.1,255
2015,BMW,X5 xDrive50i,Sport utility vehicle: Standard,4.4,8,AS8,Z,13.8,317
2015,BMW,X5 M,Sport utility vehicle: Standard,4.4,8,AS8,Z,14.6,336
2015,BMW,X6 xDrive35i,Sport utility vehicle: Standard,3.0,6,AS8,Z,11.1,255
2015,BMW,X6 xDrive50i,Sport utility vehicle: Standard,4.4,8,AS8,Z,13.8,317
2015,BMW,X6 M,Sport utility vehicle: Standard,4.4,8,AS8,Z,14.6,336
2015,BMW,Z4 sDrive28i,Two-seater,2.0,4,AS8,Z,9.1,209
2015,BMW,Z4 sDrive28i,Two-seater,2.0,4,M6,Z,9.0,207
2015,BMW,Z4 sDrive35i,Two-seater,3.0,6,AM7,Z,12.1,278
2015,BMW,Z4 sDrive35i,Two-seater,3.0,6,M6,Z,11.0,253
2015,BMW,Z4 sDrive35is,Two-seater,3.0,6,AM7,Z,12.1,278
2015,Buick,Enclave,Sport utility vehicle: Standard,3.6,6,A6,X,12.3,283
2015,Buick,Enclave AWD,Sport utility vehicle: Standard,3.6,6,A6,X,12.6,290
2015,Buick,Encore,Sport utility vehicle: Small,1.4,4,AS6,X,8.5,196
2015,Buick,Encore AWD,Sport utility vehicle: Small,1.4,4,AS6,X,9.2,212
2015,Buick,LaCrosse eAssist,Mid-size,2.4,4,AS6,X,8.2,189
2015,Buick,LaCrosse,Mid-size,3.6,6,AS6,X,11.4,262
2015,Buick,LaCrosse,Mid-size,3.6,6,AS6,E,15.8,253
2015,Buick,LaCrosse AWD,Mid-size,3.6,6,AS6,X,11.7,269
2015,Buick,LaCrosse AWD,Mid-size,3.6,6,AS6,E,15.9,254
2015,Buick,Regal,Mid-size,2.0,4,AS6,Z,9.8,225
2015,Buick,Regal,Mid-size,2.0,4,M6,Z,9.8,225
2015,Buick,Regal eAssist,Mid-size,2.4,4,AS6,X,8.2,189
2015,Buick,Regal AWD,Mid-size,2.0,4,AS6,Z,10.7,246
2015,Buick,Verano,Compact,2.0,4,AS6,Z,9.8,225
2015,Buick,Verano,Compact,2.0,4,M6,Z,9.8,225
2015,Buick,Verano,Compact,2.4,4,AS6,X,9.4,216
2015,Cadillac,ATS,Compact,2.0,4,AS6,Z,9.7,223
2015,Cadillac,ATS,Compact,2.0,4,M6,Z,10.3,237
2015,Cadillac,ATS,Compact,2.5,4,AS6,X,9.3,214
2015,Cadillac,ATS,Compact,3.6,6,AS6,X,10.8,248
2015,Cadillac,ATS AWD,Compact,2.0,4,AS6,Z,10.2,235
2015,Cadillac,ATS AWD,Compact,3.6,6,AS6,X,11.0,253
2015,Cadillac,CTS,Mid-size,2.0,4,AS6,Z,9.9,228
2015,Cadillac,CTS,Mid-size,3.6,6,AS8,X,10.7,246
2015,Cadillac,CTS AWD,Mid-size,2.0,4,AS6,Z,10.6,244
2015,Cadillac,CTS AWD,Mid-size,3.6,6,AS6,X,11.0,253
2015,Cadillac,CTS Vsport,Mid-size,3.6,6,AS8,Z,12.7,292
2015,Cadillac,Escalade 4WD,Sport utility vehicle: Standard,6.2,8,A6,Z,14.0,322
2015,Cadillac,Escalade 4WD,Sport utility vehicle: Standard,6.2,8,A8,Z,13.8,317
2015,Cadillac,Escalade ESV 4WD,Sport utility vehicle: Standard,6.2,8,A6,Z,14.5,334
2015,Cadillac,Escalade ESV 4WD,Sport utility vehicle: Standard,6.2,8,A8,Z,14.3,329
2015,Cadillac,SRX,Sport utility vehicle: Standard,3.6,6,AS6,X,12.3,283
2015,Cadillac,SRX AWD,Sport utility vehicle: Standard,3.6,6,AS6,X,12.8,294
2015,Cadillac,XTS,Full-size,3.6,6,AS6,X,11.3,260
2015,Cadillac,XTS AWD,Full-size,3.6,6,AS6,X,11.6,267
2015,Cadillac,XTS Vsport AWD,Full-size,3.6,6,AS6,Z,12.6,290
2015,Chevrolet,Camaro,Compact,3.6,6,AS6,X,11.3,260
2015,Chevrolet,Camaro,Compact,3.6,6,M6,X,11.5,265
2015,Chevrolet,Camaro,Compact,6.2,8,AS6,Z,12.8,294
2015,Chevrolet,Camaro,Compact,6.2,8,M6,Z,12.7,292
2015,Chevrolet,Camaro 2LS,Compact,3.6,6,AS6,X,10.5,242
2015,Chevrolet,Camaro Z/28,Compact,6.2,8,M6,Z,15.5,357
2015,Chevrolet,Camaro ZL1,Compact,6.2,8,AS6,Z,16.8,386
2015,Chevrolet,Camaro ZL1,Compact,6.2,8,M6,Z,14.7,338
2015,Chevrolet,City Express,Special purpose vehicle,2.0,4,AV,X,9.4,216
2015,Chevrolet,Colorado,Pickup truck: Small,2.5,4,A6,X,10.5,242
2015,Chevrolet,Colorado,Pickup truck: Small,2.5,4,M6,X,10.8,248
2015,Chevrolet,Colorado,Pickup truck: Small,3.6,6,A6,X,11.3,260
2015,Chevrolet,Colorado 4WD,Pickup truck: Small,2.5,4,A6,X,11.3,260
2015,Chevrolet,Colorado 4WD,Pickup truck: Small,3.6,6,A6,X,11.8,271
2015,Chevrolet,Corvette,Two-seater,6.2,8,AS8,Z,11.7,269
2015,Chevrolet,Corvette,Two-seater,6.2,8,M7,Z,11.2,258
2015,Chevrolet,Corvette Z06,Two-seater,6.2,8,AS8,Z,14.3,329
2015,Chevrolet,Corvette Z06,Two-seater,6.2,8,M7,Z,13.4,308
2015,Chevrolet,Cruze,Mid-size,1.4,4,AS6,X,7.8,179
2015,Chevrolet,Cruze Eco,Mid-size,1.4,4,A6,X,7.7,177
2015,Chevrolet,Cruze,Mid-size,1.4,4,M6,X,7.8,179
2015,Chevrolet,Cruze Eco,Mid-size,1.4,4,M6,X,7.1,163
2015,Chevrolet,Cruze,Mid-size,1.8,4,AS6,X,8.8,202
2015,Chevrolet,Cruze,Mid-size,1.8,4,M6,X,8.1,186
2015,Chevrolet,Cruze Diesel,Mid-size,2.0,4,AS6,D,7.1,192
2015,Chevrolet,Equinox,Sport utility vehicle: Small,2.4,4,A6,X,9.1,209
2015,Chevrolet,Equinox FFV,Sport utility vehicle: Small,2.4,4,A6,X,9.1,209
2015,Chevrolet,Equinox FFV,Sport utility vehicle: Small,2.4,4,A6,E,13.4,214
2015,Chevrolet,Equinox,Sport utility vehicle: Small,3.6,6,A6,X,12.1,278
2015,Chevrolet,Equinox AWD,Sport utility vehicle: Small,2.4,4,A6,X,10.0,230
2015,Chevrolet,Equinox AWD FFV,Sport utility vehicle: Small,2.4,4,A6,X,10.0,230
2015,Chevrolet,Equinox AWD FFV,Sport utility vehicle: Small,2.4,4,A6,E,14.2,227
2015,Chevrolet,Equinox AWD,Sport utility vehicle: Small,3.6,6,A6,X,12.6,290
2015,Chevrolet,Express 2500 Passenger,Van: Passenger,4.8,8,A6,X,18.0,414
2015,Chevrolet,Express 2500 Passenger,Van: Passenger,6.0,8,A6,X,18.8,432
2015,Chevrolet,Express 2500 Passenger FFV,Van: Passenger,6.0,8,A6,X,18.8,432
2015,Chevrolet,Express 2500 Passenger FFV,Van: Passenger,6.0,8,A6,E,25.9,414
2015,Chevrolet,Express 3500 Passenger,Van: Passenger,4.8,8,A6,X,18.1,416
2015,Chevrolet,Express 3500 Passenger,Van: Passenger,6.0,8,A6,X,19.0,437
2015,Chevrolet,Express 3500 Passenger FFV,Van: Passenger,6.0,8,A6,X,19.0,437
2015,Chevrolet,Express 3500 Passenger FFV,Van: Passenger,6.0,8,A6,E,26.1,418
2015,Chevrolet,Impala,Full-size,2.5,4,AS6,X,9.2,212
2015,Chevrolet,Impala,Full-size,3.6,6,AS6,X,10.6,244
2015,Chevrolet,Impala,Full-size,3.6,6,AS6,E,14.5,232
2015,Chevrolet,Malibu,Mid-size,2.0,4,AS6,Z,9.8,225
2015,Chevrolet,Malibu,Mid-size,2.5,4,AS6,X,8.0,184
2015,Chevrolet,Silverado,Pickup truck: Standard,4.3,6,A6,X,11.9,274
2015,Chevrolet,Silverado,Pickup truck: Standard,4.3,6,A6,E,17.1,274
2015,Chevrolet,Silverado,Pickup truck: Standard,5.3,8,A6,X,12.7,292
2015,Chevrolet,Silverado,Pickup truck: Standard,5.3,8,A6,E,17.2,275
2015,Chevrolet,Silverado,Pickup truck: Standard,6.2,8,A8,Z,14.0,322
2015,Chevrolet,Silverado 4WD,Pickup truck: Standard,4.3,6,A6,X,12.5,288
2015,Chevrolet,Silverado 4WD,Pickup truck: Standard,4.3,6,A6,E,18.0,288
2015,Chevrolet,Silverado 4WD,Pickup truck: Standard,5.3,8,A6,X,13.0,299
2015,Chevrolet,Silverado 4WD,Pickup truck: Standard,5.3,8,A6,E,17.5,280
2015,Chevrolet,Silverado 4WD,Pickup truck: Standard,6.2,8,A8,Z,14.2,327
2015,Chevrolet,Sonic,Compact,1.4,4,AS6,X,8.0,184
2015,Chevrolet,Sonic,Compact,1.4,4,M6,X,7.5,173
2015,Chevrolet,Sonic,Compact,1.8,4,AS6,X,8.3,191
2015,Chevrolet,Sonic,Compact,1.8,4,M5,X,8.0,184
2015,Chevrolet,Sonic RS,Compact,1.4,4,AS6,X,8.3,191
2015,Chevrolet,Sonic RS,Compact,1.4,4,M6,X,8.0,184
2015,Chevrolet,Sonic 5,Mid-size,1.4,4,AS6,X,8.0,184
2015,Chevrolet,Sonic 5,Mid-size,1.4,4,M6,X,7.5,173
2015,Chevrolet,Sonic 5,Mid-size,1.8,4,AS6,X,8.3,191
2015,Chevrolet,Sonic 5,Mid-size,1.8,4,M5,X,8.0,184
2015,Chevrolet,Sonic 5 RS,Mid-size,1.4,4,AS6,X,8.3,191
2015,Chevrolet,Sonic 5 RS,Mid-size,1.4,4,M6,X,8.0,184
2015,Chevrolet,Spark,Subcompact,1.2,4,AV,X,7.0,161
2015,Chevrolet,Spark,Subcompact,1.2,4,M5,X,6.8,156
2015,Chevrolet,Suburban,Sport utility vehicle: Standard,5.3,8,A6,X,12.7,292
2015,Chevrolet,Suburban,Sport utility vehicle: Standard,5.3,8,A6,E,17.2,275
2015,Chevrolet,Suburban 4WD,Sport utility vehicle: Standard,5.3,8,A6,X,13.3,306
2015,Chevrolet,Suburban 4WD,Sport utility vehicle: Standard,5.3,8,A6,E,19.1,306
2015,Chevrolet,Tahoe,Sport utility vehicle: Standard,5.3,8,A6,X,12.7,292
2015,Chevrolet,Tahoe,Sport utility vehicle: Standard,5.3,8,A6,E,17.2,275
2015,Chevrolet,Tahoe 4WD,Sport utility vehicle: Standard,5.3,8,A6,X,13.0,299
2015,Chevrolet,Tahoe 4WD,Sport utility vehicle: Standard,5.3,8,A6,E,17.6,282
2015,Chevrolet,Traverse,Sport utility vehicle: Standard,3.6,6,A6,X,12.3,283
2015,Chevrolet,Traverse AWD,Sport utility vehicle: Standard,3.6,6,A6,X,12.6,290
2015,Chevrolet,Trax,Sport utility vehicle: Small,1.4,4,AS6,X,8.2,189
2015,Chevrolet,Trax,Sport utility vehicle: Small,1.4,4,M6,X,8.1,186
2015,Chevrolet,Trax AWD,Sport utility vehicle: Small,1.4,4,AS6,X,8.7,200
2015,Chrysler,200,Mid-size,2.4,4,A9,X,8.5,196
2015,Chrysler,200 FFV,Mid-size,2.4,4,A9,X,8.5,196
2015,Chrysler,200 FFV,Mid-size,2.4,4,A9,E,11.3,181
2015,Chrysler,200,Mid-size,3.6,6,A9,X,10.2,235
2015,Chrysler,200 FFV,Mid-size,3.6,6,A9,X,10.2,235
2015,Chrysler,200 FFV,Mid-size,3.6,6,A9,E,13.6,218
2015,Chrysler,200 AWD,Mid-size,3.6,6,A9,X,10.7,246
2015,Chrysler,200 AWD FFV,Mid-size,3.6,6,A9,X,10.7,246
2015,Chrysler,200 AWD FFV,Mid-size,3.6,6,A9,E,14.1,226
2015,Chrysler,300,Full-size,3.6,6,A8,X,10.3,237
2015,Chrysler,300 FFV,Full-size,3.6,6,A8,X,10.3,237
2015,Chrysler,300 FFV,Full-size,3.6,6,A8,E,13.9,222
2015,Chrysler,300 (MDS),Full-size,5.7,8,A8,X,12.3,283
2015,Chrysler,300 AWD,Full-size,3.6,6,A8,X,10.9,251
2015,Chrysler,300 AWD FFV,Full-size,3.6,6,A8,X,10.9,251
2015,Chrysler,300 AWD FFV,Full-size,3.6,6,A8,E,14.8,237
2015,Chrysler,Town & Country FFV,Minivan,3.6,6,A6,X,12.0,276
2015,Chrysler,Town & Country FFV,Minivan,3.6,6,A6,E,16.8,269
2015,Dodge,Challenger,Mid-size,3.6,6,A8,X,10.3,237
2015,Dodge,Challenger,Mid-size,5.7,8,M6,X,13.1,301
2015,Dodge,Challenger (MDS),Mid-size,5.7,8,A8,X,12.3,283
2015,Dodge,Challenger,Mid-size,6.4,8,M6,Z,13.9,320
2015,Dodge,Challenger (MDS),Mid-size,6.4,8,A8,Z,12.9,297
2015,Dodge,Challenger SRT,Mid-size,6.4,8,M6,Z,13.9,320
2015,Dodge,Challenger SRT (MDS),Mid-size,6.4,8,A8,Z,12.9,297
2015,Dodge,Challenger SRT Hellcat,Mid-size,6.2,8,A8,Z,14.7,338
2015,Dodge,Challenger SRT Hellcat,Mid-size,6.2,8,M6,Z,15.1,347
2015,Dodge,Charger,Full-size,3.6,6,A5,X,11.5,264
2015,Dodge,Charger FFV,Full-size,3.6,6,A5,X,11.5,264
2015,Dodge,Charger FFV,Full-size,3.6,6,A5,E,15.9,254
2015,Dodge,Charger,Full-size,3.6,6,A8,X,10.3,237
2015,Dodge,Charger FFV,Full-size,3.6,6,A8,X,10.3,237
2015,Dodge,Charger FFV,Full-size,3.6,6,A8,E,13.9,222
2015,Dodge,Charger (MDS),Full-size,5.7,8,A5,X,12.9,297
2015,Dodge,Charger (MDS),Full-size,5.7,8,A8,X,12.3,283
2015,Dodge,Charger AWD,Full-size,3.6,6,A8,X,10.9,251
2015,Dodge,Charger AWD FFV,Full-size,3.6,6,A8,X,10.9,251
2015,Dodge,Charger AWD FFV,Full-size,3.6,6,A8,E,14.8,237
2015,Dodge,Charger AWD (MDS),Full-size,5.7,8,A5,X,13.4,308
2015,Dodge,Charger SRT 392 Hemi,Full-size,6.4,8,A8,Z,12.9,297
2015,Dodge,Charger SRT Hellcat,Full-size,6.2,8,A8,Z,14.7,338
2015,Dodge,Dart FFV,Mid-size,2.0,4,A6,X,8.6,198
2015,Dodge,Dart FFV,Mid-size,2.0,4,A6,E,11.5,184
2015,Dodge,Dart,Mid-size,2.0,4,M6,X,8.1,186
2015,Dodge,Dart,Mid-size,2.4,4,A6,X,8.6,198
2015,Dodge,Dart,Mid-size,2.4,4,M6,X,8.8,202
2015,Dodge,Dart GT,Mid-size,2.4,4,A6,X,9.2,212
2015,Dodge,Dart GT,Mid-size,2.4,4,M6,X,8.8,202
2015,Dodge,Dart Turbo Aero,Mid-size,1.4,4,AM6,X,7.3,168
2015,Dodge,Dart Turbo Aero,Mid-size,1.4,4,M6,X,7.3,168
2015,Dodge,Durango AWD FFV,Sport utility vehicle: Standard,3.6,6,A8,X,12.1,278
2015,Dodge,Durango AWD FFV,Sport utility vehicle: Standard,3.6,6,A8,E,15.6,250
2015,Dodge,Durango AWD (MDS),Sport utility vehicle: Standard,5.7,8,A8,X,14.7,338
2015,Dodge,Grand Caravan FFV,Minivan,3.6,6,A6,X,11.8,271
2015,Dodge,Grand Caravan FFV,Minivan,3.6,6,A6,E,16.4,262
2015,Dodge,Journey,Sport utility vehicle: Small,2.4,4,A4,X,11.1,255
2015,Dodge,Journey FFV,Sport utility vehicle: Small,3.6,6,A6,X,12.1,278
2015,Dodge,Journey FFV,Sport utility vehicle: Small,3.6,6,A6,E,16.2,259
2015,Dodge,Journey AWD,Sport utility vehicle: Small,3.6,6,A6,X,12.4,285
2015,Dodge,Viper SRT Coupe,Two-seater,8.4,10,M6,Z,15.8,363
2015,FIAT,500 Cabrio,Minicompact,1.4,4,A6,X,7.9,182
2015,FIAT,500 Cabrio,Minicompact,1.4,4,M5,X,7.2,166
2015,FIAT,500 Hatchback,Minicompact,1.4,4,A6,X,7.9,182
2015,FIAT,500 Hatchback,Minicompact,1.4,4,M5,X,6.8,156
2015,FIAT,500 Hatchback Turbo,Minicompact,1.4,4,A6,X,8.6,198
2015,FIAT,500 Hatchback Turbo,Minicompact,1.4,4,M5,X,7.8,179
2015,FIAT,500 Abarth Cabrio,Minicompact,1.4,4,A6,X,8.6,198
2015,FIAT,500 Abarth Cabrio,Minicompact,1.4,4,M5,X,7.8,179
2015,FIAT,500 Abarth Hatchback,Minicompact,1.4,4,A6,X,8.6,198
2015,FIAT,500 Abarth Hatchback,Minicompact,1.4,4,M5,X,7.8,179
2015,FIAT,500L,Station wagon: Small,1.4,4,A6,X,9.4,216
2015,FIAT,500L,Station wagon: Small,1.4,4,AM6,X,8.7,200
2015,FIAT,500L,Station wagon: Small,1.4,4,M6,X,8.3,191
2015,Ford,C-MAX Hybrid,Full-size,2.0,4,AV,X,6.0,138
2015,Ford,Edge,Sport utility vehicle: Small,2.0,4,AS6,X,9.8,225
2015,Ford,Edge (Start/Stop),Sport utility vehicle: Small,2.0,4,AS6,X,9.8,225
2015,Ford,Edge,Sport utility vehicle: Small,3.5,6,AS6,X,11.3,260
2015,Ford,Edge AWD,Sport utility vehicle: Small,2.0,4,AS6,X,10.3,237
2015,Ford,Edge AWD,Sport utility vehicle: Small,3.5,6,AS6,X,11.8,271
2015,Ford,Edge Sport AWD,Sport utility vehicle: Small,2.7,6,AS6,X,11.9,274
2015,Ford,Escape,Sport utility vehicle: Small,1.6,4,AS6,X,9.0,207
2015,Ford,Escape,Sport utility vehicle: Small,2.0,4,AS6,X,9.6,221
2015,Ford,Escape,Sport utility vehicle: Small,2.5,4,AS6,X,9.5,218
2015,Ford,Escape AWD,Sport utility vehicle: Small,1.6,4,AS6,X,9.4,216
2015,Ford,Escape AWD,Sport utility vehicle: Small,2.0,4,AS6,X,10.1,232
2015,Ford,Expedition 4X4,Sport utility vehicle: Standard,3.5,6,AS6,X,14.2,327
2015,Ford,Expedition MAX 4X4,Sport utility vehicle: Standard,3.5,6,AS6,X,14.4,331
2015,Ford,Explorer,Sport utility vehicle: Standard,2.0,4,A6,X,10.4,239
2015,Ford,Explorer FFV,Sport utility vehicle: Standard,3.5,6,AS6,X,11.9,274
2015,Ford,Explorer FFV,Sport utility vehicle: Standard,3.5,6,AS6,E,16.1,258
2015,Ford,Explorer FFV AWD,Sport utility vehicle: Standard,3.5,6,AS6,X,12.5,288
2015,Ford,Explorer FFV AWD,Sport utility vehicle: Standard,3.5,6,AS6,E,16.9,270
2015,Ford,Explorer AWD (EcoBoost),Sport utility vehicle: Standard,3.5,6,AS6,X,13.0,299
2015,Ford,F-150,Pickup truck: Standard,2.7,6,AS6,X,10.8,248
2015,Ford,F-150,Pickup truck: Standard,3.5,6,AS6,X,12.0,276
2015,Ford,F-150 FFV,Pickup truck: Standard,3.5,6,A6,X,11.5,264
2015,Ford,F-150 FFV,Pickup truck: Standard,3.5,6,A6,E,15.7,251
2015,Ford,F-150 FFV,Pickup truck: Standard,5.0,8,AS6,X,13.3,306
2015,Ford,F-150 FFV,Pickup truck: Standard,5.0,8,AS6,E,17.9,286
2015,Ford,F-150 4X4,Pickup truck: Standard,2.7,6,AS6,X,12.0,276
2015,Ford,F-150 4X4,Pickup truck: Standard,3.5,6,AS6,X,12.5,288
2015,Ford,F-150 FFV 4X4,Pickup truck: Standard,3.5,6,A6,X,12.4,285
2015,Ford,F-150 FFV 4X4,Pickup truck: Standard,3.5,6,A6,E,16.8,269
2015,Ford,F-150 FFV 4X4,Pickup truck: Standard,5.0,8,AS6,X,13.9,320
2015,Ford,F-150 FFV 4X4,Pickup truck: Standard,5.0,8,AS6,E,18.7,299
2015,Ford,Fiesta SFE,Subcompact,1.0,3,M5,X,6.6,152
2015,Ford,Fiesta,Subcompact,1.6,4,AS6,X,7.6,175
2015,Ford,Fiesta SFE,Subcompact,1.6,4,AS6,X,7.4,170
2015,Ford,Fiesta,Subcompact,1.6,4,M5,X,7.6,175
2015,Ford,Fiesta ST,Subcompact,1.6,4,M6,X,8.0,184
2015,Ford,Flex,Sport utility vehicle: Standard,3.5,6,AS6,X,11.6,267
2015,Ford,Flex AWD,Sport utility vehicle: Standard,3.5,6,AS6,X,12.1,278
2015,Ford,Flex AWD (EcoBoost),Sport utility vehicle: Standard,3.5,6,AS6,X,12.8,294
2015,Ford,Focus,Compact,1.0,3,M6,X,7.1,163
2015,Ford,Focus FFV,Compact,2.0,4,AM6,X,7.7,177
2015,Ford,Focus FFV,Compact,2.0,4,AM6,E,10.4,166
2015,Ford,Focus FFV,Compact,2.0,4,AS6,X,7.8,179
2015,Ford,Focus FFV,Compact,2.0,4,AS6,E,10.6,170
2015,Ford,Focus FFV,Compact,2.0,4,M5,X,8.1,186
2015,Ford,Focus FFV,Compact,2.0,4,M5,E,10.9,174
2015,Ford,Focus,Compact,2.0,4,M6,X,8.9,205
2015,Ford,Fusion,Mid-size,1.5,4,AS6,X,8.4,193
2015,Ford,Fusion (Start/Stop),Mid-size,1.5,4,AS6,X,8.0,184
2015,Ford,Fusion,Mid-size,2.0,4,AS6,X,8.9,205
2015,Ford,Fusion,Mid-size,2.5,4,AS6,X,8.9,205
2015,Ford,Fusion AWD,Mid-size,2.0,4,AS6,X,9.3,214
2015,Ford,Fusion Hybrid,Mid-size,2.0,4,AV,X,5.5,126
2015,Ford,Mustang,Subcompact,2.3,4,AS6,X,9.4,216
2015,Ford,Mustang,Subcompact,2.3,4,M6,X,9.2,212
2015,Ford,Mustang,Subcompact,3.7,6,AS6,X,10.7,246
2015,Ford,Mustang,Subcompact,3.7,6,M6,X,11.2,258
2015,Ford,Mustang,Subcompact,5.0,8,AS6,X,12.4,285
2015,Ford,Mustang,Subcompact,5.0,8,M6,X,12.5,288
2015,Ford,Mustang Convertible,Subcompact,2.3,4,AS6,X,9.9,228
2015,Ford,Mustang Convertible,Subcompact,5.0,8,AS6,X,13.0,299
2015,Ford,T-150 Wagon,Van: Passenger,3.5,6,AS6,X,14.7,338
2015,Ford,T-150 Wagon FFV,Van: Passenger,3.7,6,AS6,X,14.8,340
2015,Ford,T-150 Wagon FFV,Van: Passenger,3.7,6,AS6,E,19.7,315
2015,Ford,Taurus,Full-size,2.0,4,AS6,X,9.1,209
2015,Ford,Taurus FFV,Full-size,3.5,6,AS6,X,10.4,239
2015,Ford,Taurus FFV,Full-size,3.5,6,AS6,E,14.7,235
2015,Ford,Taurus AWD,Full-size,3.5,6,AS6,X,11.9,274
2015,Ford,Taurus FFV AWD,Full-size,3.5,6,AS6,X,11.3,260
2015,Ford,Taurus FFV AWD,Full-size,3.5,6,AS6,E,16.0,256
2015,Ford,Transit Connect Van,Special purpose vehicle,1.6,4,AS6,X,9.4,216
2015,Ford,Transit Connect Van,Special purpose vehicle,2.5,4,AS6,X,9.9,228
2015,Ford,Transit Connect Wagon,Special purpose vehicle,2.5,4,AS6,X,10.2,235
2015,Ford,Transit Connect Wagon Taxi,Special purpose vehicle,2.5,4,AS6,X,10.4,239
2015,GMC,Acadia,Sport utility vehicle: Standard,3.6,6,A6,X,12.3,283
2015,GMC,Acadia AWD,Sport utility vehicle: Standard,3.6,6,A6,X,12.6,290
2015,GMC,Canyon,Pickup truck: Small,2.5,4,A6,X,10.5,242
2015,GMC,Canyon,Pickup truck: Small,2.5,4,M6,X,10.8,248
2015,GMC,Canyon,Pickup truck: Small,3.6,6,A6,X,11.3,260
2015,GMC,Canyon 4WD,Pickup truck: Small,2.5,4,A6,X,11.3,260
2015,GMC,Canyon 4WD,Pickup truck: Small,3.6,6,A6,X,11.8,271
2015,GMC,Savana 2500 Passenger,Van: Passenger,4.8,8,A6,X,18.0,414
2015,GMC,Savana 2500 Passenger,Van: Passenger,6.0,8,A6,X,18.8,432
2015,GMC,Savana 2500 Passenger FFV,Van: Passenger,6.0,8,A6,X,18.8,432
2015,GMC,Savana 2500 Passenger FFV,Van: Passenger,6.0,8,A6,E,25.9,414
2015,GMC,Savana 3500 Passenger,Van: Passenger,4.8,8,A6,X,18.1,416
2015,GMC,Savana 3500 Passenger,Van: Passenger,6.0,8,A6,X,19.0,437
2015,GMC,Savana 3500 Passenger FFV,Van: Passenger,6.0,8,A6,X,19.0,437
2015,GMC,Savana 3500 Passenger FFV,Van: Passenger,6.0,8,A6,E,26.1,418
2015,GMC,Sierra,Pickup truck: Standard,4.3,6,A6,X,11.9,274
2015,GMC,Sierra,Pickup truck: Standard,4.3,6,A6,E,17.1,274
2015,GMC,Sierra,Pickup truck: Standard,5.3,8,A6,X,12.7,292
2015,GMC,Sierra,Pickup truck: Standard,5.3,8,A6,E,17.2,275
2015,GMC,Sierra,Pickup truck: Standard,6.2,8,A8,Z,14.0,322
2015,GMC,Sierra 4WD,Pickup truck: Standard,4.3,6,A6,X,12.5,288
2015,GMC,Sierra 4WD,Pickup truck: Standard,4.3,6,A6,E,18.0,288
2015,GMC,Sierra 4WD,Pickup truck: Standard,5.3,8,A6,X,13.0,299
2015,GMC,Sierra 4WD,Pickup truck: Standard,5.3,8,A6,E,17.5,280
2015,GMC,Sierra 4WD,Pickup truck: Standard,6.2,8,A8,Z,14.2,327
2015,GMC,Terrain,Sport utility vehicle: Small,2.4,4,A6,X,9.1,209
2015,GMC,Terrain FFV,Sport utility vehicle: Small,2.4,4,A6,X,9.1,209
2015,GMC,Terrain FFV,Sport utility vehicle: Small,2.4,4,A6,E,13.4,214
2015,GMC,Terrain,Sport utility vehicle: Small,3.6,6,A6,X,12.1,278
2015,GMC,Terrain AWD,Sport utility vehicle: Small,2.4,4,A6,X,10.0,230
2015,GMC,Terrain AWD,Sport utility vehicle: Small,3.6,6,A6,X,12.6,290
2015,GMC,Yukon,Sport utility vehicle: Standard,5.3,8,A6,X,12.7,292
2015,GMC,Yukon,Sport utility vehicle: Standard,5.3,8,A6,E,17.2,275
2015,GMC,Yukon 4WD,Sport utility vehicle: Standard,5.3,8,A6,X,13.0,299
2015,GMC,Yukon 4WD,Sport utility vehicle: Standard,5.3,8,A6,E,17.6,282
2015,GMC,Yukon Denali 4WD,Sport utility vehicle: Standard,6.2,8,A6,Z,14.0,322
2015,GMC,Yukon Denali 4WD,Sport utility vehicle: Standard,6.2,8,A8,Z,13.8,317
2015,GMC,Yukon XL,Sport utility vehicle: Standard,5.3,8,A6,X,12.7,292
2015,GMC,Yukon XL,Sport utility vehicle: Standard,5.3,8,A6,E,17.2,275
2015,GMC,Yukon XL 4WD,Sport utility vehicle: Standard,5.3,8,A6,X,13.3,306
2015,GMC,Yukon XL 4WD,Sport utility vehicle: Standard,5.3,8,A6,E,19.1,306
2015,GMC,Yukon XL Denali 4WD,Sport utility vehicle: Standard,6.2,8,A6,Z,14.5,334
2015,GMC,Yukon XL Denali 4WD,Sport utility vehicle: Standard,6.2,8,A8,Z,14.3,329
2015,Honda,Accord,Mid-size,2.4,4,AV,X,7.8,179
2015,Honda,Accord,Mid-size,2.4,4,AV7,X,8.0,184
2015,Honda,Accord,Mid-size,2.4,4,M6,X,8.7,200
2015,Honda,Accord,Mid-size,3.5,6,A6,X,9.1,209
2015,Honda,Accord,Mid-size,3.5,6,AS6,X,9.5,219
2015,Honda,Accord,Mid-size,3.5,6,M6,X,10.9,251
2015,Honda,Accord Hybrid,Mid-size,2.0,4,AV,X,5.0,115
2015,Honda,Civic,Compact,1.8,4,AV,X,7.1,163
2015,Honda,Civic,Compact,1.8,4,AV7,X,7.2,166
2015,Honda,Civic,Compact,1.8,4,M5,X,7.7,177
2015,Honda,Civic Si,Compact,2.4,4,M6,Z,9.4,216
2015,Honda,Civic Hybrid,Compact,1.5,4,AV,X,5.2,120
2015,Honda,CR-V,Sport utility vehicle: Small,2.4,4,AV,X,7.8,179
2015,Honda,CR-V AWD,Sport utility vehicle: Small,2.4,4,AV,X,8.3,191
2015,Honda,CR-Z,Two-seater,1.5,4,AV7,X,6.3,145
2015,Honda,CR-Z,Two-seater,1.5,4,M6,X,6.9,159
2015,Honda,Fit,Station wagon: Small,1.5,4,AV,X,6.4,147
2015,Honda,Fit,Station wagon: Small,1.5,4,AV7,X,6.8,156
2015,Honda,Fit,Station wagon: Small,1.5,4,M6,X,7.3,168
2015,Honda,Odyssey,Minivan,3.5,6,A6,X,10.6,244
2015,Honda,Pilot,Sport utility vehicle: Small,3.5,6,A5,X,11.5,264
2015,Honda,Pilot 4WD,Sport utility vehicle: Small,3.5,6,A5,X,12.0,276
2015,Hyundai,Accent,Compact,1.6,4,AS6,X,7.7,177
2015,Hyundai,Accent,Compact,1.6,4,M6,X,7.6,175
2015,Hyundai,Elantra,Mid-size,1.8,4,AS6,X,7.5,172
2015,Hyundai,Elantra,Mid-size,1.8,4,M6,X,7.7,177
2015,Hyundai,Elantra,Mid-size,2.0,4,AS6,X,8.3,191
2015,Hyundai,Elantra,Mid-size,2.0,4,M6,X,8.5,196
2015,Hyundai,Elantra Coupe,Mid-size,2.0,4,AS6,X,8.3,191
2015,Hyundai,Elantra Coupe,Mid-size,2.0,4,M6,X,8.3,191
2015,Hyundai,Elantra GT,Mid-size,2.0,4,AS6,X,8.6,198
2015,Hyundai,Elantra GT,Mid-size,2.0,4,M6,X,8.5,196
2015,Hyundai,Equus,Full-size,5.0,8,AS8,Z,13.3,306
2015,Hyundai,Genesis AWD,Full-size,3.8,6,AS8,X,12.1,278
2015,Hyundai,Genesis AWD,Full-size,5.0,8,AS8,Z,14.2,327
2015,Hyundai,Genesis Coupe,Subcompact,3.8,6,AS8,Z,12.3,283
2015,Hyundai,Genesis Coupe,Subcompact,3.8,6,M6,Z,12.4,285
2015,Hyundai,Santa Fe,Sport utility vehicle: Small,3.3,6,AS6,X,11.3,260
2015,Hyundai,Santa Fe AWD,Sport utility vehicle: Small,3.3,6,AS6,X,11.5,264
2015,Hyundai,Santa Fe Ultimate AWD,Sport utility vehicle: Small,3.3,6,AS6,X,12.5,287
2015,Hyundai,Santa Fe Sport,Sport utility vehicle: Small,2.4,4,AS6,X,10.3,237
2015,Hyundai,Santa Fe Sport AWD,Sport utility vehicle: Small,2.0,4,AS6,X,11.5,264
2015,Hyundai,Santa Fe Sport AWD,Sport utility vehicle: Small,2.4,4,AS6,X,11.1,255
2015,Hyundai,Sonata,Full-size,2.0,4,AS6,X,9.1,209
2015,Hyundai,Sonata,Full-size,2.4,4,AS6,X,8.4,193
2015,Hyundai,Sonata Sport/Limited,Full-size,2.4,4,AS6,X,8.4,193
2015,Hyundai,Sonata Hybrid,Mid-size,2.4,4,AS6,X,6.3,145
2015,Hyundai,Sonata Hybrid Limited,Mid-size,2.4,4,AS6,X,6.3,145
2015,Hyundai,Tucson,Sport utility vehicle: Small,2.0,4,AS6,X,9.3,214
2015,Hyundai,Tucson,Sport utility vehicle: Small,2.0,4,M6,X,10.1,232
2015,Hyundai,Tucson,Sport utility vehicle: Small,2.4,4,AS6,X,10.0,230
2015,Hyundai,Tucson AWD,Sport utility vehicle: Small,2.0,4,AS6,X,10.4,239
2015,Hyundai,Tucson AWD,Sport utility vehicle: Small,2.4,4,AS6,X,10.6,244
2015,Hyundai,Veloster,Compact,1.6,4,AM6,X,7.7,177
2015,Hyundai,Veloster,Compact,1.6,4,M6,X,8.0,184
2015,Hyundai,Veloster Turbo,Compact,1.6,4,AS6,X,8.8,202
2015,Hyundai,Veloster Turbo,Compact,1.6,4,M6,X,8.5,196
2015,Infiniti,Q50,Mid-size,3.7,6,AS7,Z,10.3,237
2015,Infiniti,Q50 AWD,Mid-size,3.7,6,AS7,Z,10.8,248
2015,Infiniti,Q50 Hybrid,Compact,3.5,6,AS7,Z,7.5,172
2015,Infiniti,Q50 Hybrid AWD,Compact,3.5,6,AS7,Z,8.2,189
2015,Infiniti,Q60,Subcompact,3.7,6,AS7,Z,10.7,246
2015,Infiniti,Q60,Subcompact,3.7,6,M6,Z,11.6,267
2015,Infiniti,Q60 AWD,Subcompact,3.7,6,AS7,Z,11.5,264
2015,Infiniti,Q60 Convertible,Subcompact,3.7,6,AS7,Z,11.7,269
2015,Infiniti,Q60 Convertible,Subcompact,3.7,6,M6,Z,12.3,283
2015,Infiniti,Q70,Mid-size,3.7,6,AS7,Z,11.0,253
2015,Infiniti,Q70,Mid-size,5.6,8,AS7,Z,12.4,285
2015,Infiniti,Q70 AWD,Mid-size,3.7,6,AS7,Z,11.6,267
2015,Infiniti,Q70 AWD,Mid-size,5.6,8,AS7,Z,12.9,297
2015,Infiniti,Q70 Hybrid,Mid-size,3.5,6,AS7,Z,7.5,172
2015,Infiniti,QX50 AWD,Station wagon: Small,3.7,6,AS7,Z,11.9,274
2015,Infiniti,QX60,Sport utility vehicle: Small,3.5,6,AV7,Z,10.1,232
2015,Infiniti,QX60 AWD,Sport utility vehicle: Small,3.5,6,AV7,Z,10.7,246
2015,Infiniti,QX60 Hybrid AWD,Sport utility vehicle: Standard,2.5,4,AV,X,8.7,200
2015,Infiniti,QX70 AWD,Sport utility vehicle: Small,3.7,6,AS7,Z,12.8,294
2015,Infiniti,QX80 4WD,Sport utility vehicle: Standard,5.6,8,AS7,Z,14.7,338
2015,Jaguar,F-TYPE Convertible,Two-seater,3.0,6,AS8,Z,10.3,237
2015,Jaguar,F-TYPE Coupe,Two-seater,3.0,6,AS8,Z,10.3,237
2015,Jaguar,F-TYPE S Convertible,Two-seater,3.0,6,AS8,Z,10.6,244
2015,Jaguar,F-TYPE S Coupe,Two-seater,3.0,6,AS8,Z,10.6,244
2015,Jaguar,F-TYPE V8 R Coupe,Two-seater,5.0,8,AS8,Z,12.8,294
2015,Jaguar,F-TYPE V8 S Convertible,Two-seater,5.0,8,AS8,Z,12.8,294
2015,Jaguar,XF,Mid-size,2.0,4,AS8,Z,10.5,242
2015,Jaguar,XF AWD,Mid-size,3.0,6,AS8,Z,11.6,267
2015,Jaguar,XFR,Mid-size,5.0,8,AS8,Z,13.2,304
2015,Jaguar,XFR,Mid-size,5.0,8,AS8,E,18.1,290
2015,Jaguar,XFR-S,Mid-size,5.0,8,AS8,Z,13.2,304
2015,Jaguar,XJ AWD,Full-size,3.0,6,AS8,Z,12.4,285
2015,Jaguar,XJ Supercharged,Full-size,5.0,8,AS8,Z,13.3,306
2015,Jaguar,XJ Supercharged,Full-size,5.0,8,AS8,E,17.5,280
2015,Jaguar,XJL AWD Portfolio,Full-size,3.0,6,AS8,Z,12.5,288
2015,Jaguar,XJL Supercharged,Full-size,5.0,8,AS8,Z,13.3,306
2015,Jaguar,XJL Supercharged,Full-size,5.0,8,AS8,E,17.5,280
2015,Jaguar,XJR,Full-size,5.0,8,AS8,Z,13.3,306
2015,Jaguar,XJR LWB,Full-size,5.0,8,AS8,Z,13.3,306
2015,Jaguar,XKR Convertible,Minicompact,5.0,8,AS6,Z,13.6,313
2015,Jaguar,XKR Coupe,Minicompact,5.0,8,AS6,Z,13.4,308
2015,Jaguar,XKR-S Convertible,Minicompact,5.0,8,AS6,Z,13.6,313
2015,Jaguar,XKR-S Coupe,Minicompact,5.0,8,AS6,Z,13.4,308
2015,Jeep,Cherokee,Sport utility vehicle: Small,2.4,4,A9,X,9.5,218
2015,Jeep,Cherokee FFV,Sport utility vehicle: Small,2.4,4,A9,X,9.5,218
2015,Jeep,Cherokee FFV,Sport utility vehicle: Small,2.4,4,A9,E,12.9,206
2015,Jeep,Cherokee,Sport utility vehicle: Small,3.2,6,A9,X,9.9,228
2015,Jeep,Cherokee 4X4,Sport utility vehicle: Small,2.4,4,A9,X,10.0,230
2015,Jeep,Cherokee 4X4 FFV,Sport utility vehicle: Small,2.4,4,A9,X,10.0,230
2015,Jeep,Cherokee 4X4 FFV,Sport utility vehicle: Small,2.4,4,A9,E,13.7,219
2015,Jeep,Cherokee 4X4,Sport utility vehicle: Small,3.2,6,A9,X,10.2,235
2015,Jeep,Cherokee 4X4 Active Drive II,Sport utility vehicle: Small,2.4,4,A9,X,10.1,232
2015,Jeep,Cherokee 4X4 Active Drive II,Sport utility vehicle: Small,3.2,6,A9,X,10.9,251
2015,Jeep,Cherokee Trailhawk 4X4,Sport utility vehicle: Small,2.4,4,A9,X,10.9,251
2015,Jeep,Cherokee Trailhawk 4X4,Sport utility vehicle: Small,3.2,6,A9,X,10.8,248
2015,Jeep,Compass,Sport utility vehicle: Small,2.0,4,AV,X,9.9,228
2015,Jeep,Compass,Sport utility vehicle: Small,2.0,4,M5,X,9.2,212
2015,Jeep,Compass,Sport utility vehicle: Small,2.4,4,A6,X,10.0,230
2015,Jeep,Compass,Sport utility vehicle: Small,2.4,4,M5,X,9.3,214
2015,Jeep,Compass 4X4,Sport utility vehicle: Small,2.4,4,A6,X,10.2,235
2015,Jeep,Compass 4X4,Sport utility vehicle: Small,2.4,4,M5,X,9.7,223
2015,Jeep,Compass 4X4 Trail Rated,Sport utility vehicle: Small,2.4,4,AV,X,11.1,255
2015,Jeep,Grand Cherokee 4X4 FFV,Sport utility vehicle: Standard,3.6,6,A8,X,12.1,278
2015,Jeep,Grand Cherokee 4X4 FFV,Sport utility vehicle: Standard,3.6,6,A8,E,15.6,250
2015,Jeep,Grand Cherokee 4X4 (MDS),Sport utility vehicle: Standard,5.7,8,A8,X,14.7,338
2015,Jeep,Grand Cherokee SRT 4X4 (MDS),Sport utility vehicle: Standard,6.4,8,A8,Z,15.8,363
2015,Jeep,Patriot,Sport utility vehicle: Small,2.0,4,AV,X,9.9,228
2015,Jeep,Patriot,Sport utility vehicle: Small,2.0,4,M5,X,9.2,212
2015,Jeep,Patriot,Sport utility vehicle: Small,2.4,4,A6,X,10.0,230
2015,Jeep,Patriot,Sport utility vehicle: Small,2.4,4,M5,X,9.3,214
2015,Jeep,Patriot 4X4,Sport utility vehicle: Small,2.4,4,A6,X,10.2,235
2015,Jeep,Patriot 4X4,Sport utility vehicle: Small,2.4,4,M5,X,9.7,223
2015,Jeep,Patriot 4X4 Trail Rated,Sport utility vehicle: Small,2.4,4,AV,X,11.1,255
2015,Jeep,Renegade,Sport utility vehicle: Small,1.4,4,M6,X,8.8,202
2015,Jeep,Renegade FFV,Sport utility vehicle: Small,2.4,4,A9,X,9.4,216
2015,Jeep,Renegade FFV,Sport utility vehicle: Small,2.4,4,A9,E,12.2,195
2015,Jeep,Renegade 4X4,Sport utility vehicle: Small,1.4,4,M6,X,8.8,202
2015,Jeep,Renegade 4X4,Sport utility vehicle: Small,2.4,4,A9,X,9.8,225
2015,Jeep,Wrangler 4X4,Sport utility vehicle: Small,3.6,6,A5,X,12.8,294
2015,Jeep,Wrangler 4X4,Sport utility vehicle: Small,3.6,6,M6,X,12.8,294
2015,Jeep,Wrangler Unlimited 4X4,Sport utility vehicle: Small,3.6,6,A5,X,13.4,308
2015,Jeep,Wrangler Unlimited 4X4,Sport utility vehicle: Small,3.6,6,M6,X,13.4,308
2015,Kia,Cadenza,Full-size,3.3,6,AS6,X,10.7,246
2015,Kia,Forte,Mid-size,1.8,4,AS6,X,7.6,175
2015,Kia,Forte,Mid-size,1.8,4,M6,X,7.9,182
2015,Kia,Forte,Mid-size,2.0,4,AS6,X,8.3,191
2015,Kia,Forte,Mid-size,2.0,4,M6,X,8.5,196
2015,Kia,Forte 5,Full-size,1.6,4,AS6,X,9.7,223
2015,Kia,Forte 5,Full-size,1.6,4,M6,X,9.8,225
2015,Kia,Forte 5,Full-size,2.0,4,AS6,X,8.5,196
2015,Kia,Forte 5,Full-size,2.0,4,M6,X,8.4,193
2015,Kia,Forte Koup,Compact,1.6,4,AS6,X,9.4,216
2015,Kia,Forte Koup,Compact,1.6,4,M6,X,9.6,221
2015,Kia,Forte Koup,Compact,2.0,4,AS6,X,8.6,198
2015,Kia,Forte Koup,Compact,2.0,4,M6,X,8.8,202
2015,Kia,K900,Full-size,3.8,6,AS8,X,11.3,260
2015,Kia,K900,Full-size,5.0,8,AS8,Z,13.3,306
2015,Kia,Optima,Mid-size,2.0,4,AS6,X,9.9,228
2015,Kia,Optima,Mid-size,2.4,4,AS6,X,8.7,200
2015,Kia,Optima Hybrid,Mid-size,2.4,4,AS6,X,6.3,145
2015,Kia,Optima Hybrid EX,Mid-size,2.4,4,AS6,X,6.4,147
2015,Kia,Rio,Compact,1.6,4,AS6,X,7.7,177
2015,Kia,Rio Eco,Compact,1.6,4,AS6,X,7.6,175
2015,Kia,Rio,Compact,1.6,4,M6,X,7.7,177
2015,Kia,Rondo,Station wagon: Mid-size,2.0,4,AS6,X,9.3,214
2015,Kia,Rondo,Station wagon: Mid-size,2.0,4,M6,X,9.3,214
2015,Kia,Sedona,Minivan,3.3,6,AS6,X,11.6,267
2015,Kia,Sedona SX,Minivan,3.3,6,AS6,X,11.4,262
2015,Kia,Sedona SXL,Minivan,3.3,6,AS6,X,12.5,288
2015,Kia,Sorento,Sport utility vehicle: Small,2.4,4,AS6,X,10.4,239
2015,Kia,Sorento,Sport utility vehicle: Small,3.3,6,AS6,X,11.1,255
2015,Kia,Sorento AWD,Sport utility vehicle: Small,2.4,4,AS6,X,10.9,251
2015,Kia,Sorento AWD,Sport utility vehicle: Small,3.3,6,AS6,X,11.8,271
2015,Kia,Soul,Station wagon: Small,1.6,4,AS6,X,8.9,205
2015,Kia,Soul,Station wagon: Small,1.6,4,M6,X,9.0,207
2015,Kia,Soul,Station wagon: Small,2.0,4,AS6,X,9.0,207
2015,Kia,Soul ECO Dynamics,Station wagon: Small,2.0,4,AS6,X,8.8,202
2015,Kia,Sportage,Sport utility vehicle: Small,2.4,4,AS6,X,10.0,230
2015,Kia,Sportage,Sport utility vehicle: Small,2.4,4,M6,X,11.3,260
2015,Kia,Sportage AWD,Sport utility vehicle: Small,2.0,4,AS6,X,11.3,260
2015,Kia,Sportage AWD,Sport utility vehicle: Small,2.4,4,AS6,X,10.7,246
2015,Lamborghini,Aventador Coupe,Two-seater,6.5,12,AM7,Z,17.9,412
2015,Lamborghini,Aventador Roadster,Two-seater,6.5,12,AM7,Z,19.7,453
2015,Lamborghini,Huracan,Two-seater,5.2,10,AM7,Z,14.5,334
2015,Lamborghini,Veneno Roadster,Two-seater,6.5,12,AM7,Z,18.4,423
2015,Land Rover,LR2,Sport utility vehicle: Small,2.0,4,AS6,Z,11.9,274
2015,Land Rover,LR4,Sport utility vehicle: Standard,3.0,6,AS8,Z,14.3,329
2015,Land Rover,Range Rover,Sport utility vehicle: Standard,3.0,6,AS8,Z,12.3,283
2015,Land Rover,Range Rover Supercharged,Sport utility vehicle: Standard,5.0,8,AS8,Z,15.1,347
2015,Land Rover,Range Rover Supercharged,Sport utility vehicle: Standard,5.0,8,AS8,E,21.4,342
2015,Land Rover,Range Rover Supercharged LWB,Sport utility vehicle: Standard,5.0,8,AS8,Z,15.1,347
2015,Land Rover,Range Rover Supercharged LWB,Sport utility vehicle: Standard,5.0,8,AS8,E,21.4,342
2015,Land Rover,Range Rover Sport,Sport utility vehicle: Standard,3.0,6,AS8,Z,12.4,285
2015,Land Rover,Range Rover Sport Supercharged,Sport utility vehicle: Standard,5.0,8,AS8,Z,14.7,338
2015,Land Rover,Range Rover Sport Supercharged,Sport utility vehicle: Standard,5.0,8,AS8,E,20.7,331
2015,Land Rover,Range Rover Evoque,Sport utility vehicle: Small,2.0,4,AS9,Z,9.7,223
2015,Land Rover,Range Rover Evoque Coupe,Sport utility vehicle: Small,2.0,4,AS9,Z,9.7,223
2015,Lexus,CT 200h,Compact,1.8,4,AV,X,5.7,131
2015,Lexus,ES 300h,Mid-size,2.5,4,AV6,X,5.9,136
2015,Lexus,ES 350,Mid-size,3.5,6,AS6,X,9.6,221
2015,Lexus,GS 350,Mid-size,3.5,6,AS8,Z,10.6,244
2015,Lexus,GS 350 AWD,Mid-size,3.5,6,AS6,Z,11.0,253
2015,Lexus,GS 450h,Mid-size,3.5,6,AV8,Z,7.5,172
2015,Lexus,GX 460,Sport utility vehicle: Standard,4.6,8,AS6,Z,13.9,320
2015,Lexus,IS 250,Compact,2.5,6,AS6,Z,9.6,221
2015,Lexus,IS 250 AWD,Compact,2.5,6,AS6,Z,10.4,239
2015,Lexus,IS 250 C,Subcompact,2.5,6,AS6,Z,9.6,221
2015,Lexus,IS 350,Compact,3.5,6,AS8,Z,10.6,244
2015,Lexus,IS 350 AWD,Compact,3.5,6,AS6,Z,11.0,253
2015,Lexus,IS 350 C,Subcompact,3.5,6,AS6,Z,10.6,244
2015,Lexus,LS 460,Mid-size,4.6,8,AS8,Z,12.3,283
2015,Lexus,LS 460 AWD,Mid-size,4.6,8,AS8,Z,12.9,297
2015,Lexus,LS 460 L AWD,Mid-size,4.6,8,AS8,Z,12.9,297
2015,Lexus,LS 600h L,Mid-size,5.0,8,AV8,Z,11.5,264
2015,Lexus,LX 570,Sport utility vehicle: Standard,5.7,8,AS6,Z,16.6,382
2015,Lexus,NX 200t AWD,Sport utility vehicle: Small,2.0,4,AS6,Z,9.6,221
2015,Lexus,NX 200t AWD F SPORT,Sport utility vehicle: Small,2.0,4,AS6,Z,9.9,228
2015,Lexus,NX 300h AWD,Sport utility vehicle: Small,2.5,4,AV6,X,7.4,170
2015,Lexus,RC 350,Subcompact,3.5,6,AS8,Z,10.6,244
2015,Lexus,RC 350 AWD,Subcompact,3.5,6,AS6,Z,11.0,253
2015,Lexus,RC F,Subcompact,5.0,8,AS8,Z,12.6,290
2015,Lexus,RX 350 AWD,Sport utility vehicle: Small,3.5,6,AS6,X,11.7,269
2015,Lexus,RX 350 AWD,Sport utility vehicle: Small,3.5,6,AS8,X,11.1,255
2015,Lexus,RX 450h AWD,Sport utility vehicle: Small,3.5,6,AV6,Z,8.2,189
2015,Lincoln,MKC AWD,Sport utility vehicle: Small,2.0,4,AS6,X,10.9,251
2015,Lincoln,MKC AWD,Sport utility vehicle: Small,2.3,4,AS6,X,11.2,258
2015,Lincoln,MKS AWD,Full-size,3.5,6,AS6,X,11.9,274
2015,Lincoln,MKS AWD,Full-size,3.7,6,AS6,X,11.2,258
2015,Lincoln,MKT AWD,Sport utility vehicle: Standard,3.5,6,AS6,X,12.8,294
2015,Lincoln,MKT Livery,Special purpose vehicle,2.0,4,AS6,X,10.1,232
2015,Lincoln,MKT Livery AWD,Special purpose vehicle,3.7,6,A6,X,12.2,281
2015,Lincoln,MKX AWD,Sport utility vehicle: Small,3.7,6,AS6,X,12.1,278
2015,Lincoln,MKZ,Mid-size,2.0,4,AS6,X,8.9,205
2015,Lincoln,MKZ AWD,Mid-size,3.7,6,AS6,X,11.3,260
2015,Lincoln,MKZ Hybrid,Mid-size,2.0,4,AV,X,5.8,133
2015,Lincoln,Navigator 4X4,Sport utility vehicle: Standard,3.5,6,AS6,X,14.2,327
2015,Lincoln,Navigator L 4X4,Sport utility vehicle: Standard,3.5,6,AS6,X,14.4,331
2015,Maserati,Ghibli,Mid-size,3.0,6,AS8,Z,12.7,292
2015,Maserati,Ghibli AWD,Mid-size,3.0,6,AS8,Z,12.8,294
2015,Maserati,GranTurismo,Subcompact,4.7,8,AS6,Z,15.1,347
2015,Maserati,GranTurismo Convertible,Subcompact,4.7,8,AS6,Z,15.2,350
2015,Maserati,Quattroporte GTS,Full-size,3.8,8,AS8,Z,14.5,334
2015,Maserati,Quattroporte SQ4,Full-size,3.0,6,AS8,Z,13.0,299
2015,Mazda,CX-5,Sport utility vehicle: Small,2.0,4,AS6,X,8.2,189
2015,Mazda,CX-5,Sport utility vehicle: Small,2.0,4,M6,X,8.0,184
2015,Mazda,CX-5,Sport utility vehicle: Small,2.5,4,AS6,X,8.6,198
2015,Mazda,CX-5 4WD,Sport utility vehicle: Small,2.0,4,AS6,X,8.5,196
2015,Mazda,CX-5 4WD,Sport utility vehicle: Small,2.5,4,AS6,X,9.0,207
2015,Mazda,CX-9,Sport utility vehicle: Small,3.7,6,AS6,X,12.3,283
2015,Mazda,CX-9 4WD,Sport utility vehicle: Small,3.7,6,AS6,X,12.7,292
2015,Mazda,Mazda3 4-Door,Compact,2.0,4,AS6,X,6.9,159
2015,Mazda,Mazda3 4-Door (SIL),Compact,2.0,4,M6,X,7.0,161
2015,Mazda,Mazda3 4-Door,Compact,2.5,4,AS6,X,7.4,170
2015,Mazda,Mazda3 4-Door (i-ELOOP),Compact,2.5,4,AS6,X,7.2,166
2015,Mazda,Mazda3 4-Door (SIL),Compact,2.5,4,M6,X,8.0,184
2015,Mazda,Mazda3 5-Door,Mid-size,2.0,4,AS6,X,7.0,161
2015,Mazda,Mazda3 5-Door (SIL),Mid-size,2.0,4,M6,X,7.1,163
2015,Mazda,Mazda3 5-Door,Mid-size,2.5,4,AS6,X,7.7,177
2015,Mazda,Mazda3 5-Door (i-ELOOP),Mid-size,2.5,4,AS6,X,7.2,166
2015,Mazda,Mazda3 5-Door (SIL),Mid-size,2.5,4,M6,X,8.1,186
2015,Mazda,Mazda5,Minivan,2.5,4,AS5,X,9.6,221
2015,Mazda,Mazda5,Minivan,2.5,4,M6,X,9.8,225
2015,Mazda,Mazda6,Mid-size,2.5,4,AS6,X,7.6,175
2015,Mazda,Mazda6 (i-ELOOP),Mid-size,2.5,4,AS6,X,7.3,168
2015,Mazda,Mazda6,Mid-size,2.5,4,M6,X,8.1,186
2015,Mazda,MX-5,Two-seater,2.0,4,AS6,Z,10.1,232
2015,Mazda,MX-5,Two-seater,2.0,4,M5,Z,9.6,221
2015,Mazda,MX-5,Two-seater,2.0,4,M6,Z,9.9,228
2015,Mercedes-Benz,B 250,Station wagon: Small,2.0,4,AS7,Z,8.0,184
2015,Mercedes-Benz,B 250 4MATIC,Station wagon: Small,2.0,4,AS7,Z,8.9,205
2015,Mercedes-Benz,C 250 Coupe,Subcompact,1.8,4,AS7,Z,9.4,216
2015,Mercedes-Benz,C 300 4MATIC,Compact,2.0,4,AS7,Z,9.0,207
2015,Mercedes-Benz,C 350 4MATIC Coupe,Subcompact,3.5,6,AS7,Z,10.6,244
2015,Mercedes-Benz,C 350 Coupe,Subcompact,3.5,6,AS7,Z,10.5,242
2015,Mercedes-Benz,C 400 4MATIC,Compact,3.0,6,AS7,Z,9.9,228
2015,Mercedes-Benz,C 63 AMG Coupe,Subcompact,6.2,8,AS7,Z,15.4,354
2015,Mercedes-Benz,CLA 250,Subcompact,2.0,4,AS7,Z,8.1,186
2015,Mercedes-Benz,CLA 250 4MATIC,Subcompact,2.0,4,AS7,Z,8.8,202
2015,Mercedes-Benz,CLA 45 AMG,Compact,2.0,4,AS7,Z,9.1,209
2015,Mercedes-Benz,CLS 400 4MATIC,Compact,3.0,6,AS7,Z,10.5,242
2015,Mercedes-Benz,CLS 550 4MATIC,Compact,4.7,8,AS7,Z,12.5,288
2015,Mercedes-Benz,CLS 63 AMG 4MATIC,Compact,5.5,8,AS7,Z,13.1,301
2015,Mercedes-Benz,E 250 BlueTec 4MATIC,Mid-size,2.1,4,AS7,D,7.4,200
2015,Mercedes-Benz,E 300 4MATIC,Mid-size,3.5,6,AS7,Z,10.2,235
2015,Mercedes-Benz,E 400 4MATIC,Mid-size,3.0,6,AS7,Z,10.4,239
2015,Mercedes-Benz,E 400 4MATIC Wagon,Station wagon: Mid-size,3.5,6,AS7,Z,10.8,248
2015,Mercedes-Benz,E 400 Cabriolet,Subcompact,3.5,6,AS7,Z,10.0,230
2015,Mercedes-Benz,E 400 Coupe,Subcompact,3.5,6,AS7,Z,10.2,235
2015,Mercedes-Benz,E 550 4MATIC,Mid-size,4.7,8,AS7,Z,11.4,262
2015,Mercedes-Benz,E 550 Cabriolet,Subcompact,4.7,8,AS7,Z,11.7,269
2015,Mercedes-Benz,E 550 Coupe,Subcompact,4.7,8,AS7,Z,11.4,262
2015,Mercedes-Benz,E 63 AMG S 4MATIC,Mid-size,5.5,8,AS7,Z,13.3,306
2015,Mercedes-Benz,E 63 AMG S 4MATIC Wagon,Station wagon: Mid-size,5.5,8,AS7,Z,13.3,306
2015,Mercedes-Benz,G 550,Sport utility vehicle: Standard,5.5,8,AS7,Z,18.2,419
2015,Mercedes-Benz,G 63 AMG,Sport utility vehicle: Standard,5.5,8,AS7,Z,18.5,426
2015,Mercedes-Benz,GL 350 BlueTec 4MATIC,Sport utility vehicle: Standard,3.0,6,AS7,D,12.0,324
2015,Mercedes-Benz,GL 450 4MATIC,Sport utility vehicle: Standard,3.0,6,AS7,Z,14.0,322
2015,Mercedes-Benz,GL 550 4MATIC,Sport utility vehicle: Standard,4.7,8,AS7,Z,15.6,359
2015,Mercedes-Benz,GL 63 AMG,Sport utility vehicle: Standard,5.5,8,AS7,Z,16.3,375
2015,Mercedes-Benz,GLA 250 4MATIC,Sport utility vehicle: Small,2.0,4,AS7,Z,8.7,200
2015,Mercedes-Benz,GLA 45 AMG 4MATIC,Station wagon: Mid-size,2.0,4,AS7,Z,9.4,216
2015,Mercedes-Benz,GLK 250 BlueTec 4MATIC,Sport utility vehicle: Small,2.1,4,AS7,D,8.5,230
2015,Mercedes-Benz,GLK 350 4MATIC,Sport utility vehicle: Small,3.5,6,AS7,Z,11.2,258
2015,Mercedes-Benz,ML 350 BlueTec 4MATIC,Sport utility vehicle: Standard,3.0,6,AS7,D,10.3,278
2015,Mercedes-Benz,ML 400 4MATIC,Sport utility vehicle: Standard,3.0,6,AS7,Z,12.0,276
2015,Mercedes-Benz,ML 550 4MATIC,Sport utility vehicle: Standard,4.7,8,AS7,Z,14.2,327
2015,Mercedes-Benz,ML 63 AMG 4MATIC,Sport utility vehicle: Standard,5.5,8,AS7,Z,15.6,359
2015,Mercedes-Benz,S 400 4MATIC,Mid-size,4.7,6,AS7,Z,10.8,248
2015,Mercedes-Benz,S 550 4MATIC SWB,Mid-size,4.7,8,AS7,Z,12.2,281
2015,Mercedes-Benz,S 550 4MATIC LWB,Full-size,4.7,8,AS7,Z,12.5,288
2015,Mercedes-Benz,S 550 4MATIC Coupe,Compact,4.7,8,AS7,Z,12.3,283
2015,Mercedes-Benz,S 600,Full-size,6.0,12,AS7,Z,14.9,343
2015,Mercedes-Benz,S 63 AMG 4MATIC,Full-size,5.5,8,AS7,Z,13.2,304
2015,Mercedes-Benz,S 63 AMG Coupe,Compact,5.5,8,AS7,Z,13.2,304
2015,Mercedes-Benz,S 65 AMG,Full-size,6.0,12,AS7,Z,15.5,357
2015,Mercedes-Benz,S 65 AMG Coupe,Compact,6.0,12,AS7,Z,15.0,345
2015,Mercedes-Benz,SL 550,Two-seater,4.7,8,AS7,Z,11.9,274
2015,Mercedes-Benz,SL 63 AMG,Two-seater,5.5,8,AS7,Z,12.4,285
2015,Mercedes-Benz,SL 65 AMG,Two-seater,6.0,12,AS7,Z,14.2,327
2015,Mercedes-Benz,SLK 250,Two-seater,1.8,4,AS7,Z,9.0,207
2015,Mercedes-Benz,SLK 250,Two-seater,1.8,4,M6,Z,9.0,207
2015,Mercedes-Benz,SLK 350,Two-seater,3.5,6,AS7,Z,9.8,225
2015,Mercedes-Benz,SLK 55 AMG,Two-seater,5.5,8,AS7,Z,10.6,244
2015,Mercedes-Benz,SLS AMG GT Coupe,Two-seater,6.2,8,AM7,Z,15.6,359
2015,Mercedes-Benz,SLS AMG GT Roadster,Two-seater,6.2,8,AM7,Z,15.6,359
2015,MINI,Cooper 3 Door,Subcompact,1.5,3,AS6,Z,7.5,172
2015,MINI,Cooper 3 Door,Subcompact,1.5,3,M6,Z,7.1,163
2015,MINI,Cooper 5 Door,Subcompact,1.5,3,AS6,Z,7.5,172
2015,MINI,Cooper 5 Door,Subcompact,1.5,3,M6,Z,7.2,166
2015,MINI,Cooper Convertible,Minicompact,1.6,4,AS6,Z,7.7,177
2015,MINI,Cooper Convertible,Minicompact,1.6,4,M6,Z,7.5,172
2015,MINI,Cooper Countryman,Compact,1.6,4,AS6,Z,8.7,200
2015,MINI,Cooper Countryman,Compact,1.6,4,M6,Z,7.5,172
2015,MINI,Cooper Coupe,Two-seater,1.6,4,AS6,Z,7.6,175
2015,MINI,Cooper Coupe,Two-seater,1.6,4,M6,Z,7.3,168
2015,MINI,Cooper Paceman,Compact,1.6,4,AS6,Z,8.7,200
2015,MINI,Cooper Paceman,Compact,1.6,4,M6,Z,7.5,172
2015,MINI,Cooper Roadster,Two-seater,1.6,4,AS6,Z,7.7,177
2015,MINI,Cooper Roadster,Two-seater,1.6,4,M6,Z,7.5,172
2015,MINI,Cooper S 3 Door,Subcompact,2.0,4,AS6,Z,8.2,189
2015,MINI,Cooper S 3 Door,Subcompact,2.0,4,M6,Z,8.6,198
2015,MINI,Cooper S 5 Door,Subcompact,2.0,4,AS6,Z,8.2,189
2015,MINI,Cooper S 5 Door,Subcompact,2.0,4,M6,Z,8.6,198
2015,MINI,Cooper S Convertible,Minicompact,1.6,4,AS6,Z,8.1,186
2015,MINI,Cooper S Convertible,Minicompact,1.6,4,M6,Z,8.1,186
2015,MINI,Cooper S Countryman ALL4,Compact,1.6,4,AS6,Z,9.0,207
2015,MINI,Cooper S Countryman ALL4,Compact,1.6,4,M6,Z,8.7,200
2015,MINI,Cooper S Coupe,Two-seater,1.6,4,AS6,Z,8.1,186
2015,MINI,Cooper S Coupe,Two-seater,1.6,4,M6,Z,8.1,186
2015,MINI,Cooper S Paceman ALL4,Compact,1.6,4,AS6,Z,9.0,207
2015,MINI,Cooper S Paceman ALL4,Compact,1.6,4,M6,Z,8.7,200
2015,MINI,Cooper S Roadster,Two-seater,1.6,4,AS6,Z,8.1,186
2015,MINI,Cooper S Roadster,Two-seater,1.6,4,M6,Z,8.1,186
2015,MINI,John Cooper Works,Subcompact,2.0,4,AS6,Z,8.4,193
2015,MINI,John Cooper Works,Subcompact,2.0,4,M6,Z,9.2,212
2015,MINI,John Cooper Works Convertible,Minicompact,1.6,4,AS6,Z,8.1,186
2015,MINI,John Cooper Works Convertible,Minicompact,1.6,4,M6,Z,8.1,186
2015,MINI,John Cooper Works Countryman ALL4,Compact,1.6,4,AS6,Z,9.0,207
2015,MINI,John Cooper Works Countryman ALL4,Compact,1.6,4,M6,Z,8.7,200
2015,MINI,John Cooper Works Coupe,Two-seater,1.6,4,AS6,Z,8.1,186
2015,MINI,John Cooper Works Coupe,Two-seater,1.6,4,M6,Z,8.1,186
2015,MINI,John Cooper Works Paceman ALL4,Compact,1.6,4,AS6,Z,9.0,207
2015,MINI,John Cooper Works Paceman ALL4,Compact,1.6,4,M6,Z,8.7,200
2015,MINI,John Cooper Works Roadster,Two-seater,1.6,4,AS6,Z,8.1,186
2015,MINI,John Cooper Works Roadster,Two-seater,1.6,4,M6,Z,8.1,186
2015,Mitsubishi,Lancer,Compact,2.0,4,AV6,X,8.2,189
2015,Mitsubishi,Lancer,Compact,2.0,4,M5,X,8.4,193
2015,Mitsubishi,Lancer AWD,Compact,2.4,4,AV6,X,9.5,219
2015,Mitsubishi,Lancer Evolution,Compact,2.0,4,AM6,Z,12.5,288
2015,Mitsubishi,Lancer Evolution,Compact,2.0,4,M5,Z,12.3,283
2015,Mitsubishi,Lancer Ralliart,Compact,2.0,4,AM6,Z,11.6,267
2015,Mitsubishi,Lancer Sportback,Station wagon: Small,2.0,4,AV6,X,8.6,198
2015,Mitsubishi,Lancer Sportback,Station wagon: Small,2.0,4,M5,X,8.6,198
2015,Mitsubishi,Mirage,Compact,1.2,3,AV,X,5.9,136
2015,Mitsubishi,Mirage,Compact,1.2,3,M5,X,6.4,147
2015,Mitsubishi,Outlander,Sport utility vehicle: Small,2.4,4,AV6,X,8.6,198
2015,Mitsubishi,Outlander 4WD,Sport utility vehicle: Small,2.4,4,AV6,X,9.1,209
2015,Mitsubishi,Outlander 4WD,Sport utility vehicle: Small,3.0,6,AS6,Z,10.1,232
2015,Mitsubishi,RVR,Sport utility vehicle: Small,2.0,4,AV6,X,8.4,193
2015,Mitsubishi,RVR,Sport utility vehicle: Small,2.0,4,M5,X,8.8,202
2015,Mitsubishi,RVR 4WD,Sport utility vehicle: Small,2.0,4,AV6,X,8.8,202
2015,Mitsubishi,RVR 4WD,Sport utility vehicle: Small,2.4,4,AV6,X,9.6,221
2015,Nissan,370Z Coupe,Two-seater,3.7,6,AS7,Z,11.1,255
2015,Nissan,370Z Coupe,Two-seater,3.7,6,M6,Z,11.5,264
2015,Nissan,370Z Roadster,Two-seater,3.7,6,AS7,Z,11.5,264
2015,Nissan,370Z Roadster,Two-seater,3.7,6,M6,Z,11.8,271
2015,Nissan,Altima,Mid-size,2.5,4,AV,X,7.6,175
2015,Nissan,Altima,Mid-size,3.5,6,AV,X,9.0,207
2015,Nissan,Armada 4WD,Sport utility vehicle: Standard,5.6,8,A5,X,16.6,382
2015,Nissan,Frontier,Pickup truck: Small,2.5,4,A5,X,12.3,283
2015,Nissan,Frontier,Pickup truck: Small,2.5,4,M5,X,11.3,260
2015,Nissan,Frontier,Pickup truck: Small,4.0,6,A5,X,12.7,292
2015,Nissan,Frontier 4WD,Pickup truck: Small,4.0,6,A5,X,13.7,315
2015,Nissan,Frontier 4WD,Pickup truck: Small,4.0,6,M6,X,13.3,306
2015,Nissan,GT-R,Subcompact,3.8,6,AM6,Z,12.6,290
2015,Nissan,Juke,Station wagon: Small,1.6,4,AV7,X,7.9,182
2015,Nissan,Juke,Station wagon: Small,1.6,4,M6,X,7.7,177
2015,Nissan,Juke AWD,Station wagon: Small,1.6,4,AV7,X,8.2,189
2015,Nissan,Juke Nismo RS,Station wagon: Small,1.6,4,M6,Z,8.3,191
2015,Nissan,Juke Nismo RS AWD,Station wagon: Small,1.6,4,AV8,Z,8.8,202
2015,Nissan,Micra,Compact,1.6,4,A4,X,7.8,179
2015,Nissan,Micra,Compact,1.6,4,M5,X,7.7,177
2015,Nissan,Murano,Station wagon: Mid-size,3.5,6,AV7,X,9.8,225
2015,Nissan,Murano AWD,Station wagon: Mid-size,3.5,6,AV7,X,9.9,228
2015,Nissan,NV200 Cargo Van,Special purpose vehicle,2.0,4,AV,X,9.4,216
2015,Nissan,Pathfinder,Sport utility vehicle: Small,3.5,6,AV,X,10.4,239
2015,Nissan,Pathfinder 4WD,Sport utility vehicle: Small,3.5,6,AV,X,10.7,246
2015,Nissan,Pathfinder 4WD Platinum,Sport utility vehicle: Small,3.5,6,AV,X,11.0,253
2015,Nissan,Pathfinder Hybrid 4WD,Sport utility vehicle: Standard,2.5,4,AV,X,8.8,202
2015,Nissan,Quest,Minivan,3.5,6,AV,X,10.5,242
2015,Nissan,Rogue,Sport utility vehicle: Small,2.5,4,AV,X,8.3,191
2015,Nissan,Rogue AWD,Sport utility vehicle: Small,2.5,4,AV,X,8.5,196
2015,Nissan,Sentra,Mid-size,1.8,4,AV,X,7.2,166
2015,Nissan,Sentra,Mid-size,1.8,4,M6,X,7.9,182
2015,Nissan,Titan,Pickup truck: Standard,5.6,8,A5,X,16.1,370
2015,Nissan,Titan 4WD,Pickup truck: Standard,5.6,8,A5,X,17.2,396
2015,Nissan,Versa,Compact,1.6,4,AV,X,6.8,156
2015,Nissan,Versa,Compact,1.6,4,M5,X,7.7,177
2015,Nissan,Xterra 4WD,Sport utility vehicle: Small,4.0,6,A5,X,14.2,327
2015,Nissan,Xterra 4WD,Sport utility vehicle: Small,4.0,6,M6,X,14.4,331
2015,Porsche,911 Carrera,Minicompact,3.4,6,AM7,Z,10.1,232
2015,Porsche,911 Carrera,Minicompact,3.4,6,M7,Z,10.6,244
2015,Porsche,911 Carrera 4,Minicompact,3.4,6,AM7,Z,10.2,235
2015,Porsche,911 Carrera 4,Minicompact,3.4,6,M7,Z,10.7,246
2015,Porsche,911 Carrera Cabriolet,Minicompact,3.4,6,AM7,Z,10.1,232
2015,Porsche,911 Carrera Cabriolet,Minicompact,3.4,6,M7,Z,10.7,246
2015,Porsche,911 Carrera 4 Cabriolet,Minicompact,3.4,6,AM7,Z,10.5,242
2015,Porsche,911 Carrera 4 Cabriolet,Minicompact,3.4,6,M7,Z,10.9,251
2015,Porsche,911 Carrera S,Minicompact,3.8,6,AM7,Z,10.5,242
2015,Porsche,911 Carrera S,Minicompact,3.8,6,M7,Z,10.7,246
2015,Porsche,911 Carrera 4S,Minicompact,3.8,6,AM7,Z,10.7,246
2015,Porsche,911 Carrera 4S,Minicompact,3.8,6,M7,Z,11.0,253
2015,Porsche,911 Carrera S Cabriolet,Minicompact,3.8,6,AM7,Z,10.6,244
2015,Porsche,911 Carrera S Cabriolet,Minicompact,3.8,6,M7,Z,10.9,251
2015,Porsche,911 Carrera 4S Cabriolet,Minicompact,3.8,6,AM7,Z,11.0,253
2015,Porsche,911 Carrera 4S Cabriolet,Minicompact,3.8,6,M7,Z,11.2,258
2015,Porsche,911 Carrera GTS,Minicompact,3.8,6,AM7,Z,11.0,253
2015,Porsche,911 Carrera GTS,Minicompact,3.8,6,M7,Z,11.2,258
2015,Porsche,911 Carrera 4 GTS,Minicompact,3.8,6,AM7,Z,11.1,255
2015,Porsche,911 Carrera 4 GTS,Minicompact,3.8,6,M7,Z,11.3,260
2015,Porsche,911 Carrera GTS Cabriolet,Minicompact,3.8,6,AM7,Z,11.1,255
2015,Porsche,911 Carrera GTS Cabriolet,Minicompact,3.8,6,M7,Z,11.6,267
2015,Porsche,911 Carrera 4 GTS Cabriolet,Minicompact,3.8,6,AM7,Z,11.4,262
2015,Porsche,911 Carrera 4 GTS Cabriolet,Minicompact,3.8,6,M7,Z,11.6,267
2015,Porsche,911 GT3,Two-seater,3.8,6,AM7,Z,14.0,322
2015,Porsche,911 Targa 4,Minicompact,3.4,6,AM7,Z,10.8,248
2015,Porsche,911 Targa 4,Minicompact,3.4,6,M7,Z,11.1,255
2015,Porsche,911 Targa 4S,Minicompact,3.8,6,AM7,Z,11.2,258
2015,Porsche,911 Targa 4S,Minicompact,3.8,6,M7,Z,11.4,262
2015,Porsche,911 Turbo,Minicompact,3.8,6,AM7,Z,11.9,274
2015,Porsche,911 Turbo Cabriolet,Minicompact,3.8,6,AM7,Z,11.9,274
2015,Porsche,911 Turbo S,Minicompact,3.8,6,AM7,Z,11.9,274
2015,Porsche,911 Turbo S Cabriolet,Minicompact,3.8,6,AM7,Z,11.9,274
2015,Porsche,Boxster,Two-seater,2.7,6,AM7,Z,9.2,212
2015,Porsche,Boxster,Two-seater,2.7,6,M6,Z,9.9,228
2015,Porsche,Boxster S,Two-seater,3.4,6,AM7,Z,9.8,225
2015,Porsche,Boxster S,Two-seater,3.4,6,M6,Z,10.4,239
2015,Porsche,Boxster GTS,Two-seater,3.4,6,AM7,Z,9.5,218
2015,Porsche,Boxster GTS,Two-seater,3.4,6,M6,Z,10.7,246
2015,Porsche,Cayenne Diesel (modified),Sport utility vehicle: Standard,3.0,6,A8,D,10.2,277
2015,Porsche,Cayenne S,Sport utility vehicle: Standard,3.6,6,A8,Z,12.2,286
2015,Porsche,Cayenne Turbo,Sport utility vehicle: Standard,4.8,8,A8,Z,14.2,327
2015,Porsche,Cayman,Two-seater,2.7,6,AM7,Z,9.2,212
2015,Porsche,Cayman,Two-seater,2.7,6,M6,Z,9.9,228
2015,Porsche,Cayman S,Two-seater,3.4,6,AM7,Z,9.8,225
2015,Porsche,Cayman S,Two-seater,3.4,6,M6,Z,10.4,239
2015,Porsche,Cayman GTS,Two-seater,3.4,6,AM7,Z,9.5,218
2015,Porsche,Cayman GTS,Two-seater,3.4,6,M6,Z,10.7,246
2015,Porsche,Macan S,Sport utility vehicle: Small,3.0,6,A7,Z,12.2,281
2015,Porsche,Macan Turbo,Sport utility vehicle: Small,3.6,6,A7,Z,12.3,283
2015,Porsche,Panamera,Full-size,3.6,6,AM7,Z,10.9,251
2015,Porsche,Panamera 4,Full-size,3.6,6,AM7,Z,11.1,255
2015,Porsche,Panamera S,Full-size,3.0,6,AM7,Z,11.4,262
2015,Porsche,Panamera 4S,Full-size,3.0,6,AM7,Z,11.4,262
2015,Porsche,Panamera 4S Executive,Full-size,3.0,6,AM7,Z,11.5,264
2015,Porsche,Panamera GTS,Full-size,4.8,8,AM7,Z,12.7,292
2015,Porsche,Panamera Turbo,Full-size,4.8,8,AM7,Z,12.8,294
2015,Porsche,Panamera Turbo Executive,Full-size,4.8,8,AM7,Z,12.9,297
2015,Porsche,Panamera Turbo S,Full-size,4.8,8,AM7,Z,12.8,294
2015,Porsche,Panamera Turbo S Executive,Full-size,4.8,8,AM7,Z,12.9,297
2015,Ram,1500,Pickup truck: Standard,3.6,6,A8,X,11.9,274
2015,Ram,1500 FFV,Pickup truck: Standard,3.6,6,A8,X,11.9,274
2015,Ram,1500 FFV,Pickup truck: Standard,3.6,6,A8,E,16.8,269
2015,Ram,1500 HFE,Pickup truck: Standard,3.6,6,A8,X,11.3,260
2015,Ram,1500 (MDS),Pickup truck: Standard,5.7,8,A6,X,14.8,340
2015,Ram,1500 (MDS),Pickup truck: Standard,5.7,8,A8,X,13.6,313
2015,Ram,1500 4X4,Pickup truck: Standard,3.6,6,A8,X,12.6,290
2015,Ram,1500 4X4 FFV,Pickup truck: Standard,3.6,6,A8,X,12.6,290
2015,Ram,1500 4X4 FFV,Pickup truck: Standard,3.6,6,A8,E,17.8,285
2015,Ram,1500 4X4 (MDS),Pickup truck: Standard,5.7,8,A6,X,15.4,354
2015,Ram,1500 4X4 (MDS),Pickup truck: Standard,5.7,8,A8,X,14.1,324
2015,Ram,Cargo Van FFV,Minivan,3.6,6,A6,X,11.4,262
2015,Ram,Cargo Van FFV,Minivan,3.6,6,A6,E,15.9,254
2015,Ram,ProMaster City,Special purpose vehicle,2.4,4,A9,X,9.8,225
2015,Rolls-Royce,Ghost,Full-size,6.6,12,AS8,Z,16.1,370
2015,Rolls-Royce,Ghost EWB,Full-size,6.6,12,AS8,Z,16.1,370
2015,Rolls-Royce,Phantom,Full-size,6.7,12,AS8,Z,17.2,396
2015,Rolls-Royce,Phantom EWB,Full-size,6.7,12,AS8,Z,17.2,396
2015,Rolls-Royce,Phantom Coupe,Compact,6.7,12,AS8,Z,17.2,396
2015,Rolls-Royce,Phantom Drophead Coupe,Compact,6.7,12,AS8,Z,17.2,396
2015,Rolls-Royce,Wraith,Mid-size,6.6,12,AS8,Z,15.6,359
2015,Scion,FR-S,Minicompact,2.0,4,AS6,Z,8.4,193
2015,Scion,FR-S,Minicompact,2.0,4,M6,Z,9.6,221
2015,Scion,iQ,Minicompact,1.3,4,AV,X,6.4,147
2015,Scion,tC,Compact,2.5,4,AS6,X,9.0,207
2015,Scion,tC,Compact,2.5,4,M6,X,9.0,207
2015,Scion,xB,Station wagon: Small,2.4,4,AS4,X,9.8,225
2015,Scion,xB,Station wagon: Small,2.4,4,M5,X,9.8,225
2015,smart,fortwo cabriolet,Two-seater,1.0,3,AM5,Z,6.5,150
2015,smart,fortwo coupe,Two-seater,1.0,3,AM5,Z,6.5,150
2015,Subaru,BRZ,Minicompact,2.0,4,AS6,Z,8.4,193
2015,Subaru,BRZ,Minicompact,2.0,4,M6,Z,9.6,221
2015,Subaru,Forester AWD,Sport utility vehicle: Small,2.0,4,AV8,Z,9.4,216
2015,Subaru,Forester AWD,Sport utility vehicle: Small,2.5,4,AV6,X,8.7,200
2015,Subaru,Forester AWD,Sport utility vehicle: Small,2.5,4,M6,X,9.6,221
2015,Subaru,Impreza AWD,Compact,2.0,4,AV6,X,7.6,175
2015,Subaru,Impreza AWD,Compact,2.0,4,M5,X,8.4,193
2015,Subaru,Impreza Wagon AWD,Station wagon: Small,2.0,4,AV6,X,7.6,175
2015,Subaru,Impreza Wagon AWD,Station wagon: Small,2.0,4,M5,X,8.4,193
2015,Subaru,Legacy AWD,Mid-size,2.5,4,AV6,X,7.9,182
2015,Subaru,Legacy AWD,Mid-size,2.5,4,M6,X,9.4,216
2015,Subaru,Legacy AWD,Mid-size,3.6,6,AV6,X,10.2,235
2015,Subaru,Outback AWD,Sport utility vehicle: Small,2.5,4,AV6,X,8.3,191
2015,Subaru,Outback AWD,Sport utility vehicle: Small,2.5,4,M6,X,9.7,223
2015,Subaru,Outback AWD,Sport utility vehicle: Small,3.6,6,AV6,X,10.5,242
2015,Subaru,WRX,Compact,2.0,4,AV8,Z,11.1,255
2015,Subaru,WRX,Compact,2.0,4,M6,Z,9.8,225
2015,Subaru,WRX,Compact,2.5,4,M6,Z,12.2,281
2015,Subaru,XV Crosstrek AWD,Sport utility vehicle: Small,2.0,4,AV6,X,8.1,186
2015,Subaru,XV Crosstrek AWD,Sport utility vehicle: Small,2.0,4,M5,X,9.1,209
2015,Subaru,XV Crosstrek Hybrid AWD,Sport utility vehicle: Small,2.0,4,AV6,X,7.5,173
2015,Toyota,4Runner 4WD,Sport utility vehicle: Standard,4.0,6,AS5,X,12.8,294
2015,Toyota,4Runner 4WD (Part-Time 4WD),Sport utility vehicle: Standard,4.0,6,AS5,X,12.8,294
2015,Toyota,Avalon,Mid-size,3.5,6,AS6,X,9.6,221
2015,Toyota,Camry,Mid-size,2.5,4,AS6,X,8.4,193
2015,Toyota,Camry,Mid-size,3.5,6,AS6,X,9.5,218
2015,Toyota,Camry Hybrid LE,Mid-size,2.5,4,AV,X,5.7,131
2015,Toyota,Camry Hybrid XLE/SE,Mid-size,2.5,4,AV,X,5.9,136
2015,Toyota,Corolla,Mid-size,1.8,4,A4,X,7.6,175
2015,Toyota,Corolla,Mid-size,1.8,4,AV,X,7.3,168
2015,Toyota,Corolla LE Eco (1-Mode),Mid-size,1.8,4,AV,X,6.8,156
2015,Toyota,Corolla LE Eco (2-Mode),Mid-size,1.8,4,AV,X,6.9,159
2015,Toyota,Corolla,Mid-size,1.8,4,AV7,X,7.1,163
2015,Toyota,Corolla,Mid-size,1.8,4,M6,X,7.4,170
2015,Toyota,Highlander,Sport utility vehicle: Small,2.7,4,AS6,X,10.7,246
2015,Toyota,Highlander,Sport utility vehicle: Small,3.5,6,AS6,X,11.1,255
2015,Toyota,Highlander AWD,Sport utility vehicle: Standard,3.5,6,AS6,X,11.6,267
2015,Toyota,Highlander Hybrid AWD,Sport utility vehicle: Standard,3.5,6,AV6,X,8.5,196
2015,Toyota,Highlander Hybrid AWD LE,Sport utility vehicle: Standard,3.5,6,AV6,X,8.4,193
2015,Toyota,Prius,Mid-size,1.8,4,AV,X,4.7,108
2015,Toyota,Prius c,Compact,1.5,4,AV,X,4.8,110
2015,Toyota,Prius v,Station wagon: Mid-size,1.8,4,AV,X,5.6,129
2015,Toyota,RAV4,Sport utility vehicle: Small,2.5,4,AS6,X,8.9,205
2015,Toyota,RAV4 AWD,Sport utility vehicle: Small,2.5,4,AS6,X,9.5,218
2015,Toyota,RAV4 LE/XLE,Sport utility vehicle: Small,2.5,4,AS6,X,8.9,205
2015,Toyota,RAV4 Limited AWD,Sport utility vehicle: Small,2.5,4,AS6,X,9.6,221
2015,Toyota,Sequoia 4WD,Sport utility vehicle: Standard,5.7,8,AS6,X,16.6,382
2015,Toyota,Sienna,Minivan,3.5,6,AS6,X,11.4,262
2015,Toyota,Sienna AWD,Minivan,3.5,6,AS6,X,12.5,288
2015,Toyota,Tacoma,Pickup truck: Small,2.7,4,A4,X,11.2,258
2015,Toyota,Tacoma,Pickup truck: Small,2.7,4,M5,X,10.5,242
2015,Toyota,Tacoma,Pickup truck: Small,4.0,6,M6,X,13.1,301
2015,Toyota,Tacoma 4WD,Pickup truck: Small,2.7,4,A4,X,12.3,283
2015,Toyota,Tacoma 4WD,Pickup truck: Small,2.7,4,M5,X,12.3,283
2015,Toyota,Tacoma 4WD,Pickup truck: Small,4.0,6,A5,X,13.4,308
2015,Toyota,Tacoma 4WD,Pickup truck: Small,4.0,6,M6,X,14.0,322
2015,Toyota,Tundra,Pickup truck: Standard,4.6,8,AS6,X,14.3,329
2015,Toyota,Tundra,Pickup truck: Standard,5.7,8,AS6,X,15.2,350
2015,Toyota,Tundra 4WD,Pickup truck: Standard,4.6,8,AS6,X,15.1,347
2015,Toyota,Tundra 4WD,Pickup truck: Standard,5.7,8,AS6,X,16.6,382
2015,Toyota,Venza,Sport utility vehicle: Small,2.7,4,AS6,X,10.4,239
2015,Toyota,Venza,Sport utility vehicle: Small,3.5,6,AS6,X,10.9,251
2015,Toyota,Venza 4WD,Sport utility vehicle: Small,2.7,4,AS6,X,10.5,242
2015,Toyota,Venza 4WD,Sport utility vehicle: Small,3.5,6,AS6,X,11.3,260
2015,Toyota,Yaris,Compact,1.5,4,A4,X,7.3,168
2015,Toyota,Yaris,Compact,1.5,4,M5,X,7.1,163
2015,Volkswagen,Beetle,Compact,1.8,4,AS6,X,8.5,196
2015,Volkswagen,Beetle,Compact,1.8,4,M5,X,8.7,200
2015,Volkswagen,Beetle,Compact,2.0,4,AM6,Z,9.1,209
2015,Volkswagen,Beetle,Compact,2.0,4,M6,Z,9.2,212
2015,Volkswagen,Beetle TDI (modified),Compact,2.0,4,AM6,D,6.9,183
2015,Volkswagen,Beetle TDI (modified),Compact,2.0,4,M6,D,6.9,184
2015,Volkswagen,Beetle Convertible,Subcompact,1.8,4,AS6,X,8.7,200
2015,Volkswagen,Beetle Convertible,Subcompact,2.0,4,AM6,Z,9.4,216
2015,Volkswagen,Beetle Convertible,Subcompact,2.0,4,M6,Z,9.2,212
2015,Volkswagen,CC,Compact,2.0,4,AM6,Z,9.3,214
2015,Volkswagen,CC,Compact,2.0,4,M6,Z,9.6,221
2015,Volkswagen,CC 4MOTION,Compact,3.6,6,AS6,Z,11.8,271
2015,Volkswagen,Eos,Subcompact,2.0,4,AM6,Z,9.5,219
2015,Volkswagen,Golf,Compact,1.8,4,AS6,X,8.1,186
2015,Volkswagen,Golf,Compact,1.8,4,M5,X,8.0,184
2015,Volkswagen,Golf TDI (modified),Compact,2.0,4,AM6,D,6.5,177
2015,Volkswagen,Golf TDI (modified),Compact,2.0,4,M6,D,6.5,178
2015,Volkswagen,Golf GTI,Compact,2.0,4,AM6,Z,8.5,196
2015,Volkswagen,Golf GTI,Compact,2.0,4,M6,Z,8.3,191
2015,Volkswagen,Golf Sportwagon,Station wagon: Small,1.8,4,AS6,X,8.2,193
2015,Volkswagen,Golf Sportwagon,Station wagon: Small,1.8,4,M5,X,8.2,189
2015,Volkswagen,Golf SportWagon TDI (modified),Station wagon: Small,2.0,4,AM6,D,6.7,180
2015,Volkswagen,Golf SportWagon TDI (modified),Station wagon: Small,2.0,4,M6,D,6.7,179
2015,Volkswagen,Jetta,Compact,1.8,4,AS6,X,7.9,182
2015,Volkswagen,Jetta,Compact,1.8,4,M5,X,8.0,184
2015,Volkswagen,Jetta,Compact,2.0,4,AS6,X,8.9,205
2015,Volkswagen,Jetta,Compact,2.0,4,M5,X,8.4,193
2015,Volkswagen,Jetta TDI (modified),Compact,2.0,4,AM6,D,6.5,175
2015,Volkswagen,Jetta TDI (modified),Compact,2.0,4,M6,D,6.5,176
2015,Volkswagen,Jetta GLI,Compact,2.0,4,AM6,Z,8.8,202
2015,Volkswagen,Jetta GLI,Compact,2.0,4,M6,Z,8.9,205
2015,Volkswagen,Jetta Hybrid,Compact,1.4,4,AM7,Z,5.3,122
2015,Volkswagen,Passat,Mid-size,1.8,4,AS6,X,8.3,191
2015,Volkswagen,Passat,Mid-size,1.8,4,M5,X,8.4,193
2015,Volkswagen,Passat TDI (modified),Mid-size,2.0,4,AM6,D,6.9,185
2015,Volkswagen,Passat TDI (modified),Mid-size,2.0,4,M6,D,6.7,182
2015,Volkswagen,Passat,Mid-size,3.6,6,AM6,Z,10.4,239
2015,Volkswagen,Tiguan,Sport utility vehicle: Small,2.0,4,AS6,Z,10.5,242
2015,Volkswagen,Tiguan,Sport utility vehicle: Small,2.0,4,M6,Z,11.2,258
2015,Volkswagen,Tiguan 4MOTION,Sport utility vehicle: Small,2.0,4,AS6,Z,10.7,246
2015,Volkswagen,Touareg TDI (modified),Sport utility vehicle: Standard,3.0,6,AS8,D,10.2,277
2015,Volkswagen,Touareg,Sport utility vehicle: Standard,3.6,6,AS8,Z,12.4,292
2015,Volvo,S60 T5,Compact,2.0,4,AS8,X,8.4,193
2015,Volvo,S60 T5 AWD,Compact,2.5,5,AS6,X,10.1,232
2015,Volvo,S60 T6,Compact,2.0,4,AS8,Z,8.9,205
2015,Volvo,S60 T6 AWD,Compact,3.0,6,AS6,X,11.2,258
2015,Volvo,S60 Polestar AWD,Compact,3.0,6,AS6,X,11.0,253
2015,Volvo,S80 T5,Mid-size,2.0,4,AS8,X,8.4,193
2015,Volvo,S80 T6 AWD,Mid-size,3.0,6,AS6,X,11.2,258
2015,Volvo,V60 T5,Station wagon: Small,2.0,4,AS8,X,8.4,193
2015,Volvo,V60 T5 AWD,Station wagon: Small,2.5,5,AS6,X,10.1,232
2015,Volvo,V60 T6 AWD,Station wagon: Small,3.0,6,AS6,X,11.2,258
2015,Volvo,V60 Polestar AWD,Station wagon: Small,3.0,6,AS6,X,11.0,253
2015,Volvo,V60 CC,Sport utility vehicle: Small,2.0,4,AS8,X,8.8,202
2015,Volvo,V60 CC AWD,Sport utility vehicle: Small,2.5,5,AS6,X,10.3,237
2015,Volvo,XC60 T5,Sport utility vehicle: Small,2.0,4,AS8,X,8.8,202
2015,Volvo,XC60 T5 AWD,Sport utility vehicle: Small,2.5,5,AS6,X,11.4,262
2015,Volvo,XC60 T6,Sport utility vehicle: Small,2.0,4,AS8,Z,9.4,216
2015,Volvo,XC60 T6 AWD,Sport utility vehicle: Small,3.0,6,AS6,X,11.9,274
2015,Volvo,XC60 3.2 AWD,Sport utility vehicle: Small,3.2,6,AS6,X,11.5,264
2015,Volvo,XC70 T5,Sport utility vehicle: Small,2.0,4,AS8,X,8.8,202
2015,Volvo,XC70 T6 AWD,Sport utility vehicle: Small,3.0,6,AS6,X,11.9,274
2015,Volvo,XC70 3.2 AWD,Sport utility vehicle: Small,3.2,6,AS6,X,11.3,260
2016,Acura,ILX,Compact,2.4,4,AM8,Z,8.1,189
2016,Acura,MDX SH-AWD,Sport utility vehicle: Small,3.5,6,AS9,Z,11.1,254
2016,Acura,MDX SH-AWD Elite,Sport utility vehicle: Small,3.5,6,AS9,Z,10.7,251
2016,Acura,RDX AWD,Sport utility vehicle: Small,3.5,6,AS6,Z,10.7,249
2016,Acura,RLX,Mid-size,3.5,6,AS6,Z,10.0,235
2016,Acura,RLX Hybrid,Mid-size,3.5,6,AM7,Z,7.7,180
2016,Acura,TLX,Compact,2.4,4,AM8,Z,8.3,196
2016,Acura,TLX SH-AWD,Compact,3.5,6,AS9,Z,9.6,226
2016,Alfa Romeo,4C,Two-seater,1.8,4,AM6,Z,8.4,197
2016,Aston Martin,DB9 GT,Minicompact,5.9,12,A6,Z,15.6,365
2016,Aston Martin,Rapide S,Subcompact,6.0,12,A8,Z,14.2,332
2016,Aston Martin,Vanquish,Minicompact,6.0,12,A8,Z,14.8,346
2016,Aston Martin,V8 Vantage,Two-seater,4.7,8,AM7,Z,14.7,343
2016,Aston Martin,V8 Vantage,Two-seater,4.7,8,M6,Z,15.5,362
2016,Aston Martin,V8 Vantage S,Two-seater,4.7,8,AM7,Z,14.7,343
2016,Aston Martin,V8 Vantage S,Two-seater,4.7,8,M6,Z,15.5,362
2016,Aston Martin,V12 Vantage S,Two-seater,6.0,12,AM7,Z,16.5,390
2016,Aston Martin,Vantage GT,Two-seater,4.7,8,AM7,Z,14.7,343
2016,Aston Martin,Vantage GT,Two-seater,4.7,8,M6,Z,15.5,362
2016,Audi,A3,Subcompact,1.8,4,AM6,X,8.7,204
2016,Audi,A3 quattro,Subcompact,2.0,4,AM6,X,8.6,201
2016,Audi,A3 Cabriolet quattro,Subcompact,2.0,4,AM6,X,8.9,208
2016,Audi,A4,Compact,2.0,4,AV8,Z,8.9,212
2016,Audi,A4 quattro,Compact,2.0,4,AS8,Z,9.6,224
2016,Audi,A4 quattro,Compact,2.0,4,M6,Z,9.1,214
2016,Audi,A4 allroad quattro,Station wagon: Small,2.0,4,AS8,Z,9.9,232
2016,Audi,A5 quattro,Subcompact,2.0,4,AS8,Z,9.6,224
2016,Audi,A5 quattro,Subcompact,2.0,4,M6,Z,9.1,214
2016,Audi,A5 Cabriolet quattro,Subcompact,2.0,4,AS8,Z,9.8,230
2016,Audi,A6 quattro,Mid-size,2.0,4,AS8,Z,9.2,211
2016,Audi,A6 quattro,Mid-size,3.0,6,AS8,Z,9.9,232
2016,Audi,A6 quattro TDI (modified),Mid-size,3.0,6,AS8,D,7.8,213
2016,Audi,A7 quattro,Mid-size,3.0,6,AS8,Z,9.9,232
2016,Audi,A7 quattro TDI (modified),Mid-size,3.0,6,AS8,D,7.8,213
2016,Audi,A8 quattro,Mid-size,3.0,6,AS8,Z,10.5,247
2016,Audi,A8 quattro TDI (modified),Mid-size,3.0,6,AS8,D,8.4,224
2016,Audi,A8 quattro,Mid-size,4.0,8,AS8,Z,10.7,249
2016,Audi,A8L quattro,Full-size,4.0,8,AS8,Z,10.9,255
2016,Audi,A8L quattro,Full-size,6.3,12,AS8,Z,14.6,344
2016,Audi,Q3,Compact,2.0,4,AS6,Z,10.3,242
2016,Audi,Q3 quattro,Compact,2.0,4,AS6,Z,10.3,240
2016,Audi,Q5 quattro,Sport utility vehicle: Small,2.0,4,AS8,Z,10.4,244
2016,Audi,Q5 quattro,Sport utility vehicle: Small,3.0,6,AS8,Z,11.4,267
2016,Audi,Q5 quattro TDI (modified),Sport utility vehicle: Small,3.0,6,AS8,D,9.0,244
2016,Audi,Q5 Hybrid quattro,Sport utility vehicle: Small,2.0,4,AS8,Z,8.9,209
2016,Audi,RS 7 quattro,Mid-size,4.0,8,AS8,Z,13.3,313
2016,Audi,S3 quattro,Subcompact,2.0,4,AM6,Z,9.0,211
2016,Audi,S4 quattro,Compact,3.0,6,AM7,Z,11.0,257
2016,Audi,S4 quattro,Compact,3.0,6,M6,Z,11.7,273
2016,Audi,S5 quattro,Subcompact,3.0,6,AM7,Z,11.0,257
2016,Audi,S5 quattro,Subcompact,3.0,6,M6,Z,11.7,273
2016,Audi,S5 Cabriolet quattro,Subcompact,3.0,6,AM7,Z,11.4,266
2016,Audi,S6 quattro,Mid-size,4.0,8,AM7,Z,11.3,263
2016,Audi,S7 quattro,Mid-size,4.0,8,AM7,Z,11.4,265
2016,Audi,S8 quattro,Mid-size,4.0,8,AS8,Z,12.8,300
2016,Audi,SQ5 quattro,Sport utility vehicle: Small,3.0,6,AS8,Z,12.2,285
2016,Audi,TT Coupe quattro,Subcompact,2.0,4,AM6,X,9.1,209
2016,Audi,TT Roadster quattro,Two-seater,2.0,4,AM6,X,9.1,209
2016,Audi,TTS Coupe quattro,Subcompact,2.0,4,AM6,Z,9.5,222
2016,Bentley,Continental GT,Compact,4.0,8,AS8,Z,13.1,307
2016,Bentley,Continental GT,Compact,6.0,12,AS8,Z,15.4,360
2016,Bentley,Continental GT Convertible,Subcompact,4.0,8,AS8,Z,14.4,337
2016,Bentley,Continental GT Convertible,Subcompact,6.0,12,AS8,Z,16.0,375
2016,Bentley,Flying Spur,Mid-size,4.0,8,AS8,Z,14.2,334
2016,Bentley,Flying Spur,Mid-size,6.0,12,AS8,Z,16.5,388
2016,Bentley,Mulsanne,Mid-size,6.8,8,AS8,Z,17.5,408
2016,BMW,228i,Subcompact,2.0,4,AS8,Z,8.4,197
2016,BMW,228i,Subcompact,2.0,4,M6,Z,9.0,211
2016,BMW,228i xDrive,Subcompact,2.0,4,AS8,Z,8.8,207
2016,BMW,228i xDrive Cabriolet,Subcompact,2.0,4,AS8,Z,8.9,209
2016,BMW,320i,Compact,2.0,4,AS8,Z,8.4,197
2016,BMW,320i,Compact,2.0,4,M6,Z,9.0,211
2016,BMW,320i xDrive,Compact,2.0,4,AS8,Z,8.8,207
2016,BMW,328d xDrive,Compact,2.0,4,AS8,D,6.8,183
2016,BMW,328d xDrive Touring,Station wagon: Small,2.0,4,AS8,D,6.8,183
2016,BMW,328i xDrive,Compact,2.0,4,AS8,Z,8.9,209
2016,BMW,328i xDrive Gran Turismo,Full-size,2.0,4,AS8,Z,8.9,209
2016,BMW,328i xDrive Touring,Station wagon: Small,2.0,4,AS8,Z,8.9,209
2016,BMW,335i xDrive Gran Turismo,Full-size,3.0,6,AS8,Z,10.2,238
2016,BMW,340i,Compact,3.0,6,AS8,Z,9.3,217
2016,BMW,340i,Compact,3.0,6,M6,Z,9.9,231
2016,BMW,340i xDrive,Compact,3.0,6,AS8,Z,9.3,216
2016,BMW,340i xDrive,Compact,3.0,6,M6,Z,10.3,241
2016,BMW,428i Cabriolet,Subcompact,2.0,4,AS8,Z,8.9,211
2016,BMW,428i xDrive Cabriolet,Subcompact,2.0,4,AS8,Z,9.4,221
2016,BMW,428i Coupe,Compact,2.0,4,AS8,Z,8.4,197
2016,BMW,428i Coupe,Compact,2.0,4,M6,Z,9.0,211
2016,BMW,428i xDrive Coupe,Compact,2.0,4,AS8,Z,8.9,209
2016,BMW,428i Gran Coupe,Compact,2.0,4,AS8,Z,8.9,211
2016,BMW,428i Gran Coupe,Compact,2.0,4,M6,Z,9.0,210
2016,BMW,428i xDrive Gran Coupe,Compact,2.0,4,AS8,Z,8.9,209
2016,BMW,435i Cabriolet,Subcompact,3.0,6,AS8,Z,9.9,232
2016,BMW,435i xDrive Cabriolet,Subcompact,3.0,6,AS8,Z,10.2,238
2016,BMW,435i Coupe,Compact,3.0,6,AS8,Z,9.9,232
2016,BMW,435i Coupe,Compact,3.0,6,M6,Z,10.5,246
2016,BMW,435i xDrive Coupe,Compact,3.0,6,AS8,Z,10.2,238
2016,BMW,435i xDrive Coupe,Compact,3.0,6,M6,Z,10.5,247
2016,BMW,435i xDrive Gran Coupe,Compact,3.0,6,AS8,Z,10.2,238
2016,BMW,528i xDrive,Mid-size,2.0,4,AS8,Z,8.9,209
2016,BMW,535d xDrive,Mid-size,3.0,6,AS8,D,7.9,212
2016,BMW,535i xDrive,Mid-size,3.0,6,AS8,Z,10.2,238
2016,BMW,535i xDrive Gran Turismo,Full-size,3.0,6,AS8,Z,11.2,263
2016,BMW,550i xDrive,Mid-size,4.4,8,AS8,Z,12.3,288
2016,BMW,550i xDrive Gran Turismo,Full-size,4.4,8,AS8,Z,12.1,283
2016,BMW,640i xDrive Cabriolet,Subcompact,3.0,6,AS8,Z,10.2,238
2016,BMW,640i xDrive Gran Coupe,Compact,3.0,6,AS8,Z,10.2,238
2016,BMW,650i xDrive Cabriolet,Subcompact,4.4,8,AS8,Z,12.1,283
2016,BMW,650i xDrive Coupe,Compact,4.4,8,AS8,Z,12.3,288
2016,BMW,650i xDrive Gran Coupe,Compact,4.4,8,AS8,Z,12.1,283
2016,BMW,750i xDrive,Full-size,4.4,8,AS8,Z,12.1,283
2016,BMW,750Li xDrive,Full-size,4.4,8,AS8,Z,12.1,283
2016,BMW,ActiveHybrid 5,Mid-size,3.0,6,AS8,Z,9.4,219
2016,BMW,Alpina B6 xDrive Gran Coupe,Compact,4.4,8,AS8,Z,12.1,283
2016,BMW,M2,Subcompact,3.0,6,AM7,Z,10.4,244
2016,BMW,M2,Subcompact,3.0,6,M6,Z,11.1,260
2016,BMW,M235i,Subcompact,3.0,6,AS8,Z,9.9,232
2016,BMW,M235i,Subcompact,3.0,6,M6,Z,10.4,245
2016,BMW,M235i xDrive,Subcompact,3.0,6,AS8,Z,10.2,238
2016,BMW,M235i Cabriolet,Subcompact,3.0,6,AS8,Z,9.9,232
2016,BMW,M235i Cabriolet,Subcompact,3.0,6,M6,Z,10.5,246
2016,BMW,M235i xDrive Cabriolet,Subcompact,3.0,6,AS8,Z,10.2,238
2016,BMW,M3,Compact,3.0,6,AM7,Z,12.1,284
2016,BMW,M3,Compact,3.0,6,M6,Z,11.6,271
2016,BMW,M4 Cabriolet,Subcompact,3.0,6,AM7,Z,12.1,282
2016,BMW,M4 Cabriolet,Subcompact,3.0,6,M6,Z,11.8,278
2016,BMW,M4 Coupe,Compact,3.0,6,AM7,Z,12.1,284
2016,BMW,M4 Coupe,Compact,3.0,6,M6,Z,11.6,271
2016,BMW,M5,Mid-size,4.4,8,AM7,Z,14.7,344
2016,BMW,M5,Mid-size,4.4,8,M6,Z,13.7,321
2016,BMW,M6,Compact,4.4,8,AM7,Z,14.7,344
2016,BMW,M6,Compact,4.4,8,M6,Z,13.7,321
2016,BMW,M6 Cabriolet,Subcompact,4.4,8,AM7,Z,14.7,344
2016,BMW,M6 Cabriolet,Subcompact,4.4,8,M6,Z,13.7,321
2016,BMW,M6 Gran Coupe,Compact,4.4,8,AM7,Z,14.7,344
2016,BMW,M6 Gran Coupe,Compact,4.4,8,M6,Z,13.7,321
2016,BMW,X1 xDrive28i,Sport utility vehicle: Small,2.0,4,AS8,Z,9.2,215
2016,BMW,X3 xDrive28d,Sport utility vehicle: Small,2.0,4,AS8,D,7.9,211
2016,BMW,X3 xDrive28i,Sport utility vehicle: Small,2.0,4,AS8,Z,9.9,231
2016,BMW,X3 xDrive35i,Sport utility vehicle: Small,3.0,6,AS8,Z,10.9,257
2016,BMW,X4 xDrive28i,Sport utility vehicle: Small,2.0,4,AS8,Z,10.2,238
2016,BMW,X4 xDrive35i,Sport utility vehicle: Small,3.0,6,AS8,Z,10.9,257
2016,BMW,X4 M40i,Sport utility vehicle: Small,3.0,6,AS8,Z,11.3,264
2016,BMW,X5 xDrive35d,Sport utility vehicle: Standard,3.0,6,AS8,D,8.9,233
2016,BMW,X5 xDrive35i,Sport utility vehicle: Standard,3.0,6,AS8,Z,11.5,269
2016,BMW,X5 xDrive50i,Sport utility vehicle: Standard,4.4,8,AS8,Z,13.8,322
2016,BMW,X5 M,Sport utility vehicle: Standard,4.4,8,AS8,Z,14.6,343
2016,BMW,X6 xDrive35i,Sport utility vehicle: Standard,3.0,6,AS8,Z,11.5,269
2016,BMW,X6 xDrive50i,Sport utility vehicle: Standard,4.4,8,AS8,Z,13.8,322
2016,BMW,X6 M,Sport utility vehicle: Standard,4.4,8,AS8,Z,14.6,343
2016,BMW,Z4 sDrive28i,Two-seater,2.0,4,AS8,Z,9.1,212
2016,BMW,Z4 sDrive28i,Two-seater,2.0,4,M6,Z,9.0,211
2016,BMW,Z4 sDrive35i,Two-seater,3.0,6,AM7,Z,12.1,282
2016,BMW,Z4 sDrive35is,Two-seater,3.0,6,AM7,Z,12.1,282
2016,Buick,Enclave,Sport utility vehicle: Standard,3.6,6,A6,X,13.4,315
2016,Buick,Enclave AWD,Sport utility vehicle: Standard,3.6,6,A6,X,13.7,323
2016,Buick,Encore,Sport utility vehicle: Small,1.4,4,AS6,X,8.5,199
2016,Buick,Encore AWD,Sport utility vehicle: Small,1.4,4,AS6,X,9.2,215
2016,Buick,Encore Sport Touring,Sport utility vehicle: Small,1.4,4,AS6,X,7.8,182
2016,Buick,Encore Sport Touring AWD,Sport utility vehicle: Small,1.4,4,AS6,X,8.2,192
2016,Buick,Envision AWD,Sport utility vehicle: Small,2.0,4,A6,Z,10.6,248
2016,Buick,LaCrosse eAssist,Mid-size,2.4,4,AS6,X,8.2,193
2016,Buick,LaCrosse FFV,Mid-size,3.6,6,AS6,X,11.4,268
2016,Buick,LaCrosse FFV,Mid-size,3.6,6,AS6,E,15.8,260
2016,Buick,LaCrosse AWD FFV,Mid-size,3.6,6,AS6,X,11.7,274
2016,Buick,LaCrosse AWD FFV,Mid-size,3.6,6,AS6,E,15.8,263
2016,Buick,Regal,Mid-size,2.0,4,AS6,Z,9.8,231
2016,Buick,Regal,Mid-size,2.0,4,M6,Z,9.8,230
2016,Buick,Regal eAssist,Mid-size,2.4,4,AS6,X,8.2,193
2016,Buick,Regal AWD,Mid-size,2.0,4,AS6,Z,10.7,252
2016,Buick,Verano,Compact,2.0,4,AS6,Z,9.8,231
2016,Buick,Verano,Compact,2.0,4,M6,Z,9.8,230
2016,Buick,Verano,Compact,2.4,4,AS6,X,9.6,224
2016,Cadillac,ATS,Compact,2.0,4,AS8,Z,9.2,215
2016,Cadillac,ATS,Compact,2.0,4,M6,Z,10.3,240
2016,Cadillac,ATS,Compact,2.5,4,AS8,X,9.1,214
2016,Cadillac,ATS,Compact,3.6,6,AS8,X,9.9,233
2016,Cadillac,ATS AWD,Compact,2.0,4,AS8,Z,9.4,221
2016,Cadillac,ATS AWD,Compact,3.6,6,AS8,X,10.5,247
2016,Cadillac,ATS-V,Compact,3.6,6,AS8,Z,12.5,293
2016,Cadillac,ATS-V,Compact,3.6,6,M6,Z,12.4,289
2016,Cadillac,CT6,Full-size,2.0,4,AS8,Z,9.5,222
2016,Cadillac,CT6 AWD,Full-size,3.0,6,AS8,Z,11.2,263
2016,Cadillac,CT6 AWD,Full-size,3.6,6,AS8,X,11.0,257
2016,Cadillac,CTS,Mid-size,2.0,4,AS8,Z,9.5,221
2016,Cadillac,CTS,Mid-size,3.6,6,AS8,X,9.9,233
2016,Cadillac,CTS AWD,Mid-size,2.0,4,AS8,Z,9.8,229
2016,Cadillac,CTS AWD,Mid-size,3.6,6,AS8,X,10.5,247
2016,Cadillac,CTS Vsport,Mid-size,3.6,6,AS8,Z,12.5,293
2016,Cadillac,CTS-V,Mid-size,6.2,8,AS8,Z,14.1,332
2016,Cadillac,Escalade 4WD,Sport utility vehicle: Standard,6.2,8,A8,Z,13.9,325
2016,Cadillac,SRX,Sport utility vehicle: Standard,3.6,6,AS6,X,12.3,287
2016,Cadillac,SRX AWD,Sport utility vehicle: Standard,3.6,6,AS6,X,12.8,300
2016,Cadillac,XTS,Full-size,3.6,6,AS6,X,11.3,263
2016,Cadillac,XTS AWD,Full-size,3.6,6,AS6,X,11.6,273
2016,Cadillac,XTS Vsport AWD,Full-size,3.6,6,AS6,Z,12.8,302
2016,Chevrolet,Camaro,Compact,2.0,4,AS8,Z,9.3,218
2016,Chevrolet,Camaro,Compact,2.0,4,M6,Z,9.8,229
2016,Chevrolet,Camaro,Compact,3.6,6,AS8,X,10.6,248
2016,Chevrolet,Camaro,Compact,3.6,6,M6,X,11.2,261
2016,Chevrolet,Camaro SS,Compact,6.2,8,AS8,Z,11.6,272
2016,Chevrolet,Camaro SS,Compact,6.2,8,M6,Z,12.1,284
2016,Chevrolet,City Express,Special purpose vehicle,2.0,4,AV,X,9.4,220
2016,Chevrolet,Colorado,Pickup truck: Small,2.5,4,A6,X,10.5,247
2016,Chevrolet,Colorado,Pickup truck: Small,2.5,4,M6,X,10.8,253
2016,Chevrolet,Colorado,Pickup truck: Small,2.8,4,A6,D,9.4,252
2016,Chevrolet,Colorado,Pickup truck: Small,3.6,6,A6,X,11.3,265
2016,Chevrolet,Colorado 4WD,Pickup truck: Small,2.5,4,A6,X,11.3,265
2016,Chevrolet,Colorado 4WD,Pickup truck: Small,2.8,4,A6,D,10.3,277
2016,Chevrolet,Colorado 4WD,Pickup truck: Small,3.6,6,A6,X,11.9,279
2016,Chevrolet,Corvette,Two-seater,6.2,8,AS8,Z,11.7,275
2016,Chevrolet,Corvette,Two-seater,6.2,8,M7,Z,11.2,263
2016,Chevrolet,Corvette Z06,Two-seater,6.2,8,AS8,Z,14.3,335
2016,Chevrolet,Corvette Z06,Two-seater,6.2,8,M7,Z,13.4,313
2016,Chevrolet,Cruze,Compact,1.4,4,AS6,X,6.8,159
2016,Chevrolet,Cruze,Compact,1.4,4,M6,X,7.1,167
2016,Chevrolet,Cruze Premier,Compact,1.4,4,AS6,X,6.9,160
2016,Chevrolet,Cruze Limited,Mid-size,1.4,4,AS6,X,7.8,184
2016,Chevrolet,Cruze Limited,Mid-size,1.4,4,M6,X,7.8,182
2016,Chevrolet,Cruze Limited Eco,Mid-size,1.4,4,A6,X,7.7,181
2016,Chevrolet,Cruze Limited Eco,Mid-size,1.4,4,M6,X,7.1,167
2016,Chevrolet,Cruze Limited,Mid-size,1.8,4,AS6,X,8.8,207
2016,Chevrolet,Cruze Limited,Mid-size,1.8,4,M6,X,8.1,190
2016,Chevrolet,Equinox,Sport utility vehicle: Small,2.4,4,A6,X,9.1,214
2016,Chevrolet,Equinox FFV,Sport utility vehicle: Small,2.4,4,A6,X,9.1,214
2016,Chevrolet,Equinox FFV,Sport utility vehicle: Small,2.4,4,A6,E,13.4,221
2016,Chevrolet,Equinox,Sport utility vehicle: Small,3.6,6,A6,X,12.1,285
2016,Chevrolet,Equinox AWD,Sport utility vehicle: Small,2.4,4,A6,X,10.0,235
2016,Chevrolet,Equinox AWD FFV,Sport utility vehicle: Small,2.4,4,A6,X,10.0,235
2016,Chevrolet,Equinox AWD FFV,Sport utility vehicle: Small,2.4,4,A6,E,14.2,236
2016,Chevrolet,Equinox AWD,Sport utility vehicle: Small,3.6,6,A6,X,12.8,300
2016,Chevrolet,Express 2500 Passenger,Van: Passenger,6.0,8,A6,X,18.8,441
2016,Chevrolet,Express 3500 Passenger,Van: Passenger,6.0,8,A6,X,19.8,465
2016,Chevrolet,Impala,Full-size,2.5,4,AS6,X,9.2,215
2016,Chevrolet,Impala FFV,Full-size,3.6,6,AS6,X,10.6,248
2016,Chevrolet,Impala FFV,Full-size,3.6,6,AS6,E,14.5,239
2016,Chevrolet,Impala Dual Fuel,Mid-size,3.6,6,AS6,X,11.9,272
2016,Chevrolet,Impala Dual Fuel,Mid-size,3.6,6,AS6,N,12.7,213
2016,Chevrolet,Malibu,Mid-size,1.5,4,A6,X,7.6,179
2016,Chevrolet,Malibu,Mid-size,2.0,4,AS8,Z,9.0,211
2016,Chevrolet,Malibu Limited,Mid-size,2.5,4,AS6,X,8.6,202
2016,Chevrolet,Malibu Hybrid,Mid-size,1.8,4,AV,X,5.1,122
2016,Chevrolet,Silverado FFV,Pickup truck: Standard,4.3,6,A6,X,11.9,280
2016,Chevrolet,Silverado FFV,Pickup truck: Standard,4.3,6,A6,E,17.1,284
2016,Chevrolet,Silverado,Pickup truck: Standard,5.3,8,A6,X,12.7,298
2016,Chevrolet,Silverado FFV,Pickup truck: Standard,5.3,8,A6,X,12.7,298
2016,Chevrolet,Silverado FFV,Pickup truck: Standard,5.3,8,A6,E,17.2,286
2016,Chevrolet,Silverado,Pickup truck: Standard,6.2,8,A8,Z,14.0,328
2016,Chevrolet,Silverado 4WD FFV,Pickup truck: Standard,4.3,6,A6,X,12.6,296
2016,Chevrolet,Silverado 4WD FFV,Pickup truck: Standard,4.3,6,A6,E,18.1,301
2016,Chevrolet,Silverado 4WD,Pickup truck: Standard,5.3,8,A6,X,13.1,307
2016,Chevrolet,Silverado 4WD FFV,Pickup truck: Standard,5.3,8,A6,X,13.1,306
2016,Chevrolet,Silverado 4WD FFV,Pickup truck: Standard,5.3,8,A6,E,17.8,295
2016,Chevrolet,Silverado eAssist 4WD,Pickup truck: Standard,5.3,8,A8,X,13.0,304
2016,Chevrolet,Silverado 4WD,Pickup truck: Standard,6.2,8,A8,Z,14.2,332
2016,Chevrolet,Sonic,Compact,1.4,4,AS6,X,8.0,188
2016,Chevrolet,Sonic,Compact,1.4,4,M6,X,7.5,175
2016,Chevrolet,Sonic,Compact,1.8,4,AS6,X,8.3,195
2016,Chevrolet,Sonic,Compact,1.8,4,M5,X,8.0,187
2016,Chevrolet,Sonic RS,Compact,1.4,4,AS6,X,8.4,195
2016,Chevrolet,Sonic RS,Compact,1.4,4,M6,X,8.0,189
2016,Chevrolet,Sonic 5,Station wagon: Small,1.4,4,AS6,X,8.0,188
2016,Chevrolet,Sonic 5,Station wagon: Small,1.4,4,M6,X,7.5,175
2016,Chevrolet,Sonic 5,Station wagon: Small,1.8,4,AS6,X,8.3,195
2016,Chevrolet,Sonic 5,Station wagon: Small,1.8,4,M5,X,8.0,187
2016,Chevrolet,Sonic 5 RS,Station wagon: Small,1.4,4,AS6,X,8.4,195
2016,Chevrolet,Sonic 5 RS,Station wagon: Small,1.4,4,M6,X,8.0,189
2016,Chevrolet,Spark,Subcompact,1.4,4,AV,X,6.7,157
2016,Chevrolet,Spark,Subcompact,1.4,4,M5,X,6.9,162
2016,Chevrolet,Suburban,Sport utility vehicle: Standard,5.3,8,A6,X,13.0,304
2016,Chevrolet,Suburban FFV,Sport utility vehicle: Standard,5.3,8,A6,X,13.0,304
2016,Chevrolet,Suburban FFV,Sport utility vehicle: Standard,5.3,8,A6,E,17.6,288
2016,Chevrolet,Suburban 4WD,Sport utility vehicle: Standard,5.3,8,A6,X,13.3,312
2016,Chevrolet,Suburban 4WD FFV,Sport utility vehicle: Standard,5.3,8,A6,X,13.3,312
2016,Chevrolet,Suburban 4WD FFV,Sport utility vehicle: Standard,5.3,8,A6,E,19.1,317
2016,Chevrolet,Tahoe,Sport utility vehicle: Standard,5.3,8,A6,X,13.0,304
2016,Chevrolet,Tahoe FFV,Sport utility vehicle: Standard,5.3,8,A6,X,13.0,304
2016,Chevrolet,Tahoe FFV,Sport utility vehicle: Standard,5.3,8,A6,E,17.6,288
2016,Chevrolet,Tahoe 4WD,Sport utility vehicle: Standard,5.3,8,A6,X,13.2,310
2016,Chevrolet,Tahoe 4WD FFV,Sport utility vehicle: Standard,5.3,8,A6,X,13.2,310
2016,Chevrolet,Tahoe 4WD FFV,Sport utility vehicle: Standard,5.3,8,A6,E,18.0,300
2016,Chevrolet,Traverse,Sport utility vehicle: Standard,3.6,6,A6,X,13.4,315
2016,Chevrolet,Traverse AWD,Sport utility vehicle: Standard,3.6,6,A6,X,13.7,323
2016,Chevrolet,Trax,Sport utility vehicle: Small,1.4,4,AS6,X,8.2,193
2016,Chevrolet,Trax,Sport utility vehicle: Small,1.4,4,M6,X,8.1,190
2016,Chevrolet,Trax 4WD,Sport utility vehicle: Small,1.4,4,AS6,X,8.7,205
2016,Chrysler,200 FFV,Mid-size,2.4,4,A9,X,8.5,198
2016,Chrysler,200 FFV,Mid-size,2.4,4,A9,E,11.3,186
2016,Chrysler,200 FFV,Mid-size,3.6,6,A9,X,10.2,239
2016,Chrysler,200 FFV,Mid-size,3.6,6,A9,E,13.6,225
2016,Chrysler,200 AWD FFV,Mid-size,3.6,6,A9,X,10.7,250
2016,Chrysler,200 AWD FFV,Mid-size,3.6,6,A9,E,14.1,232
2016,Chrysler,300,Full-size,3.6,6,A8,X,10.3,240
2016,Chrysler,300 FFV,Full-size,3.6,6,A8,X,10.3,240
2016,Chrysler,300 FFV,Full-size,3.6,6,A8,E,13.9,229
2016,Chrysler,300 (MDS),Full-size,5.7,8,A8,X,12.3,289
2016,Chrysler,300 AWD,Full-size,3.6,6,A8,X,10.9,257
2016,Chrysler,300 AWD FFV,Full-size,3.6,6,A8,X,10.9,257
2016,Chrysler,300 AWD FFV,Full-size,3.6,6,A8,E,14.8,243
2016,Chrysler,Town & Country FFV,Minivan,3.6,6,A6,X,12.0,282
2016,Chrysler,Town & Country FFV,Minivan,3.6,6,A6,E,16.8,279
2016,Dodge,Challenger,Mid-size,3.6,6,A8,X,10.3,242
2016,Dodge,Challenger (MDS),Mid-size,5.7,8,A8,X,12.3,289
2016,Dodge,Challenger,Mid-size,5.7,8,M6,X,13.1,307
2016,Dodge,Challenger (MDS),Mid-size,6.4,8,A8,Z,12.9,302
2016,Dodge,Challenger,Mid-size,6.4,8,M6,Z,13.9,326
2016,Dodge,Challenger SRT (MDS),Mid-size,6.4,8,A8,Z,12.9,302
2016,Dodge,Challenger SRT,Mid-size,6.4,8,M6,Z,13.9,326
2016,Dodge,Challenger SRT Hellcat,Mid-size,6.2,8,A8,Z,14.5,339
2016,Dodge,Challenger SRT Hellcat,Mid-size,6.2,8,M6,Z,15.1,353
2016,Dodge,Charger,Full-size,3.6,6,A5,X,11.5,271
2016,Dodge,Charger FFV,Full-size,3.6,6,A5,X,11.5,271
2016,Dodge,Charger FFV,Full-size,3.6,6,A5,E,15.9,264
2016,Dodge,Charger,Full-size,3.6,6,A8,X,10.3,240
2016,Dodge,Charger FFV,Full-size,3.6,6,A8,X,10.3,240
2016,Dodge,Charger FFV,Full-size,3.6,6,A8,E,13.9,229
2016,Dodge,Charger (MDS),Full-size,5.7,8,A5,X,12.9,302
2016,Dodge,Charger (MDS),Full-size,5.7,8,A8,X,12.3,289
2016,Dodge,Charger (MDS),Full-size,6.4,8,A8,Z,12.9,302
2016,Dodge,Charger AWD,Full-size,3.6,6,A8,X,10.9,257
2016,Dodge,Charger AWD FFV,Full-size,3.6,6,A8,X,10.9,257
2016,Dodge,Charger AWD FFV,Full-size,3.6,6,A8,E,14.8,243
2016,Dodge,Charger AWD (MDS),Full-size,5.7,8,A5,X,13.4,313
2016,Dodge,Charger SRT (MDS),Full-size,6.4,8,A8,Z,12.9,302
2016,Dodge,Charger SRT Hellcat,Full-size,6.2,8,A8,Z,14.5,339
2016,Dodge,Dart FFV,Mid-size,2.0,4,A6,X,8.6,201
2016,Dodge,Dart FFV,Mid-size,2.0,4,A6,E,11.5,187
2016,Dodge,Dart,Mid-size,2.0,4,M6,X,8.1,189
2016,Dodge,Dart,Mid-size,2.4,4,A6,X,8.6,202
2016,Dodge,Dart,Mid-size,2.4,4,M6,X,8.8,205
2016,Dodge,Dart GT,Mid-size,2.4,4,A6,X,9.2,215
2016,Dodge,Dart GT,Mid-size,2.4,4,M6,X,8.8,207
2016,Dodge,Dart Turbo Aero,Mid-size,1.4,4,AM6,X,7.3,171
2016,Dodge,Dart Turbo Aero,Mid-size,1.4,4,M6,X,7.3,171
2016,Dodge,Durango AWD,Sport utility vehicle: Standard,3.6,6,A8,X,11.3,265
2016,Dodge,Durango AWD (MDS),Sport utility vehicle: Standard,5.7,8,A8,X,14.0,329
2016,Dodge,Grand Caravan FFV,Minivan,3.6,6,A6,X,11.8,276
2016,Dodge,Grand Caravan FFV,Minivan,3.6,6,A6,E,16.4,269
2016,Dodge,Journey,Sport utility vehicle: Small,2.4,4,A4,X,11.1,260
2016,Dodge,Journey FFV,Sport utility vehicle: Small,3.6,6,A6,X,12.1,283
2016,Dodge,Journey FFV,Sport utility vehicle: Small,3.6,6,A6,E,16.2,270
2016,Dodge,Journey AWD,Sport utility vehicle: Small,3.6,6,A6,X,12.4,292
2016,Dodge,Viper SRT,Two-seater,8.4,10,M6,Z,15.6,364
2016,FIAT,500 Cabrio,Minicompact,1.4,4,A6,X,7.9,183
2016,FIAT,500 Cabrio,Minicompact,1.4,4,M5,X,7.2,168
2016,FIAT,500 Hatchback,Minicompact,1.4,4,A6,X,7.9,183
2016,FIAT,500 Hatchback,Minicompact,1.4,4,M5,X,6.8,160
2016,FIAT,500 Hatchback Turbo,Minicompact,1.4,4,A6,X,8.6,200
2016,FIAT,500 Hatchback Turbo,Minicompact,1.4,4,M5,X,7.8,183
2016,FIAT,500 Abarth Cabrio,Minicompact,1.4,4,A6,X,8.6,200
2016,FIAT,500 Abarth Cabrio,Minicompact,1.4,4,M5,X,7.8,183
2016,FIAT,500 Abarth Hatchback,Minicompact,1.4,4,A6,X,8.6,200
2016,FIAT,500 Abarth Hatchback,Minicompact,1.4,4,M5,X,7.8,183
2016,FIAT,500L,Station wagon: Small,1.4,4,A6,X,9.4,218
2016,FIAT,500L,Station wagon: Small,1.4,4,AM6,X,8.7,203
2016,FIAT,500L,Station wagon: Small,1.4,4,M6,X,8.3,194
2016,FIAT,500X,Sport utility vehicle: Small,1.4,4,M6,X,8.3,194
2016,FIAT,500X,Sport utility vehicle: Small,2.4,4,A9,X,9.3,217
2016,FIAT,500X AWD,Sport utility vehicle: Small,2.4,4,A9,X,9.6,224
2016,Ford,C-MAX Hybrid,Full-size,2.0,4,AV,X,6.0,140
2016,Ford,Edge,Sport utility vehicle: Small,2.0,4,AS6,X,9.8,231
2016,Ford,Edge (Start/Stop),Sport utility vehicle: Small,2.0,4,AS6,X,9.8,228
2016,Ford,Edge,Sport utility vehicle: Small,3.5,6,AS6,X,11.4,268
2016,Ford,Edge AWD,Sport utility vehicle: Small,2.0,4,AS6,X,10.3,240
2016,Ford,Edge AWD,Sport utility vehicle: Small,2.7,6,AS6,X,11.9,278
2016,Ford,Edge AWD,Sport utility vehicle: Small,3.5,6,AS6,X,11.8,278
2016,Ford,Escape,Sport utility vehicle: Small,1.6,4,AS6,X,8.9,208
2016,Ford,Escape,Sport utility vehicle: Small,2.0,4,AS6,X,9.6,224
2016,Ford,Escape,Sport utility vehicle: Small,2.5,4,AS6,X,9.4,220
2016,Ford,Escape AWD,Sport utility vehicle: Small,1.6,4,AS6,X,9.4,220
2016,Ford,Escape AWD,Sport utility vehicle: Small,2.0,4,AS6,X,10.0,236
2016,Ford,Expedition 4X4,Sport utility vehicle: Standard,3.5,6,AS6,X,14.3,334
2016,Ford,Expedition EL 4X4,Sport utility vehicle: Standard,3.5,6,AS6,X,14.4,338
2016,Ford,Explorer,Sport utility vehicle: Standard,2.3,4,AS6,X,10.8,253
2016,Ford,Explorer FFV,Sport utility vehicle: Standard,3.5,6,AS6,X,12.0,280
2016,Ford,Explorer FFV,Sport utility vehicle: Standard,3.5,6,AS6,E,16.1,264
2016,Ford,Explorer AWD,Sport utility vehicle: Standard,2.3,4,AS6,X,11.3,265
2016,Ford,Explorer AWD,Sport utility vehicle: Standard,3.5,6,AS6,X,13.0,305
2016,Ford,Explorer FFV AWD,Sport utility vehicle: Standard,3.5,6,AS6,X,12.6,295
2016,Ford,Explorer FFV AWD,Sport utility vehicle: Standard,3.5,6,AS6,E,17.2,282
2016,Ford,F-150,Pickup truck: Standard,2.7,6,AS6,X,10.9,256
2016,Ford,F-150 (Payload Pkg),Pickup truck: Standard,2.7,6,AS6,X,11.2,263
2016,Ford,F-150,Pickup truck: Standard,3.5,6,AS6,X,11.9,278
2016,Ford,F-150 FFV,Pickup truck: Standard,3.5,6,A6,X,11.6,272
2016,Ford,F-150 FFV,Pickup truck: Standard,3.5,6,A6,E,15.7,261
2016,Ford,F-150 (Payload Pkg),Pickup truck: Standard,3.5,6,AS6,X,12.9,303
2016,Ford,F-150 FFV,Pickup truck: Standard,5.0,8,AS6,X,13.2,309
2016,Ford,F-150 FFV,Pickup truck: Standard,5.0,8,AS6,E,17.8,292
2016,Ford,F-150 FFV (Payload Pkg),Pickup truck: Standard,5.0,8,AS6,X,14.5,341
2016,Ford,F-150 FFV (Payload Pkg),Pickup truck: Standard,5.0,8,AS6,E,17.8,293
2016,Ford,F-150 4X4,Pickup truck: Standard,2.7,6,AS6,X,11.7,275
2016,Ford,F-150 4X4 (Payload Pkg),Pickup truck: Standard,2.7,6,AS6,X,12.3,288
2016,Ford,F-150 4X4,Pickup truck: Standard,3.5,6,AS6,X,12.9,303
2016,Ford,F-150 FFV 4X4,Pickup truck: Standard,3.5,6,A6,X,12.5,292
2016,Ford,F-150 FFV 4X4,Pickup truck: Standard,3.5,6,A6,E,16.9,278
2016,Ford,F-150 4X4 (Payload Pkg),Pickup truck: Standard,3.5,6,AS6,X,13.8,324
2016,Ford,F-150 FFV 4X4,Pickup truck: Standard,5.0,8,AS6,X,13.8,324
2016,Ford,F-150 FFV 4X4,Pickup truck: Standard,5.0,8,AS6,E,18.7,306
2016,Ford,F-150 FFV 4X4 (Payload Pkg),Pickup truck: Standard,5.0,8,AS6,X,14.8,347
2016,Ford,F-150 FFV 4X4 (Payload Pkg),Pickup truck: Standard,5.0,8,AS6,E,18.8,310
2016,Ford,Fiesta SFE,Subcompact,1.0,3,M5,X,6.6,153
2016,Ford,Fiesta,Subcompact,1.6,4,AS6,X,7.6,180
2016,Ford,Fiesta,Subcompact,1.6,4,M5,X,7.6,179
2016,Ford,Fiesta ST,Compact,1.6,4,M6,X,8.1,191
2016,Ford,Flex,Sport utility vehicle: Standard,3.5,6,AS6,X,12.7,298
2016,Ford,Flex AWD,Sport utility vehicle: Standard,3.5,6,AS6,X,12.9,303
2016,Ford,Flex AWD GTDI,Sport utility vehicle: Standard,3.5,6,AS6,X,13.7,322
2016,Ford,Focus,Compact,1.0,3,AS6,X,7.3,171
2016,Ford,Focus,Compact,1.0,3,M6,X,6.8,160
2016,Ford,Focus FFV,Compact,2.0,4,AM6,X,7.6,178
2016,Ford,Focus FFV,Compact,2.0,4,AM6,E,10.3,170
2016,Ford,Focus FFV,Compact,2.0,4,AS6,X,7.8,183
2016,Ford,Focus FFV,Compact,2.0,4,AS6,E,10.5,175
2016,Ford,Focus FFV,Compact,2.0,4,M5,X,8.0,188
2016,Ford,Focus FFV,Compact,2.0,4,M5,E,10.8,179
2016,Ford,Focus RS AWD,Mid-size,2.3,4,M6,Z,10.9,255
2016,Ford,Focus ST,Mid-size,2.0,4,M6,X,9.2,217
2016,Ford,Fusion,Mid-size,1.5,4,AS6,X,8.4,197
2016,Ford,Fusion (Start/Stop),Mid-size,1.5,4,AS6,X,8.0,188
2016,Ford,Fusion,Mid-size,2.0,4,AS6,X,8.9,210
2016,Ford,Fusion,Mid-size,2.5,4,AS6,X,8.9,209
2016,Ford,Fusion AWD,Mid-size,2.0,4,AS6,X,9.3,220
2016,Ford,Fusion Hybrid,Mid-size,2.0,4,AV,X,5.5,130
2016,Ford,Mustang,Subcompact,2.3,4,AS6,X,9.4,219
2016,Ford,Mustang,Subcompact,2.3,4,M6,X,9.2,217
2016,Ford,Mustang,Subcompact,3.7,6,AS6,X,10.7,253
2016,Ford,Mustang,Subcompact,3.7,6,M6,X,11.2,264
2016,Ford,Mustang,Subcompact,5.0,8,AS6,X,12.4,292
2016,Ford,Mustang,Subcompact,5.0,8,M6,X,12.7,298
2016,Ford,Mustang Convertible,Subcompact,2.3,4,AS6,X,10.0,234
2016,Ford,Mustang Convertible,Subcompact,5.0,8,AS6,X,13.0,304
2016,Ford,Shelby GT350 Mustang,Subcompact,5.2,8,M6,Z,14.2,334
2016,Ford,T-150 Wagon,Van: Passenger,3.5,6,AS6,X,14.6,342
2016,Ford,T-150 Wagon FFV,Van: Passenger,3.7,6,AS6,X,15.2,356
2016,Ford,T-150 Wagon FFV,Van: Passenger,3.7,6,AS6,E,21.0,345
2016,Ford,Taurus,Full-size,2.0,4,AS6,X,10.1,237
2016,Ford,Taurus FFV,Full-size,3.5,6,AS6,X,11.1,260
2016,Ford,Taurus FFV,Full-size,3.5,6,AS6,E,14.9,248
2016,Ford,Taurus AWD,Full-size,3.5,6,AS6,X,12.5,293
2016,Ford,Taurus FFV AWD,Full-size,3.5,6,AS6,X,12.4,291
2016,Ford,Taurus FFV AWD,Full-size,3.5,6,AS6,E,16.3,271
2016,Ford,Transit Connect Van,Special purpose vehicle,1.6,4,AS6,X,9.5,223
2016,Ford,Transit Connect Van,Special purpose vehicle,2.5,4,AS6,X,10.4,243
2016,Ford,Transit Connect Van FFV,Special purpose vehicle,2.5,4,AS6,X,10.4,243
2016,Ford,Transit Connect Van FFV,Special purpose vehicle,2.5,4,AS6,E,14.2,233
2016,Ford,Transit Connect Wagon,Special purpose vehicle,2.5,4,AS6,X,10.7,252
2016,Ford,Transit Connect Wagon FFV,Special purpose vehicle,2.5,4,AS6,X,10.7,252
2016,Ford,Transit Connect Wagon FFV,Special purpose vehicle,2.5,4,AS6,E,14.6,240
2016,Ford,Transit Connect Wagon LWB,Special purpose vehicle,2.5,4,AS6,X,10.7,252
2016,Ford,Transit Connect Wagon LWB FFV,Special purpose vehicle,2.5,4,AS6,X,10.7,252
2016,Ford,Transit Connect Wagon LWB FFV,Special purpose vehicle,2.5,4,AS6,E,14.6,240
2016,GMC,Acadia,Sport utility vehicle: Standard,3.6,6,A6,X,13.4,315
2016,GMC,Acadia AWD,Sport utility vehicle: Standard,3.6,6,A6,X,13.7,323
2016,GMC,Canyon,Pickup truck: Small,2.5,4,A6,X,10.5,247
2016,GMC,Canyon,Pickup truck: Small,2.5,4,M6,X,10.8,253
2016,GMC,Canyon,Pickup truck: Small,2.8,4,A6,D,9.4,252
2016,GMC,Canyon,Pickup truck: Small,3.6,6,A6,X,11.3,265
2016,GMC,Canyon 4WD,Pickup truck: Small,2.5,4,A6,X,11.3,265
2016,GMC,Canyon 4WD,Pickup truck: Small,2.8,4,A6,D,10.3,277
2016,GMC,Canyon 4WD,Pickup truck: Small,3.6,6,A6,X,11.9,279
2016,GMC,Savana 2500 Passenger,Van: Passenger,6.0,8,A6,X,18.8,441
2016,GMC,Savana 3500 Passenger,Van: Passenger,6.0,8,A6,X,19.8,465
2016,GMC,Sierra FFV,Pickup truck: Standard,4.3,6,A6,X,11.9,280
2016,GMC,Sierra FFV,Pickup truck: Standard,4.3,6,A6,E,17.1,284
2016,GMC,Sierra,Pickup truck: Standard,5.3,8,A6,X,12.7,298
2016,GMC,Sierra FFV,Pickup truck: Standard,5.3,8,A6,X,12.7,298
2016,GMC,Sierra FFV,Pickup truck: Standard,5.3,8,A6,E,17.2,286
2016,GMC,Sierra,Pickup truck: Standard,6.2,8,A8,Z,14.0,327
2016,GMC,Sierra 4WD FFV,Pickup truck: Standard,4.3,6,A6,X,12.6,296
2016,GMC,Sierra 4WD FFV,Pickup truck: Standard,4.3,6,A6,E,18.1,301
2016,GMC,Sierra 4WD,Pickup truck: Standard,5.3,8,A6,X,13.1,307
2016,GMC,Sierra 4WD FFV,Pickup truck: Standard,5.3,8,A6,X,13.1,306
2016,GMC,Sierra 4WD FFV,Pickup truck: Standard,5.3,8,A6,E,17.8,295
2016,GMC,Sierra eAssist 4WD,Pickup truck: Standard,5.3,8,A8,X,13.0,304
2016,GMC,Sierra 4WD,Pickup truck: Standard,6.2,8,A8,Z,14.2,332
2016,GMC,Terrain,Sport utility vehicle: Small,2.4,4,A6,X,9.1,214
2016,GMC,Terrain FFV,Sport utility vehicle: Small,2.4,4,A6,X,9.1,214
2016,GMC,Terrain FFV,Sport utility vehicle: Small,2.4,4,A6,E,13.4,221
2016,GMC,Terrain,Sport utility vehicle: Small,3.6,6,A6,X,12.1,285
2016,GMC,Terrain AWD,Sport utility vehicle: Small,2.4,4,A6,X,10.0,235
2016,GMC,Terrain AWD,Sport utility vehicle: Small,3.6,6,A6,X,12.8,300
2016,GMC,Yukon,Sport utility vehicle: Standard,5.3,8,A6,X,13.0,304
2016,GMC,Yukon FFV,Sport utility vehicle: Standard,5.3,8,A6,X,13.0,304
2016,GMC,Yukon FFV,Sport utility vehicle: Standard,5.3,8,A6,E,17.6,288
2016,GMC,Yukon 4WD,Sport utility vehicle: Standard,5.3,8,A6,X,13.2,310
2016,GMC,Yukon 4WD FFV,Sport utility vehicle: Standard,5.3,8,A6,X,13.2,310
2016,GMC,Yukon 4WD FFV,Sport utility vehicle: Standard,5.3,8,A6,E,18.0,300
2016,GMC,Yukon 4WD,Sport utility vehicle: Standard,6.2,8,A8,Z,13.8,323
2016,GMC,Yukon XL,Sport utility vehicle: Standard,5.3,8,A6,X,13.0,304
2016,GMC,Yukon XL FFV,Sport utility vehicle: Standard,5.3,8,A6,X,13.0,304
2016,GMC,Yukon XL FFV,Sport utility vehicle: Standard,5.3,8,A6,E,17.6,288
2016,GMC,Yukon XL 4WD,Sport utility vehicle: Standard,5.3,8,A6,X,13.3,312
2016,GMC,Yukon XL 4WD FFV,Sport utility vehicle: Standard,5.3,8,A6,X,13.3,312
2016,GMC,Yukon XL 4WD FFV,Sport utility vehicle: Standard,5.3,8,A6,E,19.1,317
2016,GMC,Yukon XL 4WD,Sport utility vehicle: Standard,6.2,8,A8,Z,14.3,334
2016,Honda,Accord,Mid-size,2.4,4,M6,X,8.9,207
2016,Honda,Accord Coupe,Mid-size,3.5,6,AS6,X,9.5,223
2016,Honda,Accord Coupe,Mid-size,3.5,6,M6,X,10.9,253
2016,Honda,Accord Sedan,Mid-size,2.4,4,AV,X,7.6,177
2016,Honda,Accord Sedan,Mid-size,3.5,6,A6,X,9.4,219
2016,Honda,Accord Sport,Mid-size,2.4,4,AV7,X,8.0,187
2016,Honda,Civic Coupe,Compact,1.5,4,AV,X,6.7,155
2016,Honda,Civic Coupe,Compact,2.0,4,AV,X,6.9,162
2016,Honda,Civic Coupe,Compact,2.0,4,M6,X,7.7,179
2016,Honda,Civic Sedan,Mid-size,1.5,4,AV,X,6.7,157
2016,Honda,Civic Sedan,Mid-size,2.0,4,AV,X,6.9,162
2016,Honda,Civic Sedan,Mid-size,2.0,4,M6,X,7.5,176
2016,Honda,CR-V,Sport utility vehicle: Small,2.4,4,AV,X,7.9,186
2016,Honda,CR-V AWD,Sport utility vehicle: Small,2.4,4,AV,X,8.6,202
2016,Honda,CR-Z,Two-seater,1.5,4,AV7,X,6.8,157
2016,Honda,CR-Z,Two-seater,1.5,4,M6,X,7.3,169
2016,Honda,Fit,Station wagon: Small,1.5,4,AV,X,6.4,150
2016,Honda,Fit,Station wagon: Small,1.5,4,AV7,X,6.8,158
2016,Honda,Fit,Station wagon: Small,1.5,4,M6,X,7.3,171
2016,Honda,HR-V,Sport utility vehicle: Small,1.8,4,AV,X,7.6,177
2016,Honda,HR-V,Sport utility vehicle: Small,1.8,4,AV7,X,7.6,177
2016,Honda,HR-V,Sport utility vehicle: Small,1.8,4,M6,X,8.3,193
2016,Honda,HR-V AWD,Sport utility vehicle: Small,1.8,4,AV,X,8.1,190
2016,Honda,HR-V AWD,Sport utility vehicle: Small,1.8,4,AV7,X,8.1,190
2016,Honda,Odyssey,Minivan,3.5,6,A6,X,10.6,250
2016,Honda,Pilot,Sport utility vehicle: Small,3.5,6,A6,X,10.8,253
2016,Honda,Pilot AWD,Sport utility vehicle: Small,3.5,6,A6,X,11.3,265
2016,Honda,Pilot AWD,Sport utility vehicle: Small,3.5,6,AS9,X,11.0,257
2016,Hyundai,Accent,Compact,1.6,4,AS6,X,7.7,179
2016,Hyundai,Accent,Compact,1.6,4,M6,X,7.6,176
2016,Hyundai,Elantra,Mid-size,1.8,4,AS6,X,7.5,176
2016,Hyundai,Elantra,Mid-size,1.8,4,M6,X,7.7,180
2016,Hyundai,Elantra,Mid-size,2.0,4,AS6,X,8.3,194
2016,Hyundai,Elantra,Mid-size,2.0,4,M6,X,8.5,198
2016,Hyundai,Elantra GT,Mid-size,2.0,4,AS6,X,8.6,203
2016,Hyundai,Elantra GT,Mid-size,2.0,4,M6,X,8.6,202
2016,Hyundai,Equus,Full-size,5.0,8,AS8,Z,13.3,312
2016,Hyundai,Genesis AWD,Full-size,3.8,6,AS8,X,12.1,285
2016,Hyundai,Genesis AWD,Full-size,5.0,8,AS8,Z,14.2,332
2016,Hyundai,Genesis Coupe,Subcompact,3.8,6,AS8,Z,12.2,284
2016,Hyundai,Genesis Coupe,Subcompact,3.8,6,M6,Z,12.1,283
2016,Hyundai,Santa Fe,Sport utility vehicle: Small,3.3,6,AS6,X,11.3,265
2016,Hyundai,Santa Fe AWD,Sport utility vehicle: Small,3.3,6,AS6,X,11.5,269
2016,Hyundai,Santa Fe Ultimate AWD,Sport utility vehicle: Small,3.3,6,AS6,X,12.5,295
2016,Hyundai,Santa Fe Sport,Sport utility vehicle: Small,2.4,4,AS6,X,10.3,239
2016,Hyundai,Santa Fe Sport AWD,Sport utility vehicle: Small,2.0,4,AS6,X,11.5,266
2016,Hyundai,Santa Fe Sport AWD,Sport utility vehicle: Small,2.4,4,AS6,X,11.1,257
2016,Hyundai,Sonata,Full-size,2.0,4,AS6,X,9.1,214
2016,Hyundai,Sonata,Full-size,2.4,4,AS6,X,8.1,191
2016,Hyundai,Sonata Sport/Limited,Full-size,2.4,4,AS6,X,8.6,204
2016,Hyundai,Sonata Hybrid,Mid-size,2.0,4,AM6,X,5.6,133
2016,Hyundai,Sonata Hybrid Limited,Mid-size,2.0,4,AM6,X,5.8,136
2016,Hyundai,Tucson,Sport utility vehicle: Small,2.0,4,AS6,X,9.0,211
2016,Hyundai,Tucson AWD,Sport utility vehicle: Small,1.6,4,AM7,X,9.2,219
2016,Hyundai,Tucson AWD,Sport utility vehicle: Small,2.0,4,AS6,X,10.1,240
2016,Hyundai,Veloster,Compact,1.6,4,AM6,X,7.5,177
2016,Hyundai,Veloster,Compact,1.6,4,M6,X,7.8,186
2016,Hyundai,Veloster Turbo,Compact,1.6,4,AM6,X,8.1,191
2016,Hyundai,Veloster Turbo,Compact,1.6,4,M6,X,8.3,197
2016,Infiniti,Q50,Mid-size,2.0,4,AS7,Z,9.1,214
2016,Infiniti,Q50,Mid-size,3.0,6,AS7,Z,10.3,242
2016,Infiniti,Q50 AWD,Mid-size,2.0,4,AS7,Z,9.6,226
2016,Infiniti,Q50 AWD,Mid-size,3.0,6,AS7,Z,10.6,249
2016,Infiniti,Q50 Hybrid,Compact,3.5,6,AS7,Z,7.7,181
2016,Infiniti,Q50 Hybrid AWD,Compact,3.5,6,AS7,Z,8.2,193
2016,Infiniti,Q50S AWD,Mid-size,3.0,6,AS7,Z,11.1,262
2016,Infiniti,Q50S Red Sport,Mid-size,3.0,6,AS7,Z,10.5,247
2016,Infiniti,Q50S Red Sport AWD,Mid-size,3.0,6,AS7,Z,10.8,256
2016,Infiniti,Q70 AWD,Mid-size,3.7,6,AS7,Z,11.6,274
2016,Infiniti,Q70 AWD,Mid-size,5.6,8,AS7,Z,12.8,300
2016,Infiniti,Q70 Hybrid,Mid-size,3.5,6,AS7,Z,7.5,177
2016,Infiniti,QX50 AWD,Station wagon: Small,3.7,6,AS7,Z,11.9,279
2016,Infiniti,QX60,Sport utility vehicle: Small,3.5,6,AV7,Z,10.3,242
2016,Infiniti,QX60 AWD,Sport utility vehicle: Small,3.5,6,AV7,Z,10.7,252
2016,Infiniti,QX60 Hybrid AWD,Sport utility vehicle: Standard,2.5,4,AV7,X,8.7,204
2016,Infiniti,QX70 AWD,Sport utility vehicle: Small,3.7,6,AS7,Z,12.8,301
2016,Infiniti,QX80 4WD,Sport utility vehicle: Standard,5.6,8,AS7,Z,15.1,354
2016,Jaguar,F-TYPE Convertible,Two-seater,3.0,6,AS8,Z,10.5,246
2016,Jaguar,F-TYPE Convertible,Two-seater,3.0,6,M6,Z,12.6,296
2016,Jaguar,F-TYPE Coupe,Two-seater,3.0,6,AS8,Z,10.5,246
2016,Jaguar,F-TYPE Coupe,Two-seater,3.0,6,M6,Z,12.6,296
2016,Jaguar,F-TYPE Project 7 Convertible,Two-seater,5.0,8,AS8,Z,12.8,302
2016,Jaguar,F-TYPE R AWD Convertible,Two-seater,5.0,8,AS8,Z,13.3,311
2016,Jaguar,F-TYPE R AWD Coupe,Two-seater,5.0,8,AS6,Z,13.3,311
2016,Jaguar,F-TYPE S Convertible,Two-seater,3.0,6,AS8,Z,10.8,254
2016,Jaguar,F-TYPE S Convertible,Two-seater,3.0,6,M6,Z,12.9,302
2016,Jaguar,F-TYPE S Convertible AWD,Two-seater,3.0,6,AS8,Z,11.3,264
2016,Jaguar,F-TYPE S Coupe,Two-seater,3.0,6,AS8,Z,10.8,254
2016,Jaguar,F-TYPE S Coupe,Two-seater,3.0,6,M6,Z,12.9,302
2016,Jaguar,F-TYPE S Coupe AWD,Two-seater,3.0,6,AS8,Z,11.3,264
2016,Jaguar,XF AWD,Mid-size,3.0,6,AS8,Z,10.3,241
2016,Jaguar,XJ R-Sport 3.0 AWD,Full-size,3.0,6,AS8,Z,11.7,275
2016,Jaguar,XJL 3.0 AWD Portfolio,Full-size,3.0,6,AS8,Z,11.9,279
2016,Jaguar,XJR,Full-size,5.0,8,AS8,Z,13.3,313
2016,Jaguar,XJR LWB,Full-size,5.0,8,AS8,Z,13.3,313
2016,Jeep,Cherokee,Sport utility vehicle: Small,2.4,4,A9,X,9.5,223
2016,Jeep,Cherokee FFV,Sport utility vehicle: Small,2.4,4,A9,X,9.5,223
2016,Jeep,Cherokee FFV,Sport utility vehicle: Small,2.4,4,A9,E,12.9,213
2016,Jeep,Cherokee,Sport utility vehicle: Small,3.2,6,A9,X,9.9,233
2016,Jeep,Cherokee 4X4,Sport utility vehicle: Small,2.4,4,A9,X,10.0,233
2016,Jeep,Cherokee 4X4 FFV,Sport utility vehicle: Small,2.4,4,A9,X,10.0,233
2016,Jeep,Cherokee 4X4 FFV,Sport utility vehicle: Small,2.4,4,A9,E,13.7,226
2016,Jeep,Cherokee 4X4,Sport utility vehicle: Small,3.2,6,A9,X,10.2,240
2016,Jeep,Cherokee 4X4 Active Drive II,Sport utility vehicle: Small,2.4,4,A9,X,10.1,238
2016,Jeep,Cherokee 4X4 Active Drive II,Sport utility vehicle: Small,3.2,6,A9,X,10.9,256
2016,Jeep,Cherokee Trailhawk 4X4,Sport utility vehicle: Small,2.4,4,A9,X,10.9,255
2016,Jeep,Cherokee Trailhawk 4X4,Sport utility vehicle: Small,3.2,6,A9,X,10.8,253
2016,Jeep,Compass,Sport utility vehicle: Small,2.0,4,AV,X,10.0,234
2016,Jeep,Compass,Sport utility vehicle: Small,2.0,4,M5,X,9.2,214
2016,Jeep,Compass,Sport utility vehicle: Small,2.4,4,A6,X,10.0,235
2016,Jeep,Compass,Sport utility vehicle: Small,2.4,4,M5,X,9.3,218
2016,Jeep,Compass 4X4,Sport utility vehicle: Small,2.4,4,A6,X,10.5,248
2016,Jeep,Compass 4X4,Sport utility vehicle: Small,2.4,4,M5,X,9.7,228
2016,Jeep,Compass 4X4 Trail Rated,Sport utility vehicle: Small,2.4,4,AV,X,11.1,259
2016,Jeep,Grand Cherokee 4X4,Sport utility vehicle: Standard,3.6,6,A8,X,11.3,265
2016,Jeep,Grand Cherokee 4X4 (MDS),Sport utility vehicle: Standard,5.7,8,A8,X,14.0,329
2016,Jeep,Grand Cherokee SRT 4X4 (MDS),Sport utility vehicle: Standard,6.4,8,A8,Z,15.8,370
2016,Jeep,Patriot,Sport utility vehicle: Small,2.0,4,AV,X,10.0,234
2016,Jeep,Patriot,Sport utility vehicle: Small,2.0,4,M5,X,9.2,214
2016,Jeep,Patriot,Sport utility vehicle: Small,2.4,4,A6,X,10.0,235
2016,Jeep,Patriot,Sport utility vehicle: Small,2.4,4,M5,X,9.3,218
2016,Jeep,Patriot 4X4,Sport utility vehicle: Small,2.4,4,A6,X,10.5,248
2016,Jeep,Patriot 4X4,Sport utility vehicle: Small,2.4,4,M5,X,9.7,228
2016,Jeep,Patriot 4X4 Trail Rated,Sport utility vehicle: Small,2.4,4,AV,X,11.1,259
2016,Jeep,Renegade,Sport utility vehicle: Small,1.4,4,M6,X,8.8,207
2016,Jeep,Renegade FFV,Sport utility vehicle: Small,2.4,4,A9,X,9.4,220
2016,Jeep,Renegade FFV,Sport utility vehicle: Small,2.4,4,A9,E,12.2,201
2016,Jeep,Renegade 4X4,Sport utility vehicle: Small,1.4,4,M6,X,8.8,203
2016,Jeep,Renegade 4X4,Sport utility vehicle: Small,2.4,4,A9,X,9.8,229
2016,Jeep,Wrangler 4X4,Sport utility vehicle: Small,3.6,6,A5,X,12.8,299
2016,Jeep,Wrangler 4X4,Sport utility vehicle: Small,3.6,6,M6,X,12.8,299
2016,Jeep,Wrangler Unlimited 4X4,Sport utility vehicle: Small,3.6,6,A5,X,13.4,314
2016,Jeep,Wrangler Unlimited 4X4,Sport utility vehicle: Small,3.6,6,M6,X,13.4,312
2016,Kia,Cadenza,Full-size,3.3,6,AS6,X,10.7,251
2016,Kia,Forte,Mid-size,1.8,4,AS6,X,7.6,179
2016,Kia,Forte,Mid-size,1.8,4,M6,X,7.9,186
2016,Kia,Forte,Mid-size,2.0,4,AS6,X,8.3,196
2016,Kia,Forte,Mid-size,2.0,4,M6,X,8.5,198
2016,Kia,Forte 5,Full-size,1.6,4,AS6,X,9.7,228
2016,Kia,Forte 5,Full-size,1.6,4,M6,X,9.8,227
2016,Kia,Forte 5,Full-size,2.0,4,AS6,X,8.5,199
2016,Kia,Forte 5,Full-size,2.0,4,M6,X,8.4,197
2016,Kia,Forte Koup,Compact,1.6,4,AS6,X,9.4,218
2016,Kia,Forte Koup,Compact,1.6,4,M6,X,9.6,222
2016,Kia,Forte Koup,Compact,2.0,4,AS6,X,8.6,200
2016,Kia,Forte Koup,Compact,2.0,4,M6,X,8.8,206
2016,Kia,K900,Full-size,3.8,6,AS8,X,11.8,278
2016,Kia,K900,Full-size,5.0,8,AS8,X,13.4,318
2016,Kia,Optima,Full-size,1.6,4,AM7,X,7.4,175
2016,Kia,Optima,Full-size,2.0,4,AS6,X,9.3,222
2016,Kia,Optima,Full-size,2.4,4,AS6,X,8.1,193
2016,Kia,Optima Hybrid,Mid-size,2.4,4,AM6,X,6.3,147
2016,Kia,Optima Hybrid EX,Mid-size,2.4,4,AM6,X,6.4,150
2016,Kia,Rio,Compact,1.6,4,AS6,X,7.7,178
2016,Kia,Rio,Compact,1.6,4,M6,X,7.7,179
2016,Kia,Rio Eco,Compact,1.6,4,AS6,X,7.6,175
2016,Kia,Rondo,Station wagon: Mid-size,2.0,4,AS6,X,9.0,214
2016,Kia,Rondo,Station wagon: Mid-size,2.0,4,M6,X,9.3,220
2016,Kia,Sedona,Minivan,3.3,6,AS6,X,11.6,275
2016,Kia,Sedona SX,Minivan,3.3,6,AS6,X,11.4,269
2016,Kia,Sedona SXL,Minivan,3.3,6,AS6,X,12.5,296
2016,Kia,Sorento,Sport utility vehicle: Small,2.0,4,AS6,X,10.3,245
2016,Kia,Sorento,Sport utility vehicle: Small,2.4,4,AS6,X,9.8,233
2016,Kia,Sorento AWD,Sport utility vehicle: Small,2.0,4,AS6,X,10.9,259
2016,Kia,Sorento AWD,Sport utility vehicle: Small,2.4,4,AS6,X,10.4,245
2016,Kia,Sorento AWD,Sport utility vehicle: Small,3.3,6,AS6,X,11.6,275
2016,Kia,Soul,Station wagon: Small,1.6,4,AS6,X,8.9,206
2016,Kia,Soul,Station wagon: Small,1.6,4,M6,X,9.0,208
2016,Kia,Soul,Station wagon: Small,2.0,4,AS6,X,8.8,208
2016,Kia,Soul ECO Dynamics,Station wagon: Small,2.0,4,AS6,X,8.8,208
2016,Kia,Sportage,Sport utility vehicle: Small,2.4,4,AS6,X,10.0,231
2016,Kia,Sportage,Sport utility vehicle: Small,2.4,4,M6,X,11.3,261
2016,Kia,Sportage AWD,Sport utility vehicle: Small,2.0,4,AS6,X,11.3,261
2016,Kia,Sportage AWD,Sport utility vehicle: Small,2.4,4,AS6,X,10.8,251
2016,Lamborghini,Aventador Coupe,Two-seater,6.5,12,AM7,Z,17.9,420
2016,Lamborghini,Aventador Roadster,Two-seater,6.5,12,AM7,Z,19.3,452
2016,Lamborghini,Huracan,Two-seater,5.2,10,AM7,Z,14.2,331
2016,Lamborghini,Huracan Spyder,Two-seater,5.2,10,AM7,Z,14.6,340
2016,Land Rover,Discovery Sport,Sport utility vehicle: Small,2.0,4,AS9,Z,10.6,248
2016,Land Rover,LR4,Sport utility vehicle: Standard,3.0,6,AS8,Z,14.3,336
2016,Land Rover,Range Rover,Sport utility vehicle: Standard,3.0,6,AS8,Z,12.4,291
2016,Land Rover,Range Rover Td6 Diesel,Sport utility vehicle: Standard,3.0,6,AS8,D,9.4,254
2016,Land Rover,Range Rover Supercharged,Sport utility vehicle: Standard,5.0,8,AS8,Z,15.1,356
2016,Land Rover,Range Rover Supercharged LWB,Sport utility vehicle: Standard,5.0,8,AS8,Z,15.1,356
2016,Land Rover,Range Rover Sport,Sport utility vehicle: Standard,3.0,6,AS8,Z,12.4,291
2016,Land Rover,Range Rover Sport Td6 Diesel,Sport utility vehicle: Standard,3.0,6,AS8,D,9.4,254
2016,Land Rover,Range Rover Sport Supercharged,Sport utility vehicle: Standard,5.0,8,AS8,Z,14.7,344
2016,Land Rover,Range Rover Evoque,Sport utility vehicle: Small,2.0,4,AS9,Z,9.7,229
2016,Lexus,CT 200h,Compact,1.8,4,AV,X,5.7,132
2016,Lexus,ES 300h,Mid-size,2.5,4,AV6,X,5.9,139
2016,Lexus,ES 350,Mid-size,3.5,6,AS6,X,9.7,225
2016,Lexus,GS 200t,Mid-size,2.0,4,AS8,Z,9.0,212
2016,Lexus,GS 200t F SPORT,Mid-size,2.0,4,AS8,Z,9.7,227
2016,Lexus,GS 350,Mid-size,3.5,6,AS8,Z,10.2,237
2016,Lexus,GS 350 AWD,Mid-size,3.5,6,AS6,Z,10.9,254
2016,Lexus,GS 350 F SPORT,Mid-size,3.5,6,AS8,Z,10.7,251
2016,Lexus,GS 450h,Mid-size,3.5,6,AV8,Z,7.6,177
2016,Lexus,GS F,Compact,5.0,8,AS8,Z,12.5,293
2016,Lexus,GX 460,Sport utility vehicle: Standard,4.6,8,AS6,Z,13.9,322
2016,Lexus,IS 200t,Compact,2.0,4,AS8,Z,9.0,212
2016,Lexus,IS 300 AWD,Compact,3.5,6,AS6,Z,11.1,258
2016,Lexus,IS 350,Compact,3.5,6,AS8,Z,10.6,246
2016,Lexus,IS 350 AWD,Compact,3.5,6,AS6,Z,11.1,258
2016,Lexus,LS 460,Mid-size,4.6,8,AS8,Z,12.3,286
2016,Lexus,LS 460 AWD,Mid-size,4.6,8,AS8,Z,12.9,303
2016,Lexus,LS 460 L AWD,Mid-size,4.6,8,AS8,Z,12.9,303
2016,Lexus,LS 600h L,Mid-size,5.0,8,AV8,Z,11.5,268
2016,Lexus,LX 570,Sport utility vehicle: Standard,5.7,8,AS8,Z,15.9,371
2016,Lexus,NX 200t AWD,Sport utility vehicle: Small,2.0,4,AS6,Z,9.6,225
2016,Lexus,NX 200t AWD F SPORT,Sport utility vehicle: Small,2.0,4,AS6,Z,9.9,231
2016,Lexus,NX 300h AWD,Sport utility vehicle: Small,2.5,4,AV6,X,7.4,172
2016,Lexus,RC 200t,Subcompact,2.0,4,AS8,Z,9.0,214
2016,Lexus,RC 300 AWD,Subcompact,3.5,6,AS6,Z,11.1,258
2016,Lexus,RC 350,Subcompact,3.5,6,AS8,Z,10.6,246
2016,Lexus,RC 350 AWD,Subcompact,3.5,6,AS6,Z,11.1,258
2016,Lexus,RC F,Subcompact,5.0,8,AS8,Z,12.6,289
2016,Lexus,RX 350 AWD,Sport utility vehicle: Small,3.5,6,AS8,X,10.7,251
2016,Lexus,RX 450h AWD,Sport utility vehicle: Standard,3.5,6,AV6,Z,8.0,186
2016,Lincoln,MKC AWD,Sport utility vehicle: Small,2.0,4,AS6,X,10.9,256
2016,Lincoln,MKC AWD,Sport utility vehicle: Small,2.3,4,AS6,X,11.1,261
2016,Lincoln,MKS AWD,Full-size,3.5,6,AS6,X,12.5,293
2016,Lincoln,MKS AWD,Full-size,3.7,6,AS6,X,12.2,287
2016,Lincoln,MKT AWD,Sport utility vehicle: Standard,3.5,6,AS6,X,13.7,322
2016,Lincoln,MKT Livery,Special purpose vehicle,2.0,4,AS6,X,11.4,268
2016,Lincoln,MKT Livery AWD,Special purpose vehicle,3.7,6,A6,X,12.7,298
2016,Lincoln,MKX AWD,Sport utility vehicle: Small,2.7,6,AS6,X,12.1,283
2016,Lincoln,MKX AWD,Sport utility vehicle: Small,3.7,6,AS6,X,12.5,293
2016,Lincoln,MKZ,Mid-size,2.0,4,AS6,X,8.9,210
2016,Lincoln,MKZ,Mid-size,3.7,6,AS6,X,10.9,257
2016,Lincoln,MKZ AWD,Mid-size,2.0,4,AS6,X,9.3,220
2016,Lincoln,MKZ AWD,Mid-size,3.7,6,AS6,X,11.9,279
2016,Lincoln,MKZ Hybrid,Mid-size,2.0,4,AV,X,5.8,136
2016,Lincoln,Navigator 4X4,Sport utility vehicle: Standard,3.5,6,AS6,X,14.3,334
2016,Lincoln,Navigator L 4X4,Sport utility vehicle: Standard,3.5,6,AS6,X,14.4,339
2016,Maserati,Ghibli,Mid-size,3.0,6,AS8,Z,12.2,286
2016,Maserati,Ghibli S,Mid-size,3.0,6,AS8,Z,12.5,293
2016,Maserati,Ghibli SQ4,Mid-size,3.0,6,AS8,Z,12.6,295
2016,Maserati,GranTurismo,Subcompact,4.7,8,AS6,Z,15.1,357
2016,Maserati,GranTurismo Convertible,Subcompact,4.7,8,AS6,Z,15.2,360
2016,Maserati,Quattroporte S,Full-size,3.0,6,AS8,Z,12.9,300
2016,Maserati,Quattroporte SQ4,Full-size,3.0,6,AS8,Z,12.9,302
2016,Maserati,Quattroporte GTS,Full-size,3.8,8,AS8,Z,14.0,322
2016,Mazda,CX-3,Compact,2.0,4,AS6,X,7.6,179
2016,Mazda,CX-3 4WD,Compact,2.0,4,AS6,X,8.1,189
2016,Mazda,CX-5,Sport utility vehicle: Small,2.0,4,AS6,X,8.2,192
2016,Mazda,CX-5 (SIL),Sport utility vehicle: Small,2.0,4,M6,X,8.0,188
2016,Mazda,CX-5,Sport utility vehicle: Small,2.5,4,AS6,X,8.1,190
2016,Mazda,CX-5 4WD,Sport utility vehicle: Small,2.0,4,AS6,X,8.5,199
2016,Mazda,CX-5 4WD,Sport utility vehicle: Small,2.5,4,AS6,X,9.0,210
2016,Mazda,Mazda3 4-Door,Compact,2.0,4,AS6,X,6.9,162
2016,Mazda,Mazda3 4-Door (SIL),Compact,2.0,4,M6,X,7.0,165
2016,Mazda,Mazda3 4-Door,Compact,2.5,4,AS6,X,7.4,173
2016,Mazda,Mazda3 4-Door (i-ELOOP),Compact,2.5,4,AS6,X,7.2,169
2016,Mazda,Mazda3 4-Door (SIL),Compact,2.5,4,M6,X,8.0,189
2016,Mazda,Mazda3 5-Door,Mid-size,2.0,4,AS6,X,7.0,165
2016,Mazda,Mazda3 5-Door (SIL),Mid-size,2.0,4,M6,X,7.1,167
2016,Mazda,Mazda3 5-Door,Mid-size,2.5,4,AS6,X,7.7,182
2016,Mazda,Mazda3 5-Door (i-ELOOP),Mid-size,2.5,4,AS6,X,7.2,170
2016,Mazda,Mazda3 5-Door (SIL),Mid-size,2.5,4,M6,X,8.1,190
2016,Mazda,Mazda5,Minivan,2.5,4,AS5,X,9.7,226
2016,Mazda,Mazda5,Minivan,2.5,4,M6,X,9.8,229
2016,Mazda,Mazda6,Mid-size,2.5,4,AS6,X,7.6,178
2016,Mazda,Mazda6 (i-ELOOP),Mid-size,2.5,4,AS6,X,7.3,171
2016,Mazda,Mazda6 (SIL),Mid-size,2.5,4,M6,X,8.1,188
2016,Mazda,MX-5,Two-seater,2.0,4,AS6,Z,7.8,183
2016,Mazda,MX-5 (SIL),Two-seater,2.0,4,M6,Z,7.8,183
2016,Mercedes-Benz,AMG C 63,Compact,4.0,8,AS7,Z,11.7,268
2016,Mercedes-Benz,AMG C 63 S,Compact,4.0,8,AS7,Z,11.7,268
2016,Mercedes-Benz,AMG CLA 45,Compact,2.0,4,AS7,Z,9.1,214
2016,Mercedes-Benz,AMG CLS 63 S 4MATIC,Compact,5.5,8,AS7,Z,13.1,308
2016,Mercedes-Benz,AMG E 63 S 4MATIC,Mid-size,5.5,8,AS7,Z,13.3,310
2016,Mercedes-Benz,AMG E 63 S 4MATIC Wagon,Station wagon: Mid-size,5.5,8,AS7,Z,13.3,310
2016,Mercedes-Benz,AMG G 63,Sport utility vehicle: Standard,5.5,8,AS7,Z,18.5,417
2016,Mercedes-Benz,AMG G 65,Sport utility vehicle: Standard,6.0,12,AS7,Z,21.4,476
2016,Mercedes-Benz,AMG GL 63 S,Sport utility vehicle: Standard,5.5,8,AS7,Z,16.3,369
2016,Mercedes-Benz,AMG GLA 45,Sport utility vehicle: Small,2.0,4,AS7,Z,9.3,216
2016,Mercedes-Benz,AMG GLE 63 S 4MATIC,Sport utility vehicle: Standard,5.5,8,AS7,Z,15.6,366
2016,Mercedes-Benz,AMG GLE 63 S Coupe 4MATIC,Sport utility vehicle: Standard,5.5,8,AS7,Z,15.2,363
2016,Mercedes-Benz,AMG GT S,Two-seater,4.0,8,AM7,Z,12.8,303
2016,Mercedes-Benz,AMG S 63,Full-size,5.5,8,AS7,Z,13.2,313
2016,Mercedes-Benz,AMG S 63 Coupe,Compact,5.5,8,AS7,Z,13.0,313
2016,Mercedes-Benz,AMG S 65,Full-size,6.0,12,AS7,Z,15.5,361
2016,Mercedes-Benz,AMG S 65 Coupe,Compact,6.0,12,AS7,Z,15.0,355
2016,Mercedes-Benz,AMG SL 63,Two-seater,5.5,8,AS7,Z,12.4,298
2016,Mercedes-Benz,AMG SL 65,Two-seater,6.0,12,AS7,Z,14.2,335
2016,Mercedes-Benz,AMG SLK 55,Two-seater,5.5,8,AS7,Z,10.6,252
2016,Mercedes-Benz,B 250,Mid-size,2.0,4,AS7,Z,8.0,188
2016,Mercedes-Benz,B 250 4MATIC,Mid-size,2.0,4,AS7,Z,8.9,206
2016,Mercedes-Benz,C 300 4MATIC,Compact,2.0,4,AS7,Z,9.0,212
2016,Mercedes-Benz,C 450 AMG Sport 4MATIC,Compact,3.0,6,AS7,Z,10.4,231
2016,Mercedes-Benz,CLA 250,Compact,2.0,4,AS7,Z,8.1,188
2016,Mercedes-Benz,CLA 250 4MATIC FFV,Compact,2.0,4,AS7,Z,8.6,198
2016,Mercedes-Benz,CLA 250 4MATIC FFV,Compact,2.0,4,AS7,E,11.6,198
2016,Mercedes-Benz,CLS 400 4MATIC,Compact,3.0,6,AS7,Z,10.7,252
2016,Mercedes-Benz,CLS 550 4MATIC,Compact,4.7,8,AS7,Z,11.7,277
2016,Mercedes-Benz,E 250 BlueTec 4MATIC,Mid-size,2.1,4,AS7,D,7.4,200
2016,Mercedes-Benz,E 300 4MATIC,Mid-size,3.5,6,AS7,Z,10.2,240
2016,Mercedes-Benz,E 400 4MATIC,Mid-size,3.0,6,AS7,Z,10.4,244
2016,Mercedes-Benz,E 400 4MATIC Coupe,Subcompact,3.0,6,AS7,Z,10.2,239
2016,Mercedes-Benz,E 400 4MATIC Wagon,Station wagon: Mid-size,3.0,6,AS7,Z,10.8,253
2016,Mercedes-Benz,E 400 Cabriolet,Subcompact,3.0,6,AS7,Z,10.0,233
2016,Mercedes-Benz,E 550 4MATIC,Mid-size,4.7,8,AS7,Z,11.4,270
2016,Mercedes-Benz,E 550 Cabriolet,Subcompact,4.7,8,AS7,Z,11.7,275
2016,Mercedes-Benz,E 550 Coupe,Subcompact,4.7,8,AS7,Z,11.4,268
2016,Mercedes-Benz,G 550,Sport utility vehicle: Standard,5.5,8,AS7,Z,17.9,401
2016,Mercedes-Benz,GL 350 BlueTec 4MATIC,Sport utility vehicle: Standard,3.0,6,AS7,D,12.0,322
2016,Mercedes-Benz,GL 450 4MATIC,Sport utility vehicle: Standard,3.0,6,AS7,Z,14.0,298
2016,Mercedes-Benz,GL 550 4MATIC,Sport utility vehicle: Standard,4.7,8,AS7,Z,15.5,365
2016,Mercedes-Benz,GLA 250 4MATIC,Sport utility vehicle: Small,2.0,4,AS7,Z,8.7,203
2016,Mercedes-Benz,GLE 350d 4MATIC,Sport utility vehicle: Standard,3.0,6,A9,D,9.2,246
2016,Mercedes-Benz,GLE 350d 4MATIC Coupe,Sport utility vehicle: Standard,3.0,6,A9,D,9.4,253
2016,Mercedes-Benz,GLE 400 4MATIC,Sport utility vehicle: Standard,3.0,6,AS7,Z,12.0,282
2016,Mercedes-Benz,GLE 450 AMG Sport 4MATIC Coupe,Sport utility vehicle: Standard,3.0,6,A9,Z,12.0,281
2016,Mercedes-Benz,GLE 550 4MATIC,Sport utility vehicle: Standard,4.7,8,AS7,Z,14.2,335
2016,Mercedes-Benz,Maybach S 600,Full-size,6.0,12,AS7,Z,15.3,359
2016,Mercedes-Benz,Metris Cargo,Special purpose vehicle,2.0,4,AS7,Z,10.2,233
2016,Mercedes-Benz,Metris Passenger,Special purpose vehicle,2.0,4,AS7,Z,10.9,248
2016,Mercedes-Benz,S 400 4MATIC SWB,Mid-size,3.0,6,AS7,Z,10.8,253
2016,Mercedes-Benz,S 550 4MATIC SWB,Mid-size,4.7,8,AS7,Z,12.2,294
2016,Mercedes-Benz,S 550 4MATIC LWB,Full-size,4.7,8,AS7,Z,12.5,287
2016,Mercedes-Benz,S 550 4MATIC Coupe,Compact,4.7,8,AS7,Z,12.3,289
2016,Mercedes-Benz,S 600,Full-size,6.0,12,AS7,Z,14.5,340
2016,Mercedes-Benz,SL 550,Two-seater,4.7,8,AS7,Z,12.3,289
2016,Mercedes-Benz,SLK 300,Two-seater,2.0,4,A9,Z,8.5,199
2016,Mercedes-Benz,SLK 350,Two-seater,3.5,6,AS7,Z,9.8,229
2016,MINI,Cooper 3 Door,Subcompact,1.5,3,AS6,Z,7.7,181
2016,MINI,Cooper 3 Door,Subcompact,1.5,3,M6,Z,7.3,172
2016,MINI,Cooper 5 Door,Subcompact,1.5,3,AS6,Z,7.7,181
2016,MINI,Cooper 5 Door,Subcompact,1.5,3,M6,Z,7.2,170
2016,MINI,Cooper Clubman,Mid-size,1.5,3,AS6,Z,8.3,195
2016,MINI,Cooper Clubman,Mid-size,1.5,3,M6,Z,8.2,194
2016,MINI,Cooper Convertible,Minicompact,1.5,3,AS6,Z,7.7,181
2016,MINI,Cooper Convertible,Minicompact,1.5,3,M6,Z,7.2,170
2016,MINI,Cooper S 3 Door,Subcompact,2.0,4,AS6,Z,8.2,193
2016,MINI,Cooper S 3 Door,Subcompact,2.0,4,M6,Z,8.7,203
2016,MINI,Cooper S 5 Door,Subcompact,2.0,4,AS6,Z,8.2,193
2016,MINI,Cooper S 5 Door,Subcompact,2.0,4,M6,Z,8.7,203
2016,MINI,Cooper S Clubman,Mid-size,2.0,4,AS6,Z,8.5,198
2016,MINI,Cooper S Clubman,Mid-size,2.0,4,M6,Z,9.2,215
2016,MINI,Cooper S Convertible,Minicompact,2.0,4,AS6,Z,8.5,198
2016,MINI,Cooper S Convertible,Minicompact,2.0,4,M6,Z,8.7,203
2016,MINI,Cooper S Countryman ALL4,Compact,1.6,4,AS6,Z,9.0,212
2016,MINI,Cooper S Countryman ALL4,Compact,1.6,4,M6,Z,8.6,201
2016,MINI,Cooper S Paceman ALL4,Compact,1.6,4,AS6,Z,9.0,212
2016,MINI,Cooper S Paceman ALL4,Compact,1.6,4,M6,Z,8.6,201
2016,MINI,John Cooper Works,Subcompact,2.0,4,AS6,Z,8.5,199
2016,MINI,John Cooper Works,Subcompact,2.0,4,M6,Z,9.2,214
2016,MINI,John Cooper Works Countryman ALL4,Compact,1.6,4,AS6,Z,9.0,212
2016,MINI,John Cooper Works Countryman ALL4,Compact,1.6,4,M6,Z,8.6,201
2016,MINI,John Cooper Works Paceman ALL4,Compact,1.6,4,AS6,Z,9.0,212
2016,MINI,John Cooper Works Paceman ALL4,Compact,1.6,4,M6,Z,8.6,201
2016,Mitsubishi,Lancer,Compact,2.0,4,AV6,X,7.8,181
2016,Mitsubishi,Lancer,Compact,2.0,4,M5,X,8.4,198
2016,Mitsubishi,Lancer,Compact,2.4,4,AV6,X,8.8,204
2016,Mitsubishi,Lancer,Compact,2.4,4,M5,X,9.2,217
2016,Mitsubishi,Lancer 4WD,Compact,2.4,4,AV6,X,9.1,210
2016,Mitsubishi,Lancer Sportback,Station wagon: Small,2.0,4,AV6,X,8.3,191
2016,Mitsubishi,Lancer Sportback,Station wagon: Small,2.0,4,M5,X,8.7,203
2016,Mitsubishi,Mirage,Compact,1.2,3,AV,X,5.9,139
2016,Mitsubishi,Mirage,Compact,1.2,3,M5,X,6.3,147
2016,Mitsubishi,Outlander,Sport utility vehicle: Small,2.4,4,AV6,X,8.4,193
2016,Mitsubishi,Outlander 4WD,Sport utility vehicle: Small,2.4,4,AV6,X,9.0,207
2016,Mitsubishi,Outlander 4WD,Sport utility vehicle: Small,3.0,6,AS6,Z,10.4,238
2016,Mitsubishi,RVR,Sport utility vehicle: Small,2.0,4,AV6,X,8.7,202
2016,Mitsubishi,RVR,Sport utility vehicle: Small,2.0,4,M5,X,9.3,214
2016,Mitsubishi,RVR 4WD,Sport utility vehicle: Small,2.4,4,AV6,X,9.6,223
2016,Nissan,370Z,Two-seater,3.7,6,AS7,Z,11.1,260
2016,Nissan,370Z,Two-seater,3.7,6,M6,Z,11.5,269
2016,Nissan,370Z Roadster,Two-seater,3.7,6,AS7,Z,11.5,270
2016,Nissan,370Z Roadster,Two-seater,3.7,6,M6,Z,11.8,278
2016,Nissan,Altima,Mid-size,2.5,4,AV,X,7.5,176
2016,Nissan,Altima SR,Mid-size,2.5,4,AV7,X,7.7,181
2016,Nissan,Altima 3.5,Mid-size,3.5,6,AV7,X,9.0,212
2016,Nissan,Frontier,Pickup truck: Small,2.5,4,A5,X,12.1,285
2016,Nissan,Frontier,Pickup truck: Small,2.5,4,M5,X,11.3,266
2016,Nissan,Frontier,Pickup truck: Small,4.0,6,A5,X,12.7,300
2016,Nissan,Frontier 4WD,Pickup truck: Small,4.0,6,A5,X,13.7,322
2016,Nissan,Frontier 4WD,Pickup truck: Small,4.0,6,M6,X,13.3,313
2016,Nissan,GT-R,Subcompact,3.8,6,AM6,Z,12.6,294
2016,Nissan,Juke,Station wagon: Small,1.6,4,AV7,Z,7.9,186
2016,Nissan,Juke,Station wagon: Small,1.6,4,M6,Z,7.8,183
2016,Nissan,Juke AWD,Station wagon: Small,1.6,4,AV7,Z,8.2,194
2016,Nissan,Juke Nismo RS,Station wagon: Small,1.6,4,M6,Z,8.3,194
2016,Nissan,Juke Nismo RS AWD,Station wagon: Small,1.6,4,AV8,Z,8.8,208
2016,Nissan,Maxima,Mid-size,3.5,6,AV7,Z,9.5,223
2016,Nissan,Micra,Compact,1.6,4,A4,X,7.8,184
2016,Nissan,Micra,Compact,1.6,4,M5,X,7.7,182
2016,Nissan,Murano,Station wagon: Mid-size,3.5,6,AV7,X,9.8,230
2016,Nissan,Murano AWD,Station wagon: Mid-size,3.5,6,AV7,X,9.9,232
2016,Nissan,NV200 Cargo Van,Special purpose vehicle,2.0,4,AV,X,9.4,220
2016,Nissan,Pathfinder,Sport utility vehicle: Small,3.5,6,AV,X,10.4,245
2016,Nissan,Pathfinder 4WD,Sport utility vehicle: Small,3.5,6,AV,X,10.7,251
2016,Nissan,Pathfinder 4WD Platinum,Sport utility vehicle: Small,3.5,6,AV,X,11.0,258
2016,Nissan,Rogue,Sport utility vehicle: Small,2.5,4,AV,X,8.2,194
2016,Nissan,Rogue AWD,Sport utility vehicle: Small,2.5,4,AV,X,8.6,201
2016,Nissan,Sentra,Mid-size,1.8,4,AV,X,7.2,167
2016,Nissan,Sentra,Mid-size,1.8,4,M6,X,7.9,184
2016,Nissan,Versa,Mid-size,1.6,4,AV,X,6.8,161
2016,Nissan,Versa,Mid-size,1.6,4,M5,X,7.6,179
2016,Porsche,911 Carrera,Minicompact,3.4,6,AM7,Z,10.1,238
2016,Porsche,911 Carrera,Minicompact,3.4,6,M7,Z,10.6,249
2016,Porsche,911 Carrera 4,Minicompact,3.4,6,AM7,Z,10.2,240
2016,Porsche,911 Carrera 4,Minicompact,3.4,6,M7,Z,10.7,251
2016,Porsche,911 Carrera Cabriolet,Minicompact,3.4,6,AM7,Z,10.1,236
2016,Porsche,911 Carrera Cabriolet,Minicompact,3.4,6,M7,Z,10.7,251
2016,Porsche,911 Carrera 4 Cabriolet,Minicompact,3.4,6,AM7,Z,10.5,246
2016,Porsche,911 Carrera 4 Cabriolet,Minicompact,3.4,6,M7,Z,10.9,257
2016,Porsche,911 Carrera S,Minicompact,3.8,6,AM7,Z,10.5,245
2016,Porsche,911 Carrera S,Minicompact,3.8,6,M7,Z,10.7,252
2016,Porsche,911 Carrera 4S,Minicompact,3.8,6,AM7,Z,10.7,251
2016,Porsche,911 Carrera 4S,Minicompact,3.8,6,M7,Z,11.0,258
2016,Porsche,911 Carrera S Cabriolet,Minicompact,3.8,6,AM7,Z,10.6,250
2016,Porsche,911 Carrera S Cabriolet,Minicompact,3.8,6,M7,Z,10.9,255
2016,Porsche,911 Carrera 4S Cabriolet,Minicompact,3.8,6,AM7,Z,11.0,257
2016,Porsche,911 Carrera 4S Cabriolet,Minicompact,3.8,6,M7,Z,11.2,262
2016,Porsche,911 Carrera GTS,Minicompact,3.8,6,AM7,Z,11.0,259
2016,Porsche,911 Carrera GTS,Minicompact,3.8,6,M7,Z,11.2,262
2016,Porsche,911 Carrera 4 GTS,Minicompact,3.8,6,AM7,Z,11.1,260
2016,Porsche,911 Carrera 4 GTS,Minicompact,3.8,6,M7,Z,11.3,265
2016,Porsche,911 Carrera GTS Cabriolet,Minicompact,3.8,6,AM7,Z,11.1,260
2016,Porsche,911 Carrera GTS Cabriolet,Minicompact,3.8,6,M7,Z,11.6,272
2016,Porsche,911 Carrera 4 GTS Cabriolet,Minicompact,3.8,6,AM7,Z,11.4,268
2016,Porsche,911 Carrera 4 GTS Cabriolet,Minicompact,3.8,6,M7,Z,11.6,272
2016,Porsche,911 GT3,Two-seater,3.8,6,AM7,Z,14.0,329
2016,Porsche,911 GT3RS,Two-seater,4.0,6,AM7,Z,14.3,334
2016,Porsche,911 Targa 4,Minicompact,3.4,6,AM7,Z,10.8,253
2016,Porsche,911 Targa 4,Minicompact,3.4,6,M7,Z,11.1,261
2016,Porsche,911 Targa 4S,Minicompact,3.8,6,AM7,Z,11.2,260
2016,Porsche,911 Targa 4S,Minicompact,3.8,6,M7,Z,11.4,267
2016,Porsche,911 Turbo,Minicompact,3.8,6,AM7,Z,11.9,278
2016,Porsche,911 Turbo Cabriolet,Minicompact,3.8,6,AM7,Z,11.9,278
2016,Porsche,911 Turbo S,Minicompact,3.8,6,AM7,Z,11.9,278
2016,Porsche,911 Turbo S Cabriolet,Minicompact,3.8,6,AM7,Z,11.9,278
2016,Porsche,Boxster,Two-seater,2.7,6,AM7,Z,9.2,217
2016,Porsche,Boxster,Two-seater,2.7,6,M6,Z,9.9,232
2016,Porsche,Boxster S,Two-seater,3.4,6,AM7,Z,9.8,230
2016,Porsche,Boxster S,Two-seater,3.4,6,M6,Z,10.4,245
2016,Porsche,Boxster GTS,Two-seater,3.4,6,AM7,Z,9.5,222
2016,Porsche,Boxster GTS,Two-seater,3.4,6,M6,Z,10.7,250
2016,Porsche,Boxster Spyder,Two-seater,3.8,6,M6,Z,11.6,272
2016,Porsche,Cayenne Diesel (modified),Sport utility vehicle: Standard,3.0,6,A8,D,9.8,270
2016,Porsche,Cayenne,Sport utility vehicle: Standard,3.6,6,A8,Z,11.8,277
2016,Porsche,Cayenne S,Sport utility vehicle: Standard,3.6,6,A8,Z,12.2,286
2016,Porsche,Cayenne GTS,Sport utility vehicle: Standard,3.6,6,A8,Z,12.8,300
2016,Porsche,Cayenne Turbo,Sport utility vehicle: Standard,4.8,8,A8,Z,14.2,334
2016,Porsche,Cayenne Turbo S,Sport utility vehicle: Standard,4.8,8,A8,Z,14.3,336
2016,Porsche,Cayman,Two-seater,2.7,6,AM7,Z,9.2,217
2016,Porsche,Cayman,Two-seater,2.7,6,M6,Z,9.9,232
2016,Porsche,Cayman S,Two-seater,3.4,6,AM7,Z,9.8,230
2016,Porsche,Cayman S,Two-seater,3.4,6,M6,Z,10.4,245
2016,Porsche,Cayman GTS,Two-seater,3.4,6,AM7,Z,9.5,222
2016,Porsche,Cayman GTS,Two-seater,3.4,6,M6,Z,10.7,250
2016,Porsche,Cayman GT4,Two-seater,3.8,6,M6,Z,11.8,277
2016,Porsche,Macan S,Sport utility vehicle: Small,3.0,6,A7,Z,12.2,285
2016,Porsche,Macan Turbo,Sport utility vehicle: Small,3.6,6,A7,Z,12.3,287
2016,Porsche,Panamera,Full-size,3.6,6,AM7,Z,10.9,255
2016,Porsche,Panamera 4,Full-size,3.6,6,AM7,Z,11.1,262
2016,Porsche,Panamera S,Full-size,3.0,6,AM7,Z,11.4,267
2016,Porsche,Panamera 4S,Full-size,3.0,6,AM7,Z,11.4,267
2016,Porsche,Panamera 4S Executive,Full-size,3.0,6,AM7,Z,11.5,271
2016,Porsche,Panamera GTS,Full-size,4.8,8,AM7,Z,12.7,298
2016,Porsche,Panamera Turbo,Full-size,4.8,8,AM7,Z,12.8,300
2016,Porsche,Panamera Turbo Executive,Full-size,4.8,8,AM7,Z,12.9,303
2016,Porsche,Panamera Turbo S,Full-size,4.8,8,AM7,Z,12.8,300
2016,Porsche,Panamera Turbo S Executive,Full-size,4.8,8,AM7,Z,12.9,303
2016,Ram,1500 FFV,Pickup truck: Standard,3.6,6,A8,X,11.9,279
2016,Ram,1500 FFV,Pickup truck: Standard,3.6,6,A8,E,16.8,279
2016,Ram,1500 HFE,Pickup truck: Standard,3.6,6,A8,X,11.3,264
2016,Ram,1500 (MDS),Pickup truck: Standard,5.7,8,A6,X,14.8,348
2016,Ram,1500 (MDS),Pickup truck: Standard,5.7,8,A8,X,13.6,319
2016,Ram,1500 4X4 FFV,Pickup truck: Standard,3.6,6,A8,X,12.6,294
2016,Ram,1500 4X4 FFV,Pickup truck: Standard,3.6,6,A8,E,17.8,296
2016,Ram,1500 4X4 (MDS),Pickup truck: Standard,5.7,8,A6,X,15.4,362
2016,Ram,1500 4X4 (MDS),Pickup truck: Standard,5.7,8,A8,X,14.1,330
2016,Ram,ProMaster City,Special purpose vehicle,2.4,4,A9,X,9.8,231
2016,Rolls-Royce,Ghost,Full-size,6.6,12,AS8,Z,16.1,373
2016,Rolls-Royce,Ghost EWB,Full-size,6.6,12,AS8,Z,16.1,373
2016,Rolls-Royce,Phantom,Full-size,6.7,12,AS8,Z,17.2,403
2016,Rolls-Royce,Phantom EWB,Full-size,6.7,12,AS8,Z,17.2,404
2016,Rolls-Royce,Phantom Coupe,Compact,6.7,12,AS8,Z,17.2,403
2016,Rolls-Royce,Phantom Drophead Coupe,Compact,6.7,12,AS8,Z,17.2,404
2016,Rolls-Royce,Wraith,Mid-size,6.6,12,AS8,Z,15.6,367
2016,Scion,FR-S,Minicompact,2.0,4,AS6,Z,8.4,197
2016,Scion,FR-S,Minicompact,2.0,4,M6,Z,9.6,224
2016,Scion,iM,Mid-size,1.8,4,AV7,X,7.4,173
2016,Scion,iM,Mid-size,1.8,4,M6,X,7.7,180
2016,Scion,tC,Compact,2.5,4,AS6,X,9.0,211
2016,Scion,tC,Compact,2.5,4,M6,X,9.0,210
2016,smart,fortwo cabriolet,Two-seater,0.9,3,AM6,Z,6.9,157
2016,smart,fortwo coupe,Two-seater,0.9,3,AM6,Z,6.9,157
2016,Subaru,BRZ,Minicompact,2.0,4,AS6,Z,8.4,197
2016,Subaru,BRZ,Minicompact,2.0,4,M6,Z,9.6,224
2016,Subaru,Forester AWD,Sport utility vehicle: Small,2.0,4,AV8,Z,9.4,222
2016,Subaru,Forester AWD,Sport utility vehicle: Small,2.5,4,AV6,X,8.7,204
2016,Subaru,Forester AWD,Sport utility vehicle: Small,2.5,4,M6,X,9.6,227
2016,Subaru,Impreza AWD,Compact,2.0,4,AV6,X,7.6,177
2016,Subaru,Impreza AWD,Compact,2.0,4,M5,X,8.4,197
2016,Subaru,Impreza Wagon AWD,Station wagon: Small,2.0,4,AV6,X,7.6,177
2016,Subaru,Impreza Wagon AWD,Station wagon: Small,2.0,4,M5,X,8.4,197
2016,Subaru,Legacy AWD,Mid-size,2.5,4,AV6,X,7.9,185
2016,Subaru,Legacy AWD,Mid-size,2.5,4,M6,X,9.4,220
2016,Subaru,Legacy AWD,Mid-size,3.6,6,AV6,X,10.2,239
2016,Subaru,Outback AWD,Sport utility vehicle: Small,2.5,4,AV6,X,8.3,196
2016,Subaru,Outback AWD,Sport utility vehicle: Small,2.5,4,M6,X,9.7,228
2016,Subaru,Outback AWD,Sport utility vehicle: Small,3.6,6,AV6,X,10.5,246
2016,Subaru,WRX,Compact,2.0,4,AV8,Z,11.2,254
2016,Subaru,WRX,Compact,2.0,4,M6,Z,10.0,233
2016,Subaru,WRX,Compact,2.5,4,M6,Z,12.2,285
2016,Subaru,XV Crosstrek AWD,Sport utility vehicle: Small,2.0,4,AV6,X,8.1,191
2016,Subaru,XV Crosstrek AWD,Sport utility vehicle: Small,2.0,4,M5,X,9.1,214
2016,Subaru,XV Crosstrek Hybrid AWD,Sport utility vehicle: Small,2.0,4,AV6,X,7.5,175
2016,Toyota,4Runner 4WD,Sport utility vehicle: Standard,4.0,6,AS5,X,12.8,298
2016,Toyota,4Runner 4WD (Part-Time 4WD),Sport utility vehicle: Standard,4.0,6,AS5,X,12.8,298
2016,Toyota,Avalon,Mid-size,3.5,6,AS6,X,9.7,225
2016,Toyota,Camry,Mid-size,2.5,4,AS6,X,8.2,192
2016,Toyota,Camry,Mid-size,3.5,6,AS6,X,9.5,222
2016,Toyota,Camry Hybrid LE,Mid-size,2.5,4,AV,X,5.7,134
2016,Toyota,Camry Hybrid XLE/SE,Mid-size,2.5,4,AV,X,5.9,137
2016,Toyota,Corolla,Mid-size,1.8,4,A4,X,7.6,179
2016,Toyota,Corolla,Mid-size,1.8,4,AV,X,7.3,171
2016,Toyota,Corolla LE Eco (1-Mode),Mid-size,1.8,4,AV,X,6.8,160
2016,Toyota,Corolla LE Eco (2-Mode),Mid-size,1.8,4,AV,X,6.9,162
2016,Toyota,Corolla,Mid-size,1.8,4,AV7,X,7.1,166
2016,Toyota,Corolla,Mid-size,1.8,4,M6,X,7.5,174
2016,Toyota,Highlander,Sport utility vehicle: Small,3.5,6,AS6,X,11.1,260
2016,Toyota,Highlander AWD,Sport utility vehicle: Standard,3.5,6,AS6,X,11.6,272
2016,Toyota,Highlander Hybrid AWD,Sport utility vehicle: Standard,3.5,6,AV6,X,8.5,198
2016,Toyota,Highlander Hybrid AWD LE,Sport utility vehicle: Standard,3.5,6,AV6,X,8.4,195
2016,Toyota,Prius,Mid-size,1.8,4,AV,X,4.5,104
2016,Toyota,Prius c,Compact,1.5,4,AV,X,4.7,111
2016,Toyota,Prius v,Station wagon: Mid-size,1.8,4,AV,X,5.6,131
2016,Toyota,RAV4,Sport utility vehicle: Small,2.5,4,AS6,X,9.0,212
2016,Toyota,RAV4 LE/XLE,Sport utility vehicle: Small,2.5,4,AS6,X,8.9,208
2016,Toyota,RAV4 AWD,Sport utility vehicle: Small,2.5,4,AS6,X,9.5,220
2016,Toyota,RAV4 Limited/SE AWD,Sport utility vehicle: Small,2.5,4,AS6,X,9.4,220
2016,Toyota,RAV4 Hybrid AWD,Sport utility vehicle: Small,2.5,4,AV6,X,7.2,169
2016,Toyota,Sequoia 4WD,Sport utility vehicle: Standard,5.7,8,AS6,X,16.6,382
2016,Toyota,Sienna,Minivan,3.5,6,AS6,X,11.4,267
2016,Toyota,Sienna AWD,Minivan,3.5,6,AS6,X,12.5,290
2016,Toyota,Tacoma,Pickup truck: Small,2.7,4,AS6,X,11.1,261
2016,Toyota,Tacoma,Pickup truck: Small,3.5,6,AS6,X,11.4,267
2016,Toyota,Tacoma 4WD,Pickup truck: Small,2.7,4,AS6,X,11.7,274
2016,Toyota,Tacoma 4WD,Pickup truck: Small,2.7,4,M5,X,11.9,279
2016,Toyota,Tacoma 4WD,Pickup truck: Small,3.5,6,AS6,X,11.9,280
2016,Toyota,Tacoma 4WD,Pickup truck: Small,3.5,6,M6,X,12.5,292
2016,Toyota,Tacoma 4WD D-Cab Off-Road,Pickup truck: Small,3.5,6,M6,X,12.9,300
2016,Toyota,Tundra,Pickup truck: Standard,4.6,8,AS6,X,14.3,335
2016,Toyota,Tundra,Pickup truck: Standard,5.7,8,AS6,X,15.4,360
2016,Toyota,Tundra 4WD,Pickup truck: Standard,4.6,8,AS6,X,15.1,351
2016,Toyota,Tundra 4WD,Pickup truck: Standard,5.7,8,AS6,X,16.3,380
2016,Toyota,Venza,Sport utility vehicle: Small,2.7,4,AS6,X,10.4,244
2016,Toyota,Venza,Sport utility vehicle: Small,3.5,6,AS6,X,10.9,256
2016,Toyota,Venza 4WD,Sport utility vehicle: Small,2.7,4,AS6,X,10.5,241
2016,Toyota,Venza 4WD,Sport utility vehicle: Small,3.5,6,AS6,X,11.3,263
2016,Toyota,Yaris,Compact,1.5,4,AS6,X,6.4,151
2016,Toyota,Yaris (SIL),Compact,1.5,4,M6,X,6.7,157
2016,Toyota,Yaris Hatchback,Compact,1.5,4,A4,X,7.3,170
2016,Toyota,Yaris Hatchback,Compact,1.5,4,M5,X,7.1,165
2016,Volkswagen,Beetle,Compact,1.8,4,AS6,X,8.4,196
2016,Volkswagen,Beetle,Compact,1.8,4,M5,X,8.4,196
2016,Volkswagen,Beetle Dune,Compact,1.8,4,AS6,X,8.7,203
2016,Volkswagen,Beetle Convertible,Subcompact,1.8,4,AS6,X,8.4,196
2016,Volkswagen,CC,Compact,2.0,4,AM6,Z,9.3,217
2016,Volkswagen,Golf,Compact,1.8,4,AS6,X,8.1,189
2016,Volkswagen,Golf,Compact,1.8,4,M5,X,8.0,187
2016,Volkswagen,Golf GTI,Compact,2.0,4,AM6,X,8.5,198
2016,Volkswagen,Golf GTI,Compact,2.0,4,M6,X,8.3,193
2016,Volkswagen,Golf R,Compact,2.0,4,AM6,Z,9.3,216
2016,Volkswagen,Golf R,Compact,2.0,4,M6,Z,9.4,220
2016,Volkswagen,Golf Sportwagon,Station wagon: Small,1.8,4,AS6,X,8.2,193
2016,Volkswagen,Golf Sportwagon,Station wagon: Small,1.8,4,M5,X,8.2,192
2016,Volkswagen,Jetta,Compact,1.4,4,AS6,X,7.3,173
2016,Volkswagen,Jetta,Compact,1.4,4,M5,X,7.2,168
2016,Volkswagen,Jetta,Compact,1.8,4,AS6,X,8.0,186
2016,Volkswagen,Jetta,Compact,1.8,4,M5,X,8.1,189
2016,Volkswagen,Jetta,Compact,2.0,4,AM6,X,8.6,201
2016,Volkswagen,Jetta,Compact,2.0,4,M6,X,8.8,207
2016,Volkswagen,Jetta Hybrid,Compact,1.4,4,AM7,Z,5.3,124
2016,Volkswagen,Passat,Mid-size,1.8,4,AS6,X,8.0,187
2016,Volkswagen,Passat,Mid-size,1.8,4,M6,X,8.1,189
2016,Volkswagen,Passat,Mid-size,3.6,6,AM6,X,10.4,243
2016,Volkswagen,Tiguan,Sport utility vehicle: Small,2.0,4,AS6,Z,10.7,251
2016,Volkswagen,Tiguan,Sport utility vehicle: Small,2.0,4,M6,Z,11.2,259
2016,Volkswagen,Tiguan 4MOTION,Sport utility vehicle: Small,2.0,4,AS6,Z,10.6,248
2016,Volkswagen,Touareg TDI (modified),Sport utility vehicle: Standard,3.0,6,AS8,D,9.8,270
2016,Volkswagen,Touareg,Sport utility vehicle: Standard,3.6,6,AS8,X,12.4,292
2016,Volvo,S60 T5,Compact,2.0,4,AS8,X,8.3,193
2016,Volvo,S60 T5 AWD,Compact,2.5,5,AS6,X,10.1,233
2016,Volvo,S60 Inscription,Compact,2.0,4,AS8,X,8.3,193
2016,Volvo,S60 Inscription T5 AWD,Compact,2.5,5,AS6,X,10.1,233
2016,Volvo,S60 T6,Compact,2.0,4,AS8,Z,9.3,218
2016,Volvo,S60 T6 AWD,Compact,2.0,4,AS8,Z,9.9,231
2016,Volvo,S60 Polestar,Compact,3.0,6,AS6,X,11.2,259
2016,Volvo,S60 3.0T AWD,Compact,3.0,6,AS6,X,11.2,259
2016,Volvo,S60 CC T5 AWD,Compact,2.5,5,AS6,X,10.3,239
2016,Volvo,S80 T5,Mid-size,2.0,4,AS8,X,8.3,193
2016,Volvo,V60 T5,Station wagon: Small,2.0,4,AS8,X,8.3,193
2016,Volvo,V60 T5 AWD,Station wagon: Small,2.5,5,AS6,X,10.1,233
2016,Volvo,V60 T6 AWD,Station wagon: Small,2.0,4,AS8,Z,9.9,231
2016,Volvo,V60 Polestar,Station wagon: Small,3.0,6,AS6,X,11.2,259
2016,Volvo,V60 3.0T AWD,Station wagon: Small,3.0,6,AS6,X,11.2,259
2016,Volvo,V60 CC T5 AWD,Station wagon: Small,2.5,5,AS6,X,10.3,239
2016,Volvo,XC60 T5,Sport utility vehicle: Small,2.0,4,AS8,X,9.1,213
2016,Volvo,XC60 T5 AWD,Sport utility vehicle: Small,2.5,5,AS6,X,11.0,254
2016,Volvo,XC60 T6,Sport utility vehicle: Small,2.0,4,AS8,Z,9.7,226
2016,Volvo,XC60 T6 AWD,Sport utility vehicle: Small,2.0,4,AS8,Z,10.6,247
2016,Volvo,XC60 3.0T AWD,Sport utility vehicle: Small,3.0,6,AS6,X,12.0,276
2016,Volvo,XC70 T5,Sport utility vehicle: Small,2.0,4,AS8,X,9.1,213
2016,Volvo,XC70 T5 AWD,Sport utility vehicle: Small,2.5,5,AS6,X,11.0,254
2016,Volvo,XC90 T5,Sport utility vehicle: Standard,2.0,4,AS8,Z,10.0,232
2016,Volvo,XC90 T5 AWD,Sport utility vehicle: Standard,2.0,4,AS8,Z,10.2,239
2016,Volvo,XC90 T6 AWD,Sport utility vehicle: Standard,2.0,4,AS8,Z,10.6,247
2017,Acura,ILX,Compact,2.4,4,AM8,Z,8.2,192
2017,Acura,MDX Hybrid AWD,Sport utility vehicle: Small,3.0,6,AM7,Z,9.0,210
2017,Acura,MDX SH-AWD,Sport utility vehicle: Small,3.5,6,AS9,Z,11.0,259
2017,Acura,MDX SH-AWD Elite,Sport utility vehicle: Small,3.5,6,AS9,Z,10.7,251
2017,Acura,NSX,Two-seater,3.5,6,AM9,Z,11.0,261
2017,Acura,RDX AWD,Sport utility vehicle: Small,3.5,6,AS6,Z,10.7,250
2017,Acura,RLX Hybrid,Mid-size,3.5,6,AM7,Z,8.1,190
2017,Acura,TLX,Compact,2.4,4,AM8,Z,8.3,197
2017,Acura,TLX SH-AWD,Compact,3.5,6,AS9,Z,9.6,226
2017,Alfa Romeo,4C,Two-seater,1.8,4,AM6,Z,8.4,197
2017,Alfa Romeo,4C Spider,Two-seater,1.8,4,AM6,Z,8.4,197
2017,Alfa Romeo,Giulia,Mid-size,2.0,4,A8,Z,8.7,205
2017,Alfa Romeo,Giulia AWD,Mid-size,2.0,4,A8,Z,9.2,217
2017,Alfa Romeo,Giulia Quadrifoglio,Mid-size,2.9,6,A8,Z,11.9,280
2017,Aston Martin,DB11 V12,Minicompact,5.2,12,A8,Z,13.7,322
2017,Aston Martin,Rapide S,Subcompact,6.0,12,A8,Z,14.1,331
2017,Aston Martin,Vanquish,Minicompact,6.0,12,A8,Z,14.7,345
2017,Aston Martin,V12 Vantage S,Two-seater,6.0,12,AM7,Z,16.4,388
2017,Aston Martin,V12 Vantage S,Two-seater,6.0,12,M7,Z,19.2,450
2017,Audi,A3,Subcompact,2.0,4,AM7,X,8.0,188
2017,Audi,A3 quattro,Subcompact,2.0,4,AM6,X,8.7,205
2017,Audi,A3 Cabriolet quattro,Subcompact,2.0,4,AM6,X,9.5,223
2017,Audi,A4 Ultra,Compact,2.0,4,AM7,Z,7.6,177
2017,Audi,A4 quattro,Compact,2.0,4,AM7,Z,8.8,205
2017,Audi,A4 quattro,Compact,2.0,4,M6,Z,8.6,204
2017,Audi,A4 allroad quattro,Station wagon: Small,2.0,4,AM7,Z,9.3,217
2017,Audi,A5 quattro,Subcompact,2.0,4,AS8,Z,9.7,226
2017,Audi,A5 quattro,Subcompact,2.0,4,M6,Z,9.0,210
2017,Audi,A5 Cabriolet quattro,Subcompact,2.0,4,AS8,Z,9.9,231
2017,Audi,A6 quattro,Mid-size,2.0,4,AS8,Z,9.4,220
2017,Audi,A6 quattro,Mid-size,3.0,6,AS8,Z,10.0,238
2017,Audi,A7 quattro,Mid-size,3.0,6,AS8,Z,10.0,238
2017,Audi,A8,Mid-size,3.0,6,AS8,Z,10.5,246
2017,Audi,A8,Mid-size,4.0,8,AS8,Z,10.7,249
2017,Audi,A8L,Full-size,4.0,8,AS8,Z,10.9,255
2017,Audi,Q3,Compact,2.0,4,AS6,Z,10.3,243
2017,Audi,Q3 quattro,Compact,2.0,4,AS6,Z,10.3,241
2017,Audi,Q5,Sport utility vehicle: Small,2.0,4,AS8,Z,10.5,246
2017,Audi,Q5,Sport utility vehicle: Small,3.0,6,AS8,Z,11.4,267
2017,Audi,Q7,Sport utility vehicle: Standard,2.0,4,AS8,Z,10.8,253
2017,Audi,Q7,Sport utility vehicle: Standard,3.0,6,AS8,Z,11.1,260
2017,Audi,R8,Two-seater,5.2,10,AM7,Z,14.1,330
2017,Audi,R8 Spyder,Two-seater,5.2,10,AM7,Z,14.1,330
2017,Audi,RS 7,Mid-size,4.0,8,AS8,Z,13.1,309
2017,Audi,S3,Subcompact,2.0,4,AM6,Z,9.9,232
2017,Audi,S5,Subcompact,3.0,6,AM7,Z,11.0,259
2017,Audi,S5,Subcompact,3.0,6,M6,Z,11.7,273
2017,Audi,S5 Cabriolet,Subcompact,3.0,6,AM7,Z,11.4,266
2017,Audi,S6,Mid-size,4.0,8,AM7,Z,11.3,263
2017,Audi,S7,Mid-size,4.0,8,AM7,Z,11.4,265
2017,Audi,S8,Mid-size,4.0,8,AS8,Z,13.4,312
2017,Audi,SQ5,Sport utility vehicle: Small,3.0,6,AS8,Z,12.2,285
2017,Audi,TT Coupe quattro,Subcompact,2.0,4,AM6,X,9.1,209
2017,Audi,TT Roadster quattro,Two-seater,2.0,4,AM6,X,9.1,209
2017,Audi,TTS Coupe quattro,Subcompact,2.0,4,AM6,Z,9.5,222
2017,Bentley,Bentayga,Sport utility vehicle: Standard,6.0,12,AS8,Z,15.9,370
2017,Bentley,Continental GT,Compact,4.0,8,AS8,Z,13.1,307
2017,Bentley,Continental GT,Compact,6.0,12,AS8,Z,15.4,360
2017,Bentley,Continental GT Convertible,Subcompact,4.0,8,AS8,Z,14.4,337
2017,Bentley,Continental GT Convertible,Subcompact,6.0,12,AS8,Z,16.0,375
2017,Bentley,Flying Spur,Mid-size,4.0,8,AS8,Z,13.8,321
2017,Bentley,Flying Spur,Mid-size,6.0,12,AS8,Z,16.0,375
2017,Bentley,Mulsanne,Mid-size,6.8,8,AS8,Z,17.5,407
2017,Bentley,Mulsanne EWB,Mid-size,6.8,8,AS8,Z,18.3,430
2017,BMW,230i Cabriolet,Subcompact,2.0,4,AS8,Z,8.7,207
2017,BMW,230i xDrive Cabriolet,Subcompact,2.0,4,AS8,Z,9.1,213
2017,BMW,230i Coupe,Subcompact,2.0,4,AS8,Z,8.4,197
2017,BMW,230i Coupe,Subcompact,2.0,4,M6,Z,9.4,219
2017,BMW,230i xDrive Coupe,Subcompact,2.0,4,AS8,Z,9.0,210
2017,BMW,320i,Compact,2.0,4,AS8,Z,8.4,200
2017,BMW,320i,Compact,2.0,4,M6,Z,8.6,202
2017,BMW,320i xDrive,Compact,2.0,4,AS8,Z,8.8,206
2017,BMW,328d xDrive,Compact,2.0,4,AS8,D,7.0,189
2017,BMW,328d xDrive Touring,Station wagon: Small,2.0,4,AS8,D,7.0,189
2017,BMW,330i xDrive,Compact,2.0,4,AS8,Z,9.1,213
2017,BMW,330i xDrive Gran Turismo,Full-size,2.0,4,AS8,Z,9.1,213
2017,BMW,330i xDrive Touring,Station wagon: Small,2.0,4,AS8,Z,9.1,213
2017,BMW,340i,Compact,3.0,6,AS8,Z,9.6,224
2017,BMW,340i,Compact,3.0,6,M6,Z,10.4,242
2017,BMW,340i xDrive,Compact,3.0,6,AS8,Z,9.8,228
2017,BMW,340i xDrive,Compact,3.0,6,M6,Z,10.5,246
2017,BMW,340i xDrive Gran Turismo,Full-size,3.0,6,AS8,Z,10.2,238
2017,BMW,430i xDrive Cabriolet,Subcompact,2.0,4,AS8,Z,9.1,211
2017,BMW,430i xDrive Coupe,Compact,2.0,4,AS8,Z,9.1,213
2017,BMW,430i xDrive Gran Coupe,Compact,2.0,4,AS8,Z,9.1,213
2017,BMW,440i xDrive Cabriolet,Subcompact,3.0,6,AS8,Z,10.2,238
2017,BMW,440i Coupe,Compact,3.0,6,AS8,Z,9.6,224
2017,BMW,440i Coupe,Compact,3.0,6,M6,Z,10.4,242
2017,BMW,440i xDrive Coupe,Compact,3.0,6,AS8,Z,9.8,228
2017,BMW,440i xDrive Coupe,Compact,3.0,6,M6,Z,10.5,246
2017,BMW,440i xDrive Gran Coupe,Compact,3.0,6,AS8,Z,9.8,228
2017,BMW,530i xDrive,Mid-size,2.0,4,AS8,Z,9.1,213
2017,BMW,540i xDrive,Mid-size,3.0,6,AS8,Z,9.8,228
2017,BMW,640i xDrive Cabriolet,Subcompact,3.0,6,AS8,Z,10.6,249
2017,BMW,640i xDrive Gran Coupe,Compact,3.0,6,AS8,Z,10.6,249
2017,BMW,650i xDrive Cabriolet,Subcompact,4.4,8,AS8,Z,12.5,292
2017,BMW,650i xDrive Coupe,Compact,4.4,8,AS8,Z,11.7,273
2017,BMW,650i xDrive Gran Coupe,Compact,4.4,8,AS8,Z,12.5,292
2017,BMW,740Li xDrive,Full-size,3.0,6,AS8,Z,10.2,238
2017,BMW,750i xDrive,Full-size,4.4,8,AS8,Z,11.7,273
2017,BMW,750Li xDrive,Full-size,4.4,8,AS8,Z,12.5,292
2017,BMW,Alpina B6 xDrive Gran Coupe,Compact,4.4,8,AS8,Z,12.5,292
2017,BMW,Alpina B7 xDrive,Full-size,4.4,8,AS8,Z,12.5,292
2017,BMW,M2,Subcompact,3.0,6,AM7,Z,10.5,245
2017,BMW,M2,Subcompact,3.0,6,M6,Z,11.4,267
2017,BMW,M240i Cabriolet,Subcompact,3.0,6,AS8,Z,9.6,224
2017,BMW,M240i Cabriolet,Subcompact,3.0,6,M6,Z,10.4,242
2017,BMW,M240i xDrive Cabriolet,Subcompact,3.0,6,AS8,Z,9.8,228
2017,BMW,M240i Coupe,Subcompact,3.0,6,AS8,Z,9.6,224
2017,BMW,M240i Coupe,Subcompact,3.0,6,M6,Z,10.7,250
2017,BMW,M240i xDrive Coupe,Subcompact,3.0,6,AS8,Z,9.8,228
2017,BMW,M3,Compact,3.0,6,AM7,Z,12.1,284
2017,BMW,M3,Compact,3.0,6,M6,Z,11.7,273
2017,BMW,M4 Cabriolet,Subcompact,3.0,6,AM7,Z,12.1,283
2017,BMW,M4 Cabriolet,Subcompact,3.0,6,M6,Z,11.7,273
2017,BMW,M4 Coupe,Compact,3.0,6,AM7,Z,12.1,284
2017,BMW,M4 Coupe,Compact,3.0,6,M6,Z,11.7,273
2017,BMW,M6,Compact,4.4,8,AM7,Z,14.7,343
2017,BMW,M6,Compact,4.4,8,M6,Z,13.8,324
2017,BMW,M6 Cabriolet,Subcompact,4.4,8,AM7,Z,14.7,343
2017,BMW,M6 Cabriolet,Subcompact,4.4,8,M6,Z,13.8,324
2017,BMW,M6 Gran Coupe,Compact,4.4,8,AM7,Z,14.7,343
2017,BMW,M6 Gran Coupe,Compact,4.4,8,M6,Z,13.8,324
2017,BMW,M760i xDrive,Full-size,6.6,12,AS8,Z,15.1,355
2017,BMW,X1 xDrive28i,Sport utility vehicle: Small,2.0,4,AS8,Z,9.1,213
2017,BMW,X3 xDrive28d,Sport utility vehicle: Small,2.0,4,AS8,D,8.0,211
2017,BMW,X3 xDrive28i,Sport utility vehicle: Small,2.0,4,AS8,Z,10.0,233
2017,BMW,X3 xDrive35i,Sport utility vehicle: Small,3.0,6,AS8,Z,11.1,260
2017,BMW,X4 xDrive28i,Sport utility vehicle: Small,2.0,4,AS8,Z,10.3,240
2017,BMW,X4 M40i,Sport utility vehicle: Small,3.0,6,AS8,Z,11.1,260
2017,BMW,X5 xDrive35d,Sport utility vehicle: Standard,3.0,6,AS8,D,9.3,249
2017,BMW,X5 xDrive35i,Sport utility vehicle: Standard,3.0,6,AS8,Z,11.5,270
2017,BMW,X5 xDrive50i,Sport utility vehicle: Standard,4.4,8,AS8,Z,13.7,320
2017,BMW,X5 M,Sport utility vehicle: Standard,4.4,8,AS8,Z,14.6,341
2017,BMW,X6 xDrive35i,Sport utility vehicle: Standard,3.0,6,AS8,Z,11.5,270
2017,BMW,X6 xDrive50i,Sport utility vehicle: Standard,4.4,8,AS8,Z,13.7,320
2017,BMW,X6 M,Sport utility vehicle: Standard,4.4,8,AS8,Z,14.6,341
2017,Buick,Enclave,Sport utility vehicle: Standard,3.6,6,A6,X,13.4,315
2017,Buick,Enclave AWD,Sport utility vehicle: Standard,3.6,6,A6,X,13.7,322
2017,Buick,Encore (LE2 Engine),Sport utility vehicle: Small,1.4,4,AS6,X,7.9,185
2017,Buick,Encore (LUV Engine),Sport utility vehicle: Small,1.4,4,AS6,X,8.3,194
2017,Buick,Encore AWD (LE2 Engine),Sport utility vehicle: Small,1.4,4,AS6,X,8.3,196
2017,Buick,Encore AWD (LUV Engine),Sport utility vehicle: Small,1.4,4,AS6,X,8.8,208
2017,Buick,Envision AWD,Sport utility vehicle: Small,2.0,4,A6,Z,10.6,248
2017,Buick,Envision AWD,Sport utility vehicle: Small,2.5,4,A6,X,9.9,232
2017,Buick,LaCrosse,Mid-size,3.6,6,AS8,X,9.5,224
2017,Buick,LaCrosse AWD,Mid-size,3.6,6,AS8,X,10.0,235
2017,Buick,Regal,Mid-size,2.0,4,AS6,Z,9.9,233
2017,Buick,Regal AWD,Mid-size,2.0,4,AS6,Z,10.7,250
2017,Buick,Verano,Compact,2.4,4,AS6,X,9.7,226
2017,Cadillac,ATS,Compact,2.0,4,AS8,Z,9.3,217
2017,Cadillac,ATS,Compact,2.0,4,M6,Z,10.1,236
2017,Cadillac,ATS,Compact,2.5,4,AS8,X,9.2,216
2017,Cadillac,ATS,Compact,3.6,6,AS8,X,10.0,234
2017,Cadillac,ATS AWD,Compact,2.0,4,AS8,Z,9.5,222
2017,Cadillac,ATS AWD,Compact,3.6,6,AS8,X,10.6,248
2017,Cadillac,ATS-V,Compact,3.6,6,AS8,Z,11.9,279
2017,Cadillac,ATS-V,Compact,3.6,6,M6,Z,12.6,295
2017,Cadillac,CT6,Full-size,2.0,4,AS8,Z,9.5,223
2017,Cadillac,CT6 AWD,Full-size,3.0,6,AS8,Z,11.2,263
2017,Cadillac,CT6 AWD,Full-size,3.6,6,AS8,X,11.0,259
2017,Cadillac,CTS,Mid-size,2.0,4,AS8,Z,9.5,223
2017,Cadillac,CTS,Mid-size,3.6,6,AS8,X,10.0,234
2017,Cadillac,CTS AWD,Mid-size,2.0,4,AS8,Z,9.8,229
2017,Cadillac,CTS AWD,Mid-size,3.6,6,AS8,X,10.6,248
2017,Cadillac,CTS Vsport,Mid-size,3.6,6,AS8,Z,12.7,299
2017,Cadillac,CTS-V,Mid-size,6.2,8,AS8,Z,14.0,329
2017,Cadillac,Escalade 4WD,Sport utility vehicle: Standard,6.2,8,A8,Z,14.1,331
2017,Cadillac,XT5,Sport utility vehicle: Small,3.6,6,AS8,X,10.5,245
2017,Cadillac,XT5 AWD,Sport utility vehicle: Small,3.6,6,AS8,X,11.1,260
2017,Cadillac,XTS,Full-size,3.6,6,AS6,X,11.1,260
2017,Cadillac,XTS AWD,Full-size,3.6,6,AS6,X,11.6,272
2017,Cadillac,XTS Vsport AWD,Full-size,3.6,6,AS6,Z,12.8,299
2017,Chevrolet,Camaro,Subcompact,2.0,4,AS8,Z,9.5,222
2017,Chevrolet,Camaro,Subcompact,2.0,4,M6,Z,10.1,236
2017,Chevrolet,Camaro,Subcompact,3.6,6,AS8,X,10.6,249
2017,Chevrolet,Camaro,Subcompact,3.6,6,M6,X,11.7,274
2017,Chevrolet,Camaro SS,Subcompact,6.2,8,AS8,Z,11.7,273
2017,Chevrolet,Camaro SS,Subcompact,6.2,8,M6,Z,12.1,284
2017,Chevrolet,Camaro ZL1,Subcompact,6.2,8,AS10,Z,15.6,367
2017,Chevrolet,Camaro ZL1,Subcompact,6.2,8,M6,Z,14.9,349
2017,Chevrolet,City Express,Special purpose vehicle,2.0,4,AV,X,9.4,220
2017,Chevrolet,Colorado,Pickup truck: Small,2.5,4,A6,X,10.7,252
2017,Chevrolet,Colorado,Pickup truck: Small,2.5,4,M6,X,10.9,254
2017,Chevrolet,Colorado,Pickup truck: Small,2.8,4,A6,D,9.5,255
2017,Chevrolet,Colorado,Pickup truck: Small,3.6,6,A8,X,11.7,274
2017,Chevrolet,Colorado 4WD,Pickup truck: Small,2.5,4,A6,X,11.3,263
2017,Chevrolet,Colorado 4WD,Pickup truck: Small,2.8,4,A6,D,10.4,280
2017,Chevrolet,Colorado 4WD,Pickup truck: Small,3.6,6,A8,X,12.2,286
2017,Chevrolet,Colorado ZR2 4WD,Pickup truck: Small,2.8,4,A6,D,11.7,315
2017,Chevrolet,Colorado ZR2 4WD,Pickup truck: Small,3.6,6,A8,X,14.1,331
2017,Chevrolet,Corvette,Two-seater,6.2,8,AS8,Z,12.4,290
2017,Chevrolet,Corvette,Two-seater,6.2,8,M7,Z,11.9,278
2017,Chevrolet,Corvette Z06,Two-seater,6.2,8,AS8,Z,14.3,336
2017,Chevrolet,Corvette Z06,Two-seater,6.2,8,M7,Z,13.4,312
2017,Chevrolet,Cruze,Compact,1.4,4,AS6,X,7.0,165
2017,Chevrolet,Cruze Premier,Compact,1.4,4,AS6,X,7.2,169
2017,Chevrolet,Cruze,Compact,1.4,4,M6,X,7.3,170
2017,Chevrolet,Cruze Diesel,Compact,1.6,4,A9,D,6.4,172
2017,Chevrolet,Cruze Diesel,Compact,1.6,4,M6,D,6.3,169
2017,Chevrolet,Cruze Hatchback,Compact,1.4,4,AS6,X,7.3,172
2017,Chevrolet,Cruze Hatchback Premier,Compact,1.4,4,AS6,X,7.5,176
2017,Chevrolet,Cruze Hatchback,Compact,1.4,4,M6,X,7.4,173
2017,Chevrolet,Equinox,Sport utility vehicle: Small,2.4,4,A6,X,9.4,221
2017,Chevrolet,Equinox FFV,Sport utility vehicle: Small,2.4,4,A6,X,9.4,221
2017,Chevrolet,Equinox FFV,Sport utility vehicle: Small,2.4,4,A6,E,13.6,223
2017,Chevrolet,Equinox,Sport utility vehicle: Small,3.6,6,A6,X,12.1,285
2017,Chevrolet,Equinox AWD,Sport utility vehicle: Small,2.4,4,A6,X,10.1,237
2017,Chevrolet,Equinox AWD FFV,Sport utility vehicle: Small,2.4,4,A6,X,10.1,237
2017,Chevrolet,Equinox AWD FFV,Sport utility vehicle: Small,2.4,4,A6,E,14.2,234
2017,Chevrolet,Equinox AWD,Sport utility vehicle: Small,3.6,6,A6,X,13.0,304
2017,Chevrolet,Express 2500 Passenger,Van: Passenger,6.0,8,A6,X,18.6,438
2017,Chevrolet,Express 3500 Passenger,Van: Passenger,6.0,8,A6,X,19.0,445
2017,Chevrolet,Impala,Full-size,2.5,4,AS6,X,9.5,224
2017,Chevrolet,Impala FFV,Full-size,3.6,6,AS6,X,10.6,249
2017,Chevrolet,Impala FFV,Full-size,3.6,6,AS6,E,14.6,240
2017,Chevrolet,Malibu,Mid-size,1.5,4,A6,X,7.8,182
2017,Chevrolet,Malibu,Mid-size,2.0,4,A9,Z,9.1,212
2017,Chevrolet,Malibu Hybrid,Mid-size,1.8,4,AV,X,5.1,121
2017,Chevrolet,Silverado FFV,Pickup truck: Standard,4.3,6,A6,X,11.9,279
2017,Chevrolet,Silverado FFV,Pickup truck: Standard,4.3,6,A6,E,17.1,284
2017,Chevrolet,Silverado,Pickup truck: Standard,5.3,8,A6,X,12.7,297
2017,Chevrolet,Silverado FFV,Pickup truck: Standard,5.3,8,A6,X,12.7,298
2017,Chevrolet,Silverado FFV,Pickup truck: Standard,5.3,8,A6,E,17.1,284
2017,Chevrolet,Silverado,Pickup truck: Standard,5.3,8,A8,X,13.1,309
2017,Chevrolet,Silverado,Pickup truck: Standard,6.2,8,A8,Z,13.8,324
2017,Chevrolet,Silverado 4WD FFV,Pickup truck: Standard,4.3,6,A6,X,12.5,294
2017,Chevrolet,Silverado 4WD FFV,Pickup truck: Standard,4.3,6,A6,E,18.0,294
2017,Chevrolet,Silverado 4WD,Pickup truck: Standard,5.3,8,A6,X,13.1,307
2017,Chevrolet,Silverado 4WD FFV,Pickup truck: Standard,5.3,8,A6,X,13.1,307
2017,Chevrolet,Silverado 4WD FFV,Pickup truck: Standard,5.3,8,A6,E,17.9,315
2017,Chevrolet,Silverado 4WD,Pickup truck: Standard,5.3,8,A8,X,13.9,327
2017,Chevrolet,Silverado eAssist 4WD,Pickup truck: Standard,5.3,8,A8,X,13.0,303
2017,Chevrolet,Silverado 4WD,Pickup truck: Standard,6.2,8,A8,Z,14.1,330
2017,Chevrolet,Sonic,Compact,1.4,4,AS6,X,7.8,184
2017,Chevrolet,Sonic,Compact,1.4,4,M6,X,7.4,174
2017,Chevrolet,Sonic,Compact,1.8,4,AS6,X,8.4,197
2017,Chevrolet,Sonic,Compact,1.8,4,M5,X,8.3,194
2017,Chevrolet,Sonic 5,Station wagon: Small,1.4,4,AS6,X,7.8,184
2017,Chevrolet,Sonic 5,Station wagon: Small,1.4,4,M6,X,7.4,174
2017,Chevrolet,Sonic 5,Station wagon: Small,1.8,4,AS6,X,8.4,197
2017,Chevrolet,Sonic 5,Station wagon: Small,1.8,4,M5,X,8.3,194
2017,Chevrolet,Spark,Subcompact,1.4,4,AV,X,7.1,167
2017,Chevrolet,Spark,Subcompact,1.4,4,M5,X,7.2,168
2017,Chevrolet,Suburban,Sport utility vehicle: Standard,5.3,8,A6,X,13.0,305
2017,Chevrolet,Suburban FFV,Sport utility vehicle: Standard,5.3,8,A6,X,13.0,305
2017,Chevrolet,Suburban FFV,Sport utility vehicle: Standard,5.3,8,A6,E,17.1,284
2017,Chevrolet,Suburban 4WD,Sport utility vehicle: Standard,5.3,8,A6,X,13.3,312
2017,Chevrolet,Suburban 4WD FFV,Sport utility vehicle: Standard,5.3,8,A6,X,13.3,312
2017,Chevrolet,Suburban 4WD FFV,Sport utility vehicle: Standard,5.3,8,A6,E,19.1,317
2017,Chevrolet,Tahoe,Sport utility vehicle: Standard,5.3,8,A6,X,13.0,305
2017,Chevrolet,Tahoe FFV,Sport utility vehicle: Standard,5.3,8,A6,X,13.0,305
2017,Chevrolet,Tahoe FFV,Sport utility vehicle: Standard,5.3,8,A6,E,17.1,284
2017,Chevrolet,Tahoe 4WD,Sport utility vehicle: Standard,5.3,8,A6,X,13.2,310
2017,Chevrolet,Tahoe 4WD FFV,Sport utility vehicle: Standard,5.3,8,A6,X,13.2,310
2017,Chevrolet,Tahoe 4WD FFV,Sport utility vehicle: Standard,5.3,8,A6,E,18.0,299
2017,Chevrolet,Traverse,Sport utility vehicle: Standard,3.6,6,A6,X,13.4,315
2017,Chevrolet,Traverse AWD,Sport utility vehicle: Standard,3.6,6,A6,X,13.7,322
2017,Chevrolet,Trax,Sport utility vehicle: Small,1.4,4,AS6,X,8.3,194
2017,Chevrolet,Trax,Sport utility vehicle: Small,1.4,4,M6,X,8.2,194
2017,Chevrolet,Trax AWD,Sport utility vehicle: Small,1.4,4,AS6,X,8.8,208
2017,Chrysler,200 FFV,Mid-size,2.4,4,A9,X,8.6,201
2017,Chrysler,200 FFV,Mid-size,2.4,4,A9,E,11.7,192
2017,Chrysler,200 FFV,Mid-size,3.6,6,A9,X,10.2,241
2017,Chrysler,200 FFV,Mid-size,3.6,6,A9,E,13.9,230
2017,Chrysler,200 AWD FFV,Mid-size,3.6,6,A9,X,10.8,252
2017,Chrysler,200 AWD FFV,Mid-size,3.6,6,A9,E,14.4,237
2017,Chrysler,300,Full-size,3.6,6,A8,X,10.3,242
2017,Chrysler,300 (MDS),Full-size,5.7,8,A8,X,12.3,289
2017,Chrysler,300 AWD,Full-size,3.6,6,A8,X,11.0,258
2017,Chrysler,300 AWD FFV,Full-size,3.6,6,A8,X,11.0,258
2017,Chrysler,300 AWD FFV,Full-size,3.6,6,A8,E,15.0,248
2017,Chrysler,Pacifica,Minivan,3.6,6,A9,X,10.9,257
2017,Chrysler,Pacifica (Stop-Start),Minivan,3.6,6,A9,X,10.6,249
2017,Dodge,Challenger,Mid-size,3.6,6,A8,X,10.3,242
2017,Dodge,Challenger (MDS),Mid-size,5.7,8,A8,X,12.3,289
2017,Dodge,Challenger,Mid-size,5.7,8,M6,Z,13.1,307
2017,Dodge,Challenger (MDS),Mid-size,6.4,8,A8,Z,12.9,302
2017,Dodge,Challenger,Mid-size,6.4,8,M6,Z,13.9,325
2017,Dodge,Challenger GT,Mid-size,3.6,6,A8,X,11.0,258
2017,Dodge,Challenger SRT (MDS),Mid-size,6.4,8,A8,Z,12.9,302
2017,Dodge,Challenger SRT,Mid-size,6.4,8,M6,Z,13.9,325
2017,Dodge,Challenger SRT Hellcat,Mid-size,6.2,8,A8,Z,14.5,339
2017,Dodge,Challenger SRT Hellcat,Mid-size,6.2,8,M6,Z,15.1,352
2017,Dodge,Charger,Full-size,3.6,6,A5,X,11.6,271
2017,Dodge,Charger,Full-size,3.6,6,A8,X,10.3,242
2017,Dodge,Charger (MDS),Full-size,5.7,8,A5,X,12.9,302
2017,Dodge,Charger (MDS),Full-size,5.7,8,A8,X,12.3,289
2017,Dodge,Charger (MDS),Full-size,6.4,8,A8,Z,12.9,302
2017,Dodge,Charger AWD,Full-size,3.6,6,A8,X,11.0,258
2017,Dodge,Charger AWD FFV,Full-size,3.6,6,A8,X,11.0,258
2017,Dodge,Charger AWD FFV,Full-size,3.6,6,A8,E,15.0,248
2017,Dodge,Charger AWD,Full-size,5.7,8,A5,X,13.3,312
2017,Dodge,Charger SRT (MDS),Full-size,6.4,8,A8,Z,12.9,302
2017,Dodge,Charger SRT Hellcat,Full-size,6.2,8,A8,Z,14.5,339
2017,Dodge,Durango AWD,Sport utility vehicle: Standard,3.6,6,A8,X,11.3,265
2017,Dodge,Durango AWD,Sport utility vehicle: Standard,5.7,8,A8,X,14.0,328
2017,Dodge,Grand Caravan FFV,Minivan,3.6,6,A6,X,11.8,276
2017,Dodge,Grand Caravan FFV,Minivan,3.6,6,A6,E,16.7,274
2017,Dodge,Journey,Sport utility vehicle: Small,2.4,4,A4,X,11.1,261
2017,Dodge,Journey FFV,Sport utility vehicle: Small,3.6,6,A6,X,12.1,284
2017,Dodge,Journey FFV,Sport utility vehicle: Small,3.6,6,A6,E,16.4,274
2017,Dodge,Journey AWD,Sport utility vehicle: Small,3.6,6,A6,X,12.4,292
2017,Dodge,Viper,Two-seater,8.4,10,M6,Z,16.6,387
2017,FIAT,124 Spider,Two-seater,1.4,4,A6,X,8.0,187
2017,FIAT,124 Spider,Two-seater,1.4,4,M6,X,7.9,185
2017,FIAT,500 Cabrio,Minicompact,1.4,4,A6,X,8.0,186
2017,FIAT,500 Cabrio,Minicompact,1.4,4,M5,X,7.3,171
2017,FIAT,500 Hatchback,Minicompact,1.4,4,A6,X,8.0,186
2017,FIAT,500 Hatchback,Minicompact,1.4,4,M5,X,7.0,163
2017,FIAT,500 Abarth Cabrio,Minicompact,1.4,4,A6,X,8.7,202
2017,FIAT,500 Abarth Cabrio,Minicompact,1.4,4,M5,X,7.9,186
2017,FIAT,500 Abarth Hatchback,Minicompact,1.4,4,A6,X,8.7,202
2017,FIAT,500 Abarth Hatchback,Minicompact,1.4,4,M5,X,7.9,186
2017,FIAT,500L,Station wagon: Small,1.4,4,A6,X,9.4,221
2017,FIAT,500X,Sport utility vehicle: Small,1.4,4,M6,X,8.4,197
2017,FIAT,500X,Sport utility vehicle: Small,2.4,4,A9,X,9.3,219
2017,FIAT,500X AWD,Sport utility vehicle: Small,2.4,4,A9,X,9.7,226
2017,Ford,C-MAX Hybrid,Full-size,2.0,4,AV,X,5.9,138
2017,Ford,Edge,Sport utility vehicle: Small,2.0,4,AS6,X,9.9,233
2017,Ford,Edge (Start/Stop),Sport utility vehicle: Small,2.0,4,AS6,X,9.8,230
2017,Ford,Edge,Sport utility vehicle: Small,3.5,6,AS6,X,11.5,270
2017,Ford,Edge AWD,Sport utility vehicle: Small,2.0,4,AS6,X,10.4,244
2017,Ford,Edge AWD,Sport utility vehicle: Small,2.7,6,AS6,X,12.0,281
2017,Ford,Edge AWD,Sport utility vehicle: Small,3.5,6,AS6,X,12.1,284
2017,Ford,Escape,Sport utility vehicle: Small,1.5,4,AS6,X,9.1,214
2017,Ford,Escape,Sport utility vehicle: Small,2.0,4,AS6,X,9.5,222
2017,Ford,Escape FFV,Sport utility vehicle: Small,2.5,4,AS6,X,9.7,229
2017,Ford,Escape FFV,Sport utility vehicle: Small,2.5,4,AS6,E,13.3,219
2017,Ford,Escape AWD,Sport utility vehicle: Small,1.5,4,AS6,X,9.6,226
2017,Ford,Escape AWD,Sport utility vehicle: Small,2.0,4,AS6,X,10.2,239
2017,Ford,Expedition 4X4,Sport utility vehicle: Standard,3.5,6,AS6,X,14.2,333
2017,Ford,Expedition EL 4X4,Sport utility vehicle: Standard,3.5,6,AS6,X,14.3,337
2017,Ford,Explorer,Sport utility vehicle: Standard,2.3,4,AS6,X,10.8,254
2017,Ford,Explorer FFV,Sport utility vehicle: Standard,3.5,6,AS6,X,12.0,281
2017,Ford,Explorer FFV,Sport utility vehicle: Standard,3.5,6,AS6,E,16.1,264
2017,Ford,Explorer AWD,Sport utility vehicle: Standard,2.3,4,AS6,X,11.3,266
2017,Ford,Explorer AWD,Sport utility vehicle: Standard,3.5,6,AS6,X,13.0,305
2017,Ford,Explorer FFV AWD,Sport utility vehicle: Standard,3.5,6,AS6,X,12.6,296
2017,Ford,Explorer FFV AWD,Sport utility vehicle: Standard,3.5,6,AS6,E,17.2,284
2017,Ford,F-150,Pickup truck: Standard,2.7,6,AS6,X,10.9,256
2017,Ford,F-150 (LT Tire Pkg),Pickup truck: Standard,2.7,6,AS6,X,11.2,263
2017,Ford,F-150 (Payload Pkg),Pickup truck: Standard,2.7,6,AS6,X,11.6,272
2017,Ford,F-150,Pickup truck: Standard,3.5,6,AS10,X,11.3,264
2017,Ford,F-150 FFV,Pickup truck: Standard,3.5,6,A6,X,11.6,272
2017,Ford,F-150 FFV,Pickup truck: Standard,3.5,6,A6,E,15.8,258
2017,Ford,F-150 (LT Tire Pkg),Pickup truck: Standard,3.5,6,AS10,X,11.7,274
2017,Ford,F-150 (Payload Pkg),Pickup truck: Standard,3.5,6,AS10,X,12.4,290
2017,Ford,F-150 FFV,Pickup truck: Standard,5.0,8,AS6,X,13.2,310
2017,Ford,F-150 FFV,Pickup truck: Standard,5.0,8,AS6,E,17.7,291
2017,Ford,F-150 FFV (Payload Pkg),Pickup truck: Standard,5.0,8,AS6,X,14.5,340
2017,Ford,F-150 FFV (Payload Pkg),Pickup truck: Standard,5.0,8,AS6,E,17.7,291
2017,Ford,F-150 4X4,Pickup truck: Standard,2.7,6,AS6,X,11.8,276
2017,Ford,F-150 4X4 (LT Tire Pkg),Pickup truck: Standard,2.7,6,AS6,X,12.5,293
2017,Ford,F-150 4X4 (Payload Pkg),Pickup truck: Standard,2.7,6,AS6,X,12.3,288
2017,Ford,F-150 4X4,Pickup truck: Standard,3.5,6,AS10,X,12.1,284
2017,Ford,F-150 FFV 4X4,Pickup truck: Standard,3.5,6,A6,X,12.5,293
2017,Ford,F-150 FFV 4X4,Pickup truck: Standard,3.5,6,A6,E,16.9,281
2017,Ford,F-150 4X4 (LT Tire Pkg),Pickup truck: Standard,3.5,6,AS10,X,12.3,288
2017,Ford,F-150 4X4 (Payload Pkg),Pickup truck: Standard,3.5,6,AS10,X,12.7,298
2017,Ford,F-150 FFV 4X4,Pickup truck: Standard,5.0,8,AS6,X,13.8,323
2017,Ford,F-150 FFV 4X4,Pickup truck: Standard,5.0,8,AS6,E,18.6,305
2017,Ford,F-150 FFV 4X4 (LT Tire Pkg),Pickup truck: Standard,5.0,8,AS6,X,14.1,330
2017,Ford,F-150 FFV 4X4 (LT Tire Pkg),Pickup truck: Standard,5.0,8,AS6,E,18.6,306
2017,Ford,F-150 FFV 4X4 (Payload Pkg),Pickup truck: Standard,5.0,8,AS6,X,14.8,347
2017,Ford,F-150 FFV 4X4 (Payload Pkg),Pickup truck: Standard,5.0,8,AS6,E,19.6,326
2017,Ford,F-150 Raptor 4X4,Pickup truck: Standard,3.5,6,AS10,X,14.5,339
2017,Ford,Fiesta SFE,Subcompact,1.0,3,M5,X,6.8,158
2017,Ford,Fiesta,Subcompact,1.6,4,AS6,X,7.6,178
2017,Ford,Fiesta,Subcompact,1.6,4,M5,X,7.8,182
2017,Ford,Fiesta ST,Compact,1.6,4,M6,X,8.2,192
2017,Ford,Flex,Sport utility vehicle: Standard,3.5,6,AS6,X,12.7,298
2017,Ford,Flex AWD,Sport utility vehicle: Standard,3.5,6,AS6,X,12.9,303
2017,Ford,Flex AWD GTDI,Sport utility vehicle: Standard,3.5,6,AS6,X,13.7,321
2017,Ford,Focus (Start/Stop),Compact,1.0,3,AS6,X,7.5,176
2017,Ford,Focus (Start/Stop),Compact,1.0,3,M6,X,7.0,164
2017,Ford,Focus FFV,Compact,2.0,4,AM6,X,7.9,185
2017,Ford,Focus FFV,Compact,2.0,4,AM6,E,10.6,177
2017,Ford,Focus FFV,Compact,2.0,4,AS6,X,8.0,189
2017,Ford,Focus FFV,Compact,2.0,4,AS6,E,10.9,182
2017,Ford,Focus FFV,Compact,2.0,4,M5,X,8.3,195
2017,Ford,Focus FFV,Compact,2.0,4,M5,E,11.4,188
2017,Ford,Focus ST,Mid-size,2.0,4,M6,X,9.3,219
2017,Ford,Focus RS AWD,Mid-size,2.3,4,M6,Z,10.9,256
2017,Ford,Fusion,Mid-size,1.5,4,AS6,X,8.7,204
2017,Ford,Fusion,Mid-size,2.0,4,AS6,X,9.6,225
2017,Ford,Fusion,Mid-size,2.5,4,A6,X,9.6,224
2017,Ford,Fusion AWD,Mid-size,2.0,4,AS6,X,10.1,238
2017,Ford,Fusion AWD,Mid-size,2.7,6,AS6,X,11.5,270
2017,Ford,Fusion Hybrid,Mid-size,2.0,4,AV,X,5.6,131
2017,Ford,GT,Two-seater,3.5,6,AM7,Z,17.3,406
2017,Ford,Mustang,Subcompact,2.3,4,AS6,X,9.6,226
2017,Ford,Mustang (Performance Pkg),Subcompact,2.3,4,AS6,X,10.2,239
2017,Ford,Mustang,Subcompact,2.3,4,M6,X,9.8,230
2017,Ford,Mustang (Performance Pkg),Subcompact,2.3,4,M6,X,9.8,230
2017,Ford,Mustang,Subcompact,3.7,6,AS6,X,11.1,259
2017,Ford,Mustang,Subcompact,3.7,6,M6,X,11.5,271
2017,Ford,Mustang,Subcompact,5.0,8,AS6,X,12.9,303
2017,Ford,Mustang,Subcompact,5.0,8,M6,X,13.1,307
2017,Ford,Mustang (Performance Pkg),Subcompact,5.0,8,M6,X,13.8,324
2017,Ford,Mustang Convertible,Subcompact,2.3,4,AS6,X,10.2,239
2017,Ford,Mustang Convertible,Subcompact,2.3,4,M6,X,10.1,237
2017,Ford,Mustang Convertible,Subcompact,5.0,8,AS6,X,13.2,309
2017,Ford,Mustang Convertible,Subcompact,5.0,8,M6,X,13.8,324
2017,Ford,Shelby GT350 Mustang,Subcompact,5.2,8,M6,Z,14.6,341
2017,Ford,T-150 Wagon,Van: Passenger,3.5,6,AS6,X,14.6,344
2017,Ford,T-150 Wagon FFV,Van: Passenger,3.7,6,AS6,X,15.1,354
2017,Ford,T-150 Wagon FFV,Van: Passenger,3.7,6,AS6,E,20.9,343
2017,Ford,Taurus,Full-size,2.0,4,AS6,X,10.1,238
2017,Ford,Taurus FFV,Full-size,3.5,6,AS6,X,11.1,260
2017,Ford,Taurus FFV,Full-size,3.5,6,AS6,E,15.0,249
2017,Ford,Taurus AWD,Full-size,3.5,6,AS6,X,12.5,293
2017,Ford,Taurus FFV AWD,Full-size,3.5,6,AS6,X,12.4,291
2017,Ford,Taurus FFV AWD,Full-size,3.5,6,AS6,E,16.3,271
2017,Ford,Transit Connect Van FFV,Special purpose vehicle,2.5,4,AS6,X,10.4,244
2017,Ford,Transit Connect Van FFV,Special purpose vehicle,2.5,4,AS6,E,14.2,234
2017,Ford,Transit Connect Wagon LWB FFV,Special purpose vehicle,2.5,4,AS6,X,10.8,253
2017,Ford,Transit Connect Wagon LWB FFV,Special purpose vehicle,2.5,4,AS6,E,14.7,242
2017,Genesis,G80 AWD,Full-size,3.8,6,AS8,X,12.1,286
2017,Genesis,G80 AWD,Full-size,5.0,8,AS8,Z,14.2,332
2017,Genesis,G90 AWD,Full-size,3.3,6,AS8,Z,11.9,279
2017,Genesis,G90 AWD,Full-size,5.0,8,AS8,Z,13.0,306
2017,GMC,Acadia,Sport utility vehicle: Standard,2.5,4,A6,X,10.2,239
2017,GMC,Acadia,Sport utility vehicle: Standard,3.6,6,A6,X,11.3,265
2017,GMC,Acadia AWD,Sport utility vehicle: Standard,2.5,4,A6,X,10.4,243
2017,GMC,Acadia AWD,Sport utility vehicle: Standard,3.6,6,A6,X,11.6,271
2017,GMC,Canyon,Pickup truck: Small,2.5,4,A6,X,10.7,252
2017,GMC,Canyon,Pickup truck: Small,2.5,4,M6,X,10.9,254
2017,GMC,Canyon,Pickup truck: Small,2.8,4,A6,D,9.5,255
2017,GMC,Canyon,Pickup truck: Small,3.6,6,A8,X,11.7,274
2017,GMC,Canyon 4WD,Pickup truck: Small,2.5,4,A6,X,11.3,263
2017,GMC,Canyon 4WD,Pickup truck: Small,2.8,4,A6,D,10.4,280
2017,GMC,Canyon 4WD,Pickup truck: Small,3.6,6,A8,X,12.2,286
2017,GMC,Savana 2500 Passenger,Van: Passenger,6.0,8,A6,X,18.6,438
2017,GMC,Savana 3500 Passenger,Van: Passenger,6.0,8,A6,X,19.0,445
2017,GMC,Sierra FFV,Pickup truck: Standard,4.3,6,A6,X,11.9,279
2017,GMC,Sierra FFV,Pickup truck: Standard,4.3,6,A6,E,17.1,284
2017,GMC,Sierra,Pickup truck: Standard,5.3,8,A6,X,12.7,297
2017,GMC,Sierra FFV,Pickup truck: Standard,5.3,8,A6,X,12.7,298
2017,GMC,Sierra FFV,Pickup truck: Standard,5.3,8,A6,E,17.1,284
2017,GMC,Sierra,Pickup truck: Standard,5.3,8,A8,X,13.1,309
2017,GMC,Sierra eAssist 4WD,Pickup truck: Standard,5.3,8,A8,X,13.0,303
2017,GMC,Sierra,Pickup truck: Standard,6.2,8,A8,Z,13.8,323
2017,GMC,Sierra 4WD FFV,Pickup truck: Standard,4.3,6,A6,X,12.5,294
2017,GMC,Sierra 4WD FFV,Pickup truck: Standard,4.3,6,A6,E,18.0,294
2017,GMC,Sierra 4WD,Pickup truck: Standard,5.3,8,A6,X,13.1,307
2017,GMC,Sierra 4WD FFV,Pickup truck: Standard,5.3,8,A6,X,13.1,307
2017,GMC,Sierra 4WD FFV,Pickup truck: Standard,5.3,8,A6,E,17.9,317
2017,GMC,Sierra 4WD,Pickup truck: Standard,5.3,8,A8,X,13.9,327
2017,GMC,Sierra 4WD,Pickup truck: Standard,6.2,8,A8,Z,14.1,330
2017,GMC,Terrain,Sport utility vehicle: Small,2.4,4,A6,X,9.4,221
2017,GMC,Terrain FFV,Sport utility vehicle: Small,2.4,4,A6,X,9.4,221
2017,GMC,Terrain FFV,Sport utility vehicle: Small,2.4,4,A6,E,13.6,223
2017,GMC,Terrain,Sport utility vehicle: Small,3.6,6,A6,X,12.1,285
2017,GMC,Terrain AWD,Sport utility vehicle: Small,2.4,4,A6,X,10.1,237
2017,GMC,Terrain AWD,Sport utility vehicle: Small,3.6,6,A6,X,13.0,304
2017,GMC,Yukon,Sport utility vehicle: Standard,5.3,8,A6,X,13.0,305
2017,GMC,Yukon FFV,Sport utility vehicle: Standard,5.3,8,A6,X,13.0,305
2017,GMC,Yukon FFV,Sport utility vehicle: Standard,5.3,8,A6,E,17.1,284
2017,GMC,Yukon 4WD,Sport utility vehicle: Standard,5.3,8,A6,X,13.2,310
2017,GMC,Yukon 4WD FFV,Sport utility vehicle: Standard,5.3,8,A6,X,13.2,310
2017,GMC,Yukon 4WD FFV,Sport utility vehicle: Standard,5.3,8,A6,E,18.0,299
2017,GMC,Yukon Denali 4WD,Sport utility vehicle: Standard,6.2,8,A8,Z,14.1,330
2017,GMC,Yukon XL,Sport utility vehicle: Standard,5.3,8,A6,X,13.0,305
2017,GMC,Yukon XL FFV,Sport utility vehicle: Standard,5.3,8,A6,X,13.0,305
2017,GMC,Yukon XL FFV,Sport utility vehicle: Standard,5.3,8,A6,E,17.1,284
2017,GMC,Yukon XL 4WD,Sport utility vehicle: Standard,5.3,8,A6,X,13.3,312
2017,GMC,Yukon XL 4WD FFV,Sport utility vehicle: Standard,5.3,8,A6,X,13.3,312
2017,GMC,Yukon XL 4WD FFV,Sport utility vehicle: Standard,5.3,8,A6,E,19.1,317
2017,GMC,Yukon XL Denali 4WD,Sport utility vehicle: Standard,6.2,8,A8,Z,14.2,333
2017,Honda,Accord,Mid-size,2.4,4,AV7,X,8.2,190
2017,Honda,Accord,Mid-size,2.4,4,M6,X,9.0,210
2017,Honda,Accord Coupe,Mid-size,3.5,6,AS6,X,9.6,225
2017,Honda,Accord Coupe,Mid-size,3.5,6,M6,X,10.9,254
2017,Honda,Accord Sedan,Mid-size,2.4,4,AV,X,7.8,180
2017,Honda,Accord Sedan,Mid-size,3.5,6,A6,X,9.5,223
2017,Honda,Accord Hybrid,Mid-size,2.0,4,AV,X,5.0,114
2017,Honda,Civic Coupe,Compact,1.5,4,AV7,X,6.8,158
2017,Honda,Civic Coupe,Compact,1.5,4,M6,X,6.8,159
2017,Honda,Civic Coupe,Compact,2.0,4,AV,X,7.0,163
2017,Honda,Civic Coupe,Compact,2.0,4,M6,X,7.4,173
2017,Honda,Civic Hatchback,Full-size,1.5,4,AV,X,6.9,162
2017,Honda,Civic Hatchback,Full-size,1.5,4,AV7,Z,7.3,170
2017,Honda,Civic Hatchback,Full-size,1.5,4,AV7,X,7.3,170
2017,Honda,Civic Hatchback,Full-size,1.5,4,M6,Z,7.2,167
2017,Honda,Civic Hatchback,Full-size,1.5,4,M6,X,7.2,167
2017,Honda,Civic Sedan,Mid-size,1.5,4,AV,X,6.6,153
2017,Honda,Civic Sedan,Mid-size,2.0,4,AV,X,7.0,163
2017,Honda,Civic Sedan,Mid-size,2.0,4,M6,X,7.4,172
2017,Honda,CR-V,Sport utility vehicle: Small,1.5,4,AV,X,7.8,181
2017,Honda,CR-V AWD,Sport utility vehicle: Small,1.5,4,AV,X,8.0,188
2017,Honda,Fit,Station wagon: Small,1.5,4,AV,X,6.5,154
2017,Honda,Fit,Station wagon: Small,1.5,4,AV7,X,7.0,164
2017,Honda,Fit,Station wagon: Small,1.5,4,M6,X,7.4,174
2017,Honda,HR-V,Station wagon: Small,1.8,4,AV,X,7.7,180
2017,Honda,HR-V,Station wagon: Small,1.8,4,AV7,X,7.7,180
2017,Honda,HR-V,Station wagon: Small,1.8,4,M6,X,8.4,195
2017,Honda,HR-V AWD,Station wagon: Small,1.8,4,AV,X,8.2,194
2017,Honda,HR-V AWD,Station wagon: Small,1.8,4,AV7,X,8.2,194
2017,Honda,Odyssey,Minivan,3.5,6,A6,X,10.7,251
2017,Honda,Pilot,Sport utility vehicle: Small,3.5,6,A6,X,10.8,254
2017,Honda,Pilot AWD,Sport utility vehicle: Small,3.5,6,A6,X,11.3,266
2017,Honda,Pilot AWD,Sport utility vehicle: Small,3.5,6,AS9,X,11.0,256
2017,Honda,Ridgeline AWD,Pickup truck: Standard,3.5,6,A6,X,11.3,264
2017,Hyundai,Accent,Compact,1.6,4,AS6,X,7.9,182
2017,Hyundai,Accent,Compact,1.6,4,M6,X,7.8,184
2017,Hyundai,Elantra,Mid-size,2.0,4,AS6,X,7.4,174
2017,Hyundai,Elantra,Mid-size,2.0,4,M6,X,8.0,187
2017,Hyundai,Elantra GT,Mid-size,2.0,4,AS6,X,8.7,206
2017,Hyundai,Elantra GT,Mid-size,2.0,4,M6,X,8.7,204
2017,Hyundai,IONIQ,Full-size,1.6,4,AM6,X,4.4,103
2017,Hyundai,IONIQ Blue,Full-size,1.6,4,AM6,X,4.1,96
2017,Hyundai,Santa Fe,Sport utility vehicle: Small,3.3,6,AS6,X,11.3,265
2017,Hyundai,Santa Fe AWD,Sport utility vehicle: Small,3.3,6,AS6,X,11.5,269
2017,Hyundai,Santa Fe Ultimate AWD,Sport utility vehicle: Small,3.3,6,AS6,X,12.5,295
2017,Hyundai,Santa Fe Sport,Sport utility vehicle: Small,2.4,4,AS6,X,10.0,235
2017,Hyundai,Santa Fe Sport AWD,Sport utility vehicle: Small,2.0,4,AS6,X,11.2,264
2017,Hyundai,Santa Fe Sport AWD,Sport utility vehicle: Small,2.4,4,AS6,X,10.7,253
2017,Hyundai,Sonata,Full-size,2.0,4,AS6,X,9.2,216
2017,Hyundai,Sonata,Full-size,2.4,4,AS6,X,8.2,194
2017,Hyundai,Sonata Sport/Limited,Full-size,2.4,4,AS6,X,8.7,207
2017,Hyundai,Sonata Hybrid,Mid-size,2.0,4,AS6,X,6.0,143
2017,Hyundai,Sonata Hybrid SE,Mid-size,2.0,4,AS6,X,5.7,137
2017,Hyundai,Tucson,Sport utility vehicle: Small,1.6,4,AM7,X,9.3,221
2017,Hyundai,Tucson,Sport utility vehicle: Small,2.0,4,AS6,X,9.0,213
2017,Hyundai,Tucson AWD,Sport utility vehicle: Small,2.0,4,AS6,X,10.2,241
2017,Hyundai,Veloster,Compact,1.6,4,AM6,X,7.6,180
2017,Hyundai,Veloster,Compact,1.6,4,M6,X,8.0,188
2017,Hyundai,Veloster Turbo,Compact,1.6,4,AS6,X,8.2,193
2017,Hyundai,Veloster Turbo,Compact,1.6,4,M6,X,8.4,200
2017,Infiniti,Q50 AWD,Mid-size,2.0,4,AS7,Z,9.6,226
2017,Infiniti,Q50 AWD,Mid-size,3.0,6,AS7,Z,10.9,256
2017,Infiniti,Q50 Hybrid AWD,Compact,3.5,6,AS7,Z,8.5,200
2017,Infiniti,Q50S Red Sport AWD,Mid-size,3.0,6,AS7,Z,10.9,257
2017,Infiniti,Q60 AWD,Subcompact,2.0,4,AS7,Z,10.0,233
2017,Infiniti,Q60 AWD,Subcompact,3.0,6,AS7,Z,10.8,253
2017,Infiniti,Q60S Red Sport AWD,Subcompact,3.0,6,AS7,Z,11.0,259
2017,Infiniti,Q70 AWD,Mid-size,3.7,6,AS7,Z,11.7,274
2017,Infiniti,Q70 AWD,Mid-size,5.6,8,AS7,Z,12.8,300
2017,Infiniti,Q70 Hybrid,Mid-size,3.5,6,AS7,Z,7.8,184
2017,Infiniti,QX30,Compact,2.0,4,AM7,Z,8.5,200
2017,Infiniti,QX30 AWD,Compact,2.0,4,AM7,Z,9.4,221
2017,Infiniti,QX50 AWD,Station wagon: Small,3.7,6,AS7,Z,11.9,280
2017,Infiniti,QX60,Sport utility vehicle: Small,3.5,6,AV7,Z,10.5,246
2017,Infiniti,QX60 AWD,Sport utility vehicle: Small,3.5,6,AV7,Z,10.9,257
2017,Infiniti,QX60 Hybrid AWD,Sport utility vehicle: Standard,2.5,4,AV7,X,9.1,214
2017,Infiniti,QX70 AWD,Sport utility vehicle: Small,3.7,6,AS7,Z,12.8,301
2017,Infiniti,QX80 4WD,Sport utility vehicle: Standard,5.6,8,AS7,Z,15.1,355
2017,Jaguar,F-PACE 35t,Sport utility vehicle: Small,3.0,6,AS8,Z,11.8,277
2017,Jaguar,F-TYPE Convertible,Two-seater,3.0,6,AS8,Z,10.4,242
2017,Jaguar,F-TYPE Convertible,Two-seater,3.0,6,M6,Z,12.6,296
2017,Jaguar,F-TYPE Coupe,Two-seater,3.0,6,AS8,Z,10.4,242
2017,Jaguar,F-TYPE Coupe,Two-seater,3.0,6,M6,Z,12.6,296
2017,Jaguar,F-TYPE R Convertible AWD,Two-seater,5.0,8,AS8,Z,13.3,311
2017,Jaguar,F-TYPE R Coupe AWD,Two-seater,5.0,8,AS6,Z,13.3,311
2017,Jaguar,F-TYPE S Convertible,Two-seater,3.0,6,AS8,Z,10.8,253
2017,Jaguar,F-TYPE S Convertible,Two-seater,3.0,6,M6,Z,12.9,302
2017,Jaguar,F-TYPE S Convertible AWD,Two-seater,3.0,6,AS8,Z,11.3,265
2017,Jaguar,F-TYPE S Coupe,Two-seater,3.0,6,AS8,Z,10.8,253
2017,Jaguar,F-TYPE S Coupe,Two-seater,3.0,6,M6,Z,12.9,302
2017,Jaguar,F-TYPE S Coupe AWD,Two-seater,3.0,6,AS8,Z,11.3,265
2017,Jaguar,XE 20d AWD,Compact,2.0,4,AS8,D,6.9,186
2017,Jaguar,XE 35t AWD,Compact,3.0,6,AS8,Z,10.2,238
2017,Jaguar,XF 20d AWD,Mid-size,2.0,4,AS8,D,6.9,186
2017,Jaguar,XF 35t AWD,Mid-size,3.0,6,AS8,Z,10.4,243
2017,Jaguar,XJ R-Sport 3.0 AWD,Full-size,3.0,6,AS8,Z,11.8,276
2017,Jaguar,XJL Portfolio 3.0 AWD,Full-size,3.0,6,AS8,Z,11.9,280
2017,Jaguar,XJR,Full-size,5.0,8,AS8,Z,13.3,313
2017,Jaguar,XJR LWB,Full-size,5.0,8,AS8,Z,13.3,313
2017,Jeep,Cherokee,Sport utility vehicle: Small,2.4,4,A9,X,9.6,225
2017,Jeep,Cherokee,Sport utility vehicle: Small,3.2,6,A9,X,10.0,234
2017,Jeep,Cherokee 4X4 Active Drive I,Sport utility vehicle: Small,2.4,4,A9,X,10.0,235
2017,Jeep,Cherokee 4X4 Active Drive I,Sport utility vehicle: Small,3.2,6,A9,X,10.3,241
2017,Jeep,Cherokee 4X4 Active Drive II,Sport utility vehicle: Small,2.4,4,A9,X,10.2,240
2017,Jeep,Cherokee 4X4 Active Drive II,Sport utility vehicle: Small,3.2,6,A9,X,11.1,259
2017,Jeep,Cherokee 4X4 Active Drive Lock,Sport utility vehicle: Small,2.4,4,A9,X,10.9,256
2017,Jeep,Cherokee 4X4 Active Drive Lock,Sport utility vehicle: Small,3.2,6,A9,X,11.6,269
2017,Jeep,Compass,Sport utility vehicle: Small,2.0,4,AV,X,10.0,235
2017,Jeep,Compass,Sport utility vehicle: Small,2.0,4,M5,X,9.3,216
2017,Jeep,Compass,Sport utility vehicle: Small,2.4,4,A6,X,10.1,238
2017,Jeep,Compass,Sport utility vehicle: Small,2.4,4,M5,X,9.3,219
2017,Jeep,Compass 4X4,Sport utility vehicle: Small,2.4,4,A6,X,10.6,249
2017,Jeep,Compass 4X4,Sport utility vehicle: Small,2.4,4,AV,X,11.1,259
2017,Jeep,Compass 4X4,Sport utility vehicle: Small,2.4,4,M5,X,9.8,230
2017,Jeep,Grand Cherokee 4X4,Sport utility vehicle: Standard,3.6,6,A8,X,11.3,265
2017,Jeep,Grand Cherokee 4X4,Sport utility vehicle: Standard,5.7,8,A8,X,14.0,328
2017,Jeep,Grand Cherokee SRT8,Sport utility vehicle: Standard,6.4,8,A8,Z,15.7,368
2017,Jeep,New Compass,Sport utility vehicle: Small,2.4,4,A6,X,9.3,218
2017,Jeep,New Compass,Sport utility vehicle: Small,2.4,4,M6,X,9.0,211
2017,Jeep,New Compass 4X4,Sport utility vehicle: Small,2.4,4,A9,X,9.5,222
2017,Jeep,New Compass 4X4,Sport utility vehicle: Small,2.4,4,M6,X,9.4,221
2017,Jeep,Patriot,Sport utility vehicle: Small,2.0,4,AV,X,10.0,235
2017,Jeep,Patriot,Sport utility vehicle: Small,2.0,4,M5,X,9.3,216
2017,Jeep,Patriot,Sport utility vehicle: Small,2.4,4,A6,X,10.1,238
2017,Jeep,Patriot,Sport utility vehicle: Small,2.4,4,M5,X,9.3,219
2017,Jeep,Patriot 4X4,Sport utility vehicle: Small,2.4,4,A6,X,10.6,249
2017,Jeep,Patriot 4X4,Sport utility vehicle: Small,2.4,4,AV,X,11.1,259
2017,Jeep,Patriot 4X4,Sport utility vehicle: Small,2.4,4,M5,X,9.8,230
2017,Jeep,Renegade,Sport utility vehicle: Small,1.4,4,M6,X,8.9,209
2017,Jeep,Renegade FFV,Sport utility vehicle: Small,2.4,4,A9,X,9.5,222
2017,Jeep,Renegade FFV,Sport utility vehicle: Small,2.4,4,A9,E,12.5,206
2017,Jeep,Renegade 4X4,Sport utility vehicle: Small,1.4,4,M6,X,8.9,211
2017,Jeep,Renegade 4X4,Sport utility vehicle: Small,2.4,4,A9,X,9.8,230
2017,Jeep,Wrangler 4X4,Sport utility vehicle: Small,3.6,6,A5,X,12.8,299
2017,Jeep,Wrangler 4X4,Sport utility vehicle: Small,3.6,6,M6,X,12.8,298
2017,Jeep,Wrangler Unlimited 4X4,Sport utility vehicle: Small,3.6,6,A5,X,13.4,313
2017,Jeep,Wrangler Unlimited 4X4,Sport utility vehicle: Small,3.6,6,M6,X,13.3,312
2017,Kia,Cadenza,Full-size,3.3,6,AS8,X,10.2,237
2017,Kia,Forte (GDI),Mid-size,2.0,4,AS6,X,8.3,198
2017,Kia,Forte (MPI),Mid-size,2.0,4,AS6,X,7.2,170
2017,Kia,Forte,Mid-size,2.0,4,M6,X,8.3,195
2017,Kia,Forte 5,Full-size,1.6,4,AM7,X,8.7,207
2017,Kia,Forte 5,Full-size,2.0,4,AS6,X,8.3,197
2017,Kia,Forte 5,Full-size,2.0,4,M6,X,8.7,204
2017,Kia,Forte Koup,Compact,1.6,4,AM7,X,8.6,204
2017,Kia,Forte Koup,Compact,1.6,4,M6,X,9.2,216
2017,Kia,Forte Koup,Compact,2.0,4,AS6,X,8.6,203
2017,Kia,Forte Koup,Compact,2.0,4,M6,X,8.8,209
2017,Kia,K900,Full-size,3.8,6,AS8,X,11.8,279
2017,Kia,K900,Full-size,5.0,8,AS8,Z,13.3,317
2017,Kia,Niro,Station wagon: Small,1.6,4,AM6,X,4.8,114
2017,Kia,Niro FE,Station wagon: Small,1.6,4,AM6,X,4.7,110
2017,Kia,Niro Touring,Station wagon: Small,1.6,4,AM6,X,5.4,129
2017,Kia,Optima,Full-size,2.4,4,AS6,X,8.4,198
2017,Kia,Optima FE,Full-size,2.4,4,AS6,X,8.0,190
2017,Kia,Optima Turbo,Full-size,2.0,4,AS6,X,9.4,224
2017,Kia,Optima Hybrid,Mid-size,2.0,4,AS6,X,5.6,132
2017,Kia,Rio,Compact,1.6,4,AS6,X,7.8,181
2017,Kia,Rio,Compact,1.6,4,M6,X,7.8,181
2017,Kia,Rondo,Station wagon: Mid-size,2.0,4,AS6,X,8.9,210
2017,Kia,Sedona,Minivan,3.3,6,AS6,X,11.6,275
2017,Kia,Sedona SX,Minivan,3.3,6,AS6,X,11.4,269
2017,Kia,Sedona SXL,Minivan,3.3,6,AS6,X,12.5,296
2017,Kia,Sorento,Sport utility vehicle: Small,2.4,4,AS6,X,9.9,234
2017,Kia,Sorento AWD,Sport utility vehicle: Small,2.0,4,AS6,X,11.0,259
2017,Kia,Sorento AWD,Sport utility vehicle: Small,2.4,4,AS6,X,10.5,246
2017,Kia,Sorento AWD,Sport utility vehicle: Small,3.3,6,AS6,X,12.2,289
2017,Kia,Sorento AWD FE,Sport utility vehicle: Small,3.3,6,AS6,X,11.4,270
2017,Kia,Soul,Station wagon: Small,1.6,4,AS6,X,8.7,205
2017,Kia,Soul,Station wagon: Small,1.6,4,M6,X,8.8,208
2017,Kia,Soul,Station wagon: Small,2.0,4,AS6,X,8.7,206
2017,Kia,Soul Turbo,Station wagon: Small,1.6,4,AM7,X,8.5,199
2017,Kia,Sportage,Sport utility vehicle: Small,2.4,4,AS6,X,9.3,220
2017,Kia,Sportage AWD,Sport utility vehicle: Small,2.0,4,AS6,X,11.1,263
2017,Kia,Sportage AWD,Sport utility vehicle: Small,2.4,4,AS6,X,10.5,247
2017,Lamborghini,Aventador Coupe,Two-seater,6.5,12,AM7,Z,17.9,428
2017,Lamborghini,Aventador Coupe LP 740,Two-seater,6.5,12,AM7,Z,19.7,461
2017,Lamborghini,Aventador Roadster,Two-seater,6.5,12,AM7,Z,18.7,438
2017,Lamborghini,Aventador Roadster LP 740,Two-seater,6.5,12,AM7,Z,19.7,461
2017,Lamborghini,Huracan,Two-seater,5.2,10,AM7,Z,14.2,331
2017,Lamborghini,Huracan Spyder,Two-seater,5.2,10,AM7,Z,14.6,340
2017,Land Rover,Discovery Sport,Sport utility vehicle: Small,2.0,4,AS9,Z,10.7,252
2017,Land Rover,Range Rover Evoque,Sport utility vehicle: Small,2.0,4,AS9,Z,9.8,231
2017,Land Rover,Range Rover Evoque Convertible,Sport utility vehicle: Small,2.0,4,AS9,Z,10.4,243
2017,Lexus,CT 200h,Compact,1.8,4,AV,X,5.7,132
2017,Lexus,ES 300h,Mid-size,2.5,4,AV6,X,5.9,139
2017,Lexus,ES 350,Mid-size,3.5,6,AS6,X,9.7,226
2017,Lexus,GS 350 AWD,Mid-size,3.5,6,AS6,Z,11.0,257
2017,Lexus,GS 450h,Mid-size,3.5,6,AV8,Z,7.5,176
2017,Lexus,GS F,Compact,5.0,8,AS8,Z,12.5,293
2017,Lexus,GX 460,Sport utility vehicle: Standard,4.6,8,AS6,Z,14.6,341
2017,Lexus,IS 200t,Compact,2.0,4,AS8,Z,9.1,214
2017,Lexus,IS 300 AWD,Compact,3.5,6,AS6,Z,11.0,258
2017,Lexus,IS 350 AWD,Compact,3.5,6,AS6,Z,11.0,258
2017,Lexus,LS 460 AWD,Mid-size,4.6,8,AS8,Z,12.9,303
2017,Lexus,LS 460 L AWD,Mid-size,4.6,8,AS8,Z,12.9,303
2017,Lexus,LX 570,Sport utility vehicle: Standard,5.7,8,AS8,Z,15.8,372
2017,Lexus,NX 200t AWD,Sport utility vehicle: Small,2.0,4,AS6,Z,9.7,226
2017,Lexus,NX 200t AWD F SPORT,Sport utility vehicle: Small,2.0,4,AS6,Z,9.9,232
2017,Lexus,NX 300h AWD,Sport utility vehicle: Small,2.5,4,AV6,X,7.5,176
2017,Lexus,RC 300 AWD,Subcompact,3.5,6,AS6,Z,11.0,258
2017,Lexus,RC 350 AWD,Subcompact,3.5,6,AS6,Z,11.0,258
2017,Lexus,RC F,Subcompact,5.0,8,AS8,Z,12.6,289
2017,Lexus,RX 350 AWD,Sport utility vehicle: Small,3.5,6,AS8,X,10.8,252
2017,Lexus,RX 450h AWD,Sport utility vehicle: Standard,3.5,6,AV6,Z,7.9,185
2017,Lincoln,Continental AWD,Full-size,2.7,6,AS6,X,12.0,281
2017,Lincoln,Continental AWD,Full-size,3.0,6,AS6,X,12.3,288
2017,Lincoln,Continental AWD,Full-size,3.7,6,AS6,X,12.2,287
2017,Lincoln,MKC AWD,Sport utility vehicle: Small,2.0,4,AS6,X,10.9,256
2017,Lincoln,MKC AWD (Start/Stop),Sport utility vehicle: Small,2.0,4,AS6,X,10.8,254
2017,Lincoln,MKC AWD,Sport utility vehicle: Small,2.3,4,AS6,X,11.4,268
2017,Lincoln,MKT AWD,Sport utility vehicle: Standard,3.5,6,AS6,X,13.7,321
2017,Lincoln,MKT Livery AWD,Special purpose vehicle,3.7,6,A6,X,12.7,298
2017,Lincoln,MKX AWD,Sport utility vehicle: Small,2.7,6,AS6,X,12.1,284
2017,Lincoln,MKX AWD,Sport utility vehicle: Small,3.7,6,AS6,X,12.5,293
2017,Lincoln,MKZ,Mid-size,2.0,4,AS6,X,9.8,230
2017,Lincoln,MKZ,Mid-size,3.0,6,AS6,X,11.2,264
2017,Lincoln,MKZ AWD,Mid-size,2.0,4,AS6,X,10.2,239
2017,Lincoln,MKZ AWD,Mid-size,3.0,6,AS6,X,11.8,278
2017,Lincoln,MKZ Hybrid,Mid-size,2.0,4,AV,X,5.9,139
2017,Lincoln,Navigator 4X4,Sport utility vehicle: Standard,3.5,6,AS6,X,14.2,333
2017,Lincoln,Navigator L 4X4,Sport utility vehicle: Standard,3.5,6,AS6,X,14.5,339
2017,Maserati,Ghibli,Mid-size,3.0,6,AS8,Z,12.4,286
2017,Maserati,Ghibli S,Mid-size,3.0,6,AS8,Z,12.4,293
2017,Maserati,Ghibli SQ4,Mid-size,3.0,6,AS8,Z,12.6,295
2017,Maserati,GranTurismo,Subcompact,4.7,8,AS6,Z,15.1,355
2017,Maserati,GranTurismo Convertible,Subcompact,4.7,8,AS6,Z,15.2,358
2017,Maserati,Levante,Sport utility vehicle: Standard,3.0,6,AS8,Z,14.7,340
2017,Maserati,Levante S,Sport utility vehicle: Standard,3.0,6,AS8,Z,14.7,346
2017,Maserati,Quattroporte S,Full-size,3.0,6,AS8,Z,13.1,300
2017,Maserati,Quattroporte SQ4,Full-size,3.0,6,AS8,Z,13.1,301
2017,Maserati,Quattroporte GTS,Full-size,3.8,8,AS8,Z,13.8,321
2017,Mazda,CX-3,Compact,2.0,4,AS6,X,7.6,179
2017,Mazda,CX-3 4WD,Compact,2.0,4,AS6,X,8.2,192
2017,Mazda,CX-5,Sport utility vehicle: Small,2.0,4,M6,X,8.5,199
2017,Mazda,CX-5,Sport utility vehicle: Small,2.5,4,AS6,X,8.6,204
2017,Mazda,CX-5 4WD,Sport utility vehicle: Small,2.5,4,AS6,X,9.2,221
2017,Mazda,CX-9,Sport utility vehicle: Small,2.5,4,AS6,X,9.6,225
2017,Mazda,CX-9 4WD,Sport utility vehicle: Small,2.5,4,AS6,X,10.4,242
2017,Mazda,Mazda3 4-Door,Compact,2.0,4,AS6,X,7.5,176
2017,Mazda,Mazda3 4-Door,Compact,2.0,4,M6,X,7.5,175
2017,Mazda,Mazda3 4-Door (SIL),Compact,2.0,4,M6,X,7.5,175
2017,Mazda,Mazda3 4-Door,Compact,2.5,4,AS6,X,7.8,182
2017,Mazda,Mazda3 4-Door (i-ELOOP),Compact,2.5,4,AS6,X,7.6,176
2017,Mazda,Mazda3 4-Door (SIL),Compact,2.5,4,M6,X,8.2,194
2017,Mazda,Mazda3 5-Door,Mid-size,2.0,4,AS6,X,7.5,174
2017,Mazda,Mazda3 5-Door (SIL),Mid-size,2.0,4,M6,X,7.6,178
2017,Mazda,Mazda3 5-Door,Mid-size,2.5,4,AS6,X,7.8,183
2017,Mazda,Mazda3 5-Door (i-ELOOP),Mid-size,2.5,4,AS6,X,7.8,181
2017,Mazda,Mazda3 5-Door (SIL),Mid-size,2.5,4,M6,X,8.4,198
2017,Mazda,Mazda5,Minivan,2.5,4,AS5,X,9.6,226
2017,Mazda,Mazda5,Minivan,2.5,4,M6,X,9.8,230
2017,Mazda,Mazda6,Mid-size,2.5,4,AS6,X,8.0,187
2017,Mazda,Mazda6 (i-ELOOP),Mid-size,2.5,4,AS6,X,7.9,186
2017,Mazda,Mazda6 (SIL),Mid-size,2.5,4,M6,X,8.4,196
2017,Mazda,MX-5,Two-seater,2.0,4,AS6,Z,8.0,187
2017,Mazda,MX-5 (SIL),Two-seater,2.0,4,M6,Z,8.1,190
2017,Mercedes-Benz,AMG C 63,Compact,4.0,8,AS7,Z,11.7,273
2017,Mercedes-Benz,AMG C 63 Cabriolet,Subcompact,4.0,8,AS7,Z,12.2,291
2017,Mercedes-Benz,AMG C 63 Coupe,Subcompact,4.0,8,AS7,Z,12.1,285
2017,Mercedes-Benz,AMG C 63 S,Compact,4.0,8,AS7,Z,11.7,273
2017,Mercedes-Benz,AMG C 63 S Cabriolet,Subcompact,4.0,8,AS7,Z,12.2,291
2017,Mercedes-Benz,AMG C 63 S Coupe,Subcompact,4.0,8,AS7,Z,12.1,285
2017,Mercedes-Benz,AMG CLA 45,Compact,2.0,4,AS7,Z,9.3,221
2017,Mercedes-Benz,AMG CLS 63 S 4MATIC,Compact,5.5,8,AS7,Z,13.1,308
2017,Mercedes-Benz,AMG G 63,Sport utility vehicle: Standard,5.5,8,AS7,Z,18.5,413
2017,Mercedes-Benz,AMG G 65,Sport utility vehicle: Standard,6.0,12,AS7,Z,20.3,467
2017,Mercedes-Benz,AMG GLA 45 4MATIC,Sport utility vehicle: Small,2.0,4,AS7,Z,10.0,233
2017,Mercedes-Benz,AMG GLC 43 4MATIC Coupe,Sport utility vehicle: Small,3.0,6,A9,Z,14.6,353
2017,Mercedes-Benz,AMG GLE 43 4MATIC,Sport utility vehicle: Standard,3.0,6,A9,Z,12.0,281
2017,Mercedes-Benz,AMG GLE 43 4MATIC Coupe,Sport utility vehicle: Standard,3.0,6,A9,Z,12.0,281
2017,Mercedes-Benz,AMG GLE 63 S 4MATIC,Sport utility vehicle: Standard,5.5,8,AS7,Z,15.6,363
2017,Mercedes-Benz,AMG GLE 63 S 4MATIC Coupe,Sport utility vehicle: Standard,5.5,8,AS7,Z,15.2,363
2017,Mercedes-Benz,AMG GLS 63,Sport utility vehicle: Standard,5.5,8,AS7,Z,16.3,369
2017,Mercedes-Benz,AMG GT Coupe,Two-seater,4.0,8,AS7,Z,12.8,303
2017,Mercedes-Benz,AMG GT S Coupe,Two-seater,4.0,8,AS7,Z,12.8,303
2017,Mercedes-Benz,AMG S 63 4MATIC,Full-size,5.5,8,AS7,Z,13.2,313
2017,Mercedes-Benz,AMG S 63 Cabriolet,Compact,5.5,8,AS7,Z,13.8,322
2017,Mercedes-Benz,AMG S 63 Coupe,Compact,5.5,8,AS7,Z,13.0,305
2017,Mercedes-Benz,AMG S 65,Full-size,6.0,12,AS7,Z,14.6,349
2017,Mercedes-Benz,AMG S 65 Cabriolet,Compact,6.0,12,AS7,Z,14.3,348
2017,Mercedes-Benz,AMG S 65 Coupe,Compact,6.0,12,AS7,Z,15.5,365
2017,Mercedes-Benz,AMG SL 63,Two-seater,5.5,8,AS7,Z,12.4,298
2017,Mercedes-Benz,AMG SL 65,Two-seater,6.0,12,AS7,Z,14.5,340
2017,Mercedes-Benz,AMG SLC 43,Two-seater,3.0,6,A9,Z,10.1,234
2017,Mercedes-Benz,B 250,Mid-size,2.0,4,AS7,Z,8.3,179
2017,Mercedes-Benz,C 300 4MATIC,Compact,2.0,4,AS7,Z,9.0,212
2017,Mercedes-Benz,C 300 4MATIC Cabriolet,Subcompact,2.0,4,A9,Z,9.5,222
2017,Mercedes-Benz,C 300 4MATIC Coupe,Subcompact,2.0,4,AS7,Z,9.3,218
2017,Mercedes-Benz,CLA 250,Compact,2.0,4,AS7,Z,8.1,190
2017,Mercedes-Benz,CLS 550 4MATIC,Compact,4.7,8,A9,Z,11.7,275
2017,Mercedes-Benz,E 300 4MATIC,Mid-size,2.0,4,A9,Z,9.5,246
2017,Mercedes-Benz,E 400 4MATIC,Mid-size,3.0,6,A9,Z,10.4,245
2017,Mercedes-Benz,E 400 4MATIC Wagon,Station wagon: Mid-size,3.0,6,A9,Z,11.0,259
2017,Mercedes-Benz,E 400 Cabriolet,Subcompact,3.0,6,AS7,Z,10.0,233
2017,Mercedes-Benz,E 400 Coupe,Subcompact,3.0,6,AS7,Z,10.2,239
2017,Mercedes-Benz,E 550 Cabriolet,Subcompact,4.7,8,AS7,Z,11.7,275
2017,Mercedes-Benz,E 550 Coupe,Subcompact,4.7,8,AS7,Z,11.4,268
2017,Mercedes-Benz,G 550,Sport utility vehicle: Standard,4.0,8,AS7,Z,17.9,401
2017,Mercedes-Benz,GLA 250 4MATIC,Sport utility vehicle: Small,2.0,4,AS7,Z,9.1,212
2017,Mercedes-Benz,GLA 250 4MATIC,Sport utility vehicle: Small,2.0,4,AS7,E,12.0,128
2017,Mercedes-Benz,GLC 300 4MATIC,Sport utility vehicle: Small,2.0,4,A9,Z,10.0,233
2017,Mercedes-Benz,GLE 400 4MATIC,Sport utility vehicle: Standard,3.0,6,A9,Z,11.7,276
2017,Mercedes-Benz,GLE 550 4MATIC,Sport utility vehicle: Standard,4.7,8,A9,Z,13.5,318
2017,Mercedes-Benz,GLS 450 4MATIC,Sport utility vehicle: Standard,3.0,6,A9,Z,13.0,306
2017,Mercedes-Benz,GLS 550 4MATIC,Sport utility vehicle: Standard,4.7,8,A9,Z,15.0,347
2017,Mercedes-Benz,Maybach S 600,Full-size,6.0,12,AS7,Z,15.0,359
2017,Mercedes-Benz,Metris Cargo,Special purpose vehicle,2.0,4,AS7,Z,10.2,240
2017,Mercedes-Benz,Metris Passenger,Special purpose vehicle,2.0,4,AS7,Z,10.5,248
2017,Mercedes-Benz,S 400 4MATIC SWB,Mid-size,3.0,6,AS7,Z,10.8,253
2017,Mercedes-Benz,S 550 4MATIC SWB,Mid-size,4.7,8,A9,Z,12.0,280
2017,Mercedes-Benz,S 550 4MATIC LWB,Full-size,4.7,8,A9,Z,12.0,280
2017,Mercedes-Benz,S 550 4MATIC Cabriolet,Compact,4.7,8,A9,Z,11.8,276
2017,Mercedes-Benz,S 550 4MATIC Coupe,Compact,4.7,8,A9,Z,11.9,278
2017,Mercedes-Benz,S 600,Full-size,6.0,12,AS7,Z,14.5,350
2017,Mercedes-Benz,SL 450,Two-seater,3.0,6,A9,Z,10.1,237
2017,Mercedes-Benz,SL 550,Two-seater,4.7,8,A9,Z,11.7,275
2017,Mercedes-Benz,SLC 300,Two-seater,2.0,4,A9,Z,8.5,200
2017,MINI,Cooper 3 Door,Subcompact,1.5,3,AS6,Z,7.9,184
2017,MINI,Cooper 3 Door,Subcompact,1.5,3,M6,Z,7.5,175
2017,MINI,Cooper 5 Door,Subcompact,1.5,3,AS6,Z,7.9,184
2017,MINI,Cooper 5 Door,Subcompact,1.5,3,M6,Z,7.5,175
2017,MINI,Cooper Clubman,Mid-size,1.5,3,AS6,Z,8.4,197
2017,MINI,Cooper Clubman,Mid-size,1.5,3,M6,Z,8.4,197
2017,MINI,Cooper Clubman ALL4,Mid-size,1.5,3,AS8,Z,9.1,213
2017,MINI,Cooper Clubman ALL4,Mid-size,1.5,3,M6,Z,9.1,214
2017,MINI,Cooper Convertible,Minicompact,1.5,3,AS6,Z,7.9,184
2017,MINI,Cooper Convertible,Minicompact,1.5,3,M6,Z,7.5,175
2017,MINI,Cooper Countryman,Mid-size,1.5,3,AS6,Z,8.4,197
2017,MINI,Cooper Countryman,Mid-size,1.5,3,M6,Z,8.4,197
2017,MINI,Cooper Countryman ALL4,Mid-size,1.5,3,AS8,Z,9.2,215
2017,MINI,Cooper Countryman ALL4,Mid-size,1.5,3,M6,Z,9.1,214
2017,MINI,Cooper S 3 Door,Subcompact,2.0,4,AS6,Z,8.3,196
2017,MINI,Cooper S 3 Door,Subcompact,2.0,4,M6,Z,8.9,210
2017,MINI,Cooper S 5 Door,Subcompact,2.0,4,AS6,Z,8.3,196
2017,MINI,Cooper S 5 Door,Subcompact,2.0,4,M6,Z,8.9,210
2017,MINI,Cooper S Clubman,Mid-size,2.0,4,AS8,Z,8.7,205
2017,MINI,Cooper S Clubman,Mid-size,2.0,4,M6,Z,9.4,220
2017,MINI,Cooper S Clubman ALL4,Mid-size,2.0,4,AS8,Z,9.0,210
2017,MINI,Cooper S Clubman ALL4,Mid-size,2.0,4,M6,Z,9.7,227
2017,MINI,Cooper S Convertible,Minicompact,2.0,4,AS6,Z,8.4,196
2017,MINI,Cooper S Convertible,Minicompact,2.0,4,M6,Z,8.9,210
2017,MINI,Cooper S Countryman ALL4,Mid-size,2.0,4,AS8,Z,9.1,213
2017,MINI,Cooper S Countryman ALL4,Mid-size,2.0,4,M6,Z,9.7,227
2017,MINI,John Cooper Works 3 Door,Subcompact,2.0,4,AS6,Z,8.3,196
2017,MINI,John Cooper Works 3 Door,Subcompact,2.0,4,M6,Z,8.9,210
2017,MINI,John Cooper Works Clubman ALL4,Mid-size,2.0,4,AS8,Z,9.0,210
2017,MINI,John Cooper Works Clubman ALL4,Mid-size,2.0,4,M6,Z,9.7,227
2017,MINI,John Cooper Works Convertible,Minicompact,2.0,4,AS6,Z,8.4,196
2017,MINI,John Cooper Works Convertible,Minicompact,2.0,4,M6,Z,9.4,220
2017,Mitsubishi,Lancer,Compact,2.0,4,AV6,X,7.9,183
2017,Mitsubishi,Lancer,Compact,2.0,4,M5,X,8.5,200
2017,Mitsubishi,Lancer,Compact,2.4,4,AV6,X,8.9,206
2017,Mitsubishi,Lancer,Compact,2.4,4,M5,X,9.3,218
2017,Mitsubishi,Lancer 4WD,Compact,2.4,4,AV6,X,9.2,212
2017,Mitsubishi,Lancer Sportback,Station wagon: Small,2.0,4,AV6,X,8.4,194
2017,Mitsubishi,Lancer Sportback,Station wagon: Small,2.0,4,M5,X,8.7,205
2017,Mitsubishi,Mirage,Compact,1.2,3,AV,X,6.0,141
2017,Mitsubishi,Mirage,Compact,1.2,3,M5,X,6.5,150
2017,Mitsubishi,Mirage G4,Compact,1.2,3,AV,X,6.4,149
2017,Mitsubishi,Mirage G4,Compact,1.2,3,M5,X,6.6,155
2017,Mitsubishi,Outlander,Sport utility vehicle: Small,2.4,4,AV6,X,8.4,197
2017,Mitsubishi,Outlander 4WD,Sport utility vehicle: Small,2.4,4,AV6,X,9.0,211
2017,Mitsubishi,Outlander 4WD,Sport utility vehicle: Small,3.0,6,AS6,Z,10.4,242
2017,Mitsubishi,RVR,Sport utility vehicle: Small,2.0,4,AV6,X,8.8,204
2017,Mitsubishi,RVR,Sport utility vehicle: Small,2.0,4,M5,X,9.3,216
2017,Mitsubishi,RVR 4WD,Sport utility vehicle: Small,2.0,4,AV6,X,9.2,213
2017,Nissan,370Z,Two-seater,3.7,6,AS7,Z,11.1,261
2017,Nissan,370Z,Two-seater,3.7,6,M6,Z,11.5,269
2017,Nissan,370Z Roadster,Two-seater,3.7,6,AS7,Z,11.5,270
2017,Nissan,370Z Roadster,Two-seater,3.7,6,M6,Z,11.8,278
2017,Nissan,Altima,Mid-size,2.5,4,AV,X,7.5,176
2017,Nissan,Altima SR,Mid-size,2.5,4,AV7,X,7.8,183
2017,Nissan,Altima,Mid-size,3.5,6,AV7,X,9.1,214
2017,Nissan,Armada 4WD,Sport utility vehicle: Standard,5.6,8,AS7,X,15.4,362
2017,Nissan,Frontier,Pickup truck: Small,2.5,4,A5,X,12.2,286
2017,Nissan,Frontier,Pickup truck: Small,2.5,4,M5,X,11.4,268
2017,Nissan,Frontier,Pickup truck: Small,4.0,6,A5,X,12.9,304
2017,Nissan,Frontier 4WD,Pickup truck: Small,4.0,6,A5,X,13.8,326
2017,Nissan,Frontier 4WD,Pickup truck: Small,4.0,6,M6,X,13.5,317
2017,Nissan,GT-R,Subcompact,3.8,6,AM6,Z,12.8,300
2017,Nissan,Juke,Station wagon: Small,1.6,4,AV7,Z,8.0,189
2017,Nissan,Juke,Station wagon: Small,1.6,4,M6,Z,8.0,188
2017,Nissan,Juke AWD,Station wagon: Small,1.6,4,AV7,Z,8.4,199
2017,Nissan,Juke Nismo RS,Station wagon: Small,1.6,4,M6,Z,8.4,197
2017,Nissan,Juke Nismo RS AWD,Station wagon: Small,1.6,4,AV8,Z,8.9,209
2017,Nissan,Maxima,Mid-size,3.5,6,AV7,Z,9.6,225
2017,Nissan,Micra,Compact,1.6,4,A4,X,7.9,186
2017,Nissan,Micra,Compact,1.6,4,M5,X,7.9,185
2017,Nissan,Murano,Station wagon: Mid-size,3.5,6,AV7,X,9.8,230
2017,Nissan,Murano AWD,Station wagon: Mid-size,3.5,6,AV7,X,9.9,232
2017,Nissan,NV200 Cargo Van,Special purpose vehicle,2.0,4,AV,X,9.4,220
2017,Nissan,Pathfinder,Sport utility vehicle: Small,3.5,6,AV,X,10.2,240
2017,Nissan,Pathfinder 4WD,Sport utility vehicle: Small,3.5,6,AV,X,10.7,250
2017,Nissan,Pathfinder 4WD Platinum,Sport utility vehicle: Small,3.5,6,AV,X,11.0,258
2017,Nissan,Qashqai,Station wagon: Small,2.0,4,AV,X,8.4,196
2017,Nissan,Qashqai,Station wagon: Small,2.0,4,M6,X,9.2,216
2017,Nissan,Qashqai AWD,Station wagon: Small,2.0,4,AV,X,8.5,200
2017,Nissan,Rogue,Sport utility vehicle: Small,2.5,4,AV,X,8.2,192
2017,Nissan,Rogue AWD,Sport utility vehicle: Small,2.5,4,AV,X,8.6,203
2017,Nissan,Sentra (Turbo),Mid-size,1.6,4,AV7,Z,8.2,193
2017,Nissan,Sentra (Turbo),Mid-size,1.6,4,M6,Z,8.3,195
2017,Nissan,Sentra,Mid-size,1.8,4,AV,X,7.3,171
2017,Nissan,Sentra,Mid-size,1.8,4,M6,X,8.0,187
2017,Nissan,Sentra Nismo,Mid-size,1.6,4,AV7,Z,8.7,205
2017,Nissan,Sentra Nismo,Mid-size,1.6,4,M6,Z,8.7,204
2017,Nissan,Titan,Pickup truck: Standard,5.6,8,AS7,X,13.3,312
2017,Nissan,Titan 4WD,Pickup truck: Standard,5.6,8,AS7,X,13.4,315
2017,Nissan,Titan 4WD PRO-4X,Pickup truck: Standard,5.6,8,AS7,X,14.2,333
2017,Nissan,Versa,Mid-size,1.6,4,AV,X,7.0,164
2017,Nissan,Versa,Mid-size,1.6,4,M5,X,7.7,180
2017,Porsche,911 Carrera,Minicompact,3.0,6,AM7,Z,9.4,221
2017,Porsche,911 Carrera,Minicompact,3.0,6,M7,Z,10.1,237
2017,Porsche,911 Carrera 4,Minicompact,3.0,6,AM7,Z,9.6,225
2017,Porsche,911 Carrera 4,Minicompact,3.0,6,M7,Z,10.4,242
2017,Porsche,911 Carrera Cabriolet,Minicompact,3.0,6,AM7,Z,9.7,227
2017,Porsche,911 Carrera Cabriolet,Minicompact,3.0,6,M7,Z,10.3,241
2017,Porsche,911 Carrera 4 Cabriolet,Minicompact,3.0,6,AM7,Z,9.8,230
2017,Porsche,911 Carrera 4 Cabriolet,Minicompact,3.0,6,M7,Z,10.5,246
2017,Porsche,911 Carrera S,Minicompact,3.0,6,AM7,Z,9.7,226
2017,Porsche,911 Carrera S,Minicompact,3.0,6,M7,Z,10.4,242
2017,Porsche,911 Carrera 4S,Minicompact,3.0,6,AM7,Z,9.9,232
2017,Porsche,911 Carrera 4S,Minicompact,3.0,6,M7,Z,10.4,243
2017,Porsche,911 Carrera S Cabriolet,Minicompact,3.0,6,AM7,Z,9.7,228
2017,Porsche,911 Carrera S Cabriolet,Minicompact,3.0,6,M7,Z,10.4,243
2017,Porsche,911 Carrera 4S Cabriolet,Minicompact,3.0,6,AM7,Z,9.9,231
2017,Porsche,911 Carrera 4S Cabriolet,Minicompact,3.0,6,M7,Z,10.5,246
2017,Porsche,911 Targa 4,Minicompact,3.0,6,AM7,Z,9.8,228
2017,Porsche,911 Targa 4,Minicompact,3.0,6,M7,Z,10.5,246
2017,Porsche,911 Targa 4S,Minicompact,3.0,6,AM7,Z,10.0,233
2017,Porsche,911 Targa 4S,Minicompact,3.0,6,M7,Z,10.5,246
2017,Porsche,911 Turbo,Minicompact,3.8,6,AM7,Z,11.4,266
2017,Porsche,911 Turbo Cabriolet,Minicompact,3.8,6,AM7,Z,11.4,267
2017,Porsche,911 Turbo S,Minicompact,3.8,6,AM7,Z,11.4,266
2017,Porsche,911 Turbo S Cabriolet,Minicompact,3.8,6,AM7,Z,11.4,267
2017,Porsche,Boxster,Two-seater,2.0,4,AM7,Z,9.4,219
2017,Porsche,Boxster,Two-seater,2.0,4,M6,Z,9.8,229
2017,Porsche,Boxster S,Two-seater,2.5,4,AM7,Z,9.9,230
2017,Porsche,Boxster S,Two-seater,2.5,4,M6,Z,10.7,249
2017,Porsche,Cayenne,Sport utility vehicle: Standard,3.6,6,A8,Z,11.5,268
2017,Porsche,Cayenne Platinum,Sport utility vehicle: Standard,3.6,6,A8,Z,12.1,281
2017,Porsche,Cayenne S,Sport utility vehicle: Standard,3.6,6,A8,Z,12.0,281
2017,Porsche,Cayenne GTS,Sport utility vehicle: Standard,3.6,6,A8,Z,12.6,296
2017,Porsche,Cayenne Turbo,Sport utility vehicle: Standard,4.8,8,A8,Z,14.2,334
2017,Porsche,Cayenne Turbo S,Sport utility vehicle: Standard,4.8,8,A8,Z,14.2,334
2017,Porsche,Cayman,Two-seater,2.0,4,AM7,Z,9.4,219
2017,Porsche,Cayman,Two-seater,2.0,4,M6,Z,9.8,229
2017,Porsche,Cayman S,Two-seater,2.5,4,AM7,Z,9.9,230
2017,Porsche,Cayman S,Two-seater,2.5,4,M6,Z,10.7,249
2017,Porsche,Macan,Sport utility vehicle: Small,2.0,4,A7,Z,10.6,248
2017,Porsche,Macan S,Sport utility vehicle: Small,3.0,6,A7,Z,12.2,285
2017,Porsche,Macan GTS,Sport utility vehicle: Small,3.0,6,A7,Z,12.3,287
2017,Porsche,Macan Turbo,Sport utility vehicle: Small,3.6,6,A7,Z,12.3,287
2017,Ram,1500 EcoDiesel,Pickup truck: Standard,3.0,6,A8,D,10.4,278
2017,Ram,1500 FFV,Pickup truck: Standard,3.6,6,A8,X,11.9,280
2017,Ram,1500 FFV,Pickup truck: Standard,3.6,6,A8,E,17.0,283
2017,Ram,1500,Pickup truck: Standard,5.7,8,A6,X,14.8,346
2017,Ram,1500,Pickup truck: Standard,5.7,8,A8,X,13.6,319
2017,Ram,1500 4X4 EcoDiesel,Pickup truck: Standard,3.0,6,A8,D,10.8,289
2017,Ram,1500 4X4 FFV,Pickup truck: Standard,3.6,6,A8,X,12.6,294
2017,Ram,1500 4X4 FFV,Pickup truck: Standard,3.6,6,A8,E,18.0,300
2017,Ram,1500 4X4,Pickup truck: Standard,5.7,8,A6,X,15.4,361
2017,Ram,1500 4X4,Pickup truck: Standard,5.7,8,A8,X,14.0,328
2017,Ram,ProMaster City,Special purpose vehicle,2.4,4,A9,X,9.9,232
2017,Rolls-Royce,Dawn,Compact,6.6,12,AS8,Z,16.7,390
2017,Rolls-Royce,Ghost,Full-size,6.6,12,AS8,Z,16.7,390
2017,Rolls-Royce,Ghost EWB,Full-size,6.6,12,AS8,Z,16.7,390
2017,Rolls-Royce,Phantom,Full-size,6.7,12,AS8,Z,17.1,400
2017,Rolls-Royce,Phantom EWB,Full-size,6.7,12,AS8,Z,17.1,400
2017,Rolls-Royce,Phantom Coupe,Compact,6.7,12,AS8,Z,17.1,400
2017,Rolls-Royce,Phantom Drophead Coupe,Compact,6.7,12,AS8,Z,17.1,401
2017,Rolls-Royce,Wraith,Mid-size,6.6,12,AS8,Z,16.1,375
2017,smart,fortwo cabriolet,Two-seater,0.9,3,AM6,Z,6.7,152
2017,Subaru,BRZ,Minicompact,2.0,4,AS6,Z,8.6,200
2017,Subaru,BRZ,Minicompact,2.0,4,M6,Z,9.7,228
2017,Subaru,Crosstrek AWD,Sport utility vehicle: Small,2.0,4,AV6,X,8.2,193
2017,Subaru,Crosstrek AWD,Sport utility vehicle: Small,2.0,4,M5,X,9.2,216
2017,Subaru,Forester AWD,Sport utility vehicle: Small,2.0,4,AV8,Z,9.5,223
2017,Subaru,Forester AWD,Sport utility vehicle: Small,2.5,4,AV6,X,8.4,196
2017,Subaru,Forester AWD,Sport utility vehicle: Small,2.5,4,M6,X,9.7,228
2017,Subaru,Impreza 4-Door AWD,Mid-size,2.0,4,AV7,X,7.5,174
2017,Subaru,Impreza 4-Door AWD,Mid-size,2.0,4,M5,X,8.9,208
2017,Subaru,Impreza 5-Door AWD,Station wagon: Small,2.0,4,AV7,X,7.5,176
2017,Subaru,Impreza 5-Door AWD,Station wagon: Small,2.0,4,M5,X,9.0,211
2017,Subaru,Legacy AWD,Mid-size,2.5,4,AV6,X,8.3,194
2017,Subaru,Legacy AWD,Mid-size,2.5,4,M6,X,9.5,222
2017,Subaru,Legacy AWD,Mid-size,3.6,6,AV6,X,10.3,241
2017,Subaru,Outback AWD,Sport utility vehicle: Small,2.5,4,AV6,X,8.4,198
2017,Subaru,Outback AWD,Sport utility vehicle: Small,2.5,4,M6,X,9.8,229
2017,Subaru,Outback AWD,Sport utility vehicle: Small,3.6,6,AV6,X,10.5,247
2017,Subaru,WRX AWD,Compact,2.0,4,AV8,Z,11.2,255
2017,Subaru,WRX AWD,Compact,2.0,4,M6,Z,10.0,235
2017,Subaru,WRX AWD,Compact,2.5,4,M6,Z,12.2,285
2017,Toyota,4Runner 4WD,Sport utility vehicle: Standard,4.0,6,AS5,X,13.3,310
2017,Toyota,4Runner 4WD (Part-Time 4WD),Sport utility vehicle: Standard,4.0,6,AS5,X,13.3,310
2017,Toyota,86,Minicompact,2.0,4,AS6,Z,8.7,204
2017,Toyota,86,Minicompact,2.0,4,M6,Z,9.9,232
2017,Toyota,Avalon,Mid-size,3.5,6,AS6,X,9.7,226
2017,Toyota,Camry,Mid-size,2.5,4,AS6,X,8.6,199
2017,Toyota,Camry,Mid-size,3.5,6,AS6,X,9.6,224
2017,Toyota,Camry Hybrid LE,Mid-size,2.5,4,AV,X,5.9,137
2017,Toyota,Camry Hybrid XLE/SE,Mid-size,2.5,4,AV,X,6.0,141
2017,Toyota,Corolla,Mid-size,1.8,4,AV,X,7.5,174
2017,Toyota,Corolla LE Eco (1-Mode),Mid-size,1.8,4,AV,X,6.9,163
2017,Toyota,Corolla LE Eco (2-Mode),Mid-size,1.8,4,AV,X,7.2,168
2017,Toyota,Corolla,Mid-size,1.8,4,AV7,X,7.5,178
2017,Toyota,Corolla,Mid-size,1.8,4,M6,X,7.5,176
2017,Toyota,Corolla iM,Mid-size,1.8,4,AV7,X,7.5,176
2017,Toyota,Corolla iM,Mid-size,1.8,4,M6,X,7.9,185
2017,Toyota,Highlander,Sport utility vehicle: Small,3.5,6,AS8,X,10.3,243
2017,Toyota,Highlander AWD,Sport utility vehicle: Standard,3.5,6,AS8,X,10.6,251
2017,Toyota,Highlander AWD (Start/Stop System),Sport utility vehicle: Standard,3.5,6,AS8,X,10.6,247
2017,Toyota,Highlander AWD LE,Sport utility vehicle: Standard,3.5,6,AS8,X,10.4,242
2017,Toyota,Highlander Hybrid AWD,Sport utility vehicle: Standard,3.5,6,AV6,X,8.3,193
2017,Toyota,Prius,Mid-size,1.8,4,AV,X,4.5,105
2017,Toyota,Prius c,Compact,1.5,4,AV,X,5.1,120
2017,Toyota,Prius v,Station wagon: Mid-size,1.8,4,AV,X,5.8,135
2017,Toyota,RAV4,Sport utility vehicle: Small,2.5,4,AS6,X,9.2,217
2017,Toyota,RAV4 LE/XLE,Sport utility vehicle: Small,2.5,4,AS6,X,9.0,210
2017,Toyota,RAV4 AWD,Sport utility vehicle: Small,2.5,4,AS6,X,9.5,222
2017,Toyota,RAV4 Limited/SE AWD,Sport utility vehicle: Small,2.5,4,AS6,X,9.7,226
2017,Toyota,RAV4 Hybrid AWD,Sport utility vehicle: Small,2.5,4,AV6,X,7.3,170
2017,Toyota,Sequoia 4WD,Sport utility vehicle: Standard,5.7,8,AS6,X,16.5,380
2017,Toyota,Sienna,Minivan,3.5,6,AS8,X,10.9,255
2017,Toyota,Sienna AWD,Minivan,3.5,6,AS8,X,11.7,274
2017,Toyota,Tacoma,Pickup truck: Small,2.7,4,AS6,X,11.2,263
2017,Toyota,Tacoma,Pickup truck: Small,3.5,6,AS6,X,11.4,268
2017,Toyota,Tacoma 4WD,Pickup truck: Small,2.7,4,AS6,X,11.7,274
2017,Toyota,Tacoma 4WD,Pickup truck: Small,2.7,4,M5,X,11.9,279
2017,Toyota,Tacoma 4WD,Pickup truck: Small,3.5,6,AS6,X,12.0,283
2017,Toyota,Tacoma 4WD,Pickup truck: Small,3.5,6,M6,X,12.8,301
2017,Toyota,Tacoma 4WD D-Cab Off-Road,Pickup truck: Small,3.5,6,M6,X,12.9,300
2017,Toyota,Tundra,Pickup truck: Standard,4.6,8,AS6,X,14.2,334
2017,Toyota,Tundra,Pickup truck: Standard,5.7,8,AS6,X,15.3,358
2017,Toyota,Tundra 4WD,Pickup truck: Standard,4.6,8,AS6,X,14.9,349
2017,Toyota,Tundra 4WD,Pickup truck: Standard,5.7,8,AS6,X,16.2,378
2017,Toyota,Yaris,Compact,1.5,4,AS6,X,6.6,155
2017,Toyota,Yaris (SIL),Compact,1.5,4,M6,X,6.8,164
2017,Toyota,Yaris Hatchback,Compact,1.5,4,A4,X,7.4,173
2017,Toyota,Yaris Hatchback,Compact,1.5,4,M5,X,7.2,168
2017,Volkswagen,Beetle,Compact,1.8,4,AS6,X,8.5,199
2017,Volkswagen,Beetle,Compact,1.8,4,M5,X,8.4,198
2017,Volkswagen,Beetle Dune,Compact,1.8,4,AS6,X,8.6,201
2017,Volkswagen,Beetle Convertible,Subcompact,1.8,4,AS6,X,8.5,199
2017,Volkswagen,CC 4MOTION,Compact,3.6,6,AS6,X,11.8,277
2017,Volkswagen,Golf,Compact,1.8,4,AS6,X,8.2,192
2017,Volkswagen,Golf,Compact,1.8,4,M5,X,8.1,190
2017,Volkswagen,Golf GTI,Compact,2.0,4,AM6,X,8.5,199
2017,Volkswagen,Golf GTI,Compact,2.0,4,M6,X,8.5,198
2017,Volkswagen,Golf R,Compact,2.0,4,AM6,Z,9.3,216
2017,Volkswagen,Golf R,Compact,2.0,4,M6,Z,9.4,220
2017,Volkswagen,Golf Alltrack,Station wagon: Small,1.8,4,AM6,X,9.4,220
2017,Volkswagen,Golf SportWagen,Station wagon: Small,1.8,4,AS6,X,8.2,192
2017,Volkswagen,Golf SportWagen,Station wagon: Small,1.8,4,M5,X,8.3,194
2017,Volkswagen,Golf SportWagen 4MOTION,Station wagon: Small,1.8,4,AM6,X,9.4,220
2017,Volkswagen,Jetta,Compact,1.4,4,AS6,X,7.4,175
2017,Volkswagen,Jetta,Compact,1.4,4,M5,X,7.2,168
2017,Volkswagen,Jetta,Compact,1.8,4,AM6,X,8.2,193
2017,Volkswagen,Jetta,Compact,2.0,4,AS6,X,8.7,205
2017,Volkswagen,Jetta,Compact,2.0,4,M6,X,8.9,208
2017,Volkswagen,Passat,Mid-size,1.8,4,AS6,X,8.7,204
2017,Volkswagen,Passat,Mid-size,3.6,6,AM6,X,10.4,242
2017,Volkswagen,Tiguan,Sport utility vehicle: Small,2.0,4,AS6,Z,10.7,256
2017,Volkswagen,Tiguan 4MOTION,Sport utility vehicle: Small,2.0,4,AS6,Z,11.1,263
2017,Volkswagen,Touareg,Sport utility vehicle: Standard,3.6,6,AS8,X,12.2,287
2017,Volvo,S60 T5,Compact,2.0,4,AS8,X,8.4,198
2017,Volvo,S60 T5 AWD,Compact,2.0,4,AS8,X,9.4,219
2017,Volvo,S60 Inscription T5,Compact,2.0,4,AS8,X,8.4,198
2017,Volvo,S60 Inscription T5 AWD,Compact,2.0,4,AS8,X,9.4,219
2017,Volvo,S60 T6 AWD,Compact,2.0,4,AS8,Z,9.5,221
2017,Volvo,S60 Polestar,Compact,2.0,4,AS8,Z,10.3,241
2017,Volvo,S60 CC T5 AWD,Compact,2.0,4,AS8,X,9.4,220
2017,Volvo,S90 T5,Mid-size,2.0,4,AS8,Z,8.7,204
2017,Volvo,S90 T6 AWD,Mid-size,2.0,4,AS8,Z,9.4,219
2017,Volvo,V60 T5,Station wagon: Small,2.0,4,AS8,X,8.4,198
2017,Volvo,V60 T5 AWD,Station wagon: Small,2.0,4,AS8,X,9.4,219
2017,Volvo,V60 T6 AWD,Station wagon: Small,2.0,4,AS8,Z,9.5,221
2017,Volvo,V60 Polestar,Station wagon: Small,2.0,4,AS8,Z,10.3,241
2017,Volvo,V60 CC T5 AWD,Station wagon: Small,2.0,4,AS8,X,9.4,220
2017,Volvo,V90 T5,Station wagon: Mid-size,2.0,4,AS8,Z,8.7,204
2017,Volvo,V90 T6 AWD,Station wagon: Mid-size,2.0,4,AS8,Z,9.4,219
2017,Volvo,V90 CC T6 AWD,Station wagon: Mid-size,2.0,4,AS8,Z,9.4,221
2017,Volvo,XC60 T5,Sport utility vehicle: Small,2.0,4,AS8,X,9.2,216
2017,Volvo,XC60 T5 AWD,Sport utility vehicle: Small,2.0,4,AS8,X,10.0,233
2017,Volvo,XC60 T6 AWD,Sport utility vehicle: Small,2.0,4,AS8,Z,10.4,244
2017,Volvo,XC90 T5,Sport utility vehicle: Standard,2.0,4,AS8,Z,10.0,232
2017,Volvo,XC90 T5 AWD,Sport utility vehicle: Standard,2.0,4,AS8,Z,10.2,239
2017,Volvo,XC90 T6 AWD,Sport utility vehicle: Standard,2.0,4,AS8,Z,10.6,249
2018,Acura,ILX,Compact,2.4,4,AM8,Z,8.2,192
2018,Acura,MDX SH-AWD,Sport utility vehicle: Small,3.5,6,AS9,Z,11.0,259
2018,Acura,MDX SH-AWD Elite,Sport utility vehicle: Small,3.5,6,AS9,Z,10.7,251
2018,Acura,MDX Hybrid AWD,Sport utility vehicle: Small,3.0,6,AM7,Z,9.0,210
2018,Acura,NSX,Two-seater,3.5,6,AM9,Z,11.0,261
2018,Acura,RDX AWD,Sport utility vehicle: Small,3.5,6,AS6,Z,10.7,250
2018,Acura,RLX Hybrid,Mid-size,3.5,6,AM7,Z,8.4,196
2018,Acura,TLX,Compact,2.4,4,AM8,Z,8.7,205
2018,Acura,TLX A-SPEC,Compact,2.4,4,AM8,Z,8.9,209
2018,Acura,TLX SH-AWD,Compact,3.5,6,AS9,Z,9.8,228
2018,Acura,TLX SH-AWD A-SPEC,Compact,3.5,6,AS9,Z,10.3,240
2018,Alfa Romeo,4C Coupe,Two-seater,1.8,4,AM6,Z,8.4,197
2018,Alfa Romeo,4C Spider,Two-seater,1.8,4,AM6,Z,8.4,197
2018,Alfa Romeo,Giulia,Mid-size,2.0,4,A8,Z,8.7,205
2018,Alfa Romeo,Giulia AWD,Mid-size,2.0,4,A8,Z,9.2,217
2018,Alfa Romeo,Giulia Quadrifoglio,Mid-size,2.9,6,A8,Z,11.9,280
2018,Alfa Romeo,Stelvio AWD,Sport utility vehicle: Small,2.0,4,A8,Z,9.6,226
2018,Alfa Romeo,Stelvio Quadrifoglio,Sport utility vehicle: Small,2.9,6,A8,Z,12.4,292
2018,Aston Martin,DB11 V8,Minicompact,4.0,8,A8,Z,11.5,271
2018,Aston Martin,DB11 V12,Minicompact,5.2,12,A8,Z,13.7,322
2018,Aston Martin,Rapide S,Subcompact,6.0,12,A8,Z,14.1,332
2018,Aston Martin,Vanquish,Minicompact,6.0,12,A8,Z,14.7,346
2018,Audi,A3,Subcompact,2.0,4,AM7,X,8.0,188
2018,Audi,A3 quattro,Subcompact,2.0,4,AM6,X,8.7,205
2018,Audi,A3 Cabriolet quattro,Subcompact,2.0,4,AM6,X,9.5,223
2018,Audi,A4,Compact,2.0,4,AM7,Z,7.6,177
2018,Audi,A4 quattro,Compact,2.0,4,AM7,Z,8.7,203
2018,Audi,A4 quattro,Compact,2.0,4,M6,Z,8.7,204
2018,Audi,A4 allroad quattro,Station wagon: Small,2.0,4,AM7,Z,9.3,217
2018,Audi,A5 quattro,Subcompact,2.0,4,AM7,Z,8.7,203
2018,Audi,A5 quattro,Subcompact,2.0,4,M6,Z,8.7,204
2018,Audi,A5 Cabriolet quattro,Subcompact,2.0,4,AM7,Z,8.7,203
2018,Audi,A5 Sportback quattro,Mid-size,2.0,4,AM7,Z,8.7,203
2018,Audi,A6 quattro,Mid-size,2.0,4,AS8,Z,9.2,216
2018,Audi,A6 quattro,Mid-size,3.0,6,AS8,Z,10.0,235
2018,Audi,A7 quattro,Mid-size,3.0,6,AS8,Z,10.0,235
2018,Audi,A8,Full-size,3.0,6,AS8,Z,10.5,247
2018,Audi,A8,Full-size,4.0,8,AS8,Z,12.4,290
2018,Audi,A8L,Full-size,4.0,8,AS8,Z,12.4,290
2018,Audi,Q3,Compact,2.0,4,AS6,Z,10.1,236
2018,Audi,Q3 quattro,Compact,2.0,4,AS6,Z,10.3,240
2018,Audi,Q5,Sport utility vehicle: Small,2.0,4,AS7,Z,9.6,226
2018,Audi,Q7,Sport utility vehicle: Standard,2.0,4,AS8,Z,11.0,258
2018,Audi,Q7,Sport utility vehicle: Standard,3.0,6,AS8,Z,11.1,260
2018,Audi,R8,Two-seater,5.2,10,AM7,Z,13.1,304
2018,Audi,R8 quattro,Two-seater,5.2,10,AM7,Z,14.5,338
2018,Audi,R8 Spyder,Two-seater,5.2,10,AM7,Z,14.5,338
2018,Audi,RS 3,Subcompact,2.5,5,AM7,Z,10.5,248
2018,Audi,RS 5,Subcompact,2.9,6,AM8,Z,11.1,260
2018,Audi,RS 7,Mid-size,4.0,8,AS8,Z,13.7,318
2018,Audi,S3,Subcompact,2.0,4,AM7,Z,9.6,223
2018,Audi,S4,Compact,3.0,6,AM8,Z,9.9,232
2018,Audi,S5,Subcompact,3.0,6,AM8,Z,9.9,232
2018,Audi,S5 Cabriolet,Subcompact,3.0,6,AM8,Z,10.2,239
2018,Audi,S5 Sportback,Mid-size,3.0,6,AM8,Z,9.9,232
2018,Audi,S6,Mid-size,4.0,8,AM7,Z,12.8,298
2018,Audi,S7,Mid-size,4.0,8,AM7,Z,12.8,298
2018,Audi,S8,Mid-size,4.0,8,AS8,Z,13.4,313
2018,Audi,SQ5,Sport utility vehicle: Small,3.0,6,AM8,Z,11.5,270
2018,Audi,TT Coupe quattro,Subcompact,2.0,4,AM6,X,9.1,209
2018,Audi,TT Roadster quattro,Two-seater,2.0,4,AM6,X,9.1,209
2018,Audi,TT RS,Subcompact,2.5,5,AM7,Z,10.5,245
2018,Audi,TTS Coupe,Subcompact,2.0,4,AM6,Z,9.5,222
2018,Bentley,Bentayga,Sport utility vehicle: Standard,6.0,12,AS8,Z,15.9,370
2018,Bentley,Continental GT Convertible,Compact,6.0,12,AS8,Z,16.6,389
2018,Bentley,Continental Supersports,Compact,6.0,12,AS8,Z,16.6,389
2018,Bentley,Flying Spur,Mid-size,4.0,8,AS8,Z,15.1,353
2018,Bentley,Flying Spur,Mid-size,6.0,12,AS8,Z,16.6,389
2018,Bentley,Mulsanne,Mid-size,6.8,8,AS8,Z,17.3,405
2018,BMW,230i xDrive Cabriolet,Subcompact,2.0,4,AS8,Z,8.9,208
2018,BMW,230i Coupe,Subcompact,2.0,4,AS8,Z,8.4,197
2018,BMW,230i Coupe,Subcompact,2.0,4,M6,Z,9.4,219
2018,BMW,230i xDrive Coupe,Subcompact,2.0,4,AS8,Z,8.6,202
2018,BMW,328d xDrive,Compact,2.0,4,AS8,D,7.0,184
2018,BMW,328d xDrive Touring,Station wagon: Small,2.0,4,AS8,D,7.0,184
2018,BMW,330i xDrive,Compact,2.0,4,AS8,Z,8.9,208
2018,BMW,330i xDrive Gran Turismo,Full-size,2.0,4,AS8,Z,8.9,208
2018,BMW,330i xDrive Touring,Station wagon: Small,2.0,4,AS8,Z,8.9,208
2018,BMW,340i,Compact,3.0,6,AS8,Z,7.8,183
2018,BMW,340i,Compact,3.0,6,M6,Z,10.3,240
2018,BMW,340i xDrive,Compact,3.0,6,AS8,Z,9.5,223
2018,BMW,340i xDrive,Compact,3.0,6,M6,Z,10.5,245
2018,BMW,340i xDrive Gran Turismo,Full-size,3.0,6,AS8,Z,10.0,235
2018,BMW,430i xDrive Cabriolet,Subcompact,2.0,4,AS8,Z,9.1,214
2018,BMW,430i xDrive Coupe,Compact,2.0,4,AS8,Z,8.9,208
2018,BMW,430i xDrive Gran Coupe,Compact,2.0,4,AS8,Z,8.9,208
2018,BMW,440i xDrive Cabriolet,Subcompact,3.0,6,AS8,Z,10.0,235
2018,BMW,440i Coupe,Compact,3.0,6,AS8,Z,7.8,183
2018,BMW,440i Coupe,Compact,3.0,6,M6,Z,10.3,240
2018,BMW,440i xDrive Coupe,Compact,3.0,6,AS8,Z,9.5,223
2018,BMW,440i xDrive Coupe,Compact,3.0,6,M6,Z,10.5,245
2018,BMW,440i xDrive Gran Coupe,Compact,3.0,6,AS8,Z,9.5,223
2018,BMW,530i xDrive,Mid-size,2.0,4,AS8,Z,8.9,208
2018,BMW,540i xDrive,Mid-size,3.0,6,AS8,Z,10.0,236
2018,BMW,640i xDrive Cabriolet,Subcompact,3.0,6,AS8,Z,10.5,248
2018,BMW,640i xDrive Gran Coupe,Compact,3.0,6,AS8,Z,10.5,248
2018,BMW,640i xDrive Gran Turismo,Full-size,3.0,6,AS8,Z,10.3,241
2018,BMW,650i xDrive Cabriolet,Subcompact,4.4,8,AS8,Z,12.4,292
2018,BMW,650i xDrive Coupe,Subcompact,4.4,8,AS8,Z,12.2,286
2018,BMW,650i xDrive Gran Coupe,Compact,4.4,8,AS8,Z,12.4,292
2018,BMW,750i xDrive,Full-size,4.4,8,AS8,Z,12.4,292
2018,BMW,750i xDrive SWB,Full-size,4.4,8,AS8,Z,12.1,283
2018,BMW,Alpina B6 xDrive Gran Coupe,Compact,4.4,8,AS8,Z,12.4,292
2018,BMW,M2,Subcompact,3.0,6,AM7,Z,10.5,245
2018,BMW,M2,Subcompact,3.0,6,M6,Z,11.4,267
2018,BMW,M240i Cabriolet,Subcompact,3.0,6,AS8,Z,9.5,222
2018,BMW,M240i Cabriolet,Subcompact,3.0,6,M6,Z,10.9,255
2018,BMW,M240i xDrive Cabriolet,Subcompact,3.0,6,AS8,Z,9.7,227
2018,BMW,M240i Coupe,Subcompact,3.0,6,AS8,Z,9.5,222
2018,BMW,M240i Coupe,Subcompact,3.0,6,M6,Z,10.7,249
2018,BMW,M240i xDrive Coupe,Subcompact,3.0,6,AS8,Z,9.7,227
2018,BMW,M3,Compact,3.0,6,AM7,Z,11.9,280
2018,BMW,M3,Compact,3.0,6,M6,Z,11.6,273
2018,BMW,M4 Cabriolet,Subcompact,3.0,6,AM7,Z,12.7,299
2018,BMW,M4 Cabriolet,Subcompact,3.0,6,M6,Z,11.9,280
2018,BMW,M4 Coupe,Compact,3.0,6,AM7,Z,11.9,280
2018,BMW,M4 Coupe,Compact,3.0,6,M6,Z,11.6,273
2018,BMW,M550i xDrive,Mid-size,4.4,8,AS8,Z,12.1,283
2018,BMW,M6 Cabriolet,Subcompact,4.4,8,AM7,Z,14.7,344
2018,BMW,M6 Cabriolet,Subcompact,4.4,8,M6,Z,13.8,324
2018,BMW,M6 Coupe,Subcompact,4.4,8,AM7,Z,14.7,344
2018,BMW,M6 Coupe,Subcompact,4.4,8,M6,Z,13.8,324
2018,BMW,M6 Gran Coupe,Compact,4.4,8,AM7,Z,14.7,344
2018,BMW,M6 Gran Coupe,Compact,4.4,8,M6,Z,13.8,324
2018,BMW,M760i xDrive,Full-size,6.6,12,AS8,Z,15.1,355
2018,BMW,X1 xDrive28i,Sport utility vehicle: Small,2.0,4,AS8,Z,9.3,217
2018,BMW,X2 xDrive28i,Sport utility vehicle: Small,2.0,4,AS8,Z,9.5,222
2018,BMW,X3 xDrive30i,Sport utility vehicle: Small,2.0,4,AS8,Z,9.5,223
2018,BMW,X3 M40i,Sport utility vehicle: Small,3.0,6,AS8,Z,10.3,241
2018,BMW,X4 xDrive28i,Sport utility vehicle: Small,2.0,4,AS8,Z,10.3,240
2018,BMW,X4 M40i,Sport utility vehicle: Small,3.0,6,AS8,Z,11.4,266
2018,BMW,X5 xDrive35d,Sport utility vehicle: Standard,3.0,6,AS8,D,9.3,246
2018,BMW,X5 xDrive35i,Sport utility vehicle: Standard,3.0,6,AS8,Z,11.5,270
2018,BMW,X5 xDrive50i,Sport utility vehicle: Standard,4.4,8,AS8,Z,13.5,317
2018,BMW,X5 M,Sport utility vehicle: Standard,4.4,8,AS8,Z,14.6,341
2018,BMW,X6 xDrive35i,Sport utility vehicle: Standard,3.0,6,AS8,Z,11.5,270
2018,BMW,X6 xDrive50i,Sport utility vehicle: Standard,4.4,8,AS8,Z,13.5,317
2018,BMW,X6 M,Sport utility vehicle: Standard,4.4,8,AS8,Z,14.6,341
2018,Bugatti,Chiron,Two-seater,8.0,16,AM7,Z,22.2,522
2018,Buick,Enclave,Sport utility vehicle: Standard,3.6,6,AS9,X,11.2,263
2018,Buick,Enclave AWD,Sport utility vehicle: Standard,3.6,6,AS9,X,11.8,277
2018,Buick,Encore,Sport utility vehicle: Small,1.4,4,AS6,X,8.3,194
2018,Buick,Encore (SIDI with Stop/Start),Sport utility vehicle: Small,1.4,4,AS6,X,7.9,185
2018,Buick,Encore AWD,Sport utility vehicle: Small,1.4,4,AS6,X,8.9,210
2018,Buick,Encore AWD (SIDI with Stop/Start),Sport utility vehicle: Small,1.4,4,AS6,X,8.3,196
2018,Buick,Envision AWD,Sport utility vehicle: Small,2.0,4,A6,Z,10.6,248
2018,Buick,Envision AWD,Sport utility vehicle: Small,2.5,4,A6,X,10.0,234
2018,Buick,Lacrosse eAssist,Mid-size,2.5,4,A6,X,8.1,190
2018,Buick,Lacrosse,Mid-size,3.6,6,AS9,X,9.7,228
2018,Buick,Lacrosse AWD,Mid-size,3.6,6,AS9,X,10.1,237
2018,Buick,Regal,Full-size,2.0,4,AS9,Z,9.2,217
2018,Buick,Regal AWD,Full-size,2.0,4,AS8,Z,9.6,227
2018,Buick,Regal AWD,Full-size,3.6,6,AS9,X,10.7,250
2018,Cadillac,ATS,Compact,2.0,4,AS8,Z,9.2,216
2018,Cadillac,ATS,Compact,2.0,4,M6,Z,10.3,240
2018,Cadillac,ATS,Compact,3.6,6,AS8,X,10.0,234
2018,Cadillac,ATS AWD,Compact,2.0,4,AS8,Z,9.5,222
2018,Cadillac,ATS AWD,Compact,3.6,6,AS8,X,10.5,247
2018,Cadillac,ATS-V,Compact,3.6,6,AS8,Z,11.9,291
2018,Cadillac,ATS-V,Compact,3.6,6,M6,Z,12.6,295
2018,Cadillac,CT6,Full-size,2.0,4,AS8,Z,9.5,224
2018,Cadillac,CT6 AWD,Full-size,3.0,6,AS8,Z,11.2,263
2018,Cadillac,CT6 AWD,Full-size,3.6,6,AS8,X,11.1,261
2018,Cadillac,CTS,Mid-size,2.0,4,AS8,Z,9.5,224
2018,Cadillac,CTS,Mid-size,3.6,6,AS8,X,10.0,234
2018,Cadillac,CTS AWD,Mid-size,2.0,4,AS8,Z,9.8,229
2018,Cadillac,CTS AWD,Mid-size,3.6,6,AS8,X,10.5,247
2018,Cadillac,CTS Vsport,Mid-size,3.6,6,AS8,Z,12.7,311
2018,Cadillac,CTS-V,Mid-size,6.2,8,AS8,Z,14.0,329
2018,Cadillac,Escalade 4WD,Sport utility vehicle: Standard,6.2,8,A10,Z,14.0,329
2018,Cadillac,XT5,Sport utility vehicle: Small,3.6,6,AS8,X,10.6,250
2018,Cadillac,XT5 AWD,Sport utility vehicle: Small,3.6,6,AS8,X,11.2,263
2018,Cadillac,XTS,Full-size,3.6,6,AS6,X,11.1,260
2018,Cadillac,XTS AWD,Full-size,3.6,6,AS6,X,11.6,272
2018,Cadillac,XTS Vsport AWD,Full-size,3.6,6,AS6,Z,12.8,302
2018,Chevrolet,Camaro,Subcompact,2.0,4,AS8,Z,9.4,220
2018,Chevrolet,Camaro,Subcompact,2.0,4,M6,Z,10.1,235
2018,Chevrolet,Camaro,Subcompact,3.6,6,AS8,X,10.4,246
2018,Chevrolet,Camaro,Subcompact,3.6,6,M6,X,11.7,274
2018,Chevrolet,Camaro SS,Subcompact,6.2,8,AS8,Z,11.7,273
2018,Chevrolet,Camaro SS,Subcompact,6.2,8,M6,Z,12.1,284
2018,Chevrolet,Camaro ZL1,Subcompact,6.2,8,AS10,Z,15.4,361
2018,Chevrolet,Camaro ZL1,Subcompact,6.2,8,M6,Z,14.8,348
2018,Chevrolet,City Express,Special purpose vehicle,2.0,4,AV,X,9.3,218
2018,Chevrolet,Colorado,Pickup truck: Small,2.5,4,A6,X,10.8,253
2018,Chevrolet,Colorado,Pickup truck: Small,2.5,4,M6,X,10.7,251
2018,Chevrolet,Colorado,Pickup truck: Small,2.8,4,A6,D,9.6,257
2018,Chevrolet,Colorado,Pickup truck: Small,3.6,6,A8,X,11.7,274
2018,Chevrolet,Colorado 4WD,Pickup truck: Small,2.5,4,A6,X,11.3,266
2018,Chevrolet,Colorado 4WD,Pickup truck: Small,2.8,4,A6,D,10.4,279
2018,Chevrolet,Colorado 4WD,Pickup truck: Small,3.6,6,A8,X,12.2,288
2018,Chevrolet,Colorado ZR2 4WD,Pickup truck: Small,2.8,4,A6,D,11.7,315
2018,Chevrolet,Colorado ZR2 4WD,Pickup truck: Small,3.6,6,A8,X,14.1,331
2018,Chevrolet,Corvette,Two-seater,6.2,8,AS8,Z,12.7,297
2018,Chevrolet,Corvette,Two-seater,6.2,8,M7,Z,11.9,278
2018,Chevrolet,Corvette Z06,Two-seater,6.2,8,AS8,Z,14.3,336
2018,Chevrolet,Corvette Z06,Two-seater,6.2,8,M7,Z,13.4,312
2018,Chevrolet,Cruze,Compact,1.4,4,AS6,X,7.1,166
2018,Chevrolet,Cruze Premier,Compact,1.4,4,AS6,X,7.2,169
2018,Chevrolet,Cruze,Compact,1.4,4,M6,X,7.4,172
2018,Chevrolet,Cruze Diesel,Compact,1.6,4,A9,D,6.5,175
2018,Chevrolet,Cruze Diesel,Compact,1.6,4,M6,D,6.3,170
2018,Chevrolet,Cruze Hatchback,Mid-size,1.4,4,AS6,X,7.3,172
2018,Chevrolet,Cruze Hatchback Premier,Mid-size,1.4,4,AS6,X,7.5,176
2018,Chevrolet,Cruze Hatchback,Mid-size,1.4,4,M6,X,7.5,175
2018,Chevrolet,Cruze Hatchback Diesel,Mid-size,1.6,4,A9,D,6.6,178
2018,Chevrolet,Cruze Hatchback Diesel,Mid-size,1.6,4,M6,D,6.7,180
2018,Chevrolet,Equinox,Sport utility vehicle: Small,1.5,4,A6,X,8.3,195
2018,Chevrolet,Equinox,Sport utility vehicle: Small,1.6,4,A6,D,7.4,198
2018,Chevrolet,Equinox AWD,Sport utility vehicle: Small,1.5,4,A6,X,8.9,209
2018,Chevrolet,Equinox AWD,Sport utility vehicle: Small,1.6,4,A6,D,7.4,198
2018,Chevrolet,Equinox AWD,Sport utility vehicle: Small,2.0,4,A9,Z,9.7,228
2018,Chevrolet,Impala,Full-size,2.5,4,AS6,X,9.5,224
2018,Chevrolet,Impala FFV,Full-size,3.6,6,AS6,X,10.8,254
2018,Chevrolet,Impala FFV,Full-size,3.6,6,AS6,E,14.6,245
2018,Chevrolet,Malibu,Mid-size,1.5,4,A6,X,7.8,181
2018,Chevrolet,Malibu,Mid-size,2.0,4,A9,Z,9.1,213
2018,Chevrolet,Malibu Hybrid,Mid-size,1.8,4,AV,X,5.1,121
2018,Chevrolet,Silverado FFV,Pickup truck: Standard,4.3,6,A6,X,11.8,278
2018,Chevrolet,Silverado FFV,Pickup truck: Standard,4.3,6,A6,E,17.1,284
2018,Chevrolet,Silverado,Pickup truck: Standard,5.3,8,A6,X,12.7,298
2018,Chevrolet,Silverado FFV,Pickup truck: Standard,5.3,8,A6,X,12.7,298
2018,Chevrolet,Silverado FFV,Pickup truck: Standard,5.3,8,A6,E,17.1,283
2018,Chevrolet,Silverado,Pickup truck: Standard,5.3,8,A8,X,13.1,307
2018,Chevrolet,Silverado eAssist,Pickup truck: Standard,5.3,8,A8,X,11.8,278
2018,Chevrolet,Silverado,Pickup truck: Standard,6.2,8,A8,Z,13.8,324
2018,Chevrolet,Silverado 4WD FFV,Pickup truck: Standard,4.3,6,A6,X,12.5,294
2018,Chevrolet,Silverado 4WD FFV,Pickup truck: Standard,4.3,6,A6,E,18.0,296
2018,Chevrolet,Silverado 4WD,Pickup truck: Standard,5.3,8,A6,X,13.1,307
2018,Chevrolet,Silverado 4WD FFV,Pickup truck: Standard,5.3,8,A6,X,13.1,307
2018,Chevrolet,Silverado 4WD FFV,Pickup truck: Standard,5.3,8,A6,E,18.3,309
2018,Chevrolet,Silverado 4WD,Pickup truck: Standard,5.3,8,A8,X,13.8,324
2018,Chevrolet,Silverado eAssist 4WD,Pickup truck: Standard,5.3,8,A8,X,13.0,304
2018,Chevrolet,Silverado 4WD,Pickup truck: Standard,6.2,8,A8,Z,14.1,331
2018,Chevrolet,Sonic,Compact,1.4,4,AS6,X,7.8,184
2018,Chevrolet,Sonic,Compact,1.4,4,M6,X,7.4,174
2018,Chevrolet,Sonic,Compact,1.8,4,AS6,X,8.3,193
2018,Chevrolet,Sonic,Compact,1.8,4,M5,X,8.1,190
2018,Chevrolet,Sonic 5,Station wagon: Small,1.4,4,AS6,X,7.8,184
2018,Chevrolet,Sonic 5,Station wagon: Small,1.4,4,M6,X,7.4,174
2018,Chevrolet,Sonic 5,Station wagon: Small,1.8,4,AS6,X,8.3,193
2018,Chevrolet,Sonic 5,Station wagon: Small,1.8,4,M5,X,8.1,190
2018,Chevrolet,Spark,Subcompact,1.4,4,AV,X,7.1,167
2018,Chevrolet,Spark,Subcompact,1.4,4,M5,X,7.1,166
2018,Chevrolet,Suburban,Sport utility vehicle: Standard,5.3,8,A6,X,13.0,305
2018,Chevrolet,Suburban FFV,Sport utility vehicle: Standard,5.3,8,A6,X,13.0,305
2018,Chevrolet,Suburban FFV,Sport utility vehicle: Standard,5.3,8,A6,E,17.2,285
2018,Chevrolet,Suburban 4WD,Sport utility vehicle: Standard,5.3,8,A6,X,13.3,313
2018,Chevrolet,Suburban 4WD FFV,Sport utility vehicle: Standard,5.3,8,A6,X,13.3,312
2018,Chevrolet,Suburban 4WD FFV,Sport utility vehicle: Standard,5.3,8,A6,E,19.3,321
2018,Chevrolet,Tahoe,Sport utility vehicle: Standard,5.3,8,A6,X,13.0,305
2018,Chevrolet,Tahoe FFV,Sport utility vehicle: Standard,5.3,8,A6,X,13.0,305
2018,Chevrolet,Tahoe FFV,Sport utility vehicle: Standard,5.3,8,A6,E,17.2,285
2018,Chevrolet,Tahoe 4WD,Sport utility vehicle: Standard,5.3,8,A6,X,13.2,310
2018,Chevrolet,Tahoe 4WD FFV,Sport utility vehicle: Standard,5.3,8,A6,X,13.2,310
2018,Chevrolet,Tahoe 4WD FFV,Sport utility vehicle: Standard,5.3,8,A6,E,18.0,299
2018,Chevrolet,Tahoe 4WD,Sport utility vehicle: Standard,6.2,8,A10,Z,13.8,325
2018,Chevrolet,Traverse,Sport utility vehicle: Standard,2.0,4,A9,Z,10.5,246
2018,Chevrolet,Traverse,Sport utility vehicle: Standard,3.6,6,AS9,X,11.0,258
2018,Chevrolet,Traverse AWD,Sport utility vehicle: Standard,3.6,6,AS9,X,11.8,276
2018,Chevrolet,Trax,Sport utility vehicle: Small,1.4,4,AS6,X,8.3,194
2018,Chevrolet,Trax,Sport utility vehicle: Small,1.4,4,M6,X,8.2,194
2018,Chevrolet,Trax 4WD,Sport utility vehicle: Small,1.4,4,AS6,X,8.9,210
2018,Chrysler,300,Full-size,3.6,6,A8,X,10.3,242
2018,Chrysler,300 FFV,Full-size,3.6,6,A8,X,10.3,242
2018,Chrysler,300 FFV,Full-size,3.6,6,A8,E,14.2,234
2018,Chrysler,300,Full-size,5.7,8,A8,X,12.3,289
2018,Chrysler,300 AWD,Full-size,3.6,6,A8,X,11.0,258
2018,Chrysler,300 AWD FFV,Full-size,3.6,6,A8,X,11.0,258
2018,Chrysler,300 AWD FFV,Full-size,3.6,6,A8,E,15.0,248
2018,Chrysler,Pacifica,Minivan,3.6,6,A9,X,10.9,259
2018,Chrysler,Pacifica (Stop-Start),Minivan,3.6,6,A9,X,10.6,249
2018,Dodge,Challenger,Mid-size,3.6,6,A8,X,10.3,242
2018,Dodge,Challenger (MDS),Mid-size,5.7,8,A8,X,12.3,289
2018,Dodge,Challenger,Mid-size,5.7,8,M6,Z,13.1,307
2018,Dodge,Challenger (MDS),Mid-size,6.4,8,A8,Z,12.9,302
2018,Dodge,Challenger,Mid-size,6.4,8,M6,Z,13.9,325
2018,Dodge,Challenger GT AWD,Mid-size,3.6,6,A8,X,11.0,258
2018,Dodge,Challenger GT AWD FFV,Mid-size,3.6,6,A8,X,11.0,258
2018,Dodge,Challenger GT AWD FFV,Mid-size,3.6,6,A8,E,15.0,248
2018,Dodge,Challenger SRT,Mid-size,6.4,8,M6,Z,13.9,325
2018,Dodge,Challenger SRT (MDS),Mid-size,6.4,8,A8,Z,12.9,302
2018,Dodge,Challenger SRT Demon,Mid-size,6.2,8,A8,Z,14.5,339
2018,Dodge,Challenger SRT Hellcat,Mid-size,6.2,8,A8,Z,14.5,339
2018,Dodge,Challenger SRT Hellcat,Mid-size,6.2,8,M6,Z,15.1,352
2018,Dodge,Charger,Full-size,3.6,6,A5,X,11.6,271
2018,Dodge,Charger FFV,Full-size,3.6,6,A5,X,11.6,271
2018,Dodge,Charger FFV,Full-size,3.6,6,A5,E,16.1,268
2018,Dodge,Charger,Full-size,3.6,6,A8,X,10.3,242
2018,Dodge,Charger FFV,Full-size,3.6,6,A8,X,10.3,242
2018,Dodge,Charger FFV,Full-size,3.6,6,A8,E,14.2,234
2018,Dodge,Charger (MDS),Full-size,5.7,8,A5,X,12.9,302
2018,Dodge,Charger (MDS),Full-size,5.7,8,A8,X,12.3,289
2018,Dodge,Charger (MDS),Full-size,6.4,8,A8,Z,12.9,302
2018,Dodge,Charger AWD,Full-size,3.6,6,A8,X,11.0,258
2018,Dodge,Charger AWD FFV,Full-size,3.6,6,A8,X,11.0,258
2018,Dodge,Charger AWD FFV,Full-size,3.6,6,A8,E,15.0,248
2018,Dodge,Charger AWD (MDS),Full-size,5.7,8,A5,X,13.3,312
2018,Dodge,Charger SRT (MDS),Full-size,6.4,8,A8,Z,12.9,302
2018,Dodge,Charger SRT Hellcat,Full-size,6.2,8,A8,Z,14.5,339
2018,Dodge,Durango AWD,Sport utility vehicle: Standard,3.6,6,A8,X,11.3,265
2018,Dodge,Durango AWD,Sport utility vehicle: Standard,5.7,8,A8,X,14.1,331
2018,Dodge,Durango AWD SRT,Sport utility vehicle: Standard,6.4,8,A8,Z,15.6,363
2018,Dodge,Grand Caravan FFV,Minivan,3.6,6,A6,X,11.8,276
2018,Dodge,Grand Caravan FFV,Minivan,3.6,6,A6,E,16.7,274
2018,Dodge,Journey,Sport utility vehicle: Small,2.4,4,A4,X,11.1,261
2018,Dodge,Journey FFV,Sport utility vehicle: Small,3.6,6,A6,X,12.1,284
2018,Dodge,Journey FFV,Sport utility vehicle: Small,3.6,6,A6,E,16.4,274
2018,Dodge,Journey AWD,Sport utility vehicle: Small,3.6,6,A6,X,12.4,292
2018,FIAT,124 Spider,Two-seater,1.4,4,A6,X,8.0,187
2018,FIAT,124 Spider,Two-seater,1.4,4,M6,X,7.9,185
2018,FIAT,500,Minicompact,1.4,4,A6,X,8.7,202
2018,FIAT,500,Minicompact,1.4,4,M5,X,7.8,182
2018,FIAT,500 Abarth,Minicompact,1.4,4,A6,X,8.7,202
2018,FIAT,500 Abarth,Minicompact,1.4,4,M5,X,7.8,182
2018,FIAT,500L,Station wagon: Small,1.4,4,A6,X,9.4,221
2018,FIAT,500X,Sport utility vehicle: Small,1.4,4,M6,X,8.4,197
2018,FIAT,500X,Sport utility vehicle: Small,2.4,4,A9,X,9.4,220
2018,FIAT,500X AWD,Sport utility vehicle: Small,2.4,4,A9,X,9.7,226
2018,Ford,C-MAX Hybrid,Full-size,2.0,4,AV,X,5.9,138
2018,Ford,EcoSport,Sport utility vehicle: Small,1.0,3,AS6,X,8.4,195
2018,Ford,EcoSport AWD,Sport utility vehicle: Small,2.0,4,AS6,X,9.3,217
2018,Ford,Edge,Sport utility vehicle: Small,2.0,4,AS6,X,9.9,233
2018,Ford,Edge (Start/Stop),Sport utility vehicle: Small,2.0,4,AS6,X,9.9,231
2018,Ford,Edge,Sport utility vehicle: Small,3.5,6,AS6,X,11.5,270
2018,Ford,Edge AWD,Sport utility vehicle: Small,2.0,4,AS6,X,10.5,246
2018,Ford,Edge AWD,Sport utility vehicle: Small,2.7,6,AS6,X,12.0,282
2018,Ford,Edge AWD,Sport utility vehicle: Small,3.5,6,AS6,X,12.4,291
2018,Ford,Escape,Sport utility vehicle: Small,1.5,4,AS6,X,9.1,214
2018,Ford,Escape FFV,Sport utility vehicle: Small,2.5,4,AS6,X,9.7,229
2018,Ford,Escape FFV,Sport utility vehicle: Small,2.5,4,AS6,E,13.3,219
2018,Ford,Escape AWD,Sport utility vehicle: Small,1.5,4,AS6,X,9.6,226
2018,Ford,Escape AWD,Sport utility vehicle: Small,2.0,4,AS6,X,10.3,241
2018,Ford,Expedition 4X4,Sport utility vehicle: Standard,3.5,6,AS10,X,12.4,291
2018,Ford,Expedition MAX 4X4,Sport utility vehicle: Standard,3.5,6,AS10,X,13.2,311
2018,Ford,Explorer,Sport utility vehicle: Standard,2.3,4,AS6,X,10.8,254
2018,Ford,Explorer FFV,Sport utility vehicle: Standard,3.5,6,AS6,X,12.1,283
2018,Ford,Explorer FFV,Sport utility vehicle: Standard,3.5,6,AS6,E,16.2,269
2018,Ford,Explorer AWD,Sport utility vehicle: Standard,2.3,4,AS6,X,11.4,267
2018,Ford,Explorer AWD,Sport utility vehicle: Standard,3.5,6,AS6,X,13.0,305
2018,Ford,Explorer FFV AWD,Sport utility vehicle: Standard,3.5,6,AS6,X,12.7,299
2018,Ford,Explorer FFV AWD,Sport utility vehicle: Standard,3.5,6,AS6,E,17.3,288
2018,Ford,F-150,Pickup truck: Standard,2.7,6,AS10,X,10.6,249
2018,Ford,F-150 (LT Tire Pkg),Pickup truck: Standard,2.7,6,AS10,X,10.8,253
2018,Ford,F-150 (Payload Pkg),Pickup truck: Standard,2.7,6,AS10,X,11.0,258
2018,Ford,F-150,Pickup truck: Standard,3.0,6,AS10,D,9.5,256
2018,Ford,F-150 (LT Tire Pkg),Pickup truck: Standard,3.0,6,AS10,D,9.7,260
2018,Ford,F-150,Pickup truck: Standard,3.3,6,AS6,X,11.0,259
2018,Ford,F-150 FFV,Pickup truck: Standard,3.3,6,AS6,X,10.9,257
2018,Ford,F-150 FFV,Pickup truck: Standard,3.3,6,AS6,E,14.9,248
2018,Ford,F-150 (LT Tire Pkg),Pickup truck: Standard,3.3,6,AS6,X,11.2,263
2018,Ford,F-150 FFV (LT Tire Pkg),Pickup truck: Standard,3.3,6,AS6,X,11.2,263
2018,Ford,F-150 FFV (LT Tire Pkg),Pickup truck: Standard,3.3,6,AS6,E,14.9,248
2018,Ford,F-150,Pickup truck: Standard,3.5,6,AS10,X,12.0,282
2018,Ford,F-150 (LT Tire Pkg),Pickup truck: Standard,3.5,6,AS10,X,12.3,288
2018,Ford,F-150 (Payload Pkg),Pickup truck: Standard,3.5,6,AS10,X,12.5,293
2018,Ford,F-150,Pickup truck: Standard,5.0,8,AS10,X,12.4,292
2018,Ford,F-150 FFV,Pickup truck: Standard,5.0,8,AS10,X,12.2,286
2018,Ford,F-150 FFV,Pickup truck: Standard,5.0,8,AS10,E,17.4,288
2018,Ford,F-150 (LT Tire Pkg),Pickup truck: Standard,5.0,8,AS10,X,13.1,308
2018,Ford,F-150 FFV (LT Tire Pkg),Pickup truck: Standard,5.0,8,AS10,X,13.1,307
2018,Ford,F-150 FFV (LT Tire Pkg),Pickup truck: Standard,5.0,8,AS10,E,17.4,288
2018,Ford,F-150 (Payload Pkg),Pickup truck: Standard,5.0,8,AS10,X,13.8,324
2018,Ford,F-150 FFV (Payload Pkg),Pickup truck: Standard,5.0,8,AS10,X,13.8,323
2018,Ford,F-150 FFV (Payload Pkg),Pickup truck: Standard,5.0,8,AS10,E,17.4,288
2018,Ford,F-150 4X4,Pickup truck: Standard,2.7,6,AS10,X,11.3,265
2018,Ford,F-150 4X4 (LT Tire Pkg),Pickup truck: Standard,2.7,6,AS10,X,11.8,277
2018,Ford,F-150 4X4 (Payload Pkg),Pickup truck: Standard,2.7,6,AS10,X,11.6,272
2018,Ford,F-150 4X4,Pickup truck: Standard,3.0,6,AS10,D,10.7,288
2018,Ford,F-150 4X4 (LT Tire Pkg),Pickup truck: Standard,3.0,6,AS10,D,10.7,288
2018,Ford,F-150 4X4 XL/XLT,Pickup truck: Standard,3.0,6,AS10,D,9.9,266
2018,Ford,F-150 4X4,Pickup truck: Standard,3.3,6,AS6,X,11.8,277
2018,Ford,F-150 FFV 4X4,Pickup truck: Standard,3.3,6,AS6,X,11.7,273
2018,Ford,F-150 FFV 4X4,Pickup truck: Standard,3.3,6,AS6,E,15.8,263
2018,Ford,F-150 4X4 (LT Tire Pkg),Pickup truck: Standard,3.3,6,AS6,X,12.4,291
2018,Ford,F-150 FFV 4X4 (LT Tire Pkg),Pickup truck: Standard,3.3,6,AS6,X,12.4,291
2018,Ford,F-150 FFV 4X4 (LT Tire Pkg),Pickup truck: Standard,3.3,6,AS6,E,15.8,262
2018,Ford,F-150 4X4,Pickup truck: Standard,3.5,6,AS10,X,12.6,295
2018,Ford,F-150 4X4 (LT Tire Pkg),Pickup truck: Standard,3.5,6,AS10,X,12.7,297
2018,Ford,F-150 4X4 (Payload Pkg),Pickup truck: Standard,3.5,6,AS10,X,13.0,305
2018,Ford,F-150 4X4,Pickup truck: Standard,5.0,8,AS10,X,13.0,304
2018,Ford,F-150 FFV 4X4,Pickup truck: Standard,5.0,8,AS10,X,13.3,311
2018,Ford,F-150 FFV 4X4,Pickup truck: Standard,5.0,8,AS10,E,18.0,300
2018,Ford,F-150 4X4 (LT Tire Pkg),Pickup truck: Standard,5.0,8,AS10,X,13.8,324
2018,Ford,F-150 FFV 4X4 (LT Tire Pkg),Pickup truck: Standard,5.0,8,AS10,X,13.8,324
2018,Ford,F-150 FFV 4X4 (LT Tire Pkg),Pickup truck: Standard,5.0,8,AS10,E,18.0,300
2018,Ford,F-150 4X4 (Payload Pkg),Pickup truck: Standard,5.0,8,AS10,X,14.2,334
2018,Ford,F-150 FFV 4X4 (Payload Pkg),Pickup truck: Standard,5.0,8,AS10,X,14.5,339
2018,Ford,F-150 FFV 4X4 (Payload Pkg),Pickup truck: Standard,5.0,8,AS10,E,19.5,325
2018,Ford,F-150 Raptor 4X4,Pickup truck: Standard,3.5,6,AS10,X,14.5,339
2018,Ford,Fiesta,Subcompact,1.6,4,AM6,X,7.6,179
2018,Ford,Fiesta,Subcompact,1.6,4,M5,X,7.8,182
2018,Ford,Fiesta ST,Subcompact,1.6,4,M6,X,8.2,192
2018,Ford,Flex,Sport utility vehicle: Standard,3.5,6,AS6,X,12.7,298
2018,Ford,Flex AWD,Sport utility vehicle: Standard,3.5,6,AS6,X,12.9,303
2018,Ford,Flex AWD GTDI,Sport utility vehicle: Standard,3.5,6,AS6,X,13.7,322
2018,Ford,Focus,Compact,1.0,3,AS6,X,7.5,176
2018,Ford,Focus,Compact,1.0,3,M6,X,7.0,164
2018,Ford,Focus,Compact,2.0,4,AM6,X,7.7,179
2018,Ford,Focus,Compact,2.0,4,AS6,X,8.5,200
2018,Ford,Focus,Compact,2.0,4,M5,X,8.3,196
2018,Ford,Focus ST,Mid-size,2.0,4,M6,X,9.3,219
2018,Ford,Focus RS AWD,Mid-size,2.3,4,M6,Z,10.8,252
2018,Ford,Fusion,Mid-size,1.5,4,AS6,X,8.7,203
2018,Ford,Fusion,Mid-size,2.0,4,AS6,X,9.6,225
2018,Ford,Fusion,Mid-size,2.5,4,A6,X,9.5,223
2018,Ford,Fusion AWD,Mid-size,2.0,4,AS6,X,10.2,238
2018,Ford,Fusion AWD,Mid-size,2.7,6,AS6,X,11.8,277
2018,Ford,Fusion Hybrid,Mid-size,2.0,4,AV,X,5.6,131
2018,Ford,GT,Two-seater,3.5,6,AM7,Z,17.1,403
2018,Ford,Mustang,Subcompact,2.3,4,AS10,X,9.4,219
2018,Ford,Mustang (Performance Pkg),Subcompact,2.3,4,AS10,X,10.1,236
2018,Ford,Mustang,Subcompact,2.3,4,M6,X,9.5,222
2018,Ford,Mustang (Performance Pkg),Subcompact,2.3,4,M6,X,10.3,240
2018,Ford,Mustang,Subcompact,5.0,8,AS10,X,12.5,291
2018,Ford,Mustang,Subcompact,5.0,8,M6,X,12.8,300
2018,Ford,Mustang Convertible,Subcompact,2.3,4,AS10,X,10.2,238
2018,Ford,Mustang Convertible,Subcompact,2.3,4,M6,X,10.3,240
2018,Ford,Mustang Convertible,Subcompact,5.0,8,AS10,X,13.1,305
2018,Ford,Shelby GT350 Mustang,Subcompact,5.2,8,M6,Z,14.6,341
2018,Ford,T-150 Wagon,Van: Passenger,3.5,6,AS6,X,14.7,345
2018,Ford,T-150 Wagon,Van: Passenger,3.7,6,AS6,X,15.1,354
2018,Ford,Taurus FFV,Full-size,3.5,6,AS6,X,11.1,260
2018,Ford,Taurus FFV,Full-size,3.5,6,AS6,E,15.0,249
2018,Ford,Taurus AWD,Full-size,3.5,6,AS6,X,12.5,294
2018,Ford,Taurus FFV AWD,Full-size,3.5,6,AS6,X,12.4,291
2018,Ford,Taurus FFV AWD,Full-size,3.5,6,AS6,E,16.3,271
2018,Ford,Transit Connect Van FFV,Special purpose vehicle,2.5,4,AS6,X,10.4,244
2018,Ford,Transit Connect Van FFV,Special purpose vehicle,2.5,4,AS6,E,14.3,234
2018,Ford,Transit Connect Wagon LWB FFV,Special purpose vehicle,2.5,4,AS6,X,10.7,251
2018,Ford,Transit Connect Wagon LWB FFV,Special purpose vehicle,2.5,4,AS6,E,14.7,241
2018,Genesis,G80 AWD,Full-size,3.3,6,AS8,Z,11.9,282
2018,Genesis,G80 AWD,Full-size,3.8,6,AS8,X,11.7,276
2018,Genesis,G80 AWD,Full-size,5.0,8,AS8,Z,13.2,312
2018,Genesis,G90 AWD,Full-size,3.3,6,AS8,Z,11.9,279
2018,Genesis,G90 AWD,Full-size,5.0,8,AS8,Z,13.0,306
2018,GMC,Acadia,Sport utility vehicle: Standard,2.5,4,A6,X,10.2,239
2018,GMC,Acadia,Sport utility vehicle: Standard,3.6,6,A6,X,11.4,268
2018,GMC,Acadia AWD,Sport utility vehicle: Standard,2.5,4,A6,X,10.4,243
2018,GMC,Acadia AWD,Sport utility vehicle: Standard,3.6,6,A6,X,11.7,275
2018,GMC,Canyon,Pickup truck: Small,2.5,4,A6,X,10.8,253
2018,GMC,Canyon,Pickup truck: Small,2.5,4,M6,X,10.7,251
2018,GMC,Canyon,Pickup truck: Small,2.8,4,A6,D,9.6,257
2018,GMC,Canyon,Pickup truck: Small,3.6,6,A8,X,11.7,274
2018,GMC,Canyon 4WD,Pickup truck: Small,2.5,4,A6,X,11.3,266
2018,GMC,Canyon 4WD,Pickup truck: Small,2.8,4,A6,D,10.4,279
2018,GMC,Canyon 4WD,Pickup truck: Small,3.6,6,A8,X,12.2,288
2018,GMC,Sierra FFV,Pickup truck: Standard,4.3,6,A6,X,11.8,278
2018,GMC,Sierra FFV,Pickup truck: Standard,4.3,6,A6,E,17.1,284
2018,GMC,Sierra,Pickup truck: Standard,5.3,8,A6,X,12.7,298
2018,GMC,Sierra FFV,Pickup truck: Standard,5.3,8,A6,X,12.7,298
2018,GMC,Sierra FFV,Pickup truck: Standard,5.3,8,A6,E,17.0,283
2018,GMC,Sierra,Pickup truck: Standard,5.3,8,A8,X,13.1,307
2018,GMC,Sierra eAssist,Pickup truck: Standard,5.3,8,A8,X,11.8,278
2018,GMC,Sierra,Pickup truck: Standard,6.2,8,A8,Z,13.8,323
2018,GMC,Sierra 4WD FFV,Pickup truck: Standard,4.3,6,A6,X,12.5,294
2018,GMC,Sierra 4WD FFV,Pickup truck: Standard,4.3,6,A6,E,18.0,296
2018,GMC,Sierra 4WD,Pickup truck: Standard,5.3,8,A6,X,13.1,307
2018,GMC,Sierra 4WD FFV,Pickup truck: Standard,5.3,8,A6,X,13.1,307
2018,GMC,Sierra 4WD FFV,Pickup truck: Standard,5.3,8,A6,E,18.3,309
2018,GMC,Sierra 4WD,Pickup truck: Standard,5.3,8,A8,X,13.8,324
2018,GMC,Sierra eAssist 4WD,Pickup truck: Standard,5.3,8,A8,X,13.0,304
2018,GMC,Sierra 4WD,Pickup truck: Standard,6.2,8,A8,Z,14.1,331
2018,GMC,Terrain,Sport utility vehicle: Small,1.5,4,A9,X,8.6,201
2018,GMC,Terrain,Sport utility vehicle: Small,1.6,4,A6,D,7.4,198
2018,GMC,Terrain AWD,Sport utility vehicle: Small,1.5,4,A9,X,9.0,210
2018,GMC,Terrain AWD,Sport utility vehicle: Small,1.6,4,A6,D,7.4,198
2018,GMC,Terrain AWD,Sport utility vehicle: Small,2.0,4,A9,Z,10.2,239
2018,GMC,Yukon,Sport utility vehicle: Standard,5.3,8,A6,X,13.0,305
2018,GMC,Yukon FFV,Sport utility vehicle: Standard,5.3,8,A6,X,13.0,305
2018,GMC,Yukon FFV,Sport utility vehicle: Standard,5.3,8,A6,E,17.2,285
2018,GMC,Yukon 4WD,Sport utility vehicle: Standard,5.3,8,A6,X,13.2,310
2018,GMC,Yukon 4WD FFV,Sport utility vehicle: Standard,5.3,8,A6,X,13.2,310
2018,GMC,Yukon 4WD FFV,Sport utility vehicle: Standard,5.3,8,A6,E,18.0,299
2018,GMC,Yukon 4WD,Sport utility vehicle: Standard,6.2,8,A10,Z,13.8,325
2018,GMC,Yukon XL,Sport utility vehicle: Standard,5.3,8,A6,X,13.0,305
2018,GMC,Yukon XL FFV,Sport utility vehicle: Standard,5.3,8,A6,X,13.0,305
2018,GMC,Yukon XL FFV,Sport utility vehicle: Standard,5.3,8,A6,E,17.2,285
2018,GMC,Yukon XL 4WD,Sport utility vehicle: Standard,5.3,8,A6,X,13.3,313
2018,GMC,Yukon XL 4WD FFV,Sport utility vehicle: Standard,5.3,8,A6,X,13.3,312
2018,GMC,Yukon XL 4WD FFV,Sport utility vehicle: Standard,5.3,8,A6,E,19.3,321
2018,GMC,Yukon XL 4WD,Sport utility vehicle: Standard,6.2,8,A10,Z,14.5,340
2018,Honda,Accord,Full-size,1.5,4,AV,X,7.2,168
2018,Honda,Accord,Full-size,1.5,4,AV7,X,7.6,177
2018,Honda,Accord,Full-size,1.5,4,M6,X,7.9,185
2018,Honda,Accord,Full-size,2.0,4,M6,X,9.2,214
2018,Honda,Accord Sport/Touring,Mid-size,2.0,4,AS10,X,9.1,211
2018,Honda,Accord Hybrid,Full-size,2.0,4,AV,X,5.1,118
2018,Honda,Civic Coupe,Compact,1.5,4,AV,X,6.8,158
2018,Honda,Civic Coupe,Compact,1.5,4,M6,X,6.8,158
2018,Honda,Civic Coupe,Compact,2.0,4,AV,X,7.0,163
2018,Honda,Civic Coupe,Compact,2.0,4,M6,X,7.4,173
2018,Honda,Civic Coupe Si,Compact,1.5,4,M6,Z,7.4,173
2018,Honda,Civic Hatchback,Full-size,1.5,4,AV,X,6.9,162
2018,Honda,Civic Hatchback,Full-size,1.5,4,AV7,X,7.3,170
2018,Honda,Civic Hatchback,Full-size,1.5,4,M6,X,7.2,167
2018,Honda,Civic Hatchback Sport,Full-size,1.5,4,AV7,Z,7.3,170
2018,Honda,Civic Hatchback Sport,Full-size,1.5,4,M6,Z,7.2,167
2018,Honda,Civic Sedan,Mid-size,1.5,4,AV,X,6.6,153
2018,Honda,Civic Sedan,Mid-size,2.0,4,AV,X,7.0,163
2018,Honda,Civic Sedan,Mid-size,2.0,4,M6,X,7.4,172
2018,Honda,Civic Sedan Si,Mid-size,1.5,4,M6,Z,7.4,173
2018,Honda,Civic Type R,Full-size,2.0,4,M6,Z,9.6,224
2018,Honda,CR-V,Sport utility vehicle: Small,1.5,4,AV,X,7.8,181
2018,Honda,CR-V AWD,Sport utility vehicle: Small,1.5,4,AV,X,8.0,188
2018,Honda,Fit,Station wagon: Small,1.5,4,AV,X,6.5,151
2018,Honda,Fit,Station wagon: Small,1.5,4,AV7,X,7.0,166
2018,Honda,Fit,Station wagon: Small,1.5,4,M6,X,7.4,174
2018,Honda,HR-V,Station wagon: Small,1.8,4,AV,X,7.7,180
2018,Honda,HR-V,Station wagon: Small,1.8,4,AV7,X,7.7,180
2018,Honda,HR-V,Station wagon: Small,1.8,4,M6,X,8.4,195
2018,Honda,HR-V AWD,Station wagon: Small,1.8,4,AV,X,8.2,194
2018,Honda,HR-V AWD,Station wagon: Small,1.8,4,AV7,X,8.2,194
2018,Honda,Odyssey,Minivan,3.5,6,AS9,X,10.7,252
2018,Honda,Odyssey Touring,Minivan,3.5,6,AS10,X,10.6,247
2018,Honda,Pilot AWD,Sport utility vehicle: Small,3.5,6,A6,X,11.3,266
2018,Honda,Pilot AWD,Sport utility vehicle: Small,3.5,6,AS9,X,11.0,256
2018,Honda,Ridgeline AWD,Pickup truck: Standard,3.5,6,A6,X,11.3,264
2018,Hyundai,Accent,Compact,1.6,4,AS6,X,7.4,173
2018,Hyundai,Accent,Compact,1.6,4,M6,X,7.3,173
2018,Hyundai,Elantra,Mid-size,1.6,4,AM7,X,8.1,189
2018,Hyundai,Elantra,Mid-size,1.6,4,M6,X,9.4,221
2018,Hyundai,Elantra,Mid-size,2.0,4,AS6,X,7.4,174
2018,Hyundai,Elantra,Mid-size,2.0,4,M6,X,8.0,188
2018,Hyundai,Elantra GT,Full-size,1.6,4,AM7,X,8.3,194
2018,Hyundai,Elantra GT,Full-size,1.6,4,M6,X,9.6,226
2018,Hyundai,Elantra GT,Full-size,2.0,4,AS6,X,8.4,198
2018,Hyundai,Elantra GT,Full-size,2.0,4,M6,X,8.7,205
2018,Hyundai,IONIQ,Full-size,1.6,4,AM6,X,4.3,102
2018,Hyundai,IONIQ Blue,Full-size,1.6,4,AM6,X,4.1,96
2018,Hyundai,Kona,Sport utility vehicle: Small,2.0,4,AS6,X,7.9,186
2018,Hyundai,Kona AWD,Sport utility vehicle: Small,1.6,4,AM7,X,8.6,201
2018,Hyundai,Kona AWD,Sport utility vehicle: Small,2.0,4,AS6,X,8.6,202
2018,Hyundai,Santa Fe,Sport utility vehicle: Small,3.3,6,AS6,X,11.3,265
2018,Hyundai,Santa Fe AWD,Sport utility vehicle: Small,3.3,6,AS6,X,11.5,269
2018,Hyundai,Santa Fe Ultimate AWD,Sport utility vehicle: Small,3.3,6,AS6,X,12.5,295
2018,Hyundai,Santa Fe Sport,Sport utility vehicle: Small,2.4,4,AS6,X,10.0,235
2018,Hyundai,Santa Fe Sport AWD,Sport utility vehicle: Small,2.4,4,AS6,X,10.7,253
2018,Hyundai,Santa Fe Sport Ultimate AWD,Sport utility vehicle: Small,2.0,4,AS6,X,11.2,264
2018,Hyundai,Sonata,Full-size,2.0,4,AS8,X,9.1,212
2018,Hyundai,Sonata,Full-size,2.4,4,AS6,X,8.5,202
2018,Hyundai,Sonata Hybrid,Mid-size,2.0,4,AM6,X,5.7,135
2018,Hyundai,Sonata Hybrid SE,Mid-size,2.0,4,AM6,X,5.6,132
2018,Hyundai,Tucson,Sport utility vehicle: Small,2.0,4,AS6,X,9.0,213
2018,Hyundai,Tucson AWD,Sport utility vehicle: Small,1.6,4,AM7,X,9.3,221
2018,Hyundai,Tucson AWD,Sport utility vehicle: Small,2.0,4,AS6,X,10.2,241
2018,Infiniti,Q50 AWD,Mid-size,2.0,4,AS7,Z,9.7,228
2018,Infiniti,Q50 AWD,Mid-size,3.0,6,AS7,Z,10.8,253
2018,Infiniti,Q50 AWD Red Sport,Mid-size,3.0,6,AS7,Z,11.1,260
2018,Infiniti,Q50 Hybrid AWD,Compact,3.5,6,AS7,Z,8.5,200
2018,Infiniti,Q60 AWD,Subcompact,2.0,4,AS7,Z,10.0,233
2018,Infiniti,Q60 AWD,Subcompact,3.0,6,AS7,Z,10.7,251
2018,Infiniti,Q60 AWD Red Sport,Subcompact,3.0,6,AS7,Z,11.0,259
2018,Infiniti,Q70 AWD,Mid-size,3.7,6,AS7,Z,11.7,274
2018,Infiniti,Q70 AWD,Mid-size,5.6,8,AS7,Z,12.8,301
2018,Infiniti,QX30,Compact,2.0,4,AM7,Z,8.5,200
2018,Infiniti,QX30 AWD,Compact,2.0,4,AM7,Z,9.4,221
2018,Infiniti,QX60 AWD,Sport utility vehicle: Small,3.5,6,AV7,Z,10.9,257
2018,Infiniti,QX80 4WD,Sport utility vehicle: Standard,5.6,8,AS7,Z,15.1,354
2018,Jaguar,F-PACE 20d,Sport utility vehicle: Small,2.0,4,AS8,D,8.1,218
2018,Jaguar,F-PACE 25t,Sport utility vehicle: Small,2.0,4,AS8,Z,9.9,227
2018,Jaguar,F-PACE 35t,Sport utility vehicle: Small,3.0,6,AS8,Z,11.8,277
2018,Jaguar,F-TYPE Convertible,Two-seater,2.0,4,AS8,Z,9.2,215
2018,Jaguar,F-TYPE Convertible,Two-seater,3.0,6,AS8,Z,10.4,242
2018,Jaguar,F-TYPE Convertible,Two-seater,3.0,6,M6,Z,12.6,296
2018,Jaguar,F-TYPE Convertible R-Dynamic,Two-seater,3.0,6,AS8,Z,10.8,253
2018,Jaguar,F-TYPE Convertible R-Dynamic,Two-seater,3.0,6,M6,Z,12.9,302
2018,Jaguar,F-TYPE Convertible R-Dynamic AWD,Two-seater,3.0,6,AS8,Z,11.3,265
2018,Jaguar,F-TYPE Coupe,Two-seater,2.0,4,AS8,Z,9.2,215
2018,Jaguar,F-TYPE Coupe,Two-seater,3.0,6,AS8,Z,10.4,242
2018,Jaguar,F-TYPE Coupe,Two-seater,3.0,6,M6,Z,12.6,296
2018,Jaguar,F-TYPE Coupe R-Dynamic,Two-seater,3.0,6,AS8,Z,10.8,253
2018,Jaguar,F-TYPE Coupe R-Dynamic,Two-seater,3.0,6,M6,Z,12.9,302
2018,Jaguar,F-TYPE Coupe R-Dynamic AWD,Two-seater,3.0,6,AS8,Z,11.3,265
2018,Jaguar,F-TYPE R AWD Convertible,Two-seater,5.0,8,AS8,Z,13.3,311
2018,Jaguar,F-TYPE R AWD Coupe,Two-seater,5.0,8,AS8,Z,13.3,311
2018,Jaguar,XE 20d AWD,Compact,2.0,4,AS8,D,6.9,186
2018,Jaguar,XE 25t AWD,Compact,2.0,4,AS8,Z,8.5,200
2018,Jaguar,XE 35t AWD,Compact,3.0,6,AS8,Z,10.2,238
2018,Jaguar,XF 20d AWD,Mid-size,2.0,4,AS8,D,6.9,186
2018,Jaguar,XF 25t AWD,Mid-size,2.0,4,AS8,Z,8.8,207
2018,Jaguar,XF 35t AWD,Mid-size,3.0,6,AS8,Z,10.4,243
2018,Jaguar,XJ R-Sport AWD,Full-size,3.0,6,AS8,Z,11.8,276
2018,Jaguar,XJL Portfolio AWD,Full-size,3.0,6,AS8,Z,11.9,280
2018,Jaguar,XJR LWB,Full-size,5.0,8,AS8,Z,13.3,313
2018,Jeep,Cherokee FFV,Sport utility vehicle: Small,2.4,4,A9,X,9.6,225
2018,Jeep,Cherokee FFV,Sport utility vehicle: Small,2.4,4,A9,E,13.3,218
2018,Jeep,Cherokee,Sport utility vehicle: Small,3.2,6,A9,X,10.0,234
2018,Jeep,Cherokee 4X4 Active Drive I,Sport utility vehicle: Small,2.4,4,A9,X,10.0,235
2018,Jeep,Cherokee 4X4 Active Drive I FFV,Sport utility vehicle: Small,2.4,4,A9,X,10.0,235
2018,Jeep,Cherokee 4X4 Active Drive I FFV,Sport utility vehicle: Small,2.4,4,A9,E,14.0,231
2018,Jeep,Cherokee 4X4 Active Drive I,Sport utility vehicle: Small,3.2,6,A9,X,10.3,241
2018,Jeep,Cherokee 4X4 Active Drive II,Sport utility vehicle: Small,2.4,4,A9,X,10.2,239
2018,Jeep,Cherokee 4X4 Active Drive II,Sport utility vehicle: Small,3.2,6,A9,X,11.1,259
2018,Jeep,Cherokee 4X4 Active Drive Lock,Sport utility vehicle: Small,2.4,4,A9,X,10.9,256
2018,Jeep,Cherokee 4X4 Active Drive Lock,Sport utility vehicle: Small,3.2,6,A9,X,11.6,269
2018,Jeep,Compass,Sport utility vehicle: Small,2.4,4,A6,X,9.3,218
2018,Jeep,Compass,Sport utility vehicle: Small,2.4,4,M6,X,9.0,211
2018,Jeep,Compass 4X4,Sport utility vehicle: Small,2.4,4,A9,X,9.5,222
2018,Jeep,Compass 4X4,Sport utility vehicle: Small,2.4,4,M6,X,9.4,221
2018,Jeep,Grand Cherokee 4X4,Sport utility vehicle: Standard,3.0,6,A8,D,10.0,268
2018,Jeep,Grand Cherokee 4X4,Sport utility vehicle: Standard,3.6,6,A8,X,11.3,265
2018,Jeep,Grand Cherokee 4X4,Sport utility vehicle: Standard,5.7,8,A8,X,14.1,331
2018,Jeep,Grand Cherokee 4X4 SRT,Sport utility vehicle: Standard,6.4,8,A8,Z,15.7,368
2018,Jeep,Grand Cherokee 4X4 Trackhawk,Sport utility vehicle: Standard,6.2,8,A8,Z,17.7,413
2018,Jeep,New Wrangler 4X4,Sport utility vehicle: Small,2.0,4,A8,X,10.0,233
2018,Jeep,New Wrangler 4X4,Sport utility vehicle: Small,3.6,6,A8,X,11.8,274
2018,Jeep,New Wrangler 4X4,Sport utility vehicle: Small,3.6,6,M6,X,11.8,277
2018,Jeep,New Wrangler Unlimited 4X4,Sport utility vehicle: Small,2.0,4,A8,X,10.5,245
2018,Jeep,New Wrangler Unlimited 4X4,Sport utility vehicle: Small,3.6,6,A8,X,11.7,275
2018,Jeep,New Wrangler Unlimited 4X4,Sport utility vehicle: Small,3.6,6,M6,X,12.2,285
2018,Jeep,Renegade,Sport utility vehicle: Small,1.4,4,M6,X,8.9,209
2018,Jeep,Renegade,Sport utility vehicle: Small,2.4,4,A9,X,9.5,222
2018,Jeep,Renegade FFV,Sport utility vehicle: Small,2.4,4,A9,X,9.5,222
2018,Jeep,Renegade FFV,Sport utility vehicle: Small,2.4,4,A9,E,12.5,206
2018,Jeep,Renegade 4X4,Sport utility vehicle: Small,1.4,4,M6,X,8.9,211
2018,Jeep,Renegade 4X4,Sport utility vehicle: Small,2.4,4,A9,X,9.8,230
2018,Jeep,Wrangler JK 4X4,Sport utility vehicle: Small,3.6,6,A5,X,12.8,299
2018,Jeep,Wrangler JK 4X4,Sport utility vehicle: Small,3.6,6,M6,X,12.8,298
2018,Jeep,Wrangler JK Unlimited 4X4,Sport utility vehicle: Small,3.6,6,A5,X,13.4,313
2018,Jeep,Wrangler JK Unlimited 4X4,Sport utility vehicle: Small,3.6,6,M6,X,13.3,312
2018,Kia,Cadenza,Full-size,3.3,6,AS8,X,10.2,237
2018,Kia,Forte (MPI),Mid-size,2.0,4,AS6,X,7.1,168
2018,Kia,Forte (GDI),Mid-size,2.0,4,AS6,X,8.3,198
2018,Kia,Forte,Mid-size,2.0,4,M6,X,8.3,195
2018,Kia,Forte 5,Full-size,1.6,4,AM7,X,8.7,207
2018,Kia,Forte 5,Full-size,2.0,4,AS6,X,8.3,197
2018,Kia,Forte 5,Full-size,2.0,4,M6,X,8.7,204
2018,Kia,K900,Full-size,3.8,6,AS8,X,11.8,279
2018,Kia,K900,Full-size,5.0,8,AS8,Z,13.3,317
2018,Kia,Niro,Station wagon: Small,1.6,4,AM6,X,4.8,114
2018,Kia,Niro FE,Station wagon: Small,1.6,4,AM6,X,4.7,110
2018,Kia,Niro Touring,Station wagon: Small,1.6,4,AM6,X,5.4,129
2018,Kia,Optima,Full-size,2.0,4,AS6,X,9.4,224
2018,Kia,Optima,Full-size,2.4,4,AS6,X,8.4,198
2018,Kia,Optima FE,Full-size,2.4,4,AS6,X,8.0,190
2018,Kia,Optima Hybrid,Mid-size,2.0,4,AM6,X,5.6,132
2018,Kia,Rio,Compact,1.6,4,AS6,X,7.5,177
2018,Kia,Rio,Compact,1.6,4,M6,X,7.5,175
2018,Kia,Sedona,Minivan,3.3,6,AS6,X,11.6,275
2018,Kia,Sedona SX,Minivan,3.3,6,AS6,X,11.4,269
2018,Kia,Sedona SXL,Minivan,3.3,6,AS6,X,12.5,296
2018,Kia,Sorento,Sport utility vehicle: Small,2.4,4,AS6,X,9.9,234
2018,Kia,Sorento AWD,Sport utility vehicle: Small,2.0,4,AS6,X,11.0,259
2018,Kia,Sorento AWD,Sport utility vehicle: Small,2.4,4,AS6,X,10.5,246
2018,Kia,Sorento AWD,Sport utility vehicle: Small,3.3,6,AS6,X,12.2,289
2018,Kia,Sorento AWD FE,Sport utility vehicle: Small,3.3,6,AS6,X,11.4,270
2018,Kia,Soul,Station wagon: Small,1.6,4,AM7,X,8.5,199
2018,Kia,Soul,Station wagon: Small,1.6,4,AS6,X,8.7,205
2018,Kia,Soul,Station wagon: Small,2.0,4,AS6,X,8.7,206
2018,Kia,Sportage,Sport utility vehicle: Small,2.4,4,AS6,X,9.2,218
2018,Kia,Sportage AWD,Sport utility vehicle: Small,2.0,4,AS6,X,11.1,263
2018,Kia,Sportage AWD,Sport utility vehicle: Small,2.4,4,AS6,X,10.5,247
2018,Kia,Stinger AWD,Mid-size,3.3,6,AS8,Z,11.3,265
2018,Lamborghini,Aventador Coupe,Two-seater,6.5,12,AM7,Z,19.4,454
2018,Lamborghini,Aventador Roadster,Two-seater,6.5,12,AM7,Z,19.8,464
2018,Lamborghini,Aventador S Coupe,Two-seater,6.5,12,AM7,Z,19.4,454
2018,Lamborghini,Aventador S Roadster,Two-seater,6.5,12,AM7,Z,19.8,464
2018,Lamborghini,Huracan,Two-seater,5.2,10,AM7,Z,14.4,336
2018,Lamborghini,Huracan AWD,Two-seater,5.2,10,AM7,Z,15.0,349
2018,Lamborghini,Huracan Spyder,Two-seater,5.2,10,AM7,Z,14.5,337
2018,Lamborghini,Huracan Spyder AWD,Two-seater,5.2,10,AM7,Z,15.0,350
2018,Land Rover,Discovery Sport,Sport utility vehicle: Small,2.0,4,AS9,Z,10.5,246
2018,Land Rover,Range Rover Evoque,Sport utility vehicle: Small,2.0,4,AS9,Z,9.6,225
2018,Land Rover,Range Rover Evoque Convertible,Sport utility vehicle: Small,2.0,4,AS9,Z,9.8,231
2018,Land Rover,Range Rover Velar,Sport utility vehicle: Small,2.0,4,AS8,D,8.5,229
2018,Land Rover,Range Rover Velar,Sport utility vehicle: Small,3.0,6,AS8,Z,11.6,273
2018,Lexus,ES 300h,Mid-size,2.5,4,AV6,X,5.9,139
2018,Lexus,ES 350,Mid-size,3.5,6,AS6,X,9.7,226
2018,Lexus,GS 350 AWD,Mid-size,3.5,6,AS6,Z,11.0,257
2018,Lexus,GS 450h,Mid-size,3.5,6,AV8,Z,7.5,176
2018,Lexus,GS F,Compact,5.0,8,AS8,Z,12.5,293
2018,Lexus,GX 460,Sport utility vehicle: Standard,4.6,8,AS6,Z,14.6,341
2018,Lexus,IS 300,Compact,2.0,4,AS8,Z,9.1,214
2018,Lexus,IS 300 AWD,Compact,3.5,6,AS6,Z,10.9,254
2018,Lexus,IS 350 AWD,Compact,3.5,6,AS6,Z,10.9,254
2018,Lexus,LC 500,Subcompact,5.0,8,AS10,Z,12.2,286
2018,Lexus,LC 500h,Subcompact,3.5,6,AV10,Z,8.0,187
2018,Lexus,LS 500,Mid-size,3.4,6,AS10,Z,10.2,240
2018,Lexus,LS 500 AWD,Mid-size,3.4,6,AS10,Z,11.0,259
2018,Lexus,LS 500h,Mid-size,3.5,6,AV10,Z,8.4,195
2018,Lexus,LS 500h AWD,Mid-size,3.5,6,AV10,Z,9.1,211
2018,Lexus,LX 570,Sport utility vehicle: Standard,5.7,8,AS8,Z,15.8,371
2018,Lexus,NX 300 AWD,Sport utility vehicle: Small,2.0,4,AS6,Z,9.7,226
2018,Lexus,NX 300 AWD F SPORT,Sport utility vehicle: Small,2.0,4,AS6,Z,9.9,232
2018,Lexus,NX 300h AWD,Sport utility vehicle: Small,2.5,4,AV6,X,7.5,176
2018,Lexus,RC 300 AWD,Subcompact,3.5,6,AS6,Z,11.2,262
2018,Lexus,RC 350 AWD,Subcompact,3.5,6,AS6,Z,11.2,262
2018,Lexus,RC F,Subcompact,5.0,8,AS8,Z,12.6,289
2018,Lexus,RX 350 AWD,Sport utility vehicle: Small,3.5,6,AS8,X,10.8,252
2018,Lexus,RX 350 L AWD,Sport utility vehicle: Small,3.5,6,AS8,X,11.1,268
2018,Lexus,RX 450h AWD,Sport utility vehicle: Standard,3.5,6,AV6,Z,7.9,185
2018,Lincoln,Continental AWD,Full-size,2.7,6,AS6,X,12.0,280
2018,Lincoln,Continental AWD,Full-size,3.0,6,AS6,X,12.3,290
2018,Lincoln,Continental AWD,Full-size,3.7,6,AS6,X,12.2,287
2018,Lincoln,MKC AWD,Sport utility vehicle: Small,2.0,4,AS6,X,10.9,256
2018,Lincoln,MKC AWD (Start/Stop),Sport utility vehicle: Small,2.0,4,AS6,X,10.8,254
2018,Lincoln,MKC AWD,Sport utility vehicle: Small,2.3,4,AS6,X,11.5,269
2018,Lincoln,MKT AWD,Sport utility vehicle: Standard,3.5,6,AS6,X,13.7,322
2018,Lincoln,MKT Livery AWD,Special purpose vehicle,3.7,6,A6,X,12.7,298
2018,Lincoln,MKX AWD,Sport utility vehicle: Small,2.7,6,AS6,X,12.1,284
2018,Lincoln,MKX AWD,Sport utility vehicle: Small,3.7,6,AS6,X,12.5,293
2018,Lincoln,MKZ AWD,Mid-size,2.0,4,AS6,X,10.3,242
2018,Lincoln,MKZ AWD,Mid-size,3.0,6,AS6,X,11.8,278
2018,Lincoln,MKZ Hybrid,Mid-size,2.0,4,AV,X,5.9,139
2018,Lincoln,Navigator 4X4,Sport utility vehicle: Standard,3.5,6,AS10,X,13.3,310
2018,Maserati,Ghibli,Mid-size,3.0,6,AS8,Z,12.2,286
2018,Maserati,Ghibli S,Mid-size,3.0,6,AS8,Z,12.4,293
2018,Maserati,Ghibli SQ4,Mid-size,3.0,6,AS8,Z,12.6,295
2018,Maserati,Granturismo,Subcompact,4.7,8,AS6,Z,15.1,355
2018,Maserati,Granturismo Convertible,Subcompact,4.7,8,AS6,Z,15.2,358
2018,Maserati,Levante,Sport utility vehicle: Standard,3.0,6,AS8,Z,14.4,340
2018,Maserati,Levante S,Sport utility vehicle: Standard,3.0,6,AS8,Z,14.7,346
2018,Maserati,Quattroporte S,Full-size,3.0,6,AS8,Z,12.8,300
2018,Maserati,Quattroporte SQ4,Full-size,3.0,6,AS8,Z,12.8,301
2018,Maserati,Quattroporte GTS,Full-size,3.8,8,AS8,Z,13.7,321
2018,Mazda,CX-3,Compact,2.0,4,AS6,X,7.6,180
2018,Mazda,CX-3,Compact,2.0,4,M6,X,8.1,189
2018,Mazda,CX-3 4WD,Compact,2.0,4,AS6,X,8.2,192
2018,Mazda,CX-5,Sport utility vehicle: Small,2.0,4,M6,X,8.8,206
2018,Mazda,CX-5,Sport utility vehicle: Small,2.5,4,AS6,X,8.8,206
2018,Mazda,CX-5 (Cylinder Deactivation),Sport utility vehicle: Small,2.5,4,AS6,X,8.5,201
2018,Mazda,CX-5 4WD,Sport utility vehicle: Small,2.5,4,AS6,X,9.3,217
2018,Mazda,CX-5 4WD (Cylinder Deactivation),Sport utility vehicle: Small,2.5,4,AS6,X,9.0,209
2018,Mazda,CX-9,Sport utility vehicle: Small,2.5,4,AS6,X,9.6,225
2018,Mazda,CX-9 4WD,Sport utility vehicle: Small,2.5,4,AS6,X,10.4,242
2018,Mazda,Mazda3 4-Door,Compact,2.0,4,AS6,X,7.5,176
2018,Mazda,Mazda3 4-Door,Compact,2.0,4,M6,X,7.5,175
2018,Mazda,Mazda3 4-Door (SIL),Compact,2.0,4,M6,X,7.5,175
2018,Mazda,Mazda3 4-Door,Compact,2.5,4,AS6,X,7.8,182
2018,Mazda,Mazda3 4-Door (i-ELOOP),Compact,2.5,4,AS6,X,7.6,176
2018,Mazda,Mazda3 4-Door (SIL),Compact,2.5,4,M6,X,8.2,194
2018,Mazda,Mazda3 5-Door,Mid-size,2.0,4,AS6,X,7.5,174
2018,Mazda,Mazda3 5-Door (SIL),Mid-size,2.0,4,M6,X,7.6,178
2018,Mazda,Mazda3 5-Door,Mid-size,2.5,4,AS6,X,7.8,187
2018,Mazda,Mazda3 5-Door (i-ELOOP),Mid-size,2.5,4,AS6,X,7.8,181
2018,Mazda,Mazda3 5-Door (SIL),Mid-size,2.5,4,M6,X,8.4,198
2018,Mazda,Mazda6,Mid-size,2.5,4,AS6,X,8.0,187
2018,Mazda,Mazda6 Turbo,Mid-size,2.5,4,AS6,X,8.9,208
2018,Mazda,MX-5,Two-seater,2.0,4,AS6,Z,8.0,188
2018,Mazda,MX-5 (SIL),Two-seater,2.0,4,M6,Z,8.1,189
2018,Mercedes-Benz,AMG C 43 4MATIC,Compact,3.0,6,A9,Z,10.4,244
2018,Mercedes-Benz,AMG C 43 4MATIC Cabriolet,Subcompact,3.0,6,A9,Z,11.0,256
2018,Mercedes-Benz,AMG C 43 4MATIC Coupe,Subcompact,3.0,6,A9,Z,10.5,245
2018,Mercedes-Benz,AMG C 63,Compact,4.0,8,A7,Z,11.7,274
2018,Mercedes-Benz,AMG C 63 Cabriolet,Subcompact,4.0,8,A7,Z,12.4,291
2018,Mercedes-Benz,AMG C 63 Coupe,Subcompact,4.0,8,A7,Z,12.1,285
2018,Mercedes-Benz,AMG C 63 S,Compact,4.0,8,A7,Z,11.7,274
2018,Mercedes-Benz,AMG C 63 S Cabriolet,Subcompact,4.0,8,A7,Z,12.4,291
2018,Mercedes-Benz,AMG C 63 S Coupe,Subcompact,4.0,8,A7,Z,12.2,285
2018,Mercedes-Benz,AMG CLA 45 4MATIC,Compact,2.0,4,AM7,Z,9.2,217
2018,Mercedes-Benz,AMG E 43 4MATIC,Mid-size,3.0,6,A9,Z,11.1,258
2018,Mercedes-Benz,AMG E 63 S 4MATIC,Mid-size,4.0,8,A9,Z,13.3,313
2018,Mercedes-Benz,AMG E 63 S 4MATIC Wagon,Station wagon: Mid-size,4.0,8,A9,Z,13.3,312
2018,Mercedes-Benz,AMG G 63,Sport utility vehicle: Standard,5.5,8,A7,Z,17.9,419
2018,Mercedes-Benz,AMG G 65,Sport utility vehicle: Standard,6.0,12,A7,Z,20.3,473
2018,Mercedes-Benz,AMG GLA 45 4MATIC,Station wagon: Mid-size,2.0,4,AM7,Z,9.6,225
2018,Mercedes-Benz,AMG GLC 43 4MATIC,Sport utility vehicle: Small,3.0,6,A9,Z,11.8,277
2018,Mercedes-Benz,AMG GLC 43 4MATIC Coupe,Sport utility vehicle: Small,3.0,6,A9,Z,11.6,272
2018,Mercedes-Benz,AMG GLE 43 4MATIC,Sport utility vehicle: Standard,3.0,6,A9,Z,12.1,282
2018,Mercedes-Benz,AMG GLE 43 4MATIC Coupe,Sport utility vehicle: Standard,3.0,6,A9,Z,12.2,285
2018,Mercedes-Benz,AMG GLE 63 S 4MATIC,Sport utility vehicle: Standard,5.5,8,A7,Z,15.5,364
2018,Mercedes-Benz,AMG GLE 63 S 4MATIC Coupe,Sport utility vehicle: Standard,5.5,8,A7,Z,15.2,357
2018,Mercedes-Benz,AMG GLS 63 4MATIC,Sport utility vehicle: Standard,5.5,8,A7,Z,15.7,367
2018,Mercedes-Benz,AMG GT Coupe,Two-seater,4.0,8,AM7,Z,12.8,302
2018,Mercedes-Benz,AMG GT Roadster,Two-seater,4.0,8,AM7,Z,13.0,304
2018,Mercedes-Benz,AMG GT C Coupe,Two-seater,4.0,8,AM7,Z,13.8,322
2018,Mercedes-Benz,AMG GT C Roadster,Two-seater,4.0,8,AM7,Z,13.8,322
2018,Mercedes-Benz,AMG GT R Coupe,Two-seater,4.0,8,AM7,Z,13.9,324
2018,Mercedes-Benz,AMG GT S Coupe,Two-seater,4.0,8,AM7,Z,12.8,302
2018,Mercedes-Benz,AMG S 63 4MATIC,Full-size,4.0,8,A9,Z,11.8,275
2018,Mercedes-Benz,AMG S 63 4MATIC Cabriolet,Subcompact,4.0,8,A9,Z,13.1,306
2018,Mercedes-Benz,AMG S 63 4MATIC Coupe,Compact,4.0,8,A9,Z,11.6,271
2018,Mercedes-Benz,AMG S 65,Full-size,6.0,12,A7,Z,15.1,356
2018,Mercedes-Benz,AMG SL 63,Two-seater,5.5,8,A7,Z,12.4,291
2018,Mercedes-Benz,AMG SL 65,Two-seater,6.0,12,A7,Z,14.5,339
2018,Mercedes-Benz,AMG SLC 43,Two-seater,3.0,6,A9,Z,10.1,236
2018,Mercedes-Benz,B 250,Mid-size,2.0,4,AM7,Z,8.4,196
2018,Mercedes-Benz,B 250 4MATIC,Mid-size,2.0,4,AM7,Z,9.1,215
2018,Mercedes-Benz,C 300 4MATIC,Compact,2.0,4,A9,Z,9.1,214
2018,Mercedes-Benz,C 300 4MATIC Cabriolet,Subcompact,2.0,4,A9,Z,9.6,224
2018,Mercedes-Benz,C 300 4MATIC Coupe,Subcompact,2.0,4,A9,Z,9.3,218
2018,Mercedes-Benz,C 300 4MATIC Wagon,Station wagon: Mid-size,2.0,4,A9,Z,9.5,222
2018,Mercedes-Benz,CLA 250,Compact,2.0,4,AM7,Z,8.2,193
2018,Mercedes-Benz,CLA 250 4MATIC,Compact,2.0,4,AM7,Z,8.7,204
2018,Mercedes-Benz,E 300 4MATIC,Mid-size,2.0,4,A9,Z,9.7,227
2018,Mercedes-Benz,E 400 4MATIC,Mid-size,3.0,6,A9,Z,10.4,246
2018,Mercedes-Benz,E 400 4MATIC Cabriolet,Subcompact,3.0,6,A9,Z,10.8,251
2018,Mercedes-Benz,E 400 4MATIC Coupe,Subcompact,3.0,6,A9,Z,10.6,248
2018,Mercedes-Benz,E 400 4MATIC Wagon,Station wagon: Mid-size,3.0,6,A9,Z,11.1,261
2018,Mercedes-Benz,G 550,Sport utility vehicle: Standard,4.0,8,A7,Z,17.5,410
2018,Mercedes-Benz,GLA 250 4MATIC,Sport utility vehicle: Small,2.0,4,AM7,Z,9.0,209
2018,Mercedes-Benz,GLC 300 4MATIC,Sport utility vehicle: Small,2.0,4,A9,Z,10.0,240
2018,Mercedes-Benz,GLC 300 4MATIC Coupe,Sport utility vehicle: Small,2.0,4,A9,Z,10.0,235
2018,Mercedes-Benz,GLE 400 4MATIC,Sport utility vehicle: Standard,3.0,6,A9,Z,12.1,282
2018,Mercedes-Benz,GLE 550 4MATIC,Sport utility vehicle: Standard,4.7,8,A9,Z,13.5,317
2018,Mercedes-Benz,GLS 450 4MATIC,Sport utility vehicle: Standard,3.0,6,A9,Z,13.0,305
2018,Mercedes-Benz,GLS 550 4MATIC,Sport utility vehicle: Standard,4.7,8,A9,Z,14.7,346
2018,Mercedes-Benz,Maybach S 650,Full-size,6.0,12,A9,Z,15.1,355
2018,Mercedes-Benz,Metris Cargo,Special purpose vehicle,2.0,4,A7,Z,10.7,251
2018,Mercedes-Benz,Metris Passenger,Special purpose vehicle,2.0,4,A7,Z,11.4,268
2018,Mercedes-Benz,S 450 4MATIC SWB,Mid-size,3.0,6,A9,Z,10.9,255
2018,Mercedes-Benz,S 560 Cabriolet,Subcompact,4.0,8,A9,Z,11.8,276
2018,Mercedes-Benz,S 560 4MATIC SWB,Mid-size,4.0,8,A9,Z,11.2,261
2018,Mercedes-Benz,S 560 4MATIC,Full-size,4.0,8,A9,Z,11.3,265
2018,Mercedes-Benz,S 560 4MATIC Coupe,Compact,4.0,8,A9,Z,11.4,269
2018,Mercedes-Benz,SL 450,Two-seater,3.0,6,A9,Z,10.2,238
2018,Mercedes-Benz,SL 550,Two-seater,4.7,8,A9,Z,11.8,275
2018,Mercedes-Benz,SLC 300,Two-seater,2.0,4,A9,Z,8.6,202
2018,MINI,Cooper 3 Door,Subcompact,1.5,3,AS6,Z,7.9,184
2018,MINI,Cooper 3 Door,Subcompact,1.5,3,M6,Z,7.5,175
2018,MINI,Cooper 5 Door,Subcompact,1.5,3,AS6,Z,7.9,184
2018,MINI,Cooper 5 Door,Subcompact,1.5,3,M6,Z,7.4,174
2018,MINI,Cooper Clubman ALL4,Mid-size,1.5,3,AS8,Z,9.0,212
2018,MINI,Cooper Clubman ALL4,Mid-size,1.5,3,M6,Z,9.1,214
2018,MINI,Cooper Convertible,Minicompact,1.5,3,AS6,Z,7.9,184
2018,MINI,Cooper Convertible,Minicompact,1.5,3,M6,Z,7.4,174
2018,MINI,Cooper Countryman ALL4,Station wagon: Small,1.5,3,AS8,Z,9.2,215
2018,MINI,Cooper Countryman ALL4,Station wagon: Small,1.5,3,M6,Z,9.1,214
2018,MINI,Cooper S 3 Door,Subcompact,2.0,4,AS6,Z,8.4,197
2018,MINI,Cooper S 3 Door,Subcompact,2.0,4,M6,Z,9.0,210
2018,MINI,Cooper S 5 Door,Subcompact,2.0,4,AS6,Z,8.4,197
2018,MINI,Cooper S 5 Door,Subcompact,2.0,4,M6,Z,9.0,210
2018,MINI,Cooper S Clubman ALL4,Mid-size,2.0,4,AS8,Z,9.2,215
2018,MINI,Cooper S Clubman ALL4,Mid-size,2.0,4,M6,Z,9.7,227
2018,MINI,Cooper S Convertible,Minicompact,2.0,4,AS6,Z,8.3,195
2018,MINI,Cooper S Convertible,Minicompact,2.0,4,M6,Z,9.0,210
2018,MINI,Cooper S Countryman ALL4,Mid-size,2.0,4,AS8,Z,9.2,215
2018,MINI,Cooper S Countryman ALL4,Mid-size,2.0,4,M6,Z,9.7,227
2018,MINI,John Cooper Works,Subcompact,2.0,4,AS6,Z,8.4,197
2018,MINI,John Cooper Works,Subcompact,2.0,4,M6,Z,9.0,210
2018,MINI,John Cooper Works Clubman ALL4,Mid-size,2.0,4,AS8,Z,9.0,211
2018,MINI,John Cooper Works Clubman ALL4,Mid-size,2.0,4,M6,Z,9.7,228
2018,MINI,John Cooper Works Convertible,Minicompact,2.0,4,AS6,Z,8.7,203
2018,MINI,John Cooper Works Convertible,Minicompact,2.0,4,M6,Z,9.4,220
2018,MINI,John Cooper Works Countryman ALL4,Mid-size,2.0,4,AS8,Z,9.3,220
2018,MINI,John Cooper Works Countryman ALL4,Mid-size,2.0,4,M6,Z,9.9,232
2018,Mitsubishi,Eclipse Cross,Sport utility vehicle: Small,1.5,4,AV8,X,8.9,208
2018,Mitsubishi,Eclipse Cross 4WD,Sport utility vehicle: Small,1.5,4,AV8,X,9.3,216
2018,Mitsubishi,Mirage,Compact,1.2,3,AV,X,6.0,141
2018,Mitsubishi,Mirage,Compact,1.2,3,M5,X,6.5,150
2018,Mitsubishi,Mirage G4,Compact,1.2,3,AV,X,6.4,149
2018,Mitsubishi,Mirage G4,Compact,1.2,3,M5,X,6.6,155
2018,Mitsubishi,Outlander 4WD,Sport utility vehicle: Small,2.4,4,AV6,X,9.1,212
2018,Mitsubishi,Outlander 4WD,Sport utility vehicle: Small,3.0,6,AS6,Z,10.6,248
2018,Mitsubishi,RVR,Sport utility vehicle: Small,2.0,4,AV6,X,8.8,204
2018,Mitsubishi,RVR,Sport utility vehicle: Small,2.0,4,M5,X,9.3,216
2018,Mitsubishi,RVR 4WD,Sport utility vehicle: Small,2.0,4,AV6,X,9.2,213
2018,Mitsubishi,RVR 4WD,Sport utility vehicle: Small,2.4,4,AV6,X,9.4,219
2018,Nissan,370Z,Two-seater,3.7,6,AS7,Z,11.1,261
2018,Nissan,370Z,Two-seater,3.7,6,M6,Z,11.5,269
2018,Nissan,370Z Roadster,Two-seater,3.7,6,AS7,Z,11.5,270
2018,Nissan,370Z Roadster,Two-seater,3.7,6,M6,Z,11.8,278
2018,Nissan,Altima,Mid-size,2.5,4,AV,X,7.6,179
2018,Nissan,Altima SR,Mid-size,2.5,4,AV7,X,7.8,185
2018,Nissan,Altima,Mid-size,3.5,6,AV7,X,9.1,214
2018,Nissan,Armada 4WD,Sport utility vehicle: Standard,5.6,8,AS7,X,15.4,362
2018,Nissan,Frontier,Pickup truck: Small,2.5,4,A5,X,12.3,290
2018,Nissan,Frontier,Pickup truck: Small,2.5,4,M5,X,11.4,268
2018,Nissan,Frontier,Pickup truck: Small,4.0,6,A5,X,12.8,300
2018,Nissan,Frontier 4WD,Pickup truck: Small,4.0,6,A5,X,13.9,326
2018,Nissan,Frontier 4WD,Pickup truck: Small,4.0,6,M6,X,13.5,317
2018,Nissan,GT-R,Subcompact,3.8,6,AM6,Z,12.8,300
2018,Nissan,Kicks,Mid-size,1.6,4,AV,X,7.2,169
2018,Nissan,Maxima,Mid-size,3.5,6,AV7,Z,9.6,227
2018,Nissan,Micra,Compact,1.6,4,A4,X,8.0,188
2018,Nissan,Micra,Compact,1.6,4,M5,X,7.9,186
2018,Nissan,Murano,Station wagon: Mid-size,3.5,6,AV7,X,9.8,230
2018,Nissan,Murano AWD,Station wagon: Mid-size,3.5,6,AV7,X,9.9,232
2018,Nissan,NV200 Cargo Van,Special purpose vehicle,2.0,4,AV,X,9.3,218
2018,Nissan,Pathfinder,Sport utility vehicle: Small,3.5,6,AV,X,10.2,240
2018,Nissan,Pathfinder 4WD,Sport utility vehicle: Small,3.5,6,AV,X,10.7,250
2018,Nissan,Pathfinder 4WD Platinum,Sport utility vehicle: Small,3.5,6,AV,X,11.0,259
2018,Nissan,Qashqai,Station wagon: Small,2.0,4,AV,X,8.4,197
2018,Nissan,Qashqai,Station wagon: Small,2.0,4,M6,X,9.2,216
2018,Nissan,Qashqai AWD,Station wagon: Small,2.0,4,AV,X,8.5,200
2018,Nissan,Rogue,Sport utility vehicle: Small,2.5,4,AV,X,8.2,192
2018,Nissan,Rogue AWD,Sport utility vehicle: Small,2.5,4,AV,X,8.7,205
2018,Nissan,Sentra (Turbo),Mid-size,1.6,4,AV7,Z,8.2,193
2018,Nissan,Sentra (Turbo),Mid-size,1.6,4,M6,Z,8.3,195
2018,Nissan,Sentra,Mid-size,1.8,4,AV,X,7.3,172
2018,Nissan,Sentra,Mid-size,1.8,4,M6,X,8.0,187
2018,Nissan,Sentra Nismo,Mid-size,1.6,4,AV7,Z,8.7,205
2018,Nissan,Sentra Nismo,Mid-size,1.6,4,M6,Z,8.7,204
2018,Nissan,Titan,Pickup truck: Standard,5.6,8,AS7,X,13.3,312
2018,Nissan,Titan 4WD,Pickup truck: Standard,5.6,8,AS7,X,13.4,315
2018,Nissan,Titan 4WD PRO-4X,Pickup truck: Standard,5.6,8,AS7,X,14.1,331
2018,Nissan,Versa,Mid-size,1.6,4,AV,X,7.0,164
2018,Nissan,Versa,Mid-size,1.6,4,M5,X,7.7,180
2018,Porsche,911 Carrera,Minicompact,3.0,6,AM7,Z,9.4,221
2018,Porsche,911 Carrera,Minicompact,3.0,6,M7,Z,10.1,237
2018,Porsche,911 Carrera 4,Minicompact,3.0,6,AM7,Z,9.6,225
2018,Porsche,911 Carrera 4,Minicompact,3.0,6,M7,Z,10.4,242
2018,Porsche,911 Carrera Cabriolet,Minicompact,3.0,6,AM7,Z,9.7,227
2018,Porsche,911 Carrera Cabriolet,Minicompact,3.0,6,M7,Z,10.3,241
2018,Porsche,911 Carrera 4 Cabriolet,Minicompact,3.0,6,AM7,Z,9.8,230
2018,Porsche,911 Carrera 4 Cabriolet,Minicompact,3.0,6,M7,Z,10.5,246
2018,Porsche,911 Carrera S,Minicompact,3.0,6,AM7,Z,9.7,226
2018,Porsche,911 Carrera S,Minicompact,3.0,6,M7,Z,10.4,242
2018,Porsche,911 Carrera 4S,Minicompact,3.0,6,AM7,Z,9.9,232
2018,Porsche,911 Carrera 4S,Minicompact,3.0,6,M7,Z,10.4,243
2018,Porsche,911 Carrera S Cabriolet,Minicompact,3.0,6,AM7,Z,9.7,228
2018,Porsche,911 Carrera S Cabriolet,Minicompact,3.0,6,M7,Z,10.4,243
2018,Porsche,911 Carrera 4S Cabriolet,Minicompact,3.0,6,AM7,Z,9.9,231
2018,Porsche,911 Carrera 4S Cabriolet,Minicompact,3.0,6,M7,Z,10.5,246
2018,Porsche,911 Carrera GTS,Minicompact,3.0,6,AM7,Z,10.4,243
2018,Porsche,911 Carrera GTS,Minicompact,3.0,6,M7,Z,11.1,260
2018,Porsche,911 Carrera 4 GTS,Minicompact,3.0,6,AM7,Z,10.6,248
2018,Porsche,911 Carrera 4 GTS,Minicompact,3.0,6,M7,Z,11.0,257
2018,Porsche,911 Carrera GTS Cabriolet,Minicompact,3.0,6,AM7,Z,10.6,249
2018,Porsche,911 Carrera GTS Cabriolet,Minicompact,3.0,6,M7,Z,11.0,258
2018,Porsche,911 Carrera 4 GTS Cabriolet,Minicompact,3.0,6,AM7,Z,10.7,250
2018,Porsche,911 Carrera 4 GTS Cabriolet,Minicompact,3.0,6,M7,Z,11.1,260
2018,Porsche,911 GT3,Two-seater,4.0,6,AM7,Z,13.9,324
2018,Porsche,911 GT3,Two-seater,4.0,6,M6,Z,15.1,352
2018,Porsche,911 Targa 4,Minicompact,3.0,6,AM7,Z,9.8,228
2018,Porsche,911 Targa 4,Minicompact,3.0,6,M7,Z,10.5,246
2018,Porsche,911 Targa 4S,Minicompact,3.0,6,AM7,Z,10.0,233
2018,Porsche,911 Targa 4S,Minicompact,3.0,6,M7,Z,10.5,246
2018,Porsche,911 Targa 4 GTS,Minicompact,3.0,6,AM7,Z,10.8,251
2018,Porsche,911 Targa 4 GTS,Minicompact,3.0,6,M7,Z,11.4,266
2018,Porsche,911 Turbo,Minicompact,3.8,6,AM7,Z,11.4,266
2018,Porsche,911 Turbo Cabriolet,Minicompact,3.8,6,AM7,Z,11.4,267
2018,Porsche,911 Turbo S,Minicompact,3.8,6,AM7,Z,11.4,266
2018,Porsche,911 Turbo S Cabriolet,Minicompact,3.8,6,AM7,Z,11.4,267
2018,Porsche,911 Turbo S Exclusive,Minicompact,3.8,6,AM7,Z,12.3,285
2018,Porsche,Boxster,Two-seater,2.0,4,AM7,Z,9.4,219
2018,Porsche,Boxster,Two-seater,2.0,4,M6,Z,9.8,229
2018,Porsche,Boxster S,Two-seater,2.5,4,AM7,Z,9.9,230
2018,Porsche,Boxster S,Two-seater,2.5,4,M6,Z,10.7,249
2018,Porsche,Boxster GTS,Two-seater,2.5,4,AM7,Z,10.6,249
2018,Porsche,Boxster GTS,Two-seater,2.5,4,M6,Z,11.0,257
2018,Porsche,Cayenne,Sport utility vehicle: Standard,3.6,6,A8,Z,11.5,268
2018,Porsche,Cayenne Platinum,Sport utility vehicle: Standard,3.6,6,A8,Z,12.1,281
2018,Porsche,Cayenne S,Sport utility vehicle: Standard,3.6,6,A8,Z,12.0,281
2018,Porsche,Cayenne GTS,Sport utility vehicle: Standard,3.6,6,A8,Z,12.6,296
2018,Porsche,Cayenne Turbo,Sport utility vehicle: Standard,4.8,8,A8,Z,14.3,334
2018,Porsche,Cayenne Turbo S,Sport utility vehicle: Standard,4.8,8,A8,Z,14.3,334
2018,Porsche,Cayman,Two-seater,2.0,4,AM7,Z,9.4,219
2018,Porsche,Cayman,Two-seater,2.0,4,M6,Z,9.8,229
2018,Porsche,Cayman S,Two-seater,2.5,4,AM7,Z,9.9,230
2018,Porsche,Cayman S,Two-seater,2.5,4,M6,Z,10.7,249
2018,Porsche,Cayman GTS,Two-seater,2.5,4,AM7,Z,10.6,249
2018,Porsche,Cayman GTS,Two-seater,2.5,4,M6,Z,11.0,257
2018,Porsche,Macan,Sport utility vehicle: Small,2.0,4,A7,Z,10.6,248
2018,Porsche,Macan S,Sport utility vehicle: Small,3.0,6,A7,Z,12.2,285
2018,Porsche,Macan GTS,Sport utility vehicle: Small,3.0,6,A7,Z,12.3,287
2018,Porsche,Macan Turbo,Sport utility vehicle: Small,3.6,6,A7,Z,12.3,287
2018,Porsche,Macan Turbo Kit,Sport utility vehicle: Small,3.6,6,A7,Z,12.3,286
2018,Porsche,Panamera,Full-size,3.0,6,AM8,Z,9.8,229
2018,Porsche,Panamera 4,Full-size,3.0,6,AM8,Z,10.1,235
2018,Porsche,Panamera 4 Executive,Full-size,3.0,6,AM8,Z,10.1,235
2018,Porsche,Panamera 4 ST,Full-size,3.0,6,AM8,Z,10.4,242
2018,Porsche,Panamera 4S,Full-size,2.9,6,AM8,Z,10.1,235
2018,Porsche,Panamera 4S Executive,Full-size,2.9,6,AM8,Z,10.1,235
2018,Porsche,Panamera 4S ST,Full-size,2.9,6,AM8,Z,10.7,249
2018,Porsche,Panamera Turbo,Full-size,4.0,8,AM8,Z,11.2,261
2018,Porsche,Panamera Turbo Executive,Full-size,4.0,8,AM8,Z,11.2,261
2018,Porsche,Panamera Turbo ST,Full-size,4.0,8,AM8,Z,11.9,279
2018,Ram,1500 EcoDiesel,Pickup truck: Standard,3.0,6,A8,D,10.4,278
2018,Ram,1500 FFV,Pickup truck: Standard,3.6,6,A8,X,11.9,280
2018,Ram,1500 FFV,Pickup truck: Standard,3.6,6,A8,E,17.0,283
2018,Ram,1500,Pickup truck: Standard,5.7,8,A6,X,14.8,346
2018,Ram,1500,Pickup truck: Standard,5.7,8,A8,X,13.6,319
2018,Ram,1500 4X4 EcoDiesel,Pickup truck: Standard,3.0,6,A8,D,10.8,289
2018,Ram,1500 4X4 FFV,Pickup truck: Standard,3.6,6,A8,X,12.6,294
2018,Ram,1500 4X4 FFV,Pickup truck: Standard,3.6,6,A8,E,18.0,300
2018,Ram,1500 4X4,Pickup truck: Standard,5.7,8,A6,X,16.3,382
2018,Ram,1500 4X4,Pickup truck: Standard,5.7,8,A8,X,14.0,328
2018,Ram,ProMaster City,Special purpose vehicle,2.4,4,A9,X,9.9,232
2018,Rolls-Royce,Dawn,Compact,6.6,12,AS8,Z,17.0,397
2018,Rolls-Royce,Ghost,Full-size,6.6,12,AS8,Z,17.0,397
2018,Rolls-Royce,Ghost EWB,Full-size,6.6,12,AS8,Z,17.0,397
2018,Rolls-Royce,Phantom,Full-size,6.7,12,AS8,Z,16.6,387
2018,Rolls-Royce,Phantom EWB,Full-size,6.7,12,AS8,Z,16.6,387
2018,Rolls-Royce,Wraith,Mid-size,6.6,12,AS8,Z,16.6,388
2018,Subaru,BRZ,Minicompact,2.0,4,AS6,Z,8.6,200
2018,Subaru,BRZ,Minicompact,2.0,4,M6,Z,9.8,229
2018,Subaru,BRZ tS,Minicompact,2.0,4,M6,Z,10.2,239
2018,Subaru,Crosstrek AWD,Sport utility vehicle: Small,2.0,4,AV7,X,8.1,188
2018,Subaru,Crosstrek AWD,Sport utility vehicle: Small,2.0,4,M6,X,9.4,220
2018,Subaru,Forester AWD,Sport utility vehicle: Small,2.0,4,AV8,Z,9.5,223
2018,Subaru,Forester AWD,Sport utility vehicle: Small,2.5,4,AV6,X,8.4,196
2018,Subaru,Forester AWD,Sport utility vehicle: Small,2.5,4,M6,X,9.7,228
2018,Subaru,Impreza 4-Door AWD,Mid-size,2.0,4,AV7,X,7.5,174
2018,Subaru,Impreza 4-Door AWD,Mid-size,2.0,4,M5,X,8.9,208
2018,Subaru,Impreza 5-Door AWD,Station wagon: Small,2.0,4,AV7,X,7.5,176
2018,Subaru,Impreza 5-Door AWD,Station wagon: Small,2.0,4,M5,X,9.0,211
2018,Subaru,Legacy AWD,Mid-size,2.5,4,AV7,X,8.3,193
2018,Subaru,Legacy AWD,Mid-size,3.6,6,AV6,X,10.3,241
2018,Subaru,Outback AWD,Sport utility vehicle: Small,2.5,4,AV7,X,8.5,198
2018,Subaru,Outback AWD,Sport utility vehicle: Small,3.6,6,AV6,X,10.5,247
2018,Subaru,WRX AWD,Compact,2.0,4,AV8,Z,11.2,256
2018,Subaru,WRX AWD,Compact,2.0,4,M6,Z,10.0,235
2018,Subaru,WRX STI AWD,Compact,2.5,4,M6,Z,12.5,291
2018,Subaru,WRX STI AWD Type RA,Compact,2.5,4,M6,Z,12.8,296
2018,Toyota,4Runner 4WD,Sport utility vehicle: Standard,4.0,6,AS5,X,13.2,308
2018,Toyota,4Runner 4WD (Part-Time 4WD),Sport utility vehicle: Standard,4.0,6,AS5,X,13.2,308
2018,Toyota,86,Minicompact,2.0,4,AS6,Z,8.7,204
2018,Toyota,86,Minicompact,2.0,4,M6,Z,9.9,232
2018,Toyota,Avalon,Mid-size,3.5,6,AS6,X,9.7,226
2018,Toyota,Camry,Mid-size,2.5,4,AS8,X,6.9,164
2018,Toyota,Camry LE/SE,Mid-size,2.5,4,AS8,X,7.3,172
2018,Toyota,Camry XLE/XSE,Mid-size,2.5,4,AS8,X,7.4,173
2018,Toyota,Camry,Mid-size,3.5,6,AS8,X,9.0,210
2018,Toyota,Camry XSE,Mid-size,3.5,6,AS8,X,9.2,215
2018,Toyota,Camry Hybrid LE,Mid-size,2.5,4,AV6,X,4.9,113
2018,Toyota,Camry Hybrid XLE/SE,Mid-size,2.5,4,AV6,X,5.1,121
2018,Toyota,C-HR,Compact,2.0,4,AV7,X,8.2,189
2018,Toyota,Corolla,Mid-size,1.8,4,AV,X,7.5,174
2018,Toyota,Corolla LE Eco (1-Mode),Mid-size,1.8,4,AV,X,6.9,163
2018,Toyota,Corolla LE Eco (2-Mode),Mid-size,1.8,4,AV,X,7.2,168
2018,Toyota,Corolla,Mid-size,1.8,4,AV7,X,7.5,178
2018,Toyota,Corolla,Mid-size,1.8,4,M6,X,7.6,178
2018,Toyota,Corolla iM,Mid-size,1.8,4,AV7,X,7.5,176
2018,Toyota,Corolla iM,Mid-size,1.8,4,M6,X,7.9,185
2018,Toyota,Highlander,Sport utility vehicle: Small,3.5,6,AS8,X,10.3,243
2018,Toyota,Highlander AWD,Sport utility vehicle: Standard,3.5,6,AS8,X,10.6,251
2018,Toyota,Highlander AWD (Start/Stop System),Sport utility vehicle: Standard,3.5,6,AS8,X,10.6,247
2018,Toyota,Highlander AWD LE,Sport utility vehicle: Standard,3.5,6,AS8,X,10.4,242
2018,Toyota,Highlander Hybrid AWD,Sport utility vehicle: Standard,3.5,6,AV6,X,8.3,193
2018,Toyota,Prius,Mid-size,1.8,4,AV,X,4.5,105
2018,Toyota,Prius c,Compact,1.5,4,AV,X,5.1,120
2018,Toyota,Prius v,Station wagon: Mid-size,1.8,4,AV,X,5.8,135
2018,Toyota,RAV4 LE/XLE,Sport utility vehicle: Small,2.5,4,AS6,X,9.0,210
2018,Toyota,RAV4 AWD,Sport utility vehicle: Small,2.5,4,AS6,X,9.5,222
2018,Toyota,RAV4 Limited/SE AWD,Sport utility vehicle: Small,2.5,4,AS6,X,9.7,226
2018,Toyota,RAV4 Hybrid AWD,Sport utility vehicle: Small,2.5,4,AV6,X,7.3,171
2018,Toyota,Sequoia 4WD,Sport utility vehicle: Standard,5.7,8,AS6,X,16.4,384
2018,Toyota,Sienna,Minivan,3.5,6,AS8,X,10.9,256
2018,Toyota,Sienna AWD,Minivan,3.5,6,AS8,X,11.7,274
2018,Toyota,Tacoma,Pickup truck: Small,2.7,4,AS6,X,11.2,263
2018,Toyota,Tacoma,Pickup truck: Small,3.5,6,AS6,X,11.4,268
2018,Toyota,Tacoma 4WD,Pickup truck: Small,2.7,4,AS6,X,11.7,274
2018,Toyota,Tacoma 4WD,Pickup truck: Small,3.5,6,AS6,X,12.1,283
2018,Toyota,Tacoma 4WD,Pickup truck: Small,3.5,6,M6,X,12.7,299
2018,Toyota,Tacoma 4WD D-Cab Off-Road,Pickup truck: Small,3.5,6,M6,X,12.9,300
2018,Toyota,Tundra,Pickup truck: Standard,5.7,8,AS6,X,15.9,371
2018,Toyota,Tundra 4WD,Pickup truck: Standard,4.6,8,AS6,X,14.9,354
2018,Toyota,Tundra 4WD,Pickup truck: Standard,5.7,8,AS6,X,16.3,383
2018,Toyota,Yaris,Compact,1.5,4,AS6,X,6.6,155
2018,Toyota,Yaris (SIL),Compact,1.5,4,M6,X,6.8,164
2018,Toyota,Yaris Hatchback,Compact,1.5,4,A4,X,7.4,173
2018,Toyota,Yaris Hatchback,Compact,1.5,4,M5,X,7.2,168
2018,Volkswagen,Atlas,Sport utility vehicle: Small,2.0,4,AS8,X,10.0,233
2018,Volkswagen,Atlas 4MOTION,Sport utility vehicle: Small,3.6,6,AS8,X,12.1,282
2018,Volkswagen,Beetle,Compact,2.0,4,AS6,X,8.2,191
2018,Volkswagen,Beetle Convertible,Subcompact,2.0,4,AS6,X,8.2,191
2018,Volkswagen,Beetle Dune,Compact,2.0,4,AS6,X,8.1,189
2018,Volkswagen,Beetle Dune Convertible,Subcompact,2.0,4,AS6,X,8.1,189
2018,Volkswagen,Golf,Compact,1.8,4,AS6,X,8.5,199
2018,Volkswagen,Golf,Compact,1.8,4,M5,X,8.2,192
2018,Volkswagen,Golf GTI,Compact,2.0,4,AM6,X,8.6,200
2018,Volkswagen,Golf GTI,Compact,2.0,4,M6,X,8.5,199
2018,Volkswagen,Golf R,Compact,2.0,4,AM7,Z,9.4,220
2018,Volkswagen,Golf R,Compact,2.0,4,M6,Z,9.8,227
2018,Volkswagen,Golf Alltrack,Station wagon: Small,1.8,4,AM6,X,9.4,220
2018,Volkswagen,Golf Alltrack,Station wagon: Small,1.8,4,M6,X,9.6,225
2018,Volkswagen,Golf SportWagen,Station wagon: Small,1.8,4,AS6,X,8.5,199
2018,Volkswagen,Golf SportWagen,Station wagon: Small,1.8,4,M5,X,8.2,192
2018,Volkswagen,Golf SportWagen 4MOTION,Station wagon: Small,1.8,4,AM6,X,9.6,224
2018,Volkswagen,Golf SportWagen 4MOTION,Station wagon: Small,1.8,4,M6,X,9.3,218
2018,Volkswagen,Passat,Mid-size,2.0,4,AS6,X,8.1,188
2018,Volkswagen,Passat,Mid-size,3.6,6,AM6,X,10.6,246
2018,Volkswagen,Tiguan,Sport utility vehicle: Small,2.0,4,AS8,X,9.8,229
2018,Volkswagen,Tiguan 4MOTION,Sport utility vehicle: Small,2.0,4,AS8,X,10.2,237
2018,Volvo,S60 T5 AWD,Compact,2.0,4,AS8,X,9.7,226
2018,Volvo,S60 T6 AWD,Compact,2.0,4,AS8,Z,9.4,221
2018,Volvo,S60 Polestar,Compact,2.0,4,AS8,Z,10.3,241
2018,Volvo,S60 CC T5 AWD,Compact,2.0,4,AS8,X,9.4,220
2018,Volvo,S90 T5 AWD,Mid-size,2.0,4,AS8,Z,8.8,206
2018,Volvo,S90 T6 AWD,Mid-size,2.0,4,AS8,Z,9.3,216
2018,Volvo,V60 T5 AWD,Station wagon: Small,2.0,4,AS8,X,9.7,226
2018,Volvo,V60 T6 AWD,Station wagon: Small,2.0,4,AS8,Z,9.4,221
2018,Volvo,V60 Polestar,Station wagon: Small,2.0,4,AS8,Z,10.3,241
2018,Volvo,V60 CC T5 AWD,Station wagon: Small,2.0,4,AS8,X,9.4,220
2018,Volvo,V90 T6 AWD,Station wagon: Mid-size,2.0,4,AS8,Z,9.3,216
2018,Volvo,V90 CC T5 AWD,Station wagon: Mid-size,2.0,4,AS8,Z,9.2,214
2018,Volvo,V90 CC T6 AWD,Station wagon: Mid-size,2.0,4,AS8,Z,9.6,224
2018,Volvo,XC60 T5 AWD,Sport utility vehicle: Small,2.0,4,AS8,Z,9.8,228
2018,Volvo,XC60 T6 AWD,Sport utility vehicle: Small,2.0,4,AS8,Z,10.2,240
2018,Volvo,XC90 T5 AWD,Sport utility vehicle: Standard,2.0,4,AS8,Z,9.7,227
2018,Volvo,XC90 T6 AWD,Sport utility vehicle: Standard,2.0,4,AS8,Z,10.3,240
2019,Acura,ILX,Compact,2.4,4,AM8,Z,8.6,199
2019,Acura,MDX SH-AWD,Sport utility vehicle: Small,3.5,6,AS9,Z,10.8,252
2019,Acura,MDX SH-AWD A-SPEC,Sport utility vehicle: Small,3.5,6,AS9,Z,11.0,258
2019,Acura,MDX Hybrid AWD,Sport utility vehicle: Small,3.0,6,AM7,Z,9.0,210
2019,Acura,NSX,Two-seater,3.5,6,AM9,Z,11.0,261
2019,Acura,RDX AWD,Sport utility vehicle: Small,2.0,4,AS10,Z,9.9,232
2019,Acura,RDX AWD A-SPEC,Sport utility vehicle: Small,2.0,4,AS10,Z,10.3,242
2019,Acura,RLX Hybrid,Mid-size,3.5,6,AM7,Z,8.4,196
2019,Acura,TLX,Compact,2.4,4,AM8,Z,8.7,205
2019,Acura,TLX A-SPEC,Compact,2.4,4,AM8,Z,8.9,209
2019,Acura,TLX SH-AWD,Compact,3.5,6,AS9,Z,9.8,228
2019,Acura,TLX SH-AWD A-SPEC,Compact,3.5,6,AS9,Z,10.3,240
2019,Alfa Romeo,4C Coupe,Two-seater,1.8,4,AM6,Z,8.4,197
2019,Alfa Romeo,4C Spider,Two-seater,1.8,4,AM6,Z,8.4,197
2019,Alfa Romeo,Giulia,Mid-size,2.0,4,A8,Z,8.7,205
2019,Alfa Romeo,Giulia AWD,Mid-size,2.0,4,A8,Z,9.2,217
2019,Alfa Romeo,Giulia Quadrifoglio,Mid-size,2.9,6,A8,Z,11.9,280
2019,Alfa Romeo,Stelvio,Sport utility vehicle: Small,2.0,4,A8,Z,9.3,218
2019,Alfa Romeo,Stelvio AWD,Sport utility vehicle: Small,2.0,4,A8,Z,9.6,226
2019,Alfa Romeo,Stelvio AWD Quadrifoglio,Sport utility vehicle: Small,2.9,6,A8,Z,12.4,292
2019,Aston Martin,DB11 V8,Minicompact,4.0,8,A8,Z,11.5,271
2019,Aston Martin,DB11 AMR,Minicompact,5.2,12,A8,Z,13.3,312
2019,Aston Martin,DBS Superleggera,Minicompact,5.2,12,A8,Z,13.8,324
2019,Aston Martin,Rapide AMR,Subcompact,6.0,12,A8,Z,14.1,332
2019,Aston Martin,Vanquish Zagato,Minicompact,6.0,12,A8,Z,14.7,346
2019,Aston Martin,Vantage V8,Two-seater,4.0,8,A8,Z,11.2,264
2019,Audi,A3,Subcompact,2.0,4,AM7,X,8.1,188
2019,Audi,A3 quattro,Subcompact,2.0,4,AM7,X,9.6,225
2019,Audi,A3 Cabriolet quattro,Subcompact,2.0,4,AM7,X,9.5,221
2019,Audi,A4,Compact,2.0,4,AM7,Z,7.8,182
2019,Audi,A4 quattro,Compact,2.0,4,AM7,Z,8.7,204
2019,Audi,A4 allroad quattro,Station wagon: Small,2.0,4,AM7,Z,9.5,221
2019,Audi,A5 quattro,Subcompact,2.0,4,AM7,Z,8.7,204
2019,Audi,A5 Cabriolet quattro,Subcompact,2.0,4,AM7,Z,8.7,204
2019,Audi,A5 Sportback quattro,Mid-size,2.0,4,AM7,Z,8.7,204
2019,Audi,A6 quattro,Mid-size,3.0,6,AM7,Z,9.6,224
2019,Audi,A7 quattro,Mid-size,3.0,6,AM7,Z,9.6,224
2019,Audi,A8L,Full-size,3.0,6,AS8,Z,10.8,252
2019,Audi,Q3 quattro,Sport utility vehicle: Small,2.0,4,AS8,X,10.6,248
2019,Audi,Q5,Sport utility vehicle: Small,2.0,4,AM7,Z,9.9,230
2019,Audi,Q7,Sport utility vehicle: Standard,2.0,4,AS8,Z,11.0,258
2019,Audi,Q7,Sport utility vehicle: Standard,3.0,6,AS8,Z,11.1,260
2019,Audi,Q8,Sport utility vehicle: Standard,3.0,6,AS8,Z,12.5,294
2019,Audi,RS 3,Subcompact,2.5,5,AM7,Z,10.6,247
2019,Audi,RS 5 Coupe,Subcompact,2.9,6,AS8,Z,11.3,262
2019,Audi,RS 5 Sportback,Mid-size,2.9,6,AS8,Z,11.5,268
2019,Audi,S3,Subcompact,2.0,4,AM7,Z,9.5,222
2019,Audi,S4,Compact,3.0,6,AS8,Z,9.8,230
2019,Audi,S5,Subcompact,3.0,6,AS8,Z,9.8,230
2019,Audi,S5 Cabriolet,Subcompact,3.0,6,AS8,Z,9.9,234
2019,Audi,S5 Sportback,Mid-size,3.0,6,AS8,Z,9.8,230
2019,Audi,SQ5,Sport utility vehicle: Small,3.0,6,AS8,Z,11.5,270
2019,Audi,TT Coupe quattro,Subcompact,2.0,4,AM7,X,9.2,213
2019,Audi,TT Roadster quattro,Two-seater,2.0,4,AM7,X,9.2,213
2019,Audi,TT RS Coupe,Subcompact,2.5,5,AM7,Z,10.3,241
2019,Audi,TTS Coupe,Subcompact,2.0,4,AM7,Z,9.4,220
2019,Bentley,Bentayga,Sport utility vehicle: Standard,4.0,8,AS8,Z,13.6,315
2019,Bentley,Mulsanne,Mid-size,6.8,8,AS8,Z,20.0,465
2019,BMW,230i xDrive Cabriolet,Subcompact,2.0,4,AS8,Z,8.8,207
2019,BMW,230i Coupe,Subcompact,2.0,4,AS8,Z,8.5,198
2019,BMW,230i Coupe,Subcompact,2.0,4,M6,Z,9.4,219
2019,BMW,230i xDrive Coupe,Subcompact,2.0,4,AS8,Z,8.6,202
2019,BMW,330i xDrive,Compact,2.0,4,AS8,Z,8.3,194
2019,BMW,330i xDrive Gran Turismo,Full-size,2.0,4,AS8,Z,8.8,207
2019,BMW,330i xDrive Touring,Station wagon: Small,2.0,4,AS8,Z,8.8,207
2019,BMW,430i xDrive Cabriolet,Subcompact,2.0,4,AS8,Z,9.1,213
2019,BMW,430i xDrive Coupe,Compact,2.0,4,AS8,Z,8.8,207
2019,BMW,430i xDrive Gran Coupe,Compact,2.0,4,AS8,Z,8.8,207
2019,BMW,440i xDrive Cabriolet,Subcompact,3.0,6,AS8,Z,10.0,235
2019,BMW,440i Coupe,Compact,3.0,6,AS8,Z,9.4,227
2019,BMW,440i Coupe,Compact,3.0,6,M6,Z,11.0,256
2019,BMW,440i xDrive Coupe,Compact,3.0,6,AS8,Z,9.7,228
2019,BMW,440i xDrive Coupe,Compact,3.0,6,M6,Z,11.0,256
2019,BMW,440i xDrive Gran Coupe,Compact,3.0,6,AS8,Z,9.7,228
2019,BMW,530i xDrive,Mid-size,2.0,4,AS8,Z,8.8,207
2019,BMW,540i xDrive,Mid-size,3.0,6,AS8,Z,9.8,231
2019,BMW,640i xDrive Gran Coupe,Compact,3.0,6,AS8,Z,10.5,248
2019,BMW,640i xDrive Gran Turismo,Full-size,3.0,6,AS8,Z,10.3,241
2019,BMW,650i xDrive Gran Coupe,Compact,4.4,8,AS8,Z,12.0,282
2019,BMW,750i xDrive,Full-size,4.4,8,AS8,Z,11.5,269
2019,BMW,750Li xDrive,Full-size,4.4,8,AS8,Z,12.0,282
2019,BMW,Alpina B6 xDrive Gran Coupe,Compact,4.4,8,AS8,Z,12.0,282
2019,BMW,Alpina B7 xDrive,Full-size,4.4,8,AS8,Z,12.0,282
2019,BMW,M2 Competition,Subcompact,3.0,6,AM7,Z,12.6,294
2019,BMW,M2 Competition,Subcompact,3.0,6,M6,Z,11.7,273
2019,BMW,M240i Cabriolet,Subcompact,3.0,6,AS8,Z,9.7,227
2019,BMW,M240i Cabriolet,Subcompact,3.0,6,M6,Z,11.0,256
2019,BMW,M240i xDrive Cabriolet,Subcompact,3.0,6,AS8,Z,9.8,229
2019,BMW,M240i Coupe,Subcompact,3.0,6,AS8,Z,9.7,227
2019,BMW,M240i Coupe,Subcompact,3.0,6,M6,Z,11.0,256
2019,BMW,M240i xDrive Coupe,Subcompact,3.0,6,AS8,Z,9.8,229
2019,BMW,M240i Coupe M Performance,Subcompact,3.0,6,AS8,Z,9.7,227
2019,BMW,M240i Coupe M Performance,Subcompact,3.0,6,M6,Z,11.0,256
2019,BMW,M240i xDrive Coupe M Performance,Subcompact,3.0,6,AS8,Z,9.8,229
2019,BMW,M4 Cabriolet,Subcompact,3.0,6,AM7,Z,12.7,299
2019,BMW,M4 Cabriolet,Subcompact,3.0,6,M6,Z,11.9,280
2019,BMW,M4 Cabriolet Competition,Subcompact,3.0,6,AM7,Z,12.7,299
2019,BMW,M4 Cabriolet Competition,Subcompact,3.0,6,M6,Z,11.9,280
2019,BMW,M4 Coupe,Compact,3.0,6,AM7,Z,12.6,294
2019,BMW,M4 Coupe,Compact,3.0,6,M6,Z,11.7,273
2019,BMW,M4 Coupe Competition,Compact,3.0,6,AM7,Z,12.6,294
2019,BMW,M4 Coupe Competition,Compact,3.0,6,M6,Z,11.7,273
2019,BMW,M4 CS,Compact,3.0,6,AM7,Z,12.6,294
2019,BMW,M5,Mid-size,4.4,8,AS8,Z,13.9,324
2019,BMW,M5 Competition,Mid-size,4.4,8,AS8,Z,13.9,324
2019,BMW,M550i xDrive,Mid-size,4.4,8,AS8,Z,11.5,269
2019,BMW,M6 Gran Coupe,Compact,4.4,8,AM7,Z,14.7,344
2019,BMW,M760Li xDrive,Full-size,6.6,12,AS8,Z,15.1,355
2019,BMW,M850i xDrive Cabriolet,Subcompact,4.4,8,AS8,Z,11.6,270
2019,BMW,M850i xDrive Coupe,Subcompact,4.4,8,AS8,Z,11.5,269
2019,BMW,X1 xDrive28i,Sport utility vehicle: Small,2.0,4,AS8,Z,9.3,217
2019,BMW,X2 xDrive28i,Sport utility vehicle: Small,2.0,4,AS8,Z,9.5,222
2019,BMW,X2 M35i,Sport utility vehicle: Small,2.0,4,AS8,Z,9.3,217
2019,BMW,X3 xDrive30i,Sport utility vehicle: Small,2.0,4,AS8,Z,9.6,223
2019,BMW,X3 M40i,Sport utility vehicle: Small,3.0,6,AS8,Z,10.4,245
2019,BMW,X4 xDrive30i,Sport utility vehicle: Small,2.0,4,AS8,Z,9.6,223
2019,BMW,X4 M40i,Sport utility vehicle: Small,3.0,6,AS8,Z,10.4,245
2019,BMW,X5 xDrive40i,Sport utility vehicle: Standard,3.0,6,AS8,Z,10.5,245
2019,BMW,X5 xDrive50i,Sport utility vehicle: Standard,4.4,8,AS8,Z,13.4,314
2019,BMW,X6 xDrive35i,Sport utility vehicle: Standard,3.0,6,AS8,Z,11.6,272
2019,BMW,X6 xDrive50i,Sport utility vehicle: Standard,4.4,8,AS8,Z,12.6,294
2019,BMW,X6 M,Sport utility vehicle: Standard,4.4,8,AS8,Z,14.6,341
2019,BMW,X7 xDrive40i,Sport utility vehicle: Standard,3.0,6,AS8,Z,10.8,254
2019,BMW,X7 xDrive50i,Sport utility vehicle: Standard,4.4,8,AS8,Z,12.6,294
2019,BMW,Z4 sDrive30i,Two-seater,2.0,4,AS8,Z,8.5,199
2019,Bugatti,Chiron,Two-seater,8.0,16,AM7,Z,22.2,522
2019,Buick,Enclave,Sport utility vehicle: Standard,3.6,6,A9,X,11.2,263
2019,Buick,Enclave AWD,Sport utility vehicle: Standard,3.6,6,A9,X,11.9,278
2019,Buick,Encore,Sport utility vehicle: Small,1.4,4,AS6,X,8.7,204
2019,Buick,Encore (SIDI with Stop/Start),Sport utility vehicle: Small,1.4,4,AS6,X,8.3,194
2019,Buick,Encore AWD,Sport utility vehicle: Small,1.4,4,AS6,X,9.1,214
2019,Buick,Encore AWD (SIDI with Stop/Start),Sport utility vehicle: Small,1.4,4,AS6,X,8.8,205
2019,Buick,Envision AWD,Sport utility vehicle: Small,2.0,4,A9,Z,10.7,249
2019,Buick,Envision AWD,Sport utility vehicle: Small,2.5,4,A6,X,10.0,234
2019,Buick,LaCrosse eAssist,Mid-size,2.5,4,AS6,X,8.2,192
2019,Buick,LaCrosse,Mid-size,3.6,6,AS9,X,9.9,233
2019,Buick,LaCrosse AWD,Mid-size,3.6,6,AS9,X,10.1,238
2019,Buick,Regal,Mid-size,2.0,4,AS9,Z,9.1,214
2019,Buick,Regal AWD,Mid-size,2.0,4,AS8,Z,9.6,227
2019,Buick,Regal AWD,Mid-size,3.6,6,AS9,X,10.7,251
2019,Cadillac,CT6 AWD,Full-size,3.0,6,AS10,Z,11.3,267
2019,Cadillac,CT6 AWD,Full-size,3.6,6,AS10,X,11.1,261
2019,Cadillac,CT6 AWD,Full-size,4.2,8,AS10,Z,13.8,324
2019,Cadillac,CTS,Mid-size,2.0,4,AS8,Z,9.5,222
2019,Cadillac,CTS,Mid-size,3.6,6,AS8,X,10.5,246
2019,Cadillac,CTS AWD,Mid-size,2.0,4,AS8,Z,9.9,232
2019,Cadillac,CTS AWD,Mid-size,3.6,6,AS8,X,11.5,269
2019,Cadillac,CTS Vsport,Mid-size,3.6,6,AS8,Z,12.7,298
2019,Cadillac,CTS-V,Mid-size,6.2,8,AS8,Z,14.3,337
2019,Cadillac,Escalade 4WD,Sport utility vehicle: Standard,6.2,8,A10,Z,14.0,328
2019,Cadillac,XT4,Sport utility vehicle: Small,2.0,4,AS9,Z,8.9,209
2019,Cadillac,XT4 AWD,Sport utility vehicle: Small,2.0,4,AS9,Z,9.7,227
2019,Cadillac,XT5,Sport utility vehicle: Small,3.6,6,AS8,X,10.6,250
2019,Cadillac,XT5 AWD,Sport utility vehicle: Small,3.6,6,AS8,X,11.2,263
2019,Cadillac,XTS,Full-size,3.6,6,AS6,X,11.0,259
2019,Cadillac,XTS AWD,Full-size,3.6,6,AS6,X,11.6,272
2019,Cadillac,XTS Vsport AWD,Full-size,3.6,6,AS6,Z,12.8,302
2019,Chevrolet,Blazer,Sport utility vehicle: Small,2.5,4,A9,X,9.9,232
2019,Chevrolet,Blazer,Sport utility vehicle: Small,3.6,6,A9,X,10.6,250
2019,Chevrolet,Blazer AWD,Sport utility vehicle: Small,3.6,6,A9,X,11.3,265
2019,Chevrolet,Camaro,Subcompact,2.0,4,AS8,Z,9.4,220
2019,Chevrolet,Camaro,Subcompact,2.0,4,M6,Z,10.1,235
2019,Chevrolet,Camaro,Subcompact,3.6,6,AS8,X,10.4,246
2019,Chevrolet,Camaro,Subcompact,3.6,6,M6,X,11.8,277
2019,Chevrolet,Camaro SS,Subcompact,6.2,8,AS10,Z,12.0,279
2019,Chevrolet,Camaro SS,Subcompact,6.2,8,M6,Z,12.6,297
2019,Chevrolet,Camaro ZL1,Subcompact,6.2,8,AS10,Z,15.1,355
2019,Chevrolet,Camaro ZL1,Subcompact,6.2,8,M6,Z,14.9,349
2019,Chevrolet,Colorado,Pickup truck: Small,2.5,4,A6,X,10.8,253
2019,Chevrolet,Colorado,Pickup truck: Small,2.5,4,M6,X,10.7,251
2019,Chevrolet,Colorado,Pickup truck: Small,2.8,4,A6,D,10.1,270
2019,Chevrolet,Colorado,Pickup truck: Small,3.6,6,A8,X,11.7,274
2019,Chevrolet,Colorado 4WD,Pickup truck: Small,2.5,4,A6,X,11.4,267
2019,Chevrolet,Colorado 4WD,Pickup truck: Small,2.8,4,A6,D,10.5,283
2019,Chevrolet,Colorado 4WD,Pickup truck: Small,3.6,6,A8,X,12.2,286
2019,Chevrolet,Colorado ZR2 4WD,Pickup truck: Small,2.8,4,A6,D,12.1,326
2019,Chevrolet,Colorado ZR2 4WD,Pickup truck: Small,3.6,6,A8,X,14.1,331
2019,Chevrolet,Corvette,Two-seater,6.2,8,AS8,Z,12.7,299
2019,Chevrolet,Corvette,Two-seater,6.2,8,M7,Z,12.2,286
2019,Chevrolet,Corvette Z06,Two-seater,6.2,8,AS8,Z,14.0,331
2019,Chevrolet,Corvette Z06,Two-seater,6.2,8,M7,Z,13.5,318
2019,Chevrolet,Corvette ZR1,Two-seater,6.2,8,AS8,Z,16.1,381
2019,Chevrolet,Corvette ZR1,Two-seater,6.2,8,M7,Z,15.6,368
2019,Chevrolet,Cruze,Compact,1.4,4,AS6,X,7.3,172
2019,Chevrolet,Cruze Premier,Compact,1.4,4,AS6,X,7.3,172
2019,Chevrolet,Cruze Diesel,Compact,1.6,4,A9,D,6.4,172
2019,Chevrolet,Cruze Hatchback,Mid-size,1.4,4,AS6,X,7.3,172
2019,Chevrolet,Cruze Hatchback Premier,Mid-size,1.4,4,AS6,X,7.5,175
2019,Chevrolet,Cruze Hatchback Diesel,Mid-size,1.6,4,A9,D,6.6,178
2019,Chevrolet,Equinox,Sport utility vehicle: Small,1.5,4,A6,X,8.3,196
2019,Chevrolet,Equinox,Sport utility vehicle: Small,1.6,4,A6,D,7.4,199
2019,Chevrolet,Equinox AWD,Sport utility vehicle: Small,1.5,4,A6,X,8.6,207
2019,Chevrolet,Equinox AWD,Sport utility vehicle: Small,1.6,4,A6,D,7.4,199
2019,Chevrolet,Equinox AWD,Sport utility vehicle: Small,2.0,4,A9,Z,9.7,228
2019,Chevrolet,Impala,Full-size,2.5,4,AS6,X,9.6,225
2019,Chevrolet,Impala,Full-size,3.6,6,AS6,X,10.8,254
2019,Chevrolet,Impala,Full-size,3.6,6,AS6,E,14.6,245
2019,Chevrolet,Malibu,Mid-size,1.5,4,AV,X,7.5,174
2019,Chevrolet,Malibu,Mid-size,2.0,4,A9,Z,9.1,214
2019,Chevrolet,Malibu Hybrid,Mid-size,1.8,4,AV,X,5.1,121
2019,Chevrolet,Silverado,Pickup truck: Standard,2.7,4,A8,X,11.1,261
2019,Chevrolet,Silverado,Pickup truck: Standard,4.3,6,A6,X,13.5,316
2019,Chevrolet,Silverado,Pickup truck: Standard,5.3,8,A6,X,13.9,326
2019,Chevrolet,Silverado FFV,Pickup truck: Standard,5.3,8,A6,X,14.0,329
2019,Chevrolet,Silverado FFV,Pickup truck: Standard,5.3,8,A6,E,18.4,306
2019,Chevrolet,Silverado,Pickup truck: Standard,5.3,8,A8,X,12.4,290
2019,Chevrolet,Silverado 4WD,Pickup truck: Standard,2.7,4,A8,X,11.7,275
2019,Chevrolet,Silverado 4WD,Pickup truck: Standard,4.3,6,A6,X,14.0,329
2019,Chevrolet,Silverado 4WD Trail Boss,Pickup truck: Standard,4.3,6,A6,X,14.8,347
2019,Chevrolet,Silverado 4WD,Pickup truck: Standard,5.3,8,A6,X,14.0,329
2019,Chevrolet,Silverado 4WD FFV,Pickup truck: Standard,5.3,8,A6,X,14.4,339
2019,Chevrolet,Silverado 4WD FFV,Pickup truck: Standard,5.3,8,A6,E,19.3,322
2019,Chevrolet,Silverado 4WD Trail Boss,Pickup truck: Standard,5.3,8,A6,X,14.9,350
2019,Chevrolet,Silverado 4WD,Pickup truck: Standard,5.3,8,A8,X,13.1,306
2019,Chevrolet,Silverado 4WD Trail Boss,Pickup truck: Standard,5.3,8,A8,X,13.7,320
2019,Chevrolet,Silverado 4WD,Pickup truck: Standard,6.2,8,A10,Z,13.7,321
2019,Chevrolet,Silverado LD,Pickup truck: Standard,5.3,8,A6,X,13.5,317
2019,Chevrolet,Silverado LD 4WD,Pickup truck: Standard,5.3,8,A6,X,13.8,325
2019,Chevrolet,Spark,Subcompact,1.4,4,AV,X,7.1,167
2019,Chevrolet,Spark,Subcompact,1.4,4,M5,X,7.2,170
2019,Chevrolet,Suburban,Sport utility vehicle: Standard,5.3,8,A6,X,13.4,314
2019,Chevrolet,Suburban FFV,Sport utility vehicle: Standard,5.3,8,A6,X,13.4,314
2019,Chevrolet,Suburban FFV,Sport utility vehicle: Standard,5.3,8,A6,E,17.9,298
2019,Chevrolet,Suburban 4WD,Sport utility vehicle: Standard,5.3,8,A6,X,14.3,336
2019,Chevrolet,Suburban 4WD FFV,Sport utility vehicle: Standard,5.3,8,A6,X,14.3,336
2019,Chevrolet,Suburban 4WD FFV,Sport utility vehicle: Standard,5.3,8,A6,E,19.0,317
2019,Chevrolet,Suburban 4WD,Sport utility vehicle: Standard,6.2,8,A10,Z,14.5,340
2019,Chevrolet,Tahoe,Sport utility vehicle: Standard,5.3,8,A6,X,13.4,314
2019,Chevrolet,Tahoe FFV,Sport utility vehicle: Standard,5.3,8,A6,X,13.4,314
2019,Chevrolet,Tahoe FFV,Sport utility vehicle: Standard,5.3,8,A6,E,17.9,298
2019,Chevrolet,Tahoe 4WD,Sport utility vehicle: Standard,5.3,8,A6,X,13.7,321
2019,Chevrolet,Tahoe 4WD FFV,Sport utility vehicle: Standard,5.3,8,A6,X,13.7,321
2019,Chevrolet,Tahoe 4WD FFV,Sport utility vehicle: Standard,5.3,8,A6,E,18.4,305
2019,Chevrolet,Tahoe 4WD,Sport utility vehicle: Standard,6.2,8,A10,Z,13.8,325
2019,Chevrolet,Traverse,Sport utility vehicle: Standard,3.6,6,A9,X,11.1,261
2019,Chevrolet,Traverse AWD,Sport utility vehicle: Standard,3.6,6,A9,X,11.8,277
2019,Chevrolet,Trax,Sport utility vehicle: Small,1.4,4,AS6,X,8.4,196
2019,Chevrolet,Trax,Sport utility vehicle: Small,1.4,4,M6,X,8.3,194
2019,Chevrolet,Trax 4WD,Sport utility vehicle: Small,1.4,4,AS6,X,9.1,214
2019,Chrysler,300,Full-size,3.6,6,A8,X,10.3,242
2019,Chrysler,300 FFV,Full-size,3.6,6,A8,X,10.3,242
2019,Chrysler,300 FFV,Full-size,3.6,6,A8,E,14.2,234
2019,Chrysler,300,Full-size,5.7,8,A8,X,12.3,289
2019,Chrysler,300 AWD,Full-size,3.6,6,A8,X,11.0,258
2019,Chrysler,300 AWD FFV,Full-size,3.6,6,A8,X,11.0,258
2019,Chrysler,300 AWD FFV,Full-size,3.6,6,A8,E,15.0,248
2019,Chrysler,Pacifica,Minivan,3.6,6,A9,X,10.9,259
2019,Chrysler,Pacifica (Stop-Start),Minivan,3.6,6,A9,X,10.6,249
2019,Dodge,Challenger,Mid-size,3.6,6,A8,X,10.3,242
2019,Dodge,Challenger (MDS),Mid-size,5.7,8,A8,X,12.3,289
2019,Dodge,Challenger,Mid-size,5.7,8,M6,Z,13.1,307
2019,Dodge,Challenger,Mid-size,6.4,8,M6,Z,13.9,325
2019,Dodge,Challenger (MDS),Mid-size,6.4,8,A8,Z,13.0,304
2019,Dodge,Challenger GT AWD,Mid-size,3.6,6,A8,X,11.0,258
2019,Dodge,Challenger SRT Hellcat,Mid-size,6.2,8,A8,Z,14.5,339
2019,Dodge,Challenger SRT Hellcat,Mid-size,6.2,8,M6,Z,15.1,352
2019,Dodge,Challenger SRT Hellcat Redeye,Mid-size,6.2,8,A8,Z,14.5,339
2019,Dodge,Charger,Full-size,3.6,6,A5,X,11.6,271
2019,Dodge,Charger FFV,Full-size,3.6,6,A5,X,11.6,271
2019,Dodge,Charger FFV,Full-size,3.6,6,A5,E,16.1,268
2019,Dodge,Charger,Full-size,3.6,6,A8,X,10.3,242
2019,Dodge,Charger FFV,Full-size,3.6,6,A8,X,10.3,242
2019,Dodge,Charger FFV,Full-size,3.6,6,A8,E,14.2,234
2019,Dodge,Charger (MDS),Full-size,5.7,8,A5,X,12.9,302
2019,Dodge,Charger (MDS),Full-size,5.7,8,A8,X,12.3,289
2019,Dodge,Charger (MDS),Full-size,6.4,8,A8,Z,13.0,304
2019,Dodge,Charger AWD,Full-size,3.6,6,A8,X,11.0,258
2019,Dodge,Charger AWD FFV,Full-size,3.6,6,A8,X,11.0,258
2019,Dodge,Charger AWD FFV,Full-size,3.6,6,A8,E,15.0,248
2019,Dodge,Charger AWD (MDS),Full-size,5.7,8,A5,X,13.3,312
2019,Dodge,Charger SRT Hellcat,Full-size,6.2,8,A8,Z,14.5,339
2019,Dodge,Durango AWD,Sport utility vehicle: Standard,3.6,6,A8,X,11.3,265
2019,Dodge,Durango AWD,Sport utility vehicle: Standard,5.7,8,A8,X,14.1,331
2019,Dodge,Durango AWD SRT,Sport utility vehicle: Standard,6.4,8,A8,Z,15.6,363
2019,Dodge,Grand Caravan FFV,Minivan,3.6,6,A6,X,11.8,276
2019,Dodge,Grand Caravan FFV,Minivan,3.6,6,A6,E,16.7,274
2019,Dodge,Journey,Sport utility vehicle: Small,2.4,4,A4,X,11.1,261
2019,Dodge,Journey FFV,Sport utility vehicle: Small,3.6,6,A6,X,12.1,284
2019,Dodge,Journey FFV,Sport utility vehicle: Small,3.6,6,A6,E,16.4,274
2019,Dodge,Journey AWD,Sport utility vehicle: Small,3.6,6,A6,X,12.4,292
2019,FIAT,124 Spider,Two-seater,1.4,4,A6,X,8.0,187
2019,FIAT,124 Spider,Two-seater,1.4,4,M6,X,7.9,185
2019,FIAT,500,Minicompact,1.4,4,A6,X,8.7,203
2019,FIAT,500,Minicompact,1.4,4,M5,X,7.9,186
2019,FIAT,500L,Station wagon: Small,1.4,4,A6,X,9.4,221
2019,FIAT,500X AWD,Sport utility vehicle: Small,1.3,4,A9,X,9.1,213
2019,Ford,EcoSport,Sport utility vehicle: Small,1.0,3,AS6,X,8.4,196
2019,Ford,EcoSport AWD,Sport utility vehicle: Small,2.0,4,AS6,X,9.3,218
2019,Ford,Edge,Sport utility vehicle: Small,2.0,4,AS8,X,9.6,224
2019,Ford,Edge AWD,Sport utility vehicle: Small,2.0,4,AS8,X,10.0,233
2019,Ford,Edge AWD,Sport utility vehicle: Small,2.7,6,AS8,X,11.0,259
2019,Ford,Escape,Sport utility vehicle: Small,1.5,4,AS6,X,9.1,214
2019,Ford,Escape FFV,Sport utility vehicle: Small,2.5,4,AS6,X,9.6,226
2019,Ford,Escape FFV,Sport utility vehicle: Small,2.5,4,AS6,E,13.1,218
2019,Ford,Escape AWD,Sport utility vehicle: Small,1.5,4,AS6,X,9.9,232
2019,Ford,Escape AWD,Sport utility vehicle: Small,2.0,4,AS6,X,10.2,239
2019,Ford,Expedition 4X4,Sport utility vehicle: Standard,3.5,6,AS10,X,12.5,293
2019,Ford,Expedition MAX 4X4,Sport utility vehicle: Standard,3.5,6,AS10,X,13.1,307
2019,Ford,Explorer AWD,Sport utility vehicle: Standard,2.3,4,AS6,X,11.4,267
2019,Ford,Explorer AWD,Sport utility vehicle: Standard,3.5,6,AS6,X,13.2,311
2019,Ford,Explorer FFV AWD,Sport utility vehicle: Standard,3.5,6,AS6,X,12.7,299
2019,Ford,Explorer FFV AWD,Sport utility vehicle: Standard,3.5,6,AS6,E,17.3,288
2019,Ford,F-150,Pickup truck: Standard,2.7,6,AS10,X,10.6,249
2019,Ford,F-150 (LT Tire Pkg),Pickup truck: Standard,2.7,6,AS10,X,11.1,260
2019,Ford,F-150 (Payload Pkg),Pickup truck: Standard,2.7,6,AS10,X,11.1,260
2019,Ford,F-150,Pickup truck: Standard,3.0,6,AS10,D,9.5,256
2019,Ford,F-150 (LT Tire Pkg),Pickup truck: Standard,3.0,6,AS10,D,9.7,260
2019,Ford,F-150 FFV,Pickup truck: Standard,3.3,6,AS6,X,10.9,256
2019,Ford,F-150 FFV,Pickup truck: Standard,3.3,6,AS6,E,14.9,247
2019,Ford,F-150 FFV (LT Tire Pkg),Pickup truck: Standard,3.3,6,AS6,X,11.2,263
2019,Ford,F-150 FFV (LT Tire Pkg),Pickup truck: Standard,3.3,6,AS6,E,14.9,247
2019,Ford,F-150,Pickup truck: Standard,3.5,6,AS10,X,12.0,281
2019,Ford,F-150 (LT Tire Pkg),Pickup truck: Standard,3.5,6,AS10,X,12.4,291
2019,Ford,F-150 (Payload Pkg),Pickup truck: Standard,3.5,6,AS10,X,12.7,298
2019,Ford,F-150 FFV,Pickup truck: Standard,5.0,8,AS10,X,12.2,287
2019,Ford,F-150 FFV,Pickup truck: Standard,5.0,8,AS10,E,17.4,290
2019,Ford,F-150 FFV (LT Tire Pkg),Pickup truck: Standard,5.0,8,AS10,X,13.1,308
2019,Ford,F-150 FFV (LT Tire Pkg),Pickup truck: Standard,5.0,8,AS10,E,17.5,290
2019,Ford,F-150 FFV (Payload Pkg),Pickup truck: Standard,5.0,8,AS10,X,13.9,326
2019,Ford,F-150 FFV (Payload Pkg),Pickup truck: Standard,5.0,8,AS10,E,17.5,291
2019,Ford,F-150 4X4,Pickup truck: Standard,2.7,6,AS10,X,11.4,268
2019,Ford,F-150 4X4 (LT Tire Pkg),Pickup truck: Standard,2.7,6,AS10,X,11.8,277
2019,Ford,F-150 4X4 (Payload Pkg),Pickup truck: Standard,2.7,6,AS10,X,11.8,277
2019,Ford,F-150 4X4,Pickup truck: Standard,3.0,6,AS10,D,10.7,287
2019,Ford,F-150 4X4 (LT Tire Pkg),Pickup truck: Standard,3.0,6,AS10,D,10.7,287
2019,Ford,F-150 4X4 XL/XLT,Pickup truck: Standard,3.0,6,AS10,D,9.9,266
2019,Ford,F-150 FFV 4X4,Pickup truck: Standard,3.3,6,AS6,X,11.6,273
2019,Ford,F-150 FFV 4X4,Pickup truck: Standard,3.3,6,AS6,E,15.8,263
2019,Ford,F-150 FFV 4X4 (LT Tire Pkg),Pickup truck: Standard,3.3,6,AS6,X,12.4,291
2019,Ford,F-150 FFV 4X4 (LT Tire Pkg),Pickup truck: Standard,3.3,6,AS6,E,15.8,263
2019,Ford,F-150 4X4,Pickup truck: Standard,3.5,6,AS10,X,12.5,295
2019,Ford,F-150 4X4 (LT Tire Pkg),Pickup truck: Standard,3.5,6,AS10,X,12.9,303
2019,Ford,F-150 4X4 (Payload Pkg),Pickup truck: Standard,3.5,6,AS10,X,13.1,308
2019,Ford,F-150 4X4 Limited,Pickup truck: Standard,3.5,6,AS10,X,12.6,296
2019,Ford,F-150 FFV 4X4,Pickup truck: Standard,5.0,8,AS10,X,13.3,312
2019,Ford,F-150 FFV 4X4,Pickup truck: Standard,5.0,8,AS10,E,18.0,300
2019,Ford,F-150 FFV 4X4 (LT Tire Pkg),Pickup truck: Standard,5.0,8,AS10,X,13.9,326
2019,Ford,F-150 FFV 4X4 (LT Tire Pkg),Pickup truck: Standard,5.0,8,AS10,E,18.0,300
2019,Ford,F-150 FFV 4X4 (Payload Pkg),Pickup truck: Standard,5.0,8,AS10,X,14.8,347
2019,Ford,F-150 FFV 4X4 (Payload Pkg),Pickup truck: Standard,5.0,8,AS10,E,19.5,323
2019,Ford,F-150 Raptor 4X4,Pickup truck: Standard,3.5,6,AS10,X,14.3,336
2019,Ford,Flex,Sport utility vehicle: Standard,3.5,6,AS6,X,12.7,298
2019,Ford,Flex AWD,Sport utility vehicle: Standard,3.5,6,AS6,X,12.9,303
2019,Ford,Flex AWD GTDI,Sport utility vehicle: Standard,3.5,6,AS6,X,13.7,322
2019,Ford,Fiesta,Subcompact,1.6,4,AM6,X,7.6,178
2019,Ford,Fiesta,Subcompact,1.6,4,M5,X,7.9,184
2019,Ford,Fiesta ST,Subcompact,1.6,4,M6,X,8.4,196
2019,Ford,Fusion,Mid-size,1.5,4,AS6,X,8.7,204
2019,Ford,Fusion Hybrid,Mid-size,2.0,4,AV,X,5.6,131
2019,Ford,GT,Two-seater,3.5,6,AM7,Z,17.1,402
2019,Ford,Mustang,Subcompact,2.3,4,AS10,X,9.4,221
2019,Ford,Mustang (Performance Pkg),Subcompact,2.3,4,AS10,X,10.3,242
2019,Ford,Mustang,Subcompact,2.3,4,M6,X,9.7,227
2019,Ford,Mustang (Performance Pkg),Subcompact,2.3,4,M6,X,10.4,244
2019,Ford,Mustang,Subcompact,5.0,8,AS10,X,12.3,289
2019,Ford,Mustang,Subcompact,5.0,8,M6,X,13.3,311
2019,Ford,Mustang Bullitt,Subcompact,5.0,8,M6,X,13.3,311
2019,Ford,Mustang Convertible,Subcompact,2.3,4,AS10,X,10.4,243
2019,Ford,Mustang Convertible,Subcompact,2.3,4,M6,X,10.3,241
2019,Ford,Mustang Convertible,Subcompact,5.0,8,AS10,X,12.9,302
2019,Ford,Ranger 4WD,Pickup truck: Standard,2.3,4,AS10,X,10.9,256
2019,Ford,Shelby GT350 Mustang,Subcompact,5.2,8,M6,Z,14.6,341
2019,Ford,T-150 Wagon,Van: Passenger,3.5,6,AS6,X,14.7,346
2019,Ford,T-150 Wagon,Van: Passenger,3.7,6,AS6,X,15.2,355
2019,Ford,Taurus FFV,Full-size,3.5,6,AS6,X,11.5,270
2019,Ford,Taurus FFV,Full-size,3.5,6,AS6,E,15.2,254
2019,Ford,Taurus AWD,Full-size,3.5,6,AS6,X,12.5,294
2019,Ford,Taurus FFV AWD,Full-size,3.5,6,AS6,X,12.4,291
2019,Ford,Taurus FFV AWD,Full-size,3.5,6,AS6,E,16.0,267
2019,Ford,Transit Connect Van,Special purpose vehicle,2.0,4,AS8,X,9.3,219
2019,Ford,Transit Connect Van FFV,Special purpose vehicle,2.0,4,AS8,X,9.3,219
2019,Ford,Transit Connect Van FFV,Special purpose vehicle,2.0,4,AS8,E,12.6,209
2019,Ford,Transit Connect Van,Special purpose vehicle,2.5,4,AS6,X,10.6,247
2019,Ford,Transit Connect Wagon LWB,Special purpose vehicle,2.0,4,AS8,X,9.2,214
2019,Ford,Transit Connect Wagon LWB FFV,Special purpose vehicle,2.0,4,AS8,X,9.2,214
2019,Ford,Transit Connect Wagon LWB FFV,Special purpose vehicle,2.0,4,AS8,E,12.5,208
2019,Ford,Transit Connect Wagon LWB,Special purpose vehicle,2.5,4,AS6,X,10.7,251
2019,Genesis,G70,Compact,2.0,4,M6,Z,10.9,255
2019,Genesis,G70 AWD,Compact,2.0,4,AS8,Z,10.3,241
2019,Genesis,G70 AWD,Compact,3.3,6,AS8,Z,12.0,284
2019,Genesis,G80 AWD,Full-size,3.3,6,AS8,Z,11.9,282
2019,Genesis,G80 AWD,Full-size,3.8,6,AS8,X,11.7,276
2019,Genesis,G80 AWD,Full-size,5.0,8,AS8,Z,13.2,312
2019,Genesis,G90 AWD,Full-size,3.3,6,AS8,Z,11.9,279
2019,Genesis,G90 AWD,Full-size,5.0,8,AS8,Z,13.0,306
2019,GMC,Acadia,Sport utility vehicle: Standard,2.5,4,A6,X,10.2,237
2019,GMC,Acadia,Sport utility vehicle: Standard,3.6,6,A6,X,11.4,268
2019,GMC,Acadia AWD,Sport utility vehicle: Standard,2.5,4,A6,X,10.5,248
2019,GMC,Acadia AWD,Sport utility vehicle: Standard,3.6,6,A6,X,11.7,275
2019,GMC,Canyon,Pickup truck: Small,2.5,4,A6,X,10.8,253
2019,GMC,Canyon,Pickup truck: Small,2.5,4,M6,X,10.7,251
2019,GMC,Canyon,Pickup truck: Small,2.8,4,A6,D,10.1,270
2019,GMC,Canyon,Pickup truck: Small,3.6,6,A8,X,11.7,274
2019,GMC,Canyon 4WD,Pickup truck: Small,2.5,4,A6,X,11.4,267
2019,GMC,Canyon 4WD,Pickup truck: Small,2.8,4,A6,D,10.5,283
2019,GMC,Canyon 4WD,Pickup truck: Small,3.6,6,A8,X,12.2,286
2019,GMC,Sierra,Pickup truck: Standard,2.7,4,A8,X,11.1,261
2019,GMC,Sierra,Pickup truck: Standard,4.3,6,A6,X,13.5,317
2019,GMC,Sierra,Pickup truck: Standard,5.3,8,A6,X,13.9,326
2019,GMC,Sierra FFV,Pickup truck: Standard,5.3,8,A6,X,14.0,329
2019,GMC,Sierra FFV,Pickup truck: Standard,5.3,8,A6,E,18.4,306
2019,GMC,Sierra,Pickup truck: Standard,5.3,8,A8,X,12.5,294
2019,GMC,Sierra 4WD,Pickup truck: Standard,2.7,4,A8,X,11.8,277
2019,GMC,Sierra 4WD,Pickup truck: Standard,4.3,6,A6,X,14.0,329
2019,GMC,Sierra 4WD,Pickup truck: Standard,5.3,8,A6,X,14.0,330
2019,GMC,Sierra 4WD FFV,Pickup truck: Standard,5.3,8,A6,X,14.4,339
2019,GMC,Sierra 4WD FFV,Pickup truck: Standard,5.3,8,A6,E,19.4,323
2019,GMC,Sierra 4WD,Pickup truck: Standard,5.3,8,A8,X,13.5,316
2019,GMC,Sierra 4WD AT4,Pickup truck: Standard,5.3,8,A8,X,13.7,320
2019,GMC,Sierra 4WD,Pickup truck: Standard,6.2,8,A10,Z,13.9,326
2019,GMC,Sierra 4WD AT4,Pickup truck: Standard,6.2,8,A10,Z,14.2,332
2019,GMC,Sierra LTD,Pickup truck: Standard,5.3,8,A6,X,13.5,317
2019,GMC,Sierra LTD 4WD,Pickup truck: Standard,5.3,8,A6,X,13.8,325
2019,GMC,Terrain,Sport utility vehicle: Small,1.5,4,A9,X,8.6,201
2019,GMC,Terrain,Sport utility vehicle: Small,1.6,4,A6,D,7.4,199
2019,GMC,Terrain AWD,Sport utility vehicle: Small,1.5,4,A9,X,9.0,210
2019,GMC,Terrain AWD,Sport utility vehicle: Small,1.6,4,A6,D,7.4,199
2019,GMC,Terrain AWD,Sport utility vehicle: Small,2.0,4,A9,Z,10.2,239
2019,GMC,Yukon,Sport utility vehicle: Standard,5.3,8,A6,X,13.4,314
2019,GMC,Yukon FFV,Sport utility vehicle: Standard,5.3,8,A6,X,13.4,314
2019,GMC,Yukon FFV,Sport utility vehicle: Standard,5.3,8,A6,E,17.9,298
2019,GMC,Yukon 4WD,Sport utility vehicle: Standard,5.3,8,A6,X,13.7,321
2019,GMC,Yukon 4WD FFV,Sport utility vehicle: Standard,5.3,8,A6,X,13.7,321
2019,GMC,Yukon 4WD FFV,Sport utility vehicle: Standard,5.3,8,A6,E,18.4,305
2019,GMC,Yukon 4WD,Sport utility vehicle: Standard,6.2,8,A10,Z,13.8,325
2019,GMC,Yukon XL,Sport utility vehicle: Standard,5.3,8,A6,X,13.4,314
2019,GMC,Yukon XL FFV,Sport utility vehicle: Standard,5.3,8,A6,X,13.4,314
2019,GMC,Yukon XL FFV,Sport utility vehicle: Standard,5.3,8,A6,E,17.9,298
2019,GMC,Yukon XL 4WD,Sport utility vehicle: Standard,5.3,8,A6,X,14.3,336
2019,GMC,Yukon XL 4WD FFV,Sport utility vehicle: Standard,5.3,8,A6,X,14.3,336
2019,GMC,Yukon XL 4WD FFV,Sport utility vehicle: Standard,5.3,8,A6,E,19.0,317
2019,GMC,Yukon XL 4WD,Sport utility vehicle: Standard,6.2,8,A10,Z,14.5,340
2019,Honda,Accord,Full-size,1.5,4,AV,X,7.2,168
2019,Honda,Accord,Full-size,1.5,4,AV7,X,7.6,177
2019,Honda,Accord,Full-size,1.5,4,M6,X,7.9,185
2019,Honda,Accord,Full-size,2.0,4,M6,X,9.2,214
2019,Honda,Accord Sport/Touring,Mid-size,2.0,4,AS10,X,9.1,211
2019,Honda,Accord Hybrid,Full-size,2.0,4,AV,X,5.0,117
2019,Honda,Civic Coupe,Compact,1.5,4,AV7,X,7.2,167
2019,Honda,Civic Coupe,Compact,2.0,4,AV,X,7.1,164
2019,Honda,Civic Coupe,Compact,2.0,4,AV7,X,7.5,176
2019,Honda,Civic Coupe,Compact,2.0,4,M6,X,8.1,189
2019,Honda,Civic Coupe Si,Compact,1.5,4,M6,Z,7.4,173
2019,Honda,Civic Hatchback,Full-size,1.5,4,AV,X,6.9,162
2019,Honda,Civic Hatchback,Full-size,1.5,4,AV7,X,7.3,170
2019,Honda,Civic Hatchback,Full-size,1.5,4,M6,X,7.2,167
2019,Honda,Civic Hatchback Sport,Full-size,1.5,4,AV7,Z,7.3,170
2019,Honda,Civic Hatchback Sport,Full-size,1.5,4,M6,Z,7.2,167
2019,Honda,Civic Sedan,Mid-size,1.5,4,AV7,X,7.1,165
2019,Honda,Civic Sedan,Mid-size,2.0,4,AV,X,7.1,167
2019,Honda,Civic Sedan,Mid-size,2.0,4,AV7,X,7.4,172
2019,Honda,Civic Sedan,Mid-size,2.0,4,M6,X,8.0,186
2019,Honda,Civic Sedan Si,Mid-size,1.5,4,M6,Z,7.4,173
2019,Honda,Civic Type R,Full-size,2.0,4,M6,Z,9.6,224
2019,Honda,CR-V,Sport utility vehicle: Small,1.5,4,AV,X,7.8,181
2019,Honda,CR-V AWD,Sport utility vehicle: Small,1.5,4,AV,X,8.0,188
2019,Honda,Fit,Station wagon: Small,1.5,4,AV,X,6.5,151
2019,Honda,Fit,Station wagon: Small,1.5,4,AV7,X,7.0,166
2019,Honda,Fit,Station wagon: Small,1.5,4,M6,X,7.4,174
2019,Honda,HR-V,Station wagon: Small,1.8,4,AV,X,7.8,181
2019,Honda,HR-V AWD,Station wagon: Small,1.8,4,AV,X,8.2,193
2019,Honda,HR-V AWD,Station wagon: Small,1.8,4,AV7,X,8.5,199
2019,Honda,Insight EX,Mid-size,1.5,4,AV,X,4.9,114
2019,Honda,Insight Touring,Mid-size,1.5,4,AV,X,4.9,114
2019,Honda,Odyssey,Minivan,3.5,6,AS9,X,10.7,252
2019,Honda,Odyssey Touring,Minivan,3.5,6,AS10,X,10.6,247
2019,Honda,Passport AWD,Sport utility vehicle: Small,3.5,6,A9,X,11.3,265
2019,Honda,Pilot,Sport utility vehicle: Small,3.5,6,A6,X,10.7,250
2019,Honda,Pilot AWD,Sport utility vehicle: Small,3.5,6,A6,X,11.3,266
2019,Honda,Pilot AWD,Sport utility vehicle: Small,3.5,6,AS9,X,11.0,257
2019,Honda,Ridgeline AWD,Pickup truck: Standard,3.5,6,A6,X,11.3,263
2019,Hyundai,Accent,Compact,1.6,4,AS6,X,7.3,172
2019,Hyundai,Accent,Compact,1.6,4,M6,X,7.3,173
2019,Hyundai,Elantra,Mid-size,1.6,4,AM7,X,8.1,189
2019,Hyundai,Elantra,Mid-size,1.6,4,M6,X,9.4,221
2019,Hyundai,Elantra,Mid-size,2.0,4,AS6,X,7.4,174
2019,Hyundai,Elantra,Mid-size,2.0,4,M6,X,8.0,188
2019,Hyundai,Elantra GT,Full-size,1.6,4,AM7,X,8.6,205
2019,Hyundai,Elantra GT,Full-size,1.6,4,M6,X,9.2,218
2019,Hyundai,Elantra GT,Full-size,2.0,4,AS6,X,8.4,200
2019,Hyundai,Elantra GT,Full-size,2.0,4,M6,X,8.7,207
2019,Hyundai,IONIQ,Full-size,1.6,4,AM6,X,4.3,104
2019,Hyundai,IONIQ Blue,Full-size,1.6,4,AM6,X,4.1,96
2019,Hyundai,Kona,Sport utility vehicle: Small,2.0,4,AS6,X,7.9,186
2019,Hyundai,Kona AWD,Sport utility vehicle: Small,1.6,4,AM7,X,8.6,201
2019,Hyundai,Kona AWD,Sport utility vehicle: Small,2.0,4,AS6,X,8.6,202
2019,Hyundai,Santa Fe,Sport utility vehicle: Small,2.4,4,AS8,X,9.6,225
2019,Hyundai,Santa Fe AWD,Sport utility vehicle: Small,2.0,4,AS8,X,11.2,262
2019,Hyundai,Santa Fe AWD,Sport utility vehicle: Small,2.4,4,AS8,X,10.1,237
2019,Hyundai,Santa Fe XL,Sport utility vehicle: Small,3.3,6,AS6,X,11.5,268
2019,Hyundai,Santa Fe XL AWD,Sport utility vehicle: Small,3.3,6,AS6,X,11.7,276
2019,Hyundai,Santa Fe XL Ultimate AWD,Sport utility vehicle: Small,3.3,6,AS6,X,12.6,297
2019,Hyundai,Sonata,Full-size,2.0,4,AS8,X,9.1,212
2019,Hyundai,Sonata,Full-size,2.4,4,AS6,X,8.3,198
2019,Hyundai,Sonata SE,Full-size,2.4,4,AS6,X,8.1,190
2019,Hyundai,Sonata Hybrid,Mid-size,2.0,4,AM6,X,5.7,135
2019,Hyundai,Sonata Hybrid SE,Mid-size,2.0,4,AM6,X,5.6,132
2019,Hyundai,Tucson,Sport utility vehicle: Small,2.0,4,AS6,X,9.1,216
2019,Hyundai,Tucson AWD,Sport utility vehicle: Small,2.0,4,AS6,X,10.1,239
2019,Hyundai,Tucson AWD,Sport utility vehicle: Small,2.4,4,AS6,X,10.1,240
2019,Hyundai,Veloster Turbo,Compact,1.6,4,AM7,X,7.8,184
2019,Hyundai,Veloster Turbo,Compact,1.6,4,M6,X,8.3,197
2019,Hyundai,Veloster,Compact,2.0,4,AS6,X,8.2,193
2019,Hyundai,Veloster,Compact,2.0,4,M6,X,8.4,198
2019,Hyundai,Veloster N,Compact,2.0,4,M6,Z,9.5,226
2019,Infiniti,Q50 AWD,Mid-size,2.0,4,AS7,Z,9.7,229
2019,Infiniti,Q50 AWD,Mid-size,3.0,6,AS7,Z,10.8,253
2019,Infiniti,Q50 AWD Red Sport,Mid-size,3.0,6,AS7,Z,11.1,261
2019,Infiniti,Q60 AWD,Subcompact,2.0,4,AS7,Z,10.0,233
2019,Infiniti,Q60 AWD,Subcompact,3.0,6,AS7,Z,10.7,251
2019,Infiniti,Q60 AWD Red Sport,Subcompact,3.0,6,AS7,Z,11.0,259
2019,Infiniti,Q70 AWD,Mid-size,3.7,6,AS7,Z,11.7,275
2019,Infiniti,Q70 AWD,Mid-size,5.6,8,AS7,Z,12.8,301
2019,Infiniti,QX50 AWD,Sport utility vehicle: Small,2.0,4,AV8,Z,9.0,211
2019,Infiniti,QX60 AWD,Sport utility vehicle: Small,3.5,6,AV7,Z,10.9,257
2019,Infiniti,QX80 4WD,Sport utility vehicle: Standard,5.6,8,AS7,Z,15.1,354
2019,Jaguar,E-PACE P250,Sport utility vehicle: Small,2.0,4,AS9,Z,9.8,231
2019,Jaguar,F-PACE 20d,Sport utility vehicle: Small,2.0,4,AS8,D,8.1,218
2019,Jaguar,F-PACE 25t,Sport utility vehicle: Small,2.0,4,AS8,Z,9.9,227
2019,Jaguar,F-PACE 35t,Sport utility vehicle: Small,3.0,6,AS8,Z,11.8,277
2019,Jaguar,F-TYPE Convertible,Two-seater,2.0,4,AS8,Z,9.2,215
2019,Jaguar,F-TYPE Convertible,Two-seater,3.0,6,AS8,Z,10.4,242
2019,Jaguar,F-TYPE Convertible,Two-seater,3.0,6,M6,Z,12.6,296
2019,Jaguar,F-TYPE Convertible R-Dynamic,Two-seater,3.0,6,AS8,Z,10.8,253
2019,Jaguar,F-TYPE Convertible R-Dynamic,Two-seater,3.0,6,M6,Z,12.9,302
2019,Jaguar,F-TYPE Convertible R-Dynamic AWD,Two-seater,3.0,6,AS8,Z,11.3,265
2019,Jaguar,F-TYPE Coupe,Two-seater,2.0,4,AS8,Z,9.2,215
2019,Jaguar,F-TYPE Coupe,Two-seater,3.0,6,AS8,Z,10.4,242
2019,Jaguar,F-TYPE Coupe,Two-seater,3.0,6,M6,Z,12.6,296
2019,Jaguar,F-TYPE Coupe R-Dynamic,Two-seater,3.0,6,AS8,Z,10.8,253
2019,Jaguar,F-TYPE Coupe R-Dynamic,Two-seater,3.0,6,M6,Z,12.9,302
2019,Jaguar,F-TYPE Coupe R-Dynamic AWD,Two-seater,3.0,6,AS8,Z,11.3,265
2019,Jaguar,F-TYPE R AWD Convertible,Two-seater,5.0,8,AS8,Z,13.3,311
2019,Jaguar,F-TYPE R AWD Coupe,Two-seater,5.0,8,AS8,Z,13.3,311
2019,Jaguar,XE 20d AWD,Compact,2.0,4,AS8,D,6.9,186
2019,Jaguar,XE 25t AWD,Compact,2.0,4,AS8,Z,8.5,200
2019,Jaguar,XE 35t AWD,Compact,3.0,6,AS8,Z,10.2,238
2019,Jaguar,XF 20d AWD,Mid-size,2.0,4,AS8,D,6.9,186
2019,Jaguar,XF 25t AWD,Mid-size,2.0,4,AS8,Z,8.8,207
2019,Jaguar,XF 35t AWD,Mid-size,3.0,6,AS8,Z,10.4,243
2019,Jaguar,XJ R-Sport AWD,Full-size,3.0,6,AS8,Z,11.8,276
2019,Jaguar,XJL Portfolio AWD,Full-size,3.0,6,AS8,Z,11.9,280
2019,Jaguar,XJR LWB,Full-size,5.0,8,AS8,Z,13.3,313
2019,Jeep,Cherokee,Sport utility vehicle: Small,2.0,4,A9,X,9.1,214
2019,Jeep,Cherokee,Sport utility vehicle: Small,2.4,4,A9,X,9.3,219
2019,Jeep,Cherokee,Sport utility vehicle: Small,3.2,6,A9,X,10.2,240
2019,Jeep,Cherokee 4X4 Active Drive I,Sport utility vehicle: Small,2.0,4,A9,X,9.8,229
2019,Jeep,Cherokee 4X4 Active Drive I,Sport utility vehicle: Small,2.4,4,A9,X,9.8,230
2019,Jeep,Cherokee 4X4 Active Drive I,Sport utility vehicle: Small,3.2,6,A9,X,10.6,249
2019,Jeep,Cherokee 4X4 Active Drive II,Sport utility vehicle: Small,2.0,4,A9,X,10.2,240
2019,Jeep,Cherokee 4X4 Active Drive II,Sport utility vehicle: Small,3.2,6,A9,X,11.1,259
2019,Jeep,Cherokee 4X4 Active Drive Lock,Sport utility vehicle: Small,2.0,4,A9,X,10.6,249
2019,Jeep,Cherokee 4X4 Active Drive Lock,Sport utility vehicle: Small,3.2,6,A9,X,11.6,269
2019,Jeep,Compass,Sport utility vehicle: Small,2.4,4,A6,X,9.3,218
2019,Jeep,Compass,Sport utility vehicle: Small,2.4,4,M6,X,9.0,211
2019,Jeep,Compass 4X4,Sport utility vehicle: Small,2.4,4,A9,X,9.5,222
2019,Jeep,Compass 4X4,Sport utility vehicle: Small,2.4,4,M6,X,9.4,221
2019,Jeep,Grand Cherokee 4X4 EcoDiesel,Sport utility vehicle: Standard,3.0,6,A8,D,10.0,268
2019,Jeep,Grand Cherokee 4X4,Sport utility vehicle: Standard,3.6,6,A8,X,11.3,265
2019,Jeep,Grand Cherokee 4X4,Sport utility vehicle: Standard,5.7,8,A8,X,14.1,331
2019,Jeep,Grand Cherokee 4X4 SRT,Sport utility vehicle: Standard,6.4,8,A8,Z,15.7,368
2019,Jeep,Grand Cherokee 4X4 Trackhawk,Sport utility vehicle: Standard,6.2,8,A8,Z,17.7,413
2019,Jeep,Renegade,Sport utility vehicle: Small,1.3,4,A9,X,8.7,204
2019,Jeep,Renegade,Sport utility vehicle: Small,2.4,4,A9,X,9.5,222
2019,Jeep,Renegade 4X4,Sport utility vehicle: Small,1.3,4,A9,X,9.2,216
2019,Jeep,Renegade 4X4,Sport utility vehicle: Small,2.4,4,A9,X,9.8,230
2019,Jeep,Renegade 4X4 Trailhawk,Sport utility vehicle: Small,1.3,4,A9,X,9.9,230
2019,Jeep,Wrangler JL 4X4,Sport utility vehicle: Small,2.0,4,A8,X,10.0,233
2019,Jeep,Wrangler JL 4X4,Sport utility vehicle: Small,3.6,6,A8,X,11.8,274
2019,Jeep,Wrangler JL 4X4,Sport utility vehicle: Small,3.6,6,M6,X,11.8,277
2019,Jeep,Wrangler JL Unlimited 4X4,Sport utility vehicle: Small,2.0,4,A8,X,10.5,245
2019,Jeep,Wrangler JL Unlimited 4X4,Sport utility vehicle: Small,3.6,6,A8,X,11.7,275
2019,Jeep,Wrangler JL Unlimited 4X4,Sport utility vehicle: Small,3.6,6,M6,X,12.2,285
2019,Kia,Cadenza,Full-size,3.3,6,AS8,X,10.2,238
2019,Kia,Forte,Mid-size,2.0,4,AV,X,6.9,164
2019,Kia,Forte,Mid-size,2.0,4,M6,X,7.6,180
2019,Kia,Niro,Station wagon: Small,1.6,4,AM6,X,4.8,114
2019,Kia,Niro FE,Station wagon: Small,1.6,4,AM6,X,4.7,110
2019,Kia,Niro Touring,Station wagon: Small,1.6,4,AM6,X,5.4,129
2019,Kia,Optima,Full-size,2.0,4,AS6,X,9.7,230
2019,Kia,Optima,Full-size,2.4,4,AS6,X,8.4,199
2019,Kia,Optima Hybrid,Mid-size,2.0,4,AM6,X,5.7,133
2019,Kia,Rio,Compact,1.6,4,AS6,X,7.5,177
2019,Kia,Rio,Compact,1.6,4,M6,X,7.5,175
2019,Kia,Sedona,Minivan,3.3,6,AS8,X,11.5,272
2019,Kia,Sorento,Sport utility vehicle: Small,2.4,4,AS6,X,9.6,225
2019,Kia,Sorento AWD,Sport utility vehicle: Small,2.4,4,AS6,X,10.2,242
2019,Kia,Sorento AWD,Sport utility vehicle: Small,3.3,6,AS8,X,11.2,265
2019,Kia,Soul,Station wagon: Small,1.6,4,AM7,X,8.5,199
2019,Kia,Soul,Station wagon: Small,1.6,4,AS6,X,8.4,198
2019,Kia,Soul,Station wagon: Small,2.0,4,AS6,X,8.7,206
2019,Kia,Sportage,Sport utility vehicle: Small,2.4,4,AS6,X,9.2,218
2019,Kia,Sportage AWD,Sport utility vehicle: Small,2.0,4,AS6,X,11.1,263
2019,Kia,Sportage AWD,Sport utility vehicle: Small,2.4,4,AS6,X,10.5,247
2019,Kia,Stinger AWD,Mid-size,2.0,4,AS8,Z,9.7,229
2019,Kia,Stinger AWD,Mid-size,3.3,6,AS8,Z,11.8,279
2019,Lamborghini,Aventador Coupe,Two-seater,6.5,12,AM7,Z,21.5,487
2019,Lamborghini,Aventador Roadster,Two-seater,6.5,12,AM7,Z,21.7,493
2019,Lamborghini,Huracan Coupe,Two-seater,5.2,10,AM7,Z,15.9,366
2019,Lamborghini,Huracan Coupe AWD,Two-seater,5.2,10,AM7,Z,15.7,370
2019,Lamborghini,Huracan Spyder,Two-seater,5.2,10,AM7,Z,15.9,366
2019,Lamborghini,Huracan Spyder AWD,Two-seater,5.2,10,AM7,Z,15.7,370
2019,Lamborghini,Huracan Performante Coupe,Two-seater,5.2,10,AM7,Z,15.7,370
2019,Lamborghini,Huracan Performante Spyder,Two-seater,5.2,10,AM7,Z,15.7,370
2019,Lamborghini,Urus,Sport utility vehicle: Standard,4.0,8,AS8,Z,16.9,384
2019,Land Rover,Discovery,Sport utility vehicle: Standard,3.0,6,AS8,Z,13.3,311
2019,Land Rover,Discovery Td6 Diesel,Sport utility vehicle: Standard,3.0,6,AS8,D,10.4,279
2019,Land Rover,Discovery Sport,Sport utility vehicle: Small,2.0,4,AS9,Z,10.5,246
2019,Land Rover,Range Rover 3.0,Sport utility vehicle: Standard,3.0,6,AS8,Z,12.4,291
2019,Land Rover,Range Rover Td6 Diesel,Sport utility vehicle: Standard,3.0,6,AS8,D,9.6,256
2019,Land Rover,Range Rover 5.0 Supercharged,Sport utility vehicle: Standard,5.0,8,AS8,Z,13.0,305
2019,Land Rover,Range Rover SVAutobiography LWB,Sport utility vehicle: Standard,5.0,8,AS8,Z,15.5,365
2019,Land Rover,Range Rover Sport 3.0,Sport utility vehicle: Standard,3.0,6,AS8,Z,12.4,291
2019,Land Rover,Range Rover Sport Td6 Diesel,Sport utility vehicle: Standard,3.0,6,AS8,D,9.6,256
2019,Land Rover,Range Rover Sport Supercharged,Sport utility vehicle: Standard,5.0,8,AS8,Z,12.6,294
2019,Land Rover,Range Rover Evoque,Sport utility vehicle: Small,2.0,4,AS9,Z,9.6,225
2019,Land Rover,Range Rover Evoque Convertible,Sport utility vehicle: Small,2.0,4,AS9,Z,9.8,231
2019,Land Rover,Range Rover Velar D180,Sport utility vehicle: Small,2.0,4,AS8,D,8.5,229
2019,Land Rover,Range Rover Velar P300,Sport utility vehicle: Small,2.0,4,AS8,Z,10.6,248
2019,Land Rover,Range Rover Velar P380,Sport utility vehicle: Small,3.0,6,AS8,Z,11.6,273
2019,Lexus,ES 300h,Mid-size,2.5,4,AV6,X,5.3,124
2019,Lexus,ES 350,Mid-size,3.5,6,AS8,X,9.1,211
2019,Lexus,ES 350 F SPORT,Mid-size,3.5,6,AS8,X,9.4,219
2019,Lexus,GS 350 AWD,Mid-size,3.5,6,AS6,Z,10.9,254
2019,Lexus,GS F,Compact,5.0,8,AS8,Z,12.5,293
2019,Lexus,GX 460,Sport utility vehicle: Standard,4.6,8,AS6,Z,14.6,341
2019,Lexus,IS 300,Compact,2.0,4,AS8,Z,9.5,220
2019,Lexus,IS 300 AWD,Compact,3.5,6,AS6,Z,10.9,254
2019,Lexus,IS 350 AWD,Compact,3.5,6,AS6,Z,10.9,254
2019,Lexus,LC 500,Subcompact,5.0,8,AS10,Z,12.6,294
2019,Lexus,LC 500h,Subcompact,3.5,6,AV10,Z,8.1,189
2019,Lexus,LS 500 AWD,Mid-size,3.4,6,AS10,Z,11.1,261
2019,Lexus,LS 500h AWD,Mid-size,3.5,6,AV10,Z,9.1,214
2019,Lexus,LX 570,Sport utility vehicle: Standard,5.7,8,AS8,Z,15.8,371
2019,Lexus,NX 300 AWD,Sport utility vehicle: Small,2.0,4,AS6,Z,9.7,226
2019,Lexus,NX 300 AWD F SPORT,Sport utility vehicle: Small,2.0,4,AS6,Z,9.9,232
2019,Lexus,NX 300h AWD,Sport utility vehicle: Small,2.5,4,AV6,X,7.5,176
2019,Lexus,RC 300 AWD,Subcompact,3.5,6,AS6,Z,11.2,262
2019,Lexus,RC 350 AWD,Subcompact,3.5,6,AS6,Z,11.2,262
2019,Lexus,RC F,Subcompact,5.0,8,AS8,Z,12.6,289
2019,Lexus,RX 350 AWD,Sport utility vehicle: Small,3.5,6,AS8,X,10.8,252
2019,Lexus,RX 350 L AWD,Sport utility vehicle: Small,3.5,6,AS8,X,11.1,268
2019,Lexus,RX 450h AWD,Sport utility vehicle: Standard,3.5,6,AV6,Z,7.9,185
2019,Lexus,RX 450h L AWD,Sport utility vehicle: Standard,3.5,6,AV6,Z,8.1,190
2019,Lexus,UX 200,Mid-size,2.0,4,AS10,X,7.2,168
2019,Lexus,UX 250h,Compact,2.0,4,AV6,X,5.6,130
2019,Lexus,UX 250h AWD,Compact,2.0,4,AV6,X,6.0,140
2019,Lincoln,Continental AWD,Full-size,2.7,6,AS6,X,12.0,281
2019,Lincoln,Continental AWD,Full-size,3.0,6,AS6,X,12.3,289
2019,Lincoln,Continental AWD,Full-size,3.7,6,AS6,X,12.2,287
2019,Lincoln,MKC AWD,Sport utility vehicle: Small,2.0,4,AS6,X,11.0,257
2019,Lincoln,MKC AWD (Start/Stop),Sport utility vehicle: Small,2.0,4,AS6,X,10.9,256
2019,Lincoln,MKC AWD,Sport utility vehicle: Small,2.3,4,AS6,X,11.5,270
2019,Lincoln,MKT AWD,Sport utility vehicle: Standard,3.5,6,AS6,X,13.7,322
2019,Lincoln,MKT Livery AWD,Special purpose vehicle,3.7,6,A6,X,12.7,297
2019,Lincoln,MKZ AWD,Mid-size,2.0,4,AS6,X,10.4,245
2019,Lincoln,MKZ AWD,Mid-size,3.0,6,AS6,X,11.8,278
2019,Lincoln,MKZ Hybrid,Mid-size,2.0,4,AV,X,5.9,139
2019,Lincoln,Nautilus,Sport utility vehicle: Small,2.0,4,AS8,X,10.7,250
2019,Lincoln,Nautilus,Sport utility vehicle: Small,2.7,6,AS8,X,11.0,259
2019,Lincoln,Navigator 4X4,Sport utility vehicle: Standard,3.5,6,AS10,X,13.4,314
2019,Maserati,Ghibli,Mid-size,3.0,6,AS8,Z,12.2,286
2019,Maserati,Ghibli S,Mid-size,3.0,6,AS8,Z,12.6,295
2019,Maserati,Ghibli SQ4,Mid-size,3.0,6,AS8,Z,12.6,295
2019,Maserati,GranTurismo Convertible,Subcompact,4.7,8,AS6,Z,15.0,354
2019,Maserati,Levante,Sport utility vehicle: Standard,3.0,6,AS8,Z,13.7,324
2019,Maserati,Levante S,Sport utility vehicle: Standard,3.0,6,AS8,Z,14.0,330
2019,Maserati,Levante GTS,Sport utility vehicle: Standard,3.8,8,AS8,Z,15.3,360
2019,Maserati,Levante Trofeo,Sport utility vehicle: Standard,3.8,8,AS8,Z,15.3,360
2019,Maserati,Quattroporte S,Full-size,3.0,6,AS8,Z,12.8,299
2019,Maserati,Quattroporte SQ4,Full-size,3.0,6,AS8,Z,12.8,301
2019,Maserati,Quattroporte GTS,Full-size,3.8,8,AS8,Z,13.7,321
2019,Mazda,CX-3,Compact,2.0,4,AS6,X,7.7,179
2019,Mazda,CX-3,Compact,2.0,4,M6,X,8.0,186
2019,Mazda,CX-3 4WD,Compact,2.0,4,AS6,X,8.1,189
2019,Mazda,CX-5,Sport utility vehicle: Small,2.0,4,M6,X,8.8,206
2019,Mazda,CX-5,Sport utility vehicle: Small,2.5,4,AS6,X,8.8,206
2019,Mazda,CX-5 (Cylinder Deactivation),Sport utility vehicle: Small,2.5,4,AS6,X,8.5,201
2019,Mazda,CX-5 Diesel 4WD,Sport utility vehicle: Small,2.2,4,AS6,D,8.4,227
2019,Mazda,CX-5 4WD,Sport utility vehicle: Small,2.5,4,AS6,X,9.3,217
2019,Mazda,CX-5 4WD (Cylinder Deactivation),Sport utility vehicle: Small,2.5,4,AS6,X,9.0,209
2019,Mazda,CX-5 Turbo 4WD,Sport utility vehicle: Small,2.5,4,AS6,X,9.8,230
2019,Mazda,CX-9,Sport utility vehicle: Small,2.5,4,AS6,X,9.6,225
2019,Mazda,CX-9 4WD,Sport utility vehicle: Small,2.5,4,AS6,X,10.5,244
2019,Mazda,Mazda3 4-Door,Compact,2.0,4,AS6,X,7.6,178
2019,Mazda,Mazda3 4-Door (SIL),Compact,2.0,4,M6,X,7.7,180
2019,Mazda,Mazda3 4-Door,Compact,2.5,4,AS6,X,7.7,181
2019,Mazda,Mazda3 4-Door (Cylinder Deactivation),Compact,2.5,4,AS6,X,7.8,183
2019,Mazda,Mazda3 4-Door 4WD,Compact,2.5,4,AS6,X,8.2,192
2019,Mazda,Mazda3 5-Door,Mid-size,2.0,4,AS6,X,7.7,181
2019,Mazda,Mazda3 5-Door (SIL),Mid-size,2.0,4,M6,X,7.8,181
2019,Mazda,Mazda3 5-Door,Mid-size,2.5,4,AS6,X,8.0,187
2019,Mazda,Mazda3 5-Door,Mid-size,2.5,4,M6,X,8.1,189
2019,Mazda,Mazda3 5-Door 4WD,Mid-size,2.5,4,AS6,X,8.7,204
2019,Mazda,Mazda6,Mid-size,2.5,4,AS6,X,8.0,187
2019,Mazda,Mazda6 Turbo,Mid-size,2.5,4,AS6,X,8.9,208
2019,Mazda,MX-5,Two-seater,2.0,4,AS6,Z,7.9,186
2019,Mazda,MX-5 (SIL),Two-seater,2.0,4,M6,Z,8.1,189
2019,Mercedes-Benz,A 220,Subcompact,2.0,4,AM7,Z,8.4,195
2019,Mercedes-Benz,A 220 4MATIC,Subcompact,2.0,4,AM7,Z,8.5,199
2019,Mercedes-Benz,A 250,Station wagon: Small,2.0,4,AM7,Z,8.3,192
2019,Mercedes-Benz,A 250 4MATIC,Station wagon: Small,2.0,4,AM7,Z,8.6,201
2019,Mercedes-Benz,AMG C 43 4MATIC,Compact,3.0,6,A9,Z,10.7,253
2019,Mercedes-Benz,AMG C 43 4MATIC Cabriolet,Subcompact,3.0,6,A9,Z,11.2,263
2019,Mercedes-Benz,AMG C 43 4MATIC Coupe,Subcompact,3.0,6,A9,Z,11.1,255
2019,Mercedes-Benz,AMG C 43 4MATIC Wagon,Station wagon: Small,3.0,6,A9,Z,10.8,255
2019,Mercedes-Benz,AMG C 63,Compact,4.0,8,A9,Z,11.2,263
2019,Mercedes-Benz,AMG C 63 S,Compact,4.0,8,A9,Z,11.2,263
2019,Mercedes-Benz,AMG C 63 S Cabriolet,Subcompact,4.0,8,A9,Z,12.0,282
2019,Mercedes-Benz,AMG C 63 S Coupe,Subcompact,4.0,8,A9,Z,11.8,277
2019,Mercedes-Benz,AMG CLA 45 4MATIC,Minicompact,2.0,4,AM7,Z,9.2,217
2019,Mercedes-Benz,AMG CLS 53 4MATIC+,Compact,3.0,6,A9,Z,10.7,235
2019,Mercedes-Benz,AMG E 53 4MATIC+,Mid-size,3.0,6,A9,Z,9.9,232
2019,Mercedes-Benz,AMG E 53 4MATIC+ Cabriolet,Subcompact,3.0,6,A9,Z,10.9,245
2019,Mercedes-Benz,AMG E 53 4MATIC+ Coupe,Subcompact,3.0,6,A9,Z,10.6,237
2019,Mercedes-Benz,AMG E 53 4MATIC+ Wagon,Station wagon: Mid-size,3.0,6,A9,Z,10.2,239
2019,Mercedes-Benz,AMG E 63 S 4MATIC+,Mid-size,4.0,8,A9,Z,13.5,318
2019,Mercedes-Benz,AMG E 63 S 4MATIC+ Wagon,Station wagon: Mid-size,4.0,8,A9,Z,12.7,299
2019,Mercedes-Benz,AMG G 63,Sport utility vehicle: Standard,4.0,8,A9,Z,17.0,396
2019,Mercedes-Benz,AMG GLA 45 4MATIC,Station wagon: Mid-size,2.0,4,AM7,Z,9.6,225
2019,Mercedes-Benz,AMG GLC 43 4MATIC,Sport utility vehicle: Small,3.0,6,A9,Z,11.2,262
2019,Mercedes-Benz,AMG GLC 43 4MATIC Coupe,Sport utility vehicle: Small,3.0,6,A9,Z,11.3,265
2019,Mercedes-Benz,AMG GLC 63 S 4MATIC+,Sport utility vehicle: Small,4.0,8,A9,Z,13.2,309
2019,Mercedes-Benz,AMG GLC 63 S 4MATIC+ Coupe,Sport utility vehicle: Small,4.0,8,A9,Z,13.2,309
2019,Mercedes-Benz,AMG GLE 43 4MATIC,Sport utility vehicle: Standard,3.0,6,A9,Z,12.4,292
2019,Mercedes-Benz,AMG GLE 43 4MATIC Coupe,Sport utility vehicle: Standard,3.0,6,A9,Z,12.6,297
2019,Mercedes-Benz,AMG GLE 63 S 4MATIC,Sport utility vehicle: Standard,4.7,8,A7,Z,15.8,370
2019,Mercedes-Benz,AMG GLE 63 S 4MATIC Coupe,Sport utility vehicle: Standard,4.7,8,A7,Z,15.2,357
2019,Mercedes-Benz,AMG GLS 63 4MATIC,Sport utility vehicle: Standard,4.7,8,A7,Z,15.7,370
2019,Mercedes-Benz,AMG GT 53 4MATIC+ Coupe,Compact,3.0,6,A9,Z,11.2,264
2019,Mercedes-Benz,AMG GT 63 4MATIC+ Coupe,Compact,4.0,8,A9,Z,13.7,323
2019,Mercedes-Benz,AMG GT 63 S 4MATIC+ Coupe,Compact,4.0,8,A9,Z,13.7,324
2019,Mercedes-Benz,AMG GT C Coupe,Two-seater,4.0,8,AM7,Z,13.5,315
2019,Mercedes-Benz,AMG GT C Roadster,Two-seater,4.0,8,AM7,Z,13.5,315
2019,Mercedes-Benz,AMG GT R Coupe,Two-seater,4.0,8,AM7,Z,14.0,327
2019,Mercedes-Benz,AMG S 63 4MATIC+,Full-size,4.0,8,A9,Z,11.8,275
2019,Mercedes-Benz,AMG S 63 4MATIC+ Cabriolet,Subcompact,4.0,8,A9,Z,13.1,306
2019,Mercedes-Benz,AMG S 63 4MATIC+ Coupe,Compact,4.0,8,A9,Z,11.6,271
2019,Mercedes-Benz,AMG S 65,Full-size,6.0,12,A7,Z,15.1,356
2019,Mercedes-Benz,AMG S 65 Cabriolet,Subcompact,6.0,12,A9,Z,14.3,337
2019,Mercedes-Benz,AMG S 65 Coupe,Compact,6.0,12,A9,Z,14.6,343
2019,Mercedes-Benz,AMG SL 63,Two-seater,5.5,8,A7,Z,13.0,303
2019,Mercedes-Benz,AMG SLC 43,Two-seater,3.0,6,A9,Z,10.2,238
2019,Mercedes-Benz,B 250,Station wagon: Small,2.0,4,AM7,Z,8.4,196
2019,Mercedes-Benz,B 250 4MATIC,Station wagon: Small,2.0,4,AM7,Z,9.1,215
2019,Mercedes-Benz,C 300 4MATIC,Compact,2.0,4,A9,Z,9.4,219
2019,Mercedes-Benz,C 300 4MATIC Cabriolet,Subcompact,2.0,4,A9,Z,9.9,231
2019,Mercedes-Benz,C 300 4MATIC Coupe,Subcompact,2.0,4,A9,Z,9.5,221
2019,Mercedes-Benz,C 300 4MATIC Wagon,Station wagon: Small,2.0,4,A9,Z,9.5,221
2019,Mercedes-Benz,CLA 250,Minicompact,2.0,4,AM7,Z,8.2,193
2019,Mercedes-Benz,CLA 250 4MATIC,Minicompact,2.0,4,AM7,Z,8.7,204
2019,Mercedes-Benz,CLS 450 4MATIC,Compact,3.0,6,A9,Z,9.8,213
2019,Mercedes-Benz,E 300 4MATIC,Mid-size,2.0,4,A9,Z,9.7,228
2019,Mercedes-Benz,E 450 4MATIC,Mid-size,3.0,6,A9,Z,10.3,244
2019,Mercedes-Benz,E 450 4MATIC Cabriolet,Subcompact,3.0,6,A9,Z,11.6,271
2019,Mercedes-Benz,E 450 4MATIC Coupe,Subcompact,3.0,6,A9,Z,11.0,257
2019,Mercedes-Benz,E 450 4MATIC Wagon,Station wagon: Mid-size,3.0,6,A9,Z,10.8,254
2019,Mercedes-Benz,G 550,Sport utility vehicle: Standard,4.0,8,A9,Z,16.3,378
2019,Mercedes-Benz,GLA 250 4MATIC,Sport utility vehicle: Small,2.0,4,AM7,Z,9.0,209
2019,Mercedes-Benz,GLC 300 4MATIC,Sport utility vehicle: Small,2.0,4,A9,Z,10.0,234
2019,Mercedes-Benz,GLC 300 4MATIC Coupe,Sport utility vehicle: Small,2.0,4,A9,Z,10.0,234
2019,Mercedes-Benz,GLE 400 4MATIC,Sport utility vehicle: Standard,3.0,6,A9,Z,12.1,282
2019,Mercedes-Benz,GLS 450 4MATIC,Sport utility vehicle: Standard,3.0,6,A9,Z,13.2,312
2019,Mercedes-Benz,GLS 550 4MATIC,Sport utility vehicle: Standard,4.7,8,A9,Z,15.1,355
2019,Mercedes-Benz,Maybach S 560 4MATIC,Full-size,4.0,8,A9,Z,12.2,286
2019,Mercedes-Benz,Maybach S 650,Full-size,6.0,12,A7,Z,15.1,355
2019,Mercedes-Benz,Metris Cargo,Special purpose vehicle,2.0,4,A7,Z,10.7,251
2019,Mercedes-Benz,Metris Cargo LWB,Special purpose vehicle,2.0,4,A7,Z,10.5,248
2019,Mercedes-Benz,Metris Passenger,Special purpose vehicle,2.0,4,A7,Z,11.4,268
2019,Mercedes-Benz,S 450 4MATIC SWB,Mid-size,3.0,6,A9,Z,10.8,253
2019,Mercedes-Benz,S 560 4MATIC SWB,Mid-size,4.0,8,A9,Z,11.3,265
2019,Mercedes-Benz,S 560 4MATIC,Full-size,4.0,8,A9,Z,11.3,265
2019,Mercedes-Benz,S 560 Cabriolet,Subcompact,4.0,8,A9,Z,11.7,275
2019,Mercedes-Benz,SL 450,Two-seater,3.0,6,A9,Z,10.3,241
2019,Mercedes-Benz,SL 550,Two-seater,4.7,8,A9,Z,11.6,270
2019,Mercedes-Benz,SLC 300,Two-seater,2.0,4,A9,Z,8.8,205
2019,MINI,Cooper 3 Door,Subcompact,1.5,3,AS6,Z,7.9,184
2019,MINI,Cooper 3 Door,Subcompact,1.5,3,M6,Z,7.5,175
2019,MINI,Cooper 5 Door,Subcompact,1.5,3,AS6,Z,7.9,184
2019,MINI,Cooper 5 Door,Subcompact,1.5,3,M6,Z,7.5,175
2019,MINI,Cooper Clubman ALL4,Mid-size,1.5,3,AS8,Z,9.0,212
2019,MINI,Cooper Clubman ALL4,Mid-size,1.5,3,M6,Z,9.1,214
2019,MINI,Cooper Convertible,Minicompact,1.5,3,AS6,Z,7.9,184
2019,MINI,Cooper Convertible,Minicompact,1.5,3,M6,Z,7.5,175
2019,MINI,Cooper Countryman ALL4,Station wagon: Small,1.5,3,AS8,Z,9.2,215
2019,MINI,Cooper Countryman ALL4,Station wagon: Small,1.5,3,M6,Z,9.1,214
2019,MINI,Cooper S 3 Door,Subcompact,2.0,4,AS6,Z,8.4,197
2019,MINI,Cooper S 3 Door,Subcompact,2.0,4,M6,Z,9.0,210
2019,MINI,Cooper S 5 Door,Subcompact,2.0,4,AS6,Z,8.4,197
2019,MINI,Cooper S 5 Door,Subcompact,2.0,4,M6,Z,9.0,210
2019,MINI,Cooper S Clubman ALL4,Mid-size,2.0,4,AS8,Z,9.2,214
2019,MINI,Cooper S Clubman ALL4,Mid-size,2.0,4,M6,Z,9.7,227
2019,MINI,Cooper S Convertible,Minicompact,2.0,4,AS6,Z,8.4,197
2019,MINI,Cooper S Convertible,Minicompact,2.0,4,M6,Z,9.0,210
2019,MINI,Cooper S Countryman ALL4,Mid-size,2.0,4,AS8,Z,9.2,215
2019,MINI,Cooper S Countryman ALL4,Mid-size,2.0,4,M6,Z,9.7,228
2019,MINI,John Cooper Works 3 Door,Subcompact,2.0,4,AS6,Z,8.4,197
2019,MINI,John Cooper Works 3 Door,Subcompact,2.0,4,M6,Z,9.0,210
2019,MINI,John Cooper Works Clubman ALL4,Mid-size,2.0,4,AS8,Z,9.2,214
2019,MINI,John Cooper Works Clubman ALL4,Mid-size,2.0,4,M6,Z,9.7,227
2019,MINI,John Cooper Works Convertible,Minicompact,2.0,4,AS6,Z,8.4,197
2019,MINI,John Cooper Works Convertible,Minicompact,2.0,4,M6,Z,9.4,220
2019,MINI,John Cooper Works Countryman ALL4,Mid-size,2.0,4,AS8,Z,9.3,220
2019,MINI,John Cooper Works Countryman ALL4,Mid-size,2.0,4,M6,Z,9.7,228
2019,Mitsubishi,Eclipse Cross 4WD,Sport utility vehicle: Small,1.5,4,AV8,X,9.3,216
2019,Mitsubishi,Mirage,Compact,1.2,3,AV,X,6.2,143
2019,Mitsubishi,Mirage,Compact,1.2,3,M5,X,6.5,151
2019,Mitsubishi,Mirage G4,Compact,1.2,3,AV,X,6.4,148
2019,Mitsubishi,Mirage G4,Compact,1.2,3,M5,X,6.6,153
2019,Mitsubishi,Outlander 4WD,Sport utility vehicle: Small,2.4,4,AV6,X,9.1,212
2019,Mitsubishi,Outlander 4WD,Sport utility vehicle: Small,3.0,6,AS6,Z,10.6,246
2019,Mitsubishi,RVR,Sport utility vehicle: Small,2.0,4,AV6,X,8.8,206
2019,Mitsubishi,RVR 4WD,Sport utility vehicle: Small,2.0,4,AV6,X,9.2,213
2019,Mitsubishi,RVR 4WD,Sport utility vehicle: Small,2.4,4,AV6,X,9.4,218
2019,Nissan,370Z,Two-seater,3.7,6,AS7,Z,11.1,261
2019,Nissan,370Z,Two-seater,3.7,6,M6,Z,11.5,270
2019,Nissan,370Z Roadster,Two-seater,3.7,6,AS7,Z,11.5,271
2019,Nissan,370Z Roadster,Two-seater,3.7,6,M6,Z,11.8,279
2019,Nissan,Altima,Mid-size,2.5,4,AV,X,7.4,174
2019,Nissan,Altima SR/Platinum,Mid-size,2.0,4,AV,X,8.1,190
2019,Nissan,Altima SR/Platinum,Mid-size,2.5,4,AV,X,7.5,177
2019,Nissan,Altima AWD,Mid-size,2.5,4,AV,X,8.0,187
2019,Nissan,Altima AWD SR/Platinum,Mid-size,2.5,4,AV,X,8.1,191
2019,Nissan,Armada 4WD,Sport utility vehicle: Standard,5.6,8,AS7,X,15.5,364
2019,Nissan,Frontier,Pickup truck: Small,2.5,4,A5,X,12.3,290
2019,Nissan,Frontier,Pickup truck: Small,4.0,6,A5,X,12.7,299
2019,Nissan,Frontier 4WD,Pickup truck: Small,4.0,6,A5,X,13.9,326
2019,Nissan,Frontier 4WD,Pickup truck: Small,4.0,6,M6,X,13.5,317
2019,Nissan,GT-R,Subcompact,3.8,6,AM6,Z,12.6,295
2019,Nissan,Kicks,Mid-size,1.6,4,AV,X,7.2,169
2019,Nissan,Maxima,Mid-size,3.5,6,AV7,Z,9.9,233
2019,Nissan,Micra,Compact,1.6,4,A4,X,8.0,188
2019,Nissan,Micra,Compact,1.6,4,M5,X,7.9,186
2019,Nissan,Murano,Station wagon: Mid-size,3.5,6,AV7,X,10.2,240
2019,Nissan,Murano AWD,Station wagon: Mid-size,3.5,6,AV7,X,10.4,244
2019,Nissan,NV200 Cargo Van,Special purpose vehicle,2.0,4,AV,X,9.3,218
2019,Nissan,Pathfinder,Sport utility vehicle: Small,3.5,6,AV,X,10.2,240
2019,Nissan,Pathfinder 4WD,Sport utility vehicle: Small,3.5,6,AV,X,10.7,250
2019,Nissan,Pathfinder 4WD Platinum,Sport utility vehicle: Small,3.5,6,AV,X,11.0,259
2019,Nissan,Qashqai,Station wagon: Small,2.0,4,AV7,X,8.2,193
2019,Nissan,Qashqai,Station wagon: Small,2.0,4,M6,X,9.2,217
2019,Nissan,Qashqai AWD,Station wagon: Small,2.0,4,AV7,X,8.7,203
2019,Nissan,Rogue,Sport utility vehicle: Small,2.5,4,AV,X,8.2,192
2019,Nissan,Rogue AWD,Sport utility vehicle: Small,2.5,4,AV,X,8.8,206
2019,Nissan,Sentra (Turbo),Mid-size,1.6,4,AV7,Z,8.2,193
2019,Nissan,Sentra (Turbo),Mid-size,1.6,4,M6,Z,8.3,195
2019,Nissan,Sentra,Mid-size,1.8,4,AV,X,7.3,172
2019,Nissan,Sentra,Mid-size,1.8,4,M6,X,7.8,183
2019,Nissan,Sentra Nismo,Mid-size,1.6,4,AV7,Z,8.7,205
2019,Nissan,Sentra Nismo,Mid-size,1.6,4,M6,Z,8.7,204
2019,Nissan,Titan,Pickup truck: Standard,5.6,8,AS7,X,13.3,312
2019,Nissan,Titan 4WD,Pickup truck: Standard,5.6,8,AS7,X,13.4,315
2019,Nissan,Titan 4WD PRO-4X,Pickup truck: Standard,5.6,8,AS7,X,14.1,331
2019,Nissan,Versa,Mid-size,1.6,4,AV,X,7.0,164
2019,Nissan,Versa,Mid-size,1.6,4,M5,X,7.7,180
2019,Porsche,911 Carrera,Minicompact,3.0,6,AM7,Z,9.4,221
2019,Porsche,911 Carrera,Minicompact,3.0,6,M7,Z,10.1,237
2019,Porsche,911 Carrera 4,Minicompact,3.0,6,AM7,Z,9.6,225
2019,Porsche,911 Carrera 4,Minicompact,3.0,6,M7,Z,10.4,242
2019,Porsche,911 Carrera Cabriolet,Minicompact,3.0,6,AM7,Z,9.7,227
2019,Porsche,911 Carrera Cabriolet,Minicompact,3.0,6,M7,Z,10.3,241
2019,Porsche,911 Carrera 4 Cabriolet,Minicompact,3.0,6,AM7,Z,9.8,230
2019,Porsche,911 Carrera 4 Cabriolet,Minicompact,3.0,6,M7,Z,10.5,246
2019,Porsche,911 Carrera S,Minicompact,3.0,6,AM7,Z,9.7,226
2019,Porsche,911 Carrera S,Minicompact,3.0,6,M7,Z,10.3,242
2019,Porsche,911 Carrera 4S,Minicompact,3.0,6,AM7,Z,9.9,232
2019,Porsche,911 Carrera 4S,Minicompact,3.0,6,M7,Z,10.4,243
2019,Porsche,911 Carrera S Cabriolet,Minicompact,3.0,6,AM7,Z,9.7,228
2019,Porsche,911 Carrera S Cabriolet,Minicompact,3.0,6,M7,Z,10.4,243
2019,Porsche,911 Carrera 4S Cabriolet,Minicompact,3.0,6,AM7,Z,9.9,231
2019,Porsche,911 Carrera 4S Cabriolet,Minicompact,3.0,6,M7,Z,10.5,246
2019,Porsche,911 Carrera T,Minicompact,3.0,6,AM7,Z,10.6,248
2019,Porsche,911 Carrera T,Minicompact,3.0,6,M7,Z,12.3,286
2019,Porsche,911 Carrera GTS,Minicompact,3.0,6,AM7,Z,10.4,243
2019,Porsche,911 Carrera GTS,Minicompact,3.0,6,M7,Z,11.2,260
2019,Porsche,911 Carrera 4 GTS,Minicompact,3.0,6,AM7,Z,10.6,248
2019,Porsche,911 Carrera 4 GTS,Minicompact,3.0,6,M7,Z,11.0,257
2019,Porsche,911 Carrera GTS Cabriolet,Minicompact,3.0,6,AM7,Z,10.7,249
2019,Porsche,911 Carrera GTS Cabriolet,Minicompact,3.0,6,M7,Z,11.0,258
2019,Porsche,911 Carrera 4 GTS Cabriolet,Minicompact,3.0,6,AM7,Z,10.7,250
2019,Porsche,911 Carrera 4 GTS Cabriolet,Minicompact,3.0,6,M7,Z,11.2,260
2019,Porsche,911 GT2 RS,Two-seater,3.8,6,AM7,Z,13.5,315
2019,Porsche,911 GT3,Two-seater,4.0,6,AM7,Z,13.9,324
2019,Porsche,911 GT3,Two-seater,4.0,6,M6,Z,15.1,352
2019,Porsche,911 GT3 RS,Two-seater,4.0,6,AM7,Z,14.4,335
2019,Porsche,911 GT3 Touring,Two-seater,4.0,6,M6,Z,14.1,334
2019,Porsche,911 Speedster,Two-seater,4.0,6,M6,Z,15.1,350
2019,Porsche,911 Targa 4,Minicompact,3.0,6,AM7,Z,9.8,228
2019,Porsche,911 Targa 4,Minicompact,3.0,6,M7,Z,10.5,246
2019,Porsche,911 Targa 4S,Minicompact,3.0,6,AM7,Z,10.0,233
2019,Porsche,911 Targa 4S,Minicompact,3.0,6,M7,Z,10.5,246
2019,Porsche,911 Targa 4 GTS,Minicompact,3.0,6,AM7,Z,10.8,251
2019,Porsche,911 Targa 4 GTS,Minicompact,3.0,6,M7,Z,11.4,266
2019,Porsche,911 Turbo,Minicompact,3.8,6,AM7,Z,11.4,266
2019,Porsche,911 Turbo Cabriolet,Minicompact,3.8,6,AM7,Z,11.4,267
2019,Porsche,911 Turbo S,Minicompact,3.8,6,AM7,Z,11.4,266
2019,Porsche,911 Turbo S Cabriolet,Minicompact,3.8,6,AM7,Z,11.4,267
2019,Porsche,911 Turbo S Exclusive Cabriolet,Minicompact,3.8,6,AM7,Z,12.7,297
2019,Porsche,Boxster,Two-seater,2.0,4,AM7,Z,9.4,219
2019,Porsche,Boxster,Two-seater,2.0,4,M6,Z,9.8,229
2019,Porsche,Boxster S,Two-seater,2.5,4,AM7,Z,9.9,231
2019,Porsche,Boxster S,Two-seater,2.5,4,M6,Z,10.7,249
2019,Porsche,Boxster GTS,Two-seater,2.5,4,AM7,Z,10.6,249
2019,Porsche,Boxster GTS,Two-seater,2.5,4,M6,Z,11.0,257
2019,Porsche,Cayenne,Sport utility vehicle: Standard,3.0,6,AS8,Z,11.4,265
2019,Porsche,Cayenne S,Sport utility vehicle: Standard,2.9,6,AS8,Z,11.8,275
2019,Porsche,Cayenne Turbo,Sport utility vehicle: Standard,4.0,8,AS8,Z,14.1,329
2019,Porsche,Cayman,Two-seater,2.0,4,AM7,Z,9.4,219
2019,Porsche,Cayman,Two-seater,2.0,4,M6,Z,9.8,229
2019,Porsche,Cayman S,Two-seater,2.5,4,AM7,Z,9.9,231
2019,Porsche,Cayman S,Two-seater,2.5,4,M6,Z,10.7,249
2019,Porsche,Cayman GTS,Two-seater,2.5,4,AM7,Z,10.6,249
2019,Porsche,Cayman GTS,Two-seater,2.5,4,M6,Z,11.0,257
2019,Porsche,Macan,Sport utility vehicle: Small,2.0,4,AM7,Z,11.3,264
2019,Porsche,Macan S,Sport utility vehicle: Small,3.0,6,AM7,Z,11.7,272
2019,Porsche,Panamera,Full-size,3.0,6,AM8,Z,10.7,250
2019,Porsche,Panamera 4,Full-size,3.0,6,AM8,Z,10.9,253
2019,Porsche,Panamera 4 Executive,Full-size,3.0,6,AM8,Z,10.9,253
2019,Porsche,Panamera 4 ST,Full-size,3.0,6,AM8,Z,10.7,250
2019,Porsche,Panamera 4S,Full-size,2.9,6,AM8,Z,11.2,261
2019,Porsche,Panamera 4S Executive,Full-size,2.9,6,AM8,Z,11.2,261
2019,Porsche,Panamera 4S ST,Full-size,2.9,6,AM8,Z,11.6,273
2019,Porsche,Panamera GTS,Full-size,4.0,8,AM8,Z,12.6,295
2019,Porsche,Panamera GTS ST,Full-size,4.0,8,AM8,Z,13.4,313
2019,Porsche,Panamera Turbo,Full-size,4.0,8,AM8,Z,11.2,261
2019,Porsche,Panamera Turbo Executive,Full-size,4.0,8,AM8,Z,11.2,261
2019,Porsche,Panamera Turbo ST,Full-size,4.0,8,AM8,Z,11.9,279
2019,Ram,1500 eTorque,Pickup truck: Standard,3.6,6,A8,X,10.8,253
2019,Ram,1500 HFE eTorque,Pickup truck: Standard,3.6,6,A8,X,10.4,246
2019,Ram,1500,Pickup truck: Standard,5.7,8,A8,X,13.6,320
2019,Ram,1500 eTorque,Pickup truck: Standard,5.7,8,A8,X,12.4,290
2019,Ram,1500 4X4 eTorque,Pickup truck: Standard,3.6,6,A8,X,11.1,260
2019,Ram,1500 4X4,Pickup truck: Standard,5.7,8,A8,X,13.8,325
2019,Ram,1500 4X4 eTorque,Pickup truck: Standard,5.7,8,A8,X,12.9,302
2019,Ram,1500 Classic EcoDiesel,Pickup truck: Standard,3.0,6,A8,D,10.4,278
2019,Ram,1500 Classic FFV,Pickup truck: Standard,3.6,6,A8,X,11.9,280
2019,Ram,1500 Classic FFV,Pickup truck: Standard,3.6,6,A8,E,17.0,283
2019,Ram,1500 Classic,Pickup truck: Standard,5.7,8,A6,X,14.8,346
2019,Ram,1500 Classic,Pickup truck: Standard,5.7,8,A8,X,13.6,319
2019,Ram,1500 Classic 4X4 EcoDiesel,Pickup truck: Standard,3.0,6,A8,D,10.8,289
2019,Ram,1500 Classic 4X4 FFV,Pickup truck: Standard,3.6,6,A8,X,12.6,294
2019,Ram,1500 Classic 4X4 FFV,Pickup truck: Standard,3.6,6,A8,E,18.0,300
2019,Ram,1500 Classic 4X4,Pickup truck: Standard,5.7,8,A6,X,16.3,382
2019,Ram,1500 Classic 4X4,Pickup truck: Standard,5.7,8,A8,X,14.0,328
2019,Ram,ProMaster City,Special purpose vehicle,2.4,4,A9,X,9.9,232
2019,Rolls-Royce,Cullinan,Station wagon: Mid-size,6.7,12,AS8,Z,16.3,382
2019,Rolls-Royce,Dawn,Compact,6.6,12,AS8,Z,17.0,397
2019,Rolls-Royce,Dawn Black Badge,Compact,6.6,12,AS8,Z,17.0,397
2019,Rolls-Royce,Ghost,Full-size,6.6,12,AS8,Z,17.0,397
2019,Rolls-Royce,Ghost EWB,Full-size,6.6,12,AS8,Z,17.0,397
2019,Rolls-Royce,Phantom,Full-size,6.7,12,AS8,Z,16.3,382
2019,Rolls-Royce,Phantom EWB,Full-size,6.7,12,AS8,Z,16.3,382
2019,Rolls-Royce,Wraith,Mid-size,6.6,12,AS8,Z,16.6,388
2019,Rolls-Royce,Wraith Black Badge,Mid-size,6.6,12,AS8,Z,16.6,388
2019,Subaru,Ascent AWD,Sport utility vehicle: Standard,2.4,4,AV8,X,10.4,244
2019,Subaru,BRZ,Minicompact,2.0,4,AS6,Z,8.6,200
2019,Subaru,BRZ,Minicompact,2.0,4,M6,Z,9.9,231
2019,Subaru,Crosstrek AWD,Sport utility vehicle: Small,2.0,4,AV7,X,8.1,188
2019,Subaru,Crosstrek AWD,Sport utility vehicle: Small,2.0,4,M6,X,9.4,220
2019,Subaru,Forester AWD,Sport utility vehicle: Small,2.5,4,AV7,X,8.2,192
2019,Subaru,Impreza 4-Door AWD,Mid-size,2.0,4,AV7,X,7.5,174
2019,Subaru,Impreza 4-Door AWD,Mid-size,2.0,4,M5,X,8.9,209
2019,Subaru,Impreza 5-Door AWD,Station wagon: Small,2.0,4,AV7,X,7.6,177
2019,Subaru,Impreza 5-Door AWD,Station wagon: Small,2.0,4,M5,X,9.0,211
2019,Subaru,Legacy AWD,Mid-size,2.5,4,AV7,X,8.2,193
2019,Subaru,Legacy AWD,Mid-size,3.6,6,AV6,X,10.3,241
2019,Subaru,Outback AWD,Sport utility vehicle: Small,2.5,4,AV7,X,8.5,198
2019,Subaru,Outback AWD,Sport utility vehicle: Small,3.6,6,AV6,X,10.5,247
2019,Subaru,WRX AWD,Compact,2.0,4,AV8,Z,11.2,256
2019,Subaru,WRX AWD,Compact,2.0,4,M6,Z,10.0,235
2019,Subaru,WRX STI AWD,Compact,2.5,4,M6,Z,12.7,296
2019,Toyota,4Runner 4WD,Sport utility vehicle: Standard,4.0,6,AS5,X,13.2,308
2019,Toyota,4Runner 4WD (Part-Time 4WD),Sport utility vehicle: Standard,4.0,6,AS5,X,13.2,308
2019,Toyota,86,Minicompact,2.0,4,AS6,Z,8.7,204
2019,Toyota,86,Minicompact,2.0,4,M6,Z,9.9,232
2019,Toyota,Avalon,Mid-size,3.5,6,AS8,X,9.4,220
2019,Toyota,Camry,Mid-size,2.5,4,AS8,X,6.9,164
2019,Toyota,Camry LE/SE,Mid-size,2.5,4,AS8,X,7.4,173
2019,Toyota,Camry XLE/XSE,Mid-size,2.5,4,AS8,X,7.5,175
2019,Toyota,Camry,Mid-size,3.5,6,AS8,X,9.0,210
2019,Toyota,Camry XSE,Mid-size,3.5,6,AS8,X,9.2,215
2019,Toyota,Camry Hybrid LE,Mid-size,2.5,4,AV6,X,4.9,113
2019,Toyota,Camry Hybrid XLE/SE,Mid-size,2.5,4,AV6,X,5.1,121
2019,Toyota,C-HR,Compact,2.0,4,AS7,X,8.2,189
2019,Toyota,Corolla,Mid-size,1.8,4,AV,X,7.5,174
2019,Toyota,Corolla LE Eco,Mid-size,1.8,4,AV,X,6.9,163
2019,Toyota,Corolla,Mid-size,1.8,4,AV7,X,7.6,178
2019,Toyota,Corolla,Mid-size,1.8,4,M6,X,7.6,178
2019,Toyota,Corolla Hatchback,Compact,2.0,4,AV10,X,6.7,157
2019,Toyota,Corolla Hatchback,Compact,2.0,4,M6,X,7.5,174
2019,Toyota,Highlander,Sport utility vehicle: Small,3.5,6,AS8,X,10.3,243
2019,Toyota,Highlander AWD,Sport utility vehicle: Standard,3.5,6,AS8,X,10.6,250
2019,Toyota,Highlander AWD (Start/Stop System),Sport utility vehicle: Standard,3.5,6,AS8,X,10.6,248
2019,Toyota,Highlander AWD LE,Sport utility vehicle: Standard,3.5,6,AS8,X,10.4,242
2019,Toyota,Highlander Hybrid AWD,Sport utility vehicle: Standard,3.5,6,AV6,X,8.3,193
2019,Toyota,Prius,Mid-size,1.8,4,AV,X,4.4,105
2019,Toyota,Prius AWD,Mid-size,1.8,4,AV,X,4.7,109
2019,Toyota,Prius c,Compact,1.5,4,AV,X,5.1,120
2019,Toyota,RAV4,Sport utility vehicle: Small,2.5,4,AS8,X,7.8,183
2019,Toyota,RAV4 AWD,Sport utility vehicle: Small,2.5,4,AS8,X,8.3,190
2019,Toyota,RAV4 Hybrid AWD,Sport utility vehicle: Small,2.5,4,AV6,X,6.0,140
2019,Toyota,Sequoia 4WD,Sport utility vehicle: Standard,5.7,8,AS6,X,16.4,384
2019,Toyota,Sienna,Minivan,3.5,6,AS8,X,10.8,254
2019,Toyota,Sienna AWD,Minivan,3.5,6,AS8,X,11.7,274
2019,Toyota,Tacoma,Pickup truck: Small,2.7,4,AS6,X,11.2,263
2019,Toyota,Tacoma 4WD,Pickup truck: Small,2.7,4,AS6,X,11.7,274
2019,Toyota,Tacoma 4WD,Pickup truck: Small,3.5,6,AS6,X,11.9,278
2019,Toyota,Tacoma 4WD,Pickup truck: Small,3.5,6,M6,X,12.7,299
2019,Toyota,Tacoma 4WD D-Cab Off-Road,Pickup truck: Small,3.5,6,M6,X,12.9,300
2019,Toyota,Tundra,Pickup truck: Standard,5.7,8,AS6,X,15.9,371
2019,Toyota,Tundra 4WD,Pickup truck: Standard,4.6,8,AS6,X,14.9,354
2019,Toyota,Tundra 4WD,Pickup truck: Standard,5.7,8,AS6,X,16.3,382
2019,Toyota,Yaris,Compact,1.5,4,AS6,X,6.6,155
2019,Toyota,Yaris (SIL),Compact,1.5,4,M6,X,6.8,164
2019,Toyota,Yaris Hatchback,Compact,1.5,4,A4,X,7.4,173
2019,Toyota,Yaris Hatchback,Compact,1.5,4,M5,X,7.2,169
2019,Volkswagen,Arteon 4MOTION,Full-size,2.0,4,AS8,Z,10.4,244
2019,Volkswagen,Atlas,Sport utility vehicle: Small,2.0,4,AS8,X,10.5,245
2019,Volkswagen,Atlas 4MOTION,Sport utility vehicle: Standard,3.6,6,AS8,X,12.2,286
2019,Volkswagen,Beetle,Compact,2.0,4,AS6,X,8.2,191
2019,Volkswagen,Beetle Convertible,Subcompact,2.0,4,AS6,X,8.2,191
2019,Volkswagen,Beetle Dune,Compact,2.0,4,AS6,X,8.1,189
2019,Volkswagen,Beetle Dune Convertible,Subcompact,2.0,4,AS6,X,8.1,189
2019,Volkswagen,Golf,Compact,1.4,4,AS8,X,7.4,172
2019,Volkswagen,Golf,Compact,1.4,4,M6,X,7.4,172
2019,Volkswagen,Golf GTI,Compact,2.0,4,AM7,X,8.6,202
2019,Volkswagen,Golf GTI,Compact,2.0,4,M6,X,8.7,203
2019,Volkswagen,Golf R,Compact,2.0,4,AM7,Z,9.2,213
2019,Volkswagen,Golf R,Compact,2.0,4,M6,Z,9.9,232
2019,Volkswagen,Golf Alltrack,Station wagon: Small,1.8,4,AM6,X,9.4,220
2019,Volkswagen,Golf Alltrack,Station wagon: Small,1.8,4,M6,X,9.6,225
2019,Volkswagen,Golf SportWagen,Station wagon: Small,1.4,4,AS8,X,7.6,178
2019,Volkswagen,Golf SportWagen,Station wagon: Small,1.4,4,M6,X,7.4,172
2019,Volkswagen,Golf SportWagen 4MOTION,Station wagon: Small,1.8,4,AM6,X,9.6,224
2019,Volkswagen,Golf SportWagen 4MOTION,Station wagon: Small,1.8,4,M6,X,9.3,218
2019,Volkswagen,Jetta,Compact,1.4,4,AS8,X,7.0,162
2019,Volkswagen,Jetta,Compact,1.4,4,M6,X,7.0,163
2019,Volkswagen,Jetta GLI,Compact,2.0,4,AM7,X,8.4,196
2019,Volkswagen,Jetta GLI,Compact,2.0,4,M6,X,8.5,200
2019,Volkswagen,Passat,Mid-size,2.0,4,AS6,X,8.1,188
2019,Volkswagen,Tiguan,Sport utility vehicle: Small,2.0,4,AS8,X,9.5,221
2019,Volkswagen,Tiguan 4MOTION,Sport utility vehicle: Small,2.0,4,AS8,X,9.8,228
2019,Volvo,S60 T5,Compact,2.0,4,AS8,Z,8.4,197
2019,Volvo,S60 T6 AWD,Compact,2.0,4,AS8,Z,9.4,218
2019,Volvo,S90 T5 AWD,Mid-size,2.0,4,AS8,Z,9.2,215
2019,Volvo,S90 T6 AWD,Mid-size,2.0,4,AS8,Z,9.4,219
2019,Volvo,V60 T5,Station wagon: Small,2.0,4,AS8,Z,8.4,197
2019,Volvo,V60 T6 AWD,Station wagon: Small,2.0,4,AS8,Z,9.4,219
2019,Volvo,V60 CC T5 AWD,Station wagon: Small,2.0,4,AS8,Z,9.3,218
2019,Volvo,V90 T6 AWD,Station wagon: Mid-size,2.0,4,AS8,Z,9.4,219
2019,Volvo,V90 CC T6 AWD,Station wagon: Mid-size,2.0,4,AS8,Z,10.0,233
2019,Volvo,XC40 T5 AWD,Sport utility vehicle: Small,2.0,4,AS8,Z,9.0,211
2019,Volvo,XC60 T5 AWD,Sport utility vehicle: Small,2.0,4,AS8,Z,10.0,233
2019,Volvo,XC60 T6 AWD,Sport utility vehicle: Small,2.0,4,AS8,Z,10.4,242
2019,Volvo,XC90 T5 AWD,Sport utility vehicle: Standard,2.0,4,AS8,Z,10.0,233
2019,Volvo,XC90 T6 AWD,Sport utility vehicle: Standard,2.0,4,AS8,Z,10.7,250
2020,Acura,ILX,Compact,2.4,4,AM8,Z,8.6,199
2020,Acura,MDX SH-AWD,Sport utility vehicle: Small,3.5,6,AS9,Z,10.9,254
2020,Acura,MDX SH-AWD A-SPEC,Sport utility vehicle: Small,3.5,6,AS9,Z,11.0,258
2020,Acura,MDX Hybrid AWD,Sport utility vehicle: Small,3.0,6,AM7,Z,9.0,210
2020,Acura,NSX,Two-seater,3.5,6,AM9,Z,11.0,261
2020,Acura,RDX AWD,Sport utility vehicle: Small,2.0,4,AS10,Z,9.9,232
2020,Acura,RDX AWD A-SPEC,Sport utility vehicle: Small,2.0,4,AS10,Z,10.3,241
2020,Acura,RLX Hybrid,Mid-size,3.5,6,AM7,Z,8.4,196
2020,Acura,TLX A-SPEC,Compact,2.4,4,AM8,Z,8.9,209
2020,Acura,TLX SH-AWD,Compact,3.5,6,AS9,Z,9.8,228
2020,Acura,TLX SH-AWD A-SPEC/Limited Edition,Compact,3.5,6,AS9,Z,10.3,240
2020,Alfa Romeo,4C Spider,Two-seater,1.8,4,AM6,Z,8.4,197
2020,Alfa Romeo,Giulia,Mid-size,2.0,4,A8,Z,8.7,205
2020,Alfa Romeo,Giulia AWD,Mid-size,2.0,4,A8,Z,9.2,217
2020,Alfa Romeo,Giulia Quadrifoglio,Mid-size,2.9,6,A8,Z,11.6,271
2020,Alfa Romeo,Stelvio,Sport utility vehicle: Small,2.0,4,A8,Z,9.3,218
2020,Alfa Romeo,Stelvio AWD,Sport utility vehicle: Small,2.0,4,A8,Z,9.6,226
2020,Alfa Romeo,Stelvio AWD Quadrifoglio,Sport utility vehicle: Small,2.9,6,A8,Z,12.3,288
2020,Aston Martin,DB11 V8,Minicompact,4.0,8,A8,Z,11.5,271
2020,Aston Martin,DB11 AMR,Minicompact,5.2,12,A8,Z,13.3,312
2020,Aston Martin,DBS Superleggera,Minicompact,5.2,12,A8,Z,13.8,324
2020,Aston Martin,Vantage V8,Two-seater,4.0,8,A8,Z,11.5,270
2020,Aston Martin,Vantage V8,Two-seater,4.0,8,M7,Z,14.2,333
2020,Audi,A3,Subcompact,2.0,4,AM7,X,7.8,182
2020,Audi,A3 quattro,Subcompact,2.0,4,AM7,X,9.5,224
2020,Audi,A3 Cabriolet quattro,Subcompact,2.0,4,AM7,X,9.5,224
2020,Audi,A4 quattro,Compact,2.0,4,AM7,Z,8.8,205
2020,Audi,A4 allroad quattro,Station wagon: Small,2.0,4,AM7,Z,8.8,206
2020,Audi,A5 quattro,Subcompact,2.0,4,AM7,Z,8.8,205
2020,Audi,A5 Cabriolet quattro,Subcompact,2.0,4,AM7,Z,8.8,206
2020,Audi,A5 Sportback quattro,Mid-size,2.0,4,AM7,Z,8.8,205
2020,Audi,A6 quattro,Mid-size,2.0,4,AM7,Z,8.7,205
2020,Audi,A6 quattro,Mid-size,3.0,6,AM7,Z,9.7,227
2020,Audi,A6 allroad,Station wagon: Mid-size,3.0,6,AM7,Z,10.6,247
2020,Audi,A7 quattro,Mid-size,3.0,6,AM7,Z,9.7,227
2020,Audi,A8L,Full-size,3.0,6,AS8,Z,11.5,267
2020,Audi,A8L,Full-size,4.0,8,AS8,Z,13.2,308
2020,Audi,Q3 quattro,Sport utility vehicle: Small,2.0,4,AS8,X,10.6,248
2020,Audi,Q5,Sport utility vehicle: Small,2.0,4,AM7,Z,9.7,226
2020,Audi,Q7,Sport utility vehicle: Standard,2.0,4,AS8,Z,11.3,264
2020,Audi,Q7,Sport utility vehicle: Standard,3.0,6,AS8,Z,12.7,296
2020,Audi,Q8,Sport utility vehicle: Standard,3.0,6,AS8,Z,12.7,296
2020,Audi,R8 Coupe,Two-seater,5.2,10,AM7,Z,14.9,347
2020,Audi,R8 Spyder,Two-seater,5.2,10,AM7,Z,14.9,347
2020,Audi,RS 3,Subcompact,2.5,5,AM7,Z,10.4,243
2020,Audi,RS Q8,Sport utility vehicle: Standard,4.0,8,AS8,Z,15.4,360
2020,Audi,S3,Subcompact,2.0,4,AM7,Z,9.5,222
2020,Audi,S4,Compact,3.0,6,AS8,Z,10.5,245
2020,Audi,S5,Subcompact,3.0,6,AS8,Z,10.5,245
2020,Audi,S5 Cabriolet,Subcompact,3.0,6,AS8,Z,10.8,252
2020,Audi,S5 Sportback,Mid-size,3.0,6,AS8,Z,10.5,245
2020,Audi,S6,Mid-size,2.9,6,AS8,Z,10.9,255
2020,Audi,S7,Mid-size,2.9,6,AS8,Z,10.9,255
2020,Audi,S8,Full-size,4.0,8,AS8,Z,14.5,339
2020,Audi,SQ5,Sport utility vehicle: Small,3.0,6,AS8,Z,11.8,276
2020,Audi,SQ7,Sport utility vehicle: Standard,4.0,8,AS8,Z,13.7,321
2020,Audi,SQ8,Sport utility vehicle: Standard,4.0,8,AS8,Z,13.8,322
2020,Audi,TT Coupe quattro,Subcompact,2.0,4,AM7,X,9.1,213
2020,Audi,TT Roadster quattro,Two-seater,2.0,4,AM7,X,9.1,213
2020,Audi,TT RS,Subcompact,2.5,5,AM7,Z,10.3,241
2020,Audi,TTS Coupe,Subcompact,2.0,4,AM7,Z,9.4,220
2020,Bentley,Bentayga,Sport utility vehicle: Standard,4.0,8,AS8,Z,13.6,315
2020,Bentley,Bentayga,Sport utility vehicle: Standard,6.0,12,AS8,Z,17.2,401
2020,Bentley,Continental GT,Compact,4.0,8,AM8,Z,12.4,291
2020,Bentley,Continental GT,Compact,6.0,12,AM8,Z,15.7,364
2020,Bentley,Continental GT Convertible,Subcompact,4.0,8,AM8,Z,12.4,291
2020,Bentley,Continental GT Convertible,Subcompact,6.0,12,AM8,Z,16.0,373
2020,Bentley,Flying Spur,Mid-size,6.0,12,AM8,Z,16.0,373
2020,Bentley,Mulsanne,Mid-size,6.8,8,AS8,Z,20.0,465
2020,BMW,228i xDrive Gran Coupe,Compact,2.0,4,AS8,Z,8.8,205
2020,BMW,230i Cabriolet,Subcompact,2.0,4,AS8,Z,8.7,204
2020,BMW,230i xDrive Cabriolet,Subcompact,2.0,4,AS8,Z,9.4,219
2020,BMW,230i Coupe,Subcompact,2.0,4,AS8,Z,8.5,200
2020,BMW,230i Coupe,Subcompact,2.0,4,M6,Z,9.4,219
2020,BMW,230i xDrive Coupe,Subcompact,2.0,4,AS8,Z,9.4,219
2020,BMW,330i xDrive Sedan,Compact,2.0,4,AS8,Z,8.3,195
2020,BMW,430i xDrive Cabriolet,Subcompact,2.0,4,AS8,Z,9.1,213
2020,BMW,430i Coupe,Compact,2.0,4,AS8,Z,8.7,204
2020,BMW,430i xDrive Coupe,Compact,2.0,4,AS8,Z,9.4,219
2020,BMW,430i xDrive Gran Coupe,Compact,2.0,4,AS8,Z,9.4,219
2020,BMW,440i xDrive Cabriolet,Subcompact,3.0,6,AS8,Z,10.7,249
2020,BMW,440i Coupe,Compact,3.0,6,AS8,Z,9.9,231
2020,BMW,440i Coupe,Compact,3.0,6,M6,Z,11.0,256
2020,BMW,440i xDrive Coupe,Compact,3.0,6,AS8,Z,10.0,233
2020,BMW,440i xDrive Coupe,Compact,3.0,6,M6,Z,11.0,257
2020,BMW,440i xDrive Gran Coupe,Compact,3.0,6,AS8,Z,10.0,233
2020,BMW,530i xDrive Sedan,Mid-size,2.0,4,AS8,Z,8.8,206
2020,BMW,540i xDrive Sedan,Mid-size,3.0,6,AS8,Z,9.5,222
2020,BMW,750i xDrive Sedan,Full-size,4.4,8,AS8,Z,12.4,290
2020,BMW,750Li xDrive Sedan,Full-size,4.4,8,AS8,Z,12.4,290
2020,BMW,Alpina B7 xDrive,Full-size,4.4,8,AS8,Z,12.4,290
2020,BMW,M2 Competition,Subcompact,3.0,6,AM7,Z,12.4,290
2020,BMW,M2 Competition,Subcompact,3.0,6,M6,Z,11.7,273
2020,BMW,M2 CS,Subcompact,3.0,6,AM7,Z,12.4,290
2020,BMW,M2 CS,Subcompact,3.0,6,M6,Z,11.7,273
2020,BMW,M235i xDrive Gran Coupe,Compact,2.0,4,AS8,Z,9.0,208
2020,BMW,M240i Cabriolet,Subcompact,3.0,6,AS8,Z,9.9,231
2020,BMW,M240i Cabriolet,Subcompact,3.0,6,M6,Z,10.9,255
2020,BMW,M240i xDrive Cabriolet,Subcompact,3.0,6,AS8,Z,10.0,233
2020,BMW,M240i Coupe,Subcompact,3.0,6,AS8,Z,9.9,231
2020,BMW,M240i Coupe,Subcompact,3.0,6,M6,Z,10.9,255
2020,BMW,M240i xDrive Coupe,Subcompact,3.0,6,AS8,Z,10.0,233
2020,BMW,M240i Coupe M Performance,Subcompact,3.0,6,AS8,Z,9.9,231
2020,BMW,M240i Coupe M Performance,Subcompact,3.0,6,M6,Z,10.9,255
2020,BMW,M240i xDrive Coupe M Performance,Subcompact,3.0,6,AS8,Z,10.0,233
2020,BMW,M340i xDrive Sedan,Compact,3.0,6,AS8,Z,10.0,233
2020,BMW,M4 Cabriolet,Subcompact,3.0,6,AM7,Z,12.7,299
2020,BMW,M4 Cabriolet,Subcompact,3.0,6,M6,Z,11.9,280
2020,BMW,M4 Cabriolet Competition,Subcompact,3.0,6,AM7,Z,12.7,299
2020,BMW,M4 Cabriolet Competition,Subcompact,3.0,6,M6,Z,11.9,280
2020,BMW,M4 Coupe,Compact,3.0,6,AM7,Z,12.4,290
2020,BMW,M4 Coupe,Compact,3.0,6,M6,Z,11.7,273
2020,BMW,M4 Coupe Competition,Compact,3.0,6,AM7,Z,12.4,290
2020,BMW,M4 Coupe Competition,Compact,3.0,6,M6,Z,11.7,273
2020,BMW,M4 CS,Compact,3.0,6,AM7,Z,12.4,290
2020,BMW,M5 Sedan,Mid-size,4.4,8,AS8,Z,13.8,322
2020,BMW,M5 Competition,Mid-size,4.4,8,AS8,Z,13.8,322
2020,BMW,M550i xDrive Sedan,Mid-size,4.4,8,AS8,Z,11.7,273
2020,BMW,M760i xDrive Sedan,Full-size,6.6,12,AS8,Z,15.1,354
2020,BMW,M8 Cabriolet,Subcompact,4.4,8,AS8,Z,13.8,322
2020,BMW,M8 Cabriolet Competition,Subcompact,4.4,8,AS8,Z,13.8,322
2020,BMW,M8 Coupe,Subcompact,4.4,8,AS8,Z,13.8,322
2020,BMW,M8 Coupe Competition,Subcompact,4.4,8,AS8,Z,13.8,322
2020,BMW,M8 Gran Coupe,Mid-size,4.4,8,AS8,Z,13.8,322
2020,BMW,M8 Gran Coupe Competition,Mid-size,4.4,8,AS8,Z,13.8,322
2020,BMW,M850i xDrive Cabriolet,Subcompact,4.4,8,AS8,Z,12.4,290
2020,BMW,M850i xDrive Coupe,Subcompact,4.4,8,AS8,Z,11.7,273
2020,BMW,M850i xDrive Gran Coupe,Mid-size,4.4,8,AS8,Z,12.4,290
2020,BMW,X1 xDrive28i,Sport utility vehicle: Small,2.0,4,AS8,Z,9.1,213
2020,BMW,X2 xDrive28i,Sport utility vehicle: Small,2.0,4,AS8,Z,8.8,207
2020,BMW,X2 M35i,Sport utility vehicle: Small,2.0,4,AS8,Z,9.0,210
2020,BMW,X3 xDrive30i,Sport utility vehicle: Small,2.0,4,AS8,Z,9.2,215
2020,BMW,X3 M,Sport utility vehicle: Small,3.0,6,AS8,Z,14.6,339
2020,BMW,X3 M Competition,Sport utility vehicle: Small,3.0,6,AS8,Z,14.6,339
2020,BMW,X3 M40i,Sport utility vehicle: Small,3.0,6,AS8,Z,10.1,235
2020,BMW,X4 xDrive30i,Sport utility vehicle: Small,2.0,4,AS8,Z,9.2,215
2020,BMW,X4 M,Sport utility vehicle: Small,3.0,6,AS8,Z,14.6,339
2020,BMW,X4 M Competition,Sport utility vehicle: Small,3.0,6,AS8,Z,14.6,339
2020,BMW,X4 M40i,Sport utility vehicle: Small,3.0,6,AS8,Z,10.1,235
2020,BMW,X5 xDrive40i,Sport utility vehicle: Standard,3.0,6,AS8,Z,10.5,245
2020,BMW,X5 xDrive50i,Sport utility vehicle: Standard,4.4,8,AS8,Z,12.8,302
2020,BMW,X5 M,Sport utility vehicle: Standard,4.4,8,AS8,Z,15.6,362
2020,BMW,X5 M Competition,Sport utility vehicle: Standard,4.4,8,AS8,Z,15.6,362
2020,BMW,X5 M50i,Sport utility vehicle: Standard,4.4,8,AS8,Z,12.8,302
2020,BMW,X6 xDrive40i,Sport utility vehicle: Standard,3.0,6,AS8,Z,10.5,245
2020,BMW,X6 M,Sport utility vehicle: Standard,4.4,8,AS8,Z,15.6,362
2020,BMW,X6 M Competition,Sport utility vehicle: Standard,4.4,8,AS8,Z,15.6,362
2020,BMW,X6 M50i,Sport utility vehicle: Standard,4.4,8,AS8,Z,12.8,302
2020,BMW,X7 xDrive40i,Sport utility vehicle: Standard,3.0,6,AS8,Z,10.8,254
2020,BMW,X7 xDrive50i,Sport utility vehicle: Standard,4.4,8,AS8,Z,13.6,318
2020,BMW,X7 M50i,Sport utility vehicle: Standard,4.4,8,AS8,Z,13.6,318
2020,BMW,Z4 sDrive30i,Two-seater,2.0,4,AS8,Z,8.5,200
2020,BMW,Z4 M40i,Two-seater,3.0,6,AS8,Z,9.3,216
2020,Bugatti,Chiron,Two-seater,8.0,16,AM7,Z,22.2,522
2020,Bugatti,Divo,Two-seater,8.0,16,AM7,Z,23.0,537
2020,Buick,Enclave,Sport utility vehicle: Standard,3.6,6,A9,X,11.2,263
2020,Buick,Enclave AWD,Sport utility vehicle: Standard,3.6,6,A9,X,11.8,277
2020,Buick,Encore,Sport utility vehicle: Small,1.4,4,AS6,X,8.7,204
2020,Buick,Encore AWD,Sport utility vehicle: Small,1.4,4,AS6,X,9.1,214
2020,Buick,Encore GX,Sport utility vehicle: Small,1.2,3,AV,X,8.4,198
2020,Buick,Encore GX AWD,Sport utility vehicle: Small,1.3,3,A9,X,8.5,199
2020,Buick,Envision AWD,Sport utility vehicle: Small,2.0,4,A9,Z,10.7,250
2020,Buick,Envision AWD,Sport utility vehicle: Small,2.5,4,A6,X,10.0,234
2020,Buick,Regal,Mid-size,2.0,4,AS9,Z,9.0,211
2020,Buick,Regal AWD,Mid-size,2.0,4,AS8,Z,9.6,227
2020,Buick,Regal AWD,Mid-size,3.6,6,AS9,X,10.9,255
2020,Cadillac,CT4,Compact,2.0,4,AS8,Z,8.7,203
2020,Cadillac,CT4,Compact,2.7,4,AS10,Z,9.9,232
2020,Cadillac,CT4 AWD,Compact,2.0,4,AS8,Z,9.1,213
2020,Cadillac,CT4 AWD,Compact,2.7,4,AS10,Z,10.2,238
2020,Cadillac,CT4-V,Compact,2.7,4,AS10,Z,10.0,234
2020,Cadillac,CT4-V AWD,Compact,2.7,4,AS10,Z,10.2,238
2020,Cadillac,CT5,Mid-size,2.0,4,AS10,Z,9.0,209
2020,Cadillac,CT5,Mid-size,3.0,6,AS10,Z,11.0,256
2020,Cadillac,CT5 AWD,Mid-size,2.0,4,AS10,Z,9.5,221
2020,Cadillac,CT5 AWD,Mid-size,3.0,6,AS10,Z,11.5,268
2020,Cadillac,CT5-V,Mid-size,3.0,6,AS10,Z,11.3,263
2020,Cadillac,CT5-V AWD,Mid-size,3.0,6,AS10,Z,11.8,276
2020,Cadillac,CT6 AWD,Full-size,3.6,6,AS10,X,11.0,259
2020,Cadillac,CT6 AWD,Full-size,4.2,8,AS10,Z,13.8,324
2020,Cadillac,Escalade 4WD,Sport utility vehicle: Standard,6.2,8,A10,Z,14.2,333
2020,Cadillac,XT4,Sport utility vehicle: Small,2.0,4,AS9,Z,8.9,209
2020,Cadillac,XT4 AWD,Sport utility vehicle: Small,2.0,4,AS9,Z,9.7,227
2020,Cadillac,XT5,Sport utility vehicle: Small,2.0,4,AS9,Z,9.8,227
2020,Cadillac,XT5 AWD,Sport utility vehicle: Small,2.0,4,AS9,Z,10.1,235
2020,Cadillac,XT5 AWD,Sport utility vehicle: Small,3.6,6,AS9,X,11.6,270
2020,Cadillac,XT6 AWD,Sport utility vehicle: Small,3.6,6,AS9,X,11.8,277
2020,Chevrolet,Blazer,Sport utility vehicle: Small,2.0,4,A9,X,9.8,225
2020,Chevrolet,Blazer,Sport utility vehicle: Small,2.5,4,A9,X,10.2,238
2020,Chevrolet,Blazer AWD,Sport utility vehicle: Small,2.0,4,A9,X,10.1,232
2020,Chevrolet,Blazer AWD,Sport utility vehicle: Small,3.6,6,A9,X,11.4,269
2020,Chevrolet,Camaro,Subcompact,2.0,4,AS8,Z,9.4,219
2020,Chevrolet,Camaro,Subcompact,2.0,4,M6,Z,10.1,235
2020,Chevrolet,Camaro,Subcompact,3.6,6,AS10,X,10.5,247
2020,Chevrolet,Camaro,Subcompact,3.6,6,M6,X,11.9,280
2020,Chevrolet,Camaro SS,Subcompact,6.2,8,AS10,Z,12.1,282
2020,Chevrolet,Camaro SS,Subcompact,6.2,8,M6,Z,12.6,296
2020,Chevrolet,Camaro ZL1,Subcompact,6.2,8,AS10,Z,15.1,355
2020,Chevrolet,Camaro ZL1,Subcompact,6.2,8,M6,Z,14.8,349
2020,Chevrolet,Colorado,Pickup truck: Small,2.5,4,A6,X,10.8,252
2020,Chevrolet,Colorado,Pickup truck: Small,2.8,4,A6,D,10.1,270
2020,Chevrolet,Colorado,Pickup truck: Small,3.6,6,A8,X,11.7,273
2020,Chevrolet,Colorado 4WD,Pickup truck: Small,2.5,4,A6,X,11.3,265
2020,Chevrolet,Colorado 4WD,Pickup truck: Small,2.8,4,A6,D,10.6,284
2020,Chevrolet,Colorado 4WD,Pickup truck: Small,3.6,6,A8,X,12.2,286
2020,Chevrolet,Colorado ZR2 4WD,Pickup truck: Small,2.8,4,A6,D,12.1,326
2020,Chevrolet,Colorado ZR2 4WD,Pickup truck: Small,3.6,6,A8,X,14.1,331
2020,Chevrolet,Corvette,Two-seater,6.2,8,AS8,Z,12.4,290
2020,Chevrolet,Equinox,Sport utility vehicle: Small,1.5,4,A6,X,8.4,196
2020,Chevrolet,Equinox AWD,Sport utility vehicle: Small,1.5,4,A6,X,8.7,204
2020,Chevrolet,Equinox AWD,Sport utility vehicle: Small,2.0,4,A9,Z,9.7,228
2020,Chevrolet,Impala,Full-size,3.6,6,AS6,X,10.9,255
2020,Chevrolet,Impala,Full-size,3.6,6,AS6,E,14.7,246
2020,Chevrolet,Malibu,Mid-size,1.5,4,AV,X,7.5,189
2020,Chevrolet,Malibu,Mid-size,2.0,4,A9,Z,9.1,214
2020,Chevrolet,Silverado,Pickup truck: Standard,2.7,4,A8,X,11.1,262
2020,Chevrolet,Silverado WT,Pickup truck: Standard,2.7,4,A8,X,11.7,275
2020,Chevrolet,Silverado,Pickup truck: Standard,3.0,6,A10,D,8.9,238
2020,Chevrolet,Silverado,Pickup truck: Standard,4.3,6,A6,X,13.5,318
2020,Chevrolet,Silverado,Pickup truck: Standard,5.3,8,A6,X,13.9,326
2020,Chevrolet,Silverado FFV,Pickup truck: Standard,5.3,8,A6,X,14.4,339
2020,Chevrolet,Silverado FFV,Pickup truck: Standard,5.3,8,A6,E,19.5,326
2020,Chevrolet,Silverado,Pickup truck: Standard,5.3,8,A8,X,12.2,286
2020,Chevrolet,Silverado 4WD,Pickup truck: Standard,2.7,4,A8,X,11.7,275
2020,Chevrolet,Silverado WT 4WD,Pickup truck: Standard,2.7,4,A8,X,12.0,280
2020,Chevrolet,Silverado 4WD,Pickup truck: Standard,3.0,6,A10,D,9.4,252
2020,Chevrolet,Silverado 4WD,Pickup truck: Standard,4.3,6,A6,X,14.1,331
2020,Chevrolet,Silverado 4WD Custom Trail Boss,Pickup truck: Standard,4.3,6,A6,X,14.8,349
2020,Chevrolet,Silverado 4WD,Pickup truck: Standard,5.3,8,A6,X,14.1,331
2020,Chevrolet,Silverado 4WD FFV,Pickup truck: Standard,5.3,8,A6,X,15.0,350
2020,Chevrolet,Silverado 4WD FFV,Pickup truck: Standard,5.3,8,A6,E,20.5,342
2020,Chevrolet,Silverado 4WD Custom Trail Boss,Pickup truck: Standard,5.3,8,A6,X,15.1,354
2020,Chevrolet,Silverado 4WD,Pickup truck: Standard,5.3,8,A8,X,12.9,303
2020,Chevrolet,Silverado 4WD,Pickup truck: Standard,5.3,8,A10,X,12.6,296
2020,Chevrolet,Silverado 4WD LT Trail Boss,Pickup truck: Standard,5.3,8,A10,X,13.1,307
2020,Chevrolet,Silverado 4WD,Pickup truck: Standard,6.2,8,A10,Z,13.7,321
2020,Chevrolet,Silverado 4WD Custom Trail Boss,Pickup truck: Standard,6.2,8,A10,Z,15.2,357
2020,Chevrolet,Silverado 4WD LT Trail Boss,Pickup truck: Standard,6.2,8,A10,Z,14.2,332
2020,Chevrolet,Spark,Subcompact,1.4,4,AV,X,7.1,167
2020,Chevrolet,Spark,Subcompact,1.4,4,M5,X,7.2,170
2020,Chevrolet,Suburban,Sport utility vehicle: Standard,5.3,8,A6,X,13.4,314
2020,Chevrolet,Suburban FFV,Sport utility vehicle: Standard,5.3,8,A6,X,13.4,314
2020,Chevrolet,Suburban FFV,Sport utility vehicle: Standard,5.3,8,A6,E,17.9,298
2020,Chevrolet,Suburban 4WD,Sport utility vehicle: Standard,5.3,8,A6,X,14.4,337
2020,Chevrolet,Suburban 4WD FFV,Sport utility vehicle: Standard,5.3,8,A6,X,14.4,337
2020,Chevrolet,Suburban 4WD FFV,Sport utility vehicle: Standard,5.3,8,A6,E,19.1,319
2020,Chevrolet,Suburban 4WD,Sport utility vehicle: Standard,6.2,8,A10,Z,14.6,343
2020,Chevrolet,Tahoe,Sport utility vehicle: Standard,5.3,8,A6,X,13.4,314
2020,Chevrolet,Tahoe FFV,Sport utility vehicle: Standard,5.3,8,A6,X,13.4,314
2020,Chevrolet,Tahoe FFV,Sport utility vehicle: Standard,5.3,8,A6,E,17.9,298
2020,Chevrolet,Tahoe 4WD,Sport utility vehicle: Standard,5.3,8,A6,X,13.8,325
2020,Chevrolet,Tahoe 4WD FFV,Sport utility vehicle: Standard,5.3,8,A6,X,13.8,325
2020,Chevrolet,Tahoe 4WD FFV,Sport utility vehicle: Standard,5.3,8,A6,E,18.4,305
2020,Chevrolet,Tahoe 4WD,Sport utility vehicle: Standard,6.2,8,A10,Z,13.9,327
2020,Chevrolet,Traverse,Sport utility vehicle: Standard,3.6,6,A9,X,11.1,261
2020,Chevrolet,Traverse AWD,Sport utility vehicle: Standard,3.6,6,A9,X,11.8,276
2020,Chevrolet,Trax,Sport utility vehicle: Small,1.4,4,AS6,X,8.4,196
2020,Chevrolet,Trax AWD,Sport utility vehicle: Small,1.4,4,AS6,X,9.1,214
2020,Chrysler,300,Full-size,3.6,6,A8,X,10.3,242
2020,Chrysler,300,Full-size,5.7,8,A8,X,12.3,289
2020,Chrysler,300 AWD,Full-size,3.6,6,A8,X,11.0,258
2020,Chrysler,Pacifica (Stop-Start),Minivan,3.6,6,A9,X,10.6,249
2020,Chrysler,Pacifica AWD (Stop-Start),Minivan,3.6,6,A9,X,11.8,276
2020,Chrysler,Voyager (Stop-Start),Minivan,3.6,6,A9,X,10.6,249
2020,Dodge,Challenger,Mid-size,3.6,6,A8,X,10.3,242
2020,Dodge,Challenger (MDS),Mid-size,5.7,8,A8,X,12.3,289
2020,Dodge,Challenger,Mid-size,5.7,8,M6,Z,13.1,307
2020,Dodge,Challenger (MDS),Mid-size,6.4,8,A8,Z,13.0,305
2020,Dodge,Challenger,Mid-size,6.4,8,M6,Z,13.9,325
2020,Dodge,Challenger AWD,Mid-size,3.6,6,A8,X,11.0,258
2020,Dodge,Challenger Widebody (MDS),Mid-size,6.4,8,A8,Z,13.0,305
2020,Dodge,Challenger Widebody (MDS),Mid-size,6.4,8,M6,Z,13.9,325
2020,Dodge,Challenger SRT Hellcat,Mid-size,6.2,8,A8,Z,14.5,339
2020,Dodge,Challenger SRT Hellcat,Mid-size,6.2,8,M6,Z,15.1,352
2020,Dodge,Challenger SRT Hellcat Widebody,Mid-size,6.2,8,A8,Z,15.3,358
2020,Dodge,Challenger SRT Hellcat Widebody,Mid-size,6.2,8,M6,Z,15.1,352
2020,Dodge,Charger,Full-size,3.6,6,A5,X,11.6,271
2020,Dodge,Charger,Full-size,3.6,6,A8,X,10.3,242
2020,Dodge,Charger (MDS),Full-size,5.7,8,A8,X,12.3,289
2020,Dodge,Charger (MDS),Full-size,6.4,8,A8,Z,13.0,305
2020,Dodge,Charger AWD,Full-size,3.6,6,A8,X,11.0,258
2020,Dodge,Charger Widebody (MDS),Full-size,6.4,8,A8,Z,13.0,305
2020,Dodge,Charger SRT Hellcat Widebody,Full-size,6.2,8,A8,Z,15.6,368
2020,Dodge,Durango AWD,Sport utility vehicle: Standard,3.6,6,A8,X,11.3,265
2020,Dodge,Durango AWD,Sport utility vehicle: Standard,5.7,8,A8,X,14.1,331
2020,Dodge,Durango AWD SRT,Sport utility vehicle: Standard,6.4,8,A8,Z,15.6,363
2020,Dodge,Grand Caravan,Minivan,3.6,6,A6,X,11.8,276
2020,Dodge,Journey,Sport utility vehicle: Small,2.4,4,A4,X,11.1,261
2020,FIAT,124 Spider,Two-seater,1.4,4,A6,X,8.0,187
2020,FIAT,124 Spider,Two-seater,1.4,4,M6,X,7.9,185
2020,FIAT,500L,Station wagon: Small,1.4,4,A6,X,9.4,221
2020,FIAT,500X AWD,Sport utility vehicle: Small,1.3,4,A9,X,9.1,213
2020,Ford,EcoSport,Sport utility vehicle: Small,1.0,3,AS6,X,8.4,197
2020,Ford,EcoSport AWD,Sport utility vehicle: Small,2.0,4,AS6,X,9.2,216
2020,Ford,Edge,Sport utility vehicle: Small,2.0,4,A8,X,9.8,229
2020,Ford,Edge AWD,Sport utility vehicle: Small,2.0,4,A8,X,10.0,233
2020,Ford,Edge AWD,Sport utility vehicle: Small,2.0,4,AS8,X,10.0,233
2020,Ford,Edge AWD,Sport utility vehicle: Small,2.7,6,AS8,X,11.0,258
2020,Ford,Escape,Sport utility vehicle: Small,1.5,3,A8,X,7.9,185
2020,Ford,Escape AWD,Sport utility vehicle: Small,1.5,3,A8,X,8.3,196
2020,Ford,Escape AWD,Sport utility vehicle: Small,2.0,4,AS8,X,9.1,213
2020,Ford,Escape Hybrid,Sport utility vehicle: Small,2.5,4,AV,X,5.8,136
2020,Ford,Escape Hybrid AWD,Sport utility vehicle: Small,2.5,4,AV,X,5.9,139
2020,Ford,Expedition 4X4,Sport utility vehicle: Standard,3.5,6,AS10,X,12.5,294
2020,Ford,Expedition MAX 4X4,Sport utility vehicle: Standard,3.5,6,AS10,X,13.1,308
2020,Ford,Explorer AWD,Sport utility vehicle: Standard,2.3,4,AS10,X,10.3,241
2020,Ford,Explorer AWD,Sport utility vehicle: Standard,3.0,6,AS10,X,11.8,278
2020,Ford,Explorer Hybrid AWD,Sport utility vehicle: Standard,3.3,6,AS10,X,9.6,225
2020,Ford,F-150,Pickup truck: Standard,2.7,6,AS10,X,10.6,249
2020,Ford,F-150,Pickup truck: Standard,3.0,6,AS10,D,9.8,264
2020,Ford,F-150 (LT Tire Pkg),Pickup truck: Standard,3.0,6,AS10,D,9.8,264
2020,Ford,F-150 FFV,Pickup truck: Standard,3.3,6,AS6,X,10.8,254
2020,Ford,F-150 FFV,Pickup truck: Standard,3.3,6,AS6,E,14.8,245
2020,Ford,F-150,Pickup truck: Standard,3.5,6,AS10,X,12.7,298
2020,Ford,F-150 FFV,Pickup truck: Standard,5.0,8,AS10,X,12.6,297
2020,Ford,F-150 FFV,Pickup truck: Standard,5.0,8,AS10,E,17.6,293
2020,Ford,F-150 FFV (LT Tire Pkg),Pickup truck: Standard,5.0,8,AS10,X,13.0,305
2020,Ford,F-150 FFV (LT Tire Pkg),Pickup truck: Standard,5.0,8,AS10,E,17.7,294
2020,Ford,F-150 FFV (Payload Pkg),Pickup truck: Standard,5.0,8,AS10,X,13.6,319
2020,Ford,F-150 FFV (Payload Pkg),Pickup truck: Standard,5.0,8,AS10,E,18.0,300
2020,Ford,F-150 4X4,Pickup truck: Standard,2.7,6,AS10,X,11.8,277
2020,Ford,F-150 4X4,Pickup truck: Standard,3.0,6,AS10,D,10.8,290
2020,Ford,F-150 4X4 XL/XLT,Pickup truck: Standard,3.0,6,AS10,D,10.0,270
2020,Ford,F-150 FFV 4X4,Pickup truck: Standard,3.3,6,AS6,X,11.7,274
2020,Ford,F-150 FFV 4X4,Pickup truck: Standard,3.3,6,AS6,E,15.9,265
2020,Ford,F-150 4X4,Pickup truck: Standard,3.5,6,AS10,X,13.0,304
2020,Ford,F-150 4X4 Limited,Pickup truck: Standard,3.5,6,AS10,X,12.6,296
2020,Ford,F-150 FFV 4X4,Pickup truck: Standard,5.0,8,AS10,X,13.5,317
2020,Ford,F-150 FFV 4X4,Pickup truck: Standard,5.0,8,AS10,E,17.8,296
2020,Ford,F-150 Raptor 4X4,Pickup truck: Standard,3.5,6,AS10,X,14.3,336
2020,Ford,Fusion,Mid-size,1.5,4,AS6,X,8.7,203
2020,Ford,Fusion Hybrid,Mid-size,2.0,4,AV,X,5.6,131
2020,Ford,GT,Two-seater,3.5,6,AM7,Z,16.6,393
2020,Ford,Mustang,Subcompact,2.3,4,AS10,X,9.4,221
2020,Ford,Mustang (Performance Pkg),Subcompact,2.3,4,AS10,X,10.3,242
2020,Ford,Mustang,Subcompact,2.3,4,M6,X,9.7,226
2020,Ford,Mustang (Performance Pkg),Subcompact,2.3,4,M6,X,10.4,244
2020,Ford,Mustang,Subcompact,5.0,8,AS10,X,12.3,289
2020,Ford,Mustang,Subcompact,5.0,8,M6,X,13.3,312
2020,Ford,Mustang Bullitt,Subcompact,5.0,8,M6,X,13.6,319
2020,Ford,Mustang Convertible,Subcompact,2.3,4,AS10,X,10.3,242
2020,Ford,Mustang Convertible (Performance Pkg),Subcompact,2.3,4,AS10,X,10.4,244
2020,Ford,Mustang Convertible,Subcompact,2.3,4,M6,X,10.3,240
2020,Ford,Mustang Convertible (Performance Pkg),Subcompact,2.3,4,M6,X,10.7,252
2020,Ford,Mustang Convertible,Subcompact,5.0,8,AS10,X,12.9,303
2020,Ford,Ranger 4WD,Pickup truck: Standard,2.3,4,AS10,X,10.9,256
2020,Ford,Shelby GT350 Mustang,Subcompact,5.2,8,M6,Z,14.5,342
2020,Ford,Shelby GT500 Mustang,Subcompact,5.2,8,AM7,Z,16.7,392
2020,Ford,T-150 Wagon FFV,Van: Passenger,3.5,6,AS10,X,14.5,340
2020,Ford,T-150 Wagon FFV,Van: Passenger,3.5,6,AS10,E,19.1,316
2020,Ford,T-150 Wagon FFV 4WD,Van: Passenger,3.5,6,AS10,X,15.0,352
2020,Ford,T-150 Wagon FFV 4WD,Van: Passenger,3.5,6,AS10,E,19.8,328
2020,Ford,Transit Connect Van FFV,Special purpose vehicle,2.0,4,AS8,X,9.3,219
2020,Ford,Transit Connect Van FFV,Special purpose vehicle,2.0,4,AS8,E,12.6,209
2020,Ford,Transit Connect Van LWB,Special purpose vehicle,2.0,4,AS8,X,9.3,219
2020,Ford,Transit Connect Van LWB,Special purpose vehicle,2.5,4,AS6,X,10.6,247
2020,Ford,Transit Connect Wagon LWB,Special purpose vehicle,2.0,4,AS8,X,9.2,214
2020,Ford,Transit Connect Wagon LWB FFV,Special purpose vehicle,2.0,4,AS8,X,9.2,214
2020,Ford,Transit Connect Wagon LWB FFV,Special purpose vehicle,2.0,4,AS8,E,12.5,208
2020,Ford,Transit Connect Wagon LWB,Special purpose vehicle,2.5,4,AS6,X,10.7,251
2020,Genesis,G70,Compact,2.0,4,M6,Z,10.9,255
2020,Genesis,G70 AWD,Compact,2.0,4,AS8,Z,10.2,238
2020,Genesis,G70 AWD,Compact,3.3,6,AS8,Z,12.0,284
2020,Genesis,G80 AWD,Full-size,3.3,6,AS8,Z,11.9,282
2020,Genesis,G80 AWD,Full-size,3.8,6,AS8,X,11.7,276
2020,Genesis,G80 AWD,Full-size,5.0,8,AS8,Z,13.2,312
2020,Genesis,G90 AWD,Full-size,3.3,6,AS8,Z,11.8,280
2020,Genesis,G90 AWD,Full-size,5.0,8,AS8,Z,13.1,311
2020,GMC,Acadia,Sport utility vehicle: Standard,2.0,4,A9,X,9.8,225
2020,GMC,Acadia,Sport utility vehicle: Standard,2.5,4,A9,X,10.2,238
2020,GMC,Acadia,Sport utility vehicle: Standard,3.6,6,A9,X,10.9,257
2020,GMC,Acadia AWD,Sport utility vehicle: Standard,2.0,4,A9,X,10.1,232
2020,GMC,Acadia AWD,Sport utility vehicle: Standard,3.6,6,A9,X,11.4,269
2020,GMC,Canyon,Pickup truck: Small,2.5,4,A6,X,10.8,252
2020,GMC,Canyon,Pickup truck: Small,2.8,4,A6,D,10.1,270
2020,GMC,Canyon,Pickup truck: Small,3.6,6,A8,X,11.7,273
2020,GMC,Canyon 4WD,Pickup truck: Small,2.5,4,A6,X,11.3,265
2020,GMC,Canyon 4WD,Pickup truck: Small,2.8,4,A6,D,10.6,284
2020,GMC,Canyon 4WD,Pickup truck: Small,3.6,6,A8,X,12.2,286
2020,GMC,Sierra,Pickup truck: Standard,2.7,4,A8,X,11.1,262
2020,GMC,Sierra WT,Pickup truck: Standard,2.7,4,A8,X,11.7,275
2020,GMC,Sierra,Pickup truck: Standard,3.0,6,A10,D,9.1,245
2020,GMC,Sierra,Pickup truck: Standard,4.3,6,A6,X,13.5,318
2020,GMC,Sierra,Pickup truck: Standard,5.3,8,A6,X,13.9,326
2020,GMC,Sierra FFV,Pickup truck: Standard,5.3,8,A6,X,14.4,339
2020,GMC,Sierra FFV,Pickup truck: Standard,5.3,8,A6,E,19.5,326
2020,GMC,Sierra,Pickup truck: Standard,5.3,8,A8,X,12.2,288
2020,GMC,Sierra 4WD,Pickup truck: Standard,2.7,4,A8,X,11.7,275
2020,GMC,Sierra WT 4WD,Pickup truck: Standard,2.7,4,A8,X,12.0,280
2020,GMC,Sierra 4WD,Pickup truck: Standard,3.0,6,A10,D,9.9,265
2020,GMC,Sierra 4WD AT4,Pickup truck: Standard,3.0,6,A10,D,9.9,265
2020,GMC,Sierra 4WD,Pickup truck: Standard,4.3,6,A6,X,14.1,331
2020,GMC,Sierra 4WD,Pickup truck: Standard,5.3,8,A6,X,14.1,331
2020,GMC,Sierra 4WD FFV,Pickup truck: Standard,5.3,8,A6,X,14.7,344
2020,GMC,Sierra 4WD FFV,Pickup truck: Standard,5.3,8,A6,E,19.5,325
2020,GMC,Sierra 4WD AT4,Pickup truck: Standard,5.3,8,A6,X,15.1,354
2020,GMC,Sierra 4WD,Pickup truck: Standard,5.3,8,A8,X,13.0,304
2020,GMC,Sierra 4WD AT4,Pickup truck: Standard,5.3,8,A8,X,13.4,314
2020,GMC,Sierra 4WD,Pickup truck: Standard,5.3,8,A10,X,12.7,298
2020,GMC,Sierra 4WD AT4,Pickup truck: Standard,5.3,8,A10,X,13.1,307
2020,GMC,Sierra 4WD,Pickup truck: Standard,6.2,8,A10,Z,13.9,326
2020,GMC,Sierra 4WD AT4,Pickup truck: Standard,6.2,8,A10,Z,14.2,332
2020,GMC,Terrain,Sport utility vehicle: Small,1.5,4,A9,X,8.6,202
2020,GMC,Terrain AWD,Sport utility vehicle: Small,1.5,4,A9,X,9.0,210
2020,GMC,Terrain AWD,Sport utility vehicle: Small,2.0,4,A9,Z,10.2,239
2020,GMC,Yukon,Sport utility vehicle: Standard,5.3,8,A6,X,13.4,314
2020,GMC,Yukon FFV,Sport utility vehicle: Standard,5.3,8,A6,X,13.4,314
2020,GMC,Yukon FFV,Sport utility vehicle: Standard,5.3,8,A6,E,17.9,298
2020,GMC,Yukon 4WD,Sport utility vehicle: Standard,5.3,8,A6,X,13.8,325
2020,GMC,Yukon 4WD FFV,Sport utility vehicle: Standard,5.3,8,A6,X,13.8,325
2020,GMC,Yukon 4WD FFV,Sport utility vehicle: Standard,5.3,8,A6,E,18.4,305
2020,GMC,Yukon 4WD,Sport utility vehicle: Standard,6.2,8,A10,Z,13.9,327
2020,GMC,Yukon XL,Sport utility vehicle: Standard,5.3,8,A6,X,13.4,314
2020,GMC,Yukon XL FFV,Sport utility vehicle: Standard,5.3,8,A6,X,13.4,314
2020,GMC,Yukon XL FFV,Sport utility vehicle: Standard,5.3,8,A6,E,17.9,298
2020,GMC,Yukon XL 4WD,Sport utility vehicle: Standard,5.3,8,A6,X,14.4,337
2020,GMC,Yukon XL 4WD FFV,Sport utility vehicle: Standard,5.3,8,A6,X,14.4,337
2020,GMC,Yukon XL 4WD FFV,Sport utility vehicle: Standard,5.3,8,A6,E,19.1,319
2020,GMC,Yukon XL 4WD,Sport utility vehicle: Standard,6.2,8,A10,Z,14.6,343
2020,Honda,Accord,Full-size,1.5,4,AV,X,7.2,170
2020,Honda,Accord,Full-size,1.5,4,AV7,X,7.6,177
2020,Honda,Accord,Full-size,1.5,4,M6,X,7.9,185
2020,Honda,Accord,Full-size,2.0,4,M6,X,9.2,214
2020,Honda,Accord Sport/Touring,Mid-size,2.0,4,AS10,X,9.1,211
2020,Honda,Accord Hybrid,Full-size,2.0,4,AV,X,5.0,117
2020,Honda,Civic Coupe,Compact,1.5,4,AV7,X,7.2,167
2020,Honda,Civic Coupe,Compact,2.0,4,AV,X,7.1,164
2020,Honda,Civic Coupe,Compact,2.0,4,AV7,X,7.5,176
2020,Honda,Civic Coupe,Compact,2.0,4,M6,X,8.1,189
2020,Honda,Civic Coupe Si,Compact,1.5,4,M6,Z,7.8,183
2020,Honda,Civic Hatchback,Full-size,1.5,4,AV,X,6.9,162
2020,Honda,Civic Hatchback,Full-size,1.5,4,M6,X,7.2,167
2020,Honda,Civic Hatchback Sport,Full-size,1.5,4,AV7,Z,7.4,172
2020,Honda,Civic Hatchback Sport,Full-size,1.5,4,M6,Z,7.2,167
2020,Honda,Civic Sedan,Mid-size,1.5,4,AV7,X,7.1,165
2020,Honda,Civic Sedan,Mid-size,2.0,4,AV,X,7.1,167
2020,Honda,Civic Sedan,Mid-size,2.0,4,AV7,X,7.4,172
2020,Honda,Civic Sedan,Mid-size,2.0,4,M6,X,8.0,186
2020,Honda,Civic Sedan Si,Mid-size,1.5,4,M6,Z,7.8,183
2020,Honda,Civic Type R,Full-size,2.0,4,M6,Z,9.6,223
2020,Honda,CR-V,Sport utility vehicle: Small,1.5,4,AV,X,7.7,180
2020,Honda,CR-V AWD,Sport utility vehicle: Small,1.5,4,AV,X,8.1,189
2020,Honda,Fit,Station wagon: Small,1.5,4,AV,X,6.5,151
2020,Honda,Fit,Station wagon: Small,1.5,4,AV7,X,7.0,166
2020,Honda,Fit,Station wagon: Small,1.5,4,M6,X,7.4,174
2020,Honda,HR-V,Station wagon: Small,1.8,4,AV,X,7.8,181
2020,Honda,HR-V AWD,Station wagon: Small,1.8,4,AV,X,8.2,193
2020,Honda,HR-V AWD,Station wagon: Small,1.8,4,AV7,X,8.5,200
2020,Honda,Insight EX/Touring,Mid-size,1.5,4,AV,X,4.9,115
2020,Honda,Odyssey,Minivan,3.5,6,AS10,X,10.6,248
2020,Honda,Passport AWD,Sport utility vehicle: Small,3.5,6,AS9,X,11.3,265
2020,Honda,Pilot AWD,Sport utility vehicle: Small,3.5,6,A6,X,11.3,266
2020,Honda,Pilot AWD,Sport utility vehicle: Small,3.5,6,AS9,X,11.0,257
2020,Honda,Ridgeline AWD,Pickup truck: Standard,3.5,6,AS9,X,11.4,269
2020,Hyundai,Accent,Compact,1.6,4,AV,X,6.7,160
2020,Hyundai,Accent,Compact,1.6,4,M6,X,7.0,168
2020,Hyundai,Elantra,Mid-size,1.6,4,AM7,X,8.1,192
2020,Hyundai,Elantra,Mid-size,1.6,4,M6,X,9.0,214
2020,Hyundai,Elantra,Mid-size,2.0,4,AV,X,6.8,161
2020,Hyundai,Elantra,Mid-size,2.0,4,M6,X,7.9,187
2020,Hyundai,Elantra GT,Full-size,1.6,4,AM7,X,8.6,205
2020,Hyundai,Elantra GT,Full-size,1.6,4,M6,X,9.2,218
2020,Hyundai,Elantra GT,Full-size,2.0,4,AS6,X,8.4,199
2020,Hyundai,Elantra GT,Full-size,2.0,4,M6,X,8.7,207
2020,Hyundai,IONIQ,Full-size,1.6,4,AM6,X,4.2,99
2020,Hyundai,IONIQ Blue,Full-size,1.6,4,AM6,X,4.1,96
2020,Hyundai,Kona,Sport utility vehicle: Small,2.0,4,AS6,X,7.9,187
2020,Hyundai,Kona AWD,Sport utility vehicle: Small,1.6,4,AM7,X,8.6,201
2020,Hyundai,Kona AWD,Sport utility vehicle: Small,2.0,4,AS6,X,8.6,202
2020,Hyundai,Palisade,Sport utility vehicle: Standard,3.8,6,AS8,X,10.5,250
2020,Hyundai,Palisade AWD,Sport utility vehicle: Standard,3.8,6,AS8,X,11.1,265
2020,Hyundai,Santa Fe,Sport utility vehicle: Small,2.4,4,AS8,X,9.6,225
2020,Hyundai,Santa Fe AWD,Sport utility vehicle: Small,2.0,4,AS8,X,10.7,255
2020,Hyundai,Santa Fe AWD,Sport utility vehicle: Small,2.4,4,AS8,X,10.1,238
2020,Hyundai,Sonata,Full-size,1.6,4,AS8,X,7.7,181
2020,Hyundai,Sonata,Full-size,2.5,4,AS8,X,7.7,182
2020,Hyundai,Sonata Hybrid,Full-size,2.0,4,AM6,X,5.0,117
2020,Hyundai,Tucson,Sport utility vehicle: Small,2.0,4,AS6,X,9.1,216
2020,Hyundai,Tucson AWD,Sport utility vehicle: Small,2.0,4,AS6,X,10.1,239
2020,Hyundai,Tucson AWD,Sport utility vehicle: Small,2.4,4,AS6,X,10.1,241
2020,Hyundai,Veloster Turbo,Compact,1.6,4,AM7,X,7.8,184
2020,Hyundai,Veloster Turbo,Compact,1.6,4,M6,X,8.3,196
2020,Hyundai,Veloster,Compact,2.0,4,AS6,X,8.2,193
2020,Hyundai,Veloster N,Compact,2.0,4,M6,Z,9.5,226
2020,Hyundai,Venue,Mid-size,1.6,4,AV,X,7.5,178
2020,Hyundai,Venue,Mid-size,1.6,4,M6,X,7.8,184
2020,Infiniti,Q50 AWD,Mid-size,3.0,6,AS7,Z,10.8,254
2020,Infiniti,Q50 AWD Red Sport,Mid-size,3.0,6,AS7,Z,11.1,261
2020,Infiniti,Q60 AWD,Subcompact,3.0,6,AS7,Z,10.7,251
2020,Infiniti,Q60 AWD Red Sport,Subcompact,3.0,6,AS7,Z,11.0,259
2020,Infiniti,QX50 AWD,Sport utility vehicle: Small,2.0,4,AV8,Z,9.7,228
2020,Infiniti,QX60 AWD,Sport utility vehicle: Small,3.5,6,AV7,Z,10.9,257
2020,Infiniti,QX80 4WD,Sport utility vehicle: Standard,5.6,8,AS7,Z,15.3,360
2020,Jaguar,E-PACE P250,Sport utility vehicle: Small,2.0,4,AS9,Z,9.8,231
2020,Jaguar,E-PACE P300,Sport utility vehicle: Small,2.0,4,AS9,Z,10.1,236
2020,Jaguar,F-PACE 25t,Sport utility vehicle: Small,2.0,4,AS8,Z,9.9,227
2020,Jaguar,F-PACE 30t,Sport utility vehicle: Small,2.0,4,AS8,Z,9.9,232
2020,Jaguar,F-PACE S,Sport utility vehicle: Small,3.0,6,AS8,Z,11.8,277
2020,Jaguar,F-PACE SVR,Sport utility vehicle: Small,5.0,8,AS8,Z,12.9,303
2020,Jaguar,F-TYPE P300 Convertible,Two-seater,2.0,4,AS8,Z,9.2,215
2020,Jaguar,F-TYPE Convertible,Two-seater,3.0,6,AS8,Z,10.4,242
2020,Jaguar,F-TYPE Convertible R-Dynamic,Two-seater,3.0,6,AS8,Z,10.8,253
2020,Jaguar,F-TYPE Convertible R-Dynamic AWD,Two-seater,3.0,6,AS8,Z,11.3,265
2020,Jaguar,F-TYPE R AWD Convertible,Two-seater,5.0,8,AS8,Z,12.7,299
2020,Jaguar,F-TYPE SVR AWD Convertible,Two-seater,5.0,8,AS8,Z,12.7,299
2020,Jaguar,F-TYPE P300 Coupe,Two-seater,2.0,4,AS8,Z,9.2,215
2020,Jaguar,F-TYPE Coupe,Two-seater,3.0,6,AS8,Z,10.4,242
2020,Jaguar,F-TYPE Coupe R-Dynamic,Two-seater,3.0,6,AS8,Z,10.8,253
2020,Jaguar,F-TYPE Coupe R-Dynamic AWD,Two-seater,3.0,6,AS8,Z,11.3,265
2020,Jaguar,F-TYPE R AWD Coupe,Two-seater,5.0,8,AS8,Z,12.7,299
2020,Jaguar,F-TYPE SVR AWD Coupe,Two-seater,5.0,8,AS8,Z,12.7,299
2020,Jaguar,XE P250,Compact,2.0,4,AS8,Z,8.3,194
2020,Jaguar,XE P250 AWD,Compact,2.0,4,AS8,Z,8.5,200
2020,Jaguar,XE P300 AWD,Compact,2.0,4,AS8,Z,9.4,220
2020,Jaguar,XF 25t,Mid-size,2.0,4,AS8,Z,8.3,194
2020,Jaguar,XF 25t AWD,Mid-size,2.0,4,AS8,Z,8.8,207
2020,Jaguar,XF 30t,Mid-size,2.0,4,AS8,Z,8.9,208
2020,Jaguar,XF 30t AWD,Mid-size,2.0,4,AS8,Z,9.2,217
2020,Jaguar,XF S AWD,Mid-size,3.0,6,AS8,Z,10.4,243
2020,Jeep,Cherokee,Sport utility vehicle: Small,2.0,4,A9,X,9.1,214
2020,Jeep,Cherokee,Sport utility vehicle: Small,2.4,4,A9,X,9.3,219
2020,Jeep,Cherokee,Sport utility vehicle: Small,3.2,6,A9,X,10.2,240
2020,Jeep,Cherokee 4X4 Active Drive I,Sport utility vehicle: Small,2.0,4,A9,X,9.8,229
2020,Jeep,Cherokee 4X4 Active Drive I,Sport utility vehicle: Small,2.4,4,A9,X,9.8,230
2020,Jeep,Cherokee 4X4 Active Drive I,Sport utility vehicle: Small,3.2,6,A9,X,10.6,249
2020,Jeep,Cherokee 4X4 Active Drive II,Sport utility vehicle: Small,2.0,4,A9,X,10.2,240
2020,Jeep,Cherokee 4X4 Active Drive II,Sport utility vehicle: Small,3.2,6,A9,X,11.1,259
2020,Jeep,Cherokee 4X4 Active Drive Lock,Sport utility vehicle: Small,2.0,4,A9,X,10.6,249
2020,Jeep,Cherokee 4X4 Active Drive Lock,Sport utility vehicle: Small,3.2,6,A9,X,11.6,269
2020,Jeep,Compass,Sport utility vehicle: Small,2.4,4,A6,X,9.3,218
2020,Jeep,Compass,Sport utility vehicle: Small,2.4,4,M6,X,9.0,211
2020,Jeep,Compass 4X4,Sport utility vehicle: Small,2.4,4,A9,X,9.5,222
2020,Jeep,Compass 4X4,Sport utility vehicle: Small,2.4,4,M6,X,9.4,221
2020,Jeep,Gladiator 4X4,Pickup truck: Standard,3.6,6,A8,X,12.3,290
2020,Jeep,Gladiator 4X4,Pickup truck: Standard,3.6,6,M6,X,12.6,296
2020,Jeep,Grand Cherokee 4X4,Sport utility vehicle: Standard,3.6,6,A8,X,11.3,265
2020,Jeep,Grand Cherokee 4X4,Sport utility vehicle: Standard,5.7,8,A8,X,14.1,331
2020,Jeep,Grand Cherokee 4X4 SRT,Sport utility vehicle: Standard,6.4,8,A8,Z,15.7,368
2020,Jeep,Grand Cherokee 4X4 Trackhawk,Sport utility vehicle: Standard,6.2,8,A8,Z,17.7,413
2020,Jeep,Renegade,Sport utility vehicle: Small,1.3,4,A9,X,8.7,204
2020,Jeep,Renegade,Sport utility vehicle: Small,2.4,4,A9,X,9.5,222
2020,Jeep,Renegade 4X4,Sport utility vehicle: Small,1.3,4,A9,X,9.2,216
2020,Jeep,Renegade 4X4 Trailhawk,Sport utility vehicle: Small,1.3,4,A9,X,9.9,230
2020,Jeep,Renegade 4X4,Sport utility vehicle: Small,2.4,4,A9,X,9.8,230
2020,Jeep,Wrangler 4X4,Sport utility vehicle: Small,2.0,4,A8,X,10.3,241
2020,Jeep,Wrangler 4X4,Sport utility vehicle: Small,3.6,6,A8,X,11.8,274
2020,Jeep,Wrangler 4X4 eTorque,Sport utility vehicle: Small,3.6,6,A8,X,11.0,259
2020,Jeep,Wrangler 4X4,Sport utility vehicle: Small,3.6,6,M6,X,11.8,277
2020,Jeep,Wrangler Unlimited 4X4,Sport utility vehicle: Small,2.0,4,A8,X,11.2,263
2020,Jeep,Wrangler Unlimited 4X4 eTorque,Sport utility vehicle: Small,2.0,4,A8,X,10.9,257
2020,Jeep,Wrangler Unlimited 4X4 EcoDiesel,Sport utility vehicle: Small,3.0,6,A8,D,9.5,255
2020,Jeep,Wrangler Unlimited 4X4,Sport utility vehicle: Small,3.6,6,A8,X,11.9,280
2020,Jeep,Wrangler Unlimited 4X4 eTorque,Sport utility vehicle: Small,3.6,6,A8,X,11.8,276
2020,Jeep,Wrangler Unlimited 4X4,Sport utility vehicle: Small,3.6,6,M6,X,12.2,285
2020,Kia,Forte,Mid-size,1.6,4,AM7,X,7.8,184
2020,Kia,Forte,Mid-size,2.0,4,AV,X,7.0,165
2020,Kia,Forte,Mid-size,2.0,4,M6,X,7.6,180
2020,Kia,Forte 5,Full-size,1.6,4,AM7,X,8.0,190
2020,Kia,Forte 5,Full-size,2.0,4,AV,X,7.1,169
2020,Kia,Niro,Station wagon: Small,1.6,4,AM6,X,4.8,114
2020,Kia,Niro FE,Station wagon: Small,1.6,4,AM6,X,4.7,110
2020,Kia,Niro Touring,Station wagon: Small,1.6,4,AM6,X,5.4,129
2020,Kia,Optima,Full-size,2.4,4,AS6,X,8.4,199
2020,Kia,Optima Hybrid,Mid-size,2.0,4,AM6,X,5.6,132
2020,Kia,Rio,Compact,1.6,4,AV,X,6.6,151
2020,Kia,Rio,Compact,1.6,4,M6,X,7.0,166
2020,Kia,Sedona,Minivan,3.3,6,AS8,X,11.5,271
2020,Kia,Sorento AWD,Sport utility vehicle: Small,2.4,4,AS6,X,10.2,242
2020,Kia,Sorento AWD,Sport utility vehicle: Small,3.3,6,AS8,X,11.1,261
2020,Kia,Soul,Station wagon: Small,2.0,4,AV,X,7.9,188
2020,Kia,Soul,Station wagon: Small,2.0,4,M6,X,8.7,206
2020,Kia,Sportage,Sport utility vehicle: Small,2.4,4,AS6,X,9.0,214
2020,Kia,Sportage AWD,Sport utility vehicle: Small,2.0,4,AS6,X,11.0,261
2020,Kia,Sportage AWD,Sport utility vehicle: Small,2.4,4,AS6,X,10.0,239
2020,Kia,Stinger AWD,Mid-size,3.3,6,AS8,Z,11.8,279
2020,Kia,Telluride AWD,Sport utility vehicle: Small,3.8,6,AS8,X,11.2,264
2020,Lamborghini,Aventador Coupe,Two-seater,6.5,12,AM7,Z,21.4,485
2020,Lamborghini,Aventador Roadster,Two-seater,6.5,12,AM7,Z,21.7,493
2020,Lamborghini,Aventador Sian Coupe,Two-seater,6.5,12,AM7,Z,22.9,535
2020,Lamborghini,Aventador Sian Roadster,Two-seater,6.5,12,AM7,Z,22.9,535
2020,Lamborghini,Huracan Coupe,Two-seater,5.2,10,AM7,Z,15.7,370
2020,Lamborghini,Huracan Coupe AWD,Two-seater,5.2,10,AM7,Z,15.7,370
2020,Lamborghini,Huracan Spyder,Two-seater,5.2,10,AM7,Z,15.7,370
2020,Lamborghini,Huracan Spyder AWD,Two-seater,5.2,10,AM7,Z,15.7,370
2020,Lamborghini,Urus,Sport utility vehicle: Standard,4.0,8,AS8,Z,16.9,384
2020,Land Rover,Defender 90 P300,Sport utility vehicle: Standard,2.0,4,AS8,Z,12.3,289
2020,Land Rover,Defender 90 P400,Sport utility vehicle: Standard,3.0,6,AS8,Z,12.3,287
2020,Land Rover,Defender 110 P300,Sport utility vehicle: Standard,2.0,4,AS8,Z,13.0,306
2020,Land Rover,Defender 110 P400,Sport utility vehicle: Standard,3.0,6,AS8,Z,12.3,287
2020,Land Rover,Discovery,Sport utility vehicle: Standard,3.0,6,AS8,Z,13.3,311
2020,Land Rover,Discovery Td6 Diesel,Sport utility vehicle: Standard,3.0,6,AS8,D,10.4,279
2020,Land Rover,Discovery Sport P250,Sport utility vehicle: Small,2.0,4,AS9,Z,11.3,266
2020,Land Rover,Discovery Sport P290,Sport utility vehicle: Small,2.0,4,AS9,Z,11.1,262
2020,Land Rover,Range Rover 3.0,Sport utility vehicle: Standard,3.0,6,AS8,Z,11.0,258
2020,Land Rover,Range Rover Td6 Diesel,Sport utility vehicle: Standard,3.0,6,AS8,D,9.6,256
2020,Land Rover,Range Rover 5.0 Supercharged,Sport utility vehicle: Standard,5.0,8,AS8,Z,12.9,305
2020,Land Rover,Range Rover 5.0 Supercharged LWB,Sport utility vehicle: Standard,5.0,8,AS8,Z,13.0,305
2020,Land Rover,Range Rover SVAutobiography Dynamic,Sport utility vehicle: Standard,5.0,8,AS8,Z,15.1,354
2020,Land Rover,Range Rover SVAutobiography LWB,Sport utility vehicle: Standard,5.0,8,AS8,Z,15.5,365
2020,Land Rover,Range Rover Sport 3.0,Sport utility vehicle: Standard,3.0,6,AS8,Z,11.3,264
2020,Land Rover,Range Rover Sport Td6 Diesel,Sport utility vehicle: Standard,3.0,6,AS8,D,9.6,256
2020,Land Rover,Range Rover Sport Supercharged,Sport utility vehicle: Standard,5.0,8,AS8,Z,12.6,294
2020,Land Rover,Range Rover Sport SVR,Sport utility vehicle: Standard,5.0,8,AS8,Z,14.3,336
2020,Land Rover,Range Rover Evoque P250,Sport utility vehicle: Small,2.0,4,AS9,Z,10.4,245
2020,Land Rover,Range Rover Evoque P300,Sport utility vehicle: Small,2.0,4,AS9,Z,10.3,242
2020,Land Rover,Range Rover Velar P250,Sport utility vehicle: Small,2.0,4,AS8,Z,10.2,238
2020,Land Rover,Range Rover Velar P300,Sport utility vehicle: Small,2.0,4,AS8,Z,10.6,248
2020,Land Rover,Range Rover Velar P340,Sport utility vehicle: Small,3.0,6,AS8,Z,11.6,273
2020,Land Rover,Range Rover Velar P380,Sport utility vehicle: Small,3.0,6,AS8,Z,11.6,273
2020,Land Rover,Range Rover Velar SVAutobiography Dynamic,Sport utility vehicle: Small,5.0,8,AS8,Z,13.5,318
2020,Lexus,ES 300h,Mid-size,2.5,4,AS6,X,5.3,124
2020,Lexus,ES 350,Mid-size,3.5,6,AS8,X,9.1,213
2020,Lexus,ES 350 F SPORT,Mid-size,3.5,6,AS8,X,9.4,219
2020,Lexus,GS 350 AWD,Mid-size,3.5,6,AS6,Z,10.9,254
2020,Lexus,GS F,Compact,5.0,8,AS8,Z,12.5,293
2020,Lexus,GX 460,Sport utility vehicle: Standard,4.6,8,AS6,Z,14.5,337
2020,Lexus,IS 300,Compact,2.0,4,AS8,Z,9.5,220
2020,Lexus,IS 300 AWD,Compact,3.5,6,AS6,Z,10.9,254
2020,Lexus,IS 350 AWD,Compact,3.5,6,AS6,Z,10.9,254
2020,Lexus,LC 500,Subcompact,5.0,8,AS10,Z,12.6,294
2020,Lexus,LC 500h,Subcompact,3.5,6,AV10,Z,8.1,189
2020,Lexus,LS 500 AWD,Mid-size,3.4,6,AS10,Z,11.1,262
2020,Lexus,LS 500h AWD,Mid-size,3.5,6,AV10,Z,9.1,214
2020,Lexus,LX 570,Sport utility vehicle: Standard,5.7,8,AS8,Z,16.9,395
2020,Lexus,NX 300 AWD,Sport utility vehicle: Small,2.0,4,AS6,Z,9.7,226
2020,Lexus,NX 300 AWD F SPORT,Sport utility vehicle: Small,2.0,4,AS6,Z,9.9,232
2020,Lexus,NX 300h AWD,Sport utility vehicle: Small,2.5,4,AV6,X,7.5,176
2020,Lexus,RC 300 AWD,Subcompact,3.5,6,AS6,Z,11.2,262
2020,Lexus,RC 350 AWD,Subcompact,3.5,6,AS6,Z,11.2,262
2020,Lexus,RC F,Subcompact,5.0,8,AS8,Z,12.2,285
2020,Lexus,RX 350 AWD,Sport utility vehicle: Small,3.5,6,AS8,X,10.8,252
2020,Lexus,RX 350 L AWD,Sport utility vehicle: Small,3.5,6,AS8,X,11.1,268
2020,Lexus,RX 450h AWD,Sport utility vehicle: Standard,3.5,6,AV6,Z,7.9,185
2020,Lexus,RX 450h L AWD,Sport utility vehicle: Standard,3.5,6,AV6,Z,8.1,190
2020,Lexus,UX 200,Mid-size,2.0,4,AS10,X,7.2,168
2020,Lexus,UX 250h AWD,Compact,2.0,4,AV6,X,6.0,140
2020,Lincoln,Aviator,Sport utility vehicle: Standard,3.0,6,AS10,X,11.9,280
2020,Lincoln,Continental AWD,Full-size,2.7,6,AS6,X,12.0,281
2020,Lincoln,Continental AWD,Full-size,3.0,6,AS6,X,12.3,289
2020,Lincoln,Continental AWD,Full-size,3.7,6,AS6,X,12.2,287
2020,Lincoln,Corsair AWD,Sport utility vehicle: Small,2.0,4,AS8,X,9.8,229
2020,Lincoln,Corsair AWD,Sport utility vehicle: Small,2.3,4,AS8,X,9.8,230
2020,Lincoln,MKZ AWD,Mid-size,2.0,4,AS6,X,10.4,245
2020,Lincoln,MKZ Hybrid,Mid-size,2.0,4,AV,X,5.6,131
2020,Lincoln,Nautilus AWD,Sport utility vehicle: Small,2.0,4,AS8,X,10.7,250
2020,Lincoln,Nautilus AWD,Sport utility vehicle: Small,2.7,6,AS8,X,11.0,258
2020,Lincoln,Navigator 4X4,Sport utility vehicle: Standard,3.5,6,AS10,X,13.4,315
2020,Maserati,Ghibli,Mid-size,3.0,6,AS8,Z,12.2,286
2020,Maserati,Ghibli S,Mid-size,3.0,6,AS8,Z,12.2,286
2020,Maserati,Ghibli S Q4,Mid-size,3.0,6,AS8,Z,12.6,295
2020,Maserati,Levante,Sport utility vehicle: Standard,3.0,6,AS8,Z,13.7,324
2020,Maserati,Levante S,Sport utility vehicle: Standard,3.0,6,AS8,Z,13.7,324
2020,Maserati,Levante GTS,Sport utility vehicle: Standard,3.8,8,AS8,Z,15.3,360
2020,Maserati,Levante Trofeo,Sport utility vehicle: Standard,3.8,8,AS8,Z,15.3,360
2020,Maserati,Quattroporte S,Full-size,3.0,6,AS8,Z,12.2,286
2020,Maserati,Quattroporte S Q4,Full-size,3.0,6,AS8,Z,12.8,301
2020,Maserati,Quattroporte GTS,Full-size,3.8,8,AS8,Z,13.7,321
2020,Mazda,CX-3,Compact,2.0,4,AS6,X,7.7,179
2020,Mazda,CX-3 (SIL),Compact,2.0,4,M6,X,8.0,186
2020,Mazda,CX-3 4WD,Compact,2.0,4,AS6,X,8.1,189
2020,Mazda,CX-30,Sport utility vehicle: Small,2.0,4,AS6,X,8.1,189
2020,Mazda,CX-30,Sport utility vehicle: Small,2.5,4,AS6,X,8.3,194
2020,Mazda,CX-30 4WD,Sport utility vehicle: Small,2.0,4,AS6,X,8.6,202
2020,Mazda,CX-30 4WD,Sport utility vehicle: Small,2.5,4,AS6,X,8.9,208
2020,Mazda,CX-30 4WD (Cylinder Deactivation),Sport utility vehicle: Small,2.5,4,AS6,X,8.6,200
2020,Mazda,CX-5,Sport utility vehicle: Small,2.5,4,AS6,X,8.8,206
2020,Mazda,CX-5 (Cylinder Deactivation),Sport utility vehicle: Small,2.5,4,AS6,X,8.5,201
2020,Mazda,CX-5 4WD,Sport utility vehicle: Small,2.5,4,AS6,X,9.3,217
2020,Mazda,CX-5 4WD (Cylinder Deactivation),Sport utility vehicle: Small,2.5,4,AS6,X,9.0,209
2020,Mazda,CX-5 Turbo 4WD,Sport utility vehicle: Small,2.5,4,AS6,X,9.8,230
2020,Mazda,CX-9 4WD,Sport utility vehicle: Small,2.5,4,AS6,X,10.5,244
2020,Mazda,Mazda3 4-Door,Compact,2.0,4,AS6,X,7.6,178
2020,Mazda,Mazda3 4-Door (SIL),Compact,2.0,4,M6,X,7.7,180
2020,Mazda,Mazda3 4-Door,Compact,2.5,4,AS6,X,7.7,181
2020,Mazda,Mazda3 4-Door (Cylinder Deactivation),Compact,2.5,4,AS6,X,7.8,183
2020,Mazda,Mazda3 4-Door 4WD,Compact,2.5,4,AS6,X,8.2,192
2020,Mazda,Mazda3 5-Door,Mid-size,2.0,4,AS6,X,7.7,181
2020,Mazda,Mazda3 5-Door (SIL),Mid-size,2.0,4,M6,X,7.8,181
2020,Mazda,Mazda3 5-Door,Mid-size,2.5,4,AS6,X,8.0,187
2020,Mazda,Mazda3 5-Door (SIL),Mid-size,2.5,4,M6,X,8.1,189
2020,Mazda,Mazda3 5-Door 4WD,Mid-size,2.5,4,AS6,X,8.7,204
2020,Mazda,Mazda6,Mid-size,2.5,4,AS6,X,8.0,188
2020,Mazda,Mazda6 Turbo,Mid-size,2.5,4,AS6,X,8.9,208
2020,Mazda,MX-5,Two-seater,2.0,4,AS6,Z,7.9,186
2020,Mazda,MX-5 (SIL),Two-seater,2.0,4,M6,Z,8.1,189
2020,Mercedes-Benz,A 220 4MATIC,Subcompact,2.0,4,AM7,Z,8.6,201
2020,Mercedes-Benz,A 250 4MATIC Hatch,Station wagon: Small,2.0,4,AM7,Z,8.3,195
2020,Mercedes-Benz,AMG A 35 4MATIC,Subcompact,2.0,4,AM7,Z,8.9,207
2020,Mercedes-Benz,AMG A 35 4MATIC Hatch,Station wagon: Small,2.0,4,AM7,Z,9.2,215
2020,Mercedes-Benz,AMG C 43 4MATIC,Compact,3.0,6,A9,Z,10.7,253
2020,Mercedes-Benz,AMG C 43 4MATIC Cabriolet,Subcompact,3.0,6,A9,Z,11.2,263
2020,Mercedes-Benz,AMG C 43 4MATIC Coupe,Subcompact,3.0,6,A9,Z,10.8,255
2020,Mercedes-Benz,AMG C 43 4MATIC Wagon,Station wagon: Small,3.0,6,A9,Z,10.8,255
2020,Mercedes-Benz,AMG C 63,Compact,4.0,8,A9,Z,11.2,263
2020,Mercedes-Benz,AMG C 63 S,Compact,4.0,8,A9,Z,11.2,263
2020,Mercedes-Benz,AMG C 63 S Cabriolet,Subcompact,4.0,8,A9,Z,12.0,282
2020,Mercedes-Benz,AMG C 63 S Coupe,Subcompact,4.0,8,A9,Z,11.8,277
2020,Mercedes-Benz,AMG CLA 35 4MATIC,Compact,2.0,4,AM7,Z,9.4,218
2020,Mercedes-Benz,AMG CLA 45 4MATIC,Compact,2.0,4,AM8,Z,10.1,237
2020,Mercedes-Benz,AMG CLS 53 4MATIC+,Compact,3.0,6,A9,Z,10.0,235
2020,Mercedes-Benz,AMG E 53 4MATIC+,Mid-size,3.0,6,A9,Z,9.9,232
2020,Mercedes-Benz,AMG E 53 4MATIC+ Cabriolet,Subcompact,3.0,6,A9,Z,10.4,245
2020,Mercedes-Benz,AMG E 53 4MATIC+ Coupe,Subcompact,3.0,6,A9,Z,10.1,237
2020,Mercedes-Benz,AMG E 53 4MATIC+ Wagon,Station wagon: Mid-size,3.0,6,A9,Z,10.2,239
2020,Mercedes-Benz,AMG E 63 S 4MATIC+,Mid-size,4.0,8,A9,Z,13.5,318
2020,Mercedes-Benz,AMG E 63 S 4MATIC+ Wagon,Station wagon: Mid-size,4.0,8,A9,Z,12.7,299
2020,Mercedes-Benz,AMG G 63,Sport utility vehicle: Standard,4.0,8,A9,Z,17.0,396
2020,Mercedes-Benz,AMG GLC 43 4MATIC,Sport utility vehicle: Small,3.0,6,A9,Z,11.6,271
2020,Mercedes-Benz,AMG GLC 43 4MATIC Coupe,Sport utility vehicle: Small,3.0,6,A9,Z,11.6,272
2020,Mercedes-Benz,AMG GLC 63 S 4MATIC+,Sport utility vehicle: Small,4.0,8,A9,Z,13.2,309
2020,Mercedes-Benz,AMG GLC 63 S 4MATIC+ Coupe,Sport utility vehicle: Small,4.0,8,A9,Z,13.2,309
2020,Mercedes-Benz,AMG GLE 53 4MATIC+,Sport utility vehicle: Standard,3.0,6,A9,Z,12.1,285
2020,Mercedes-Benz,AMG GT 53 4MATIC+,Compact,3.0,6,A9,Z,11.2,264
2020,Mercedes-Benz,AMG GT 63 4MATIC+,Compact,4.0,8,A9,Z,13.7,323
2020,Mercedes-Benz,AMG GT 63 S 4MATIC+,Compact,4.0,8,A9,Z,13.7,324
2020,Mercedes-Benz,AMG GT C Coupe,Two-seater,4.0,8,AM7,Z,13.5,315
2020,Mercedes-Benz,AMG GT C Roadster,Two-seater,4.0,8,AM7,Z,14.0,326
2020,Mercedes-Benz,AMG GT R Coupe,Two-seater,4.0,8,AM7,Z,14.0,327
2020,Mercedes-Benz,AMG GT R Roadster,Two-seater,4.0,8,AM7,Z,14.0,327
2020,Mercedes-Benz,AMG S 63 4MATIC+,Full-size,4.0,8,A9,Z,11.8,275
2020,Mercedes-Benz,AMG S 63 4MATIC+ Cabriolet,Subcompact,4.0,8,A9,Z,13.1,306
2020,Mercedes-Benz,AMG S 63 4MATIC+ Coupe,Compact,4.0,8,A9,Z,11.6,271
2020,Mercedes-Benz,AMG S 65,Full-size,6.0,12,A7,Z,15.1,356
2020,Mercedes-Benz,AMG SLC 43,Two-seater,3.0,6,A9,Z,10.2,238
2020,Mercedes-Benz,C 300 4MATIC,Compact,2.0,4,A9,Z,9.4,219
2020,Mercedes-Benz,C 300 4MATIC Cabriolet,Subcompact,2.0,4,A9,Z,9.9,231
2020,Mercedes-Benz,C 300 4MATIC Coupe,Subcompact,2.0,4,A9,Z,9.5,221
2020,Mercedes-Benz,C 300 4MATIC Wagon,Station wagon: Small,2.0,4,A9,Z,9.5,221
2020,Mercedes-Benz,CLA 250 4MATIC,Compact,2.0,4,AM7,Z,8.8,204
2020,Mercedes-Benz,CLS 450 4MATIC,Compact,3.0,6,A9,Z,9.1,213
2020,Mercedes-Benz,E 350 4MATIC,Mid-size,2.0,4,A9,Z,9.4,220
2020,Mercedes-Benz,E 450 4MATIC,Mid-size,3.0,6,A9,Z,10.4,243
2020,Mercedes-Benz,E 450 4MATIC Cabriolet,Subcompact,3.0,6,A9,Z,11.6,271
2020,Mercedes-Benz,E 450 4MATIC Coupe,Subcompact,3.0,6,A9,Z,11.0,257
2020,Mercedes-Benz,E 450 4MATIC Wagon,Station wagon: Mid-size,3.0,6,A9,Z,10.8,254
2020,Mercedes-Benz,G 550,Sport utility vehicle: Standard,4.0,8,A9,Z,16.3,378
2020,Mercedes-Benz,GLA 250 4MATIC,Sport utility vehicle: Small,2.0,4,AM7,Z,9.0,211
2020,Mercedes-Benz,GLB 250 4MATIC,Sport utility vehicle: Small,2.0,4,AM8,Z,9.0,210
2020,Mercedes-Benz,GLC 300 4MATIC,Sport utility vehicle: Small,2.0,4,A9,Z,10.0,234
2020,Mercedes-Benz,GLC 300 4MATIC Coupe,Sport utility vehicle: Small,2.0,4,A9,Z,10.0,236
2020,Mercedes-Benz,GLE 350 4MATIC,Sport utility vehicle: Standard,2.0,4,A9,Z,10.6,249
2020,Mercedes-Benz,GLE 450 4MATIC,Sport utility vehicle: Standard,3.0,6,A9,Z,11.1,262
2020,Mercedes-Benz,GLS 450 4MATIC,Sport utility vehicle: Standard,3.0,6,A9,Z,11.4,266
2020,Mercedes-Benz,GLS 580 4MATIC,Sport utility vehicle: Standard,4.0,8,A9,Z,13.0,302
2020,Mercedes-Benz,Maybach S 560 4MATIC,Full-size,4.0,8,A9,Z,12.2,286
2020,Mercedes-Benz,Maybach S 650,Full-size,6.0,12,A7,Z,15.1,355
2020,Mercedes-Benz,Metris Cargo,Special purpose vehicle,2.0,4,A7,Z,10.5,247
2020,Mercedes-Benz,Metris Cargo LWB,Special purpose vehicle,2.0,4,A7,Z,10.5,246
2020,Mercedes-Benz,Metris Passenger,Special purpose vehicle,2.0,4,A7,Z,11.0,257
2020,Mercedes-Benz,S 450 4MATIC SWB,Mid-size,3.0,6,A9,Z,10.8,253
2020,Mercedes-Benz,S 560 4MATIC SWB,Mid-size,4.0,8,A9,Z,11.5,268
2020,Mercedes-Benz,S 560 4MATIC,Full-size,4.0,8,A9,Z,11.3,265
2020,Mercedes-Benz,S 560 Cabriolet,Subcompact,4.0,8,A9,Z,11.7,273
2020,Mercedes-Benz,S 560 4MATIC Coupe,Compact,4.0,8,A9,Z,11.5,270
2020,Mercedes-Benz,SL 450,Two-seater,3.0,6,A9,Z,10.5,241
2020,Mercedes-Benz,SL 550,Two-seater,4.7,8,A9,Z,11.6,270
2020,Mercedes-Benz,SLC 300,Two-seater,2.0,4,A9,Z,8.8,206
2020,MINI,Cooper 3 Door,Subcompact,1.5,3,AM7,Z,7.5,174
2020,MINI,Cooper 5 Door,Subcompact,1.5,3,AM7,Z,7.5,174
2020,MINI,Cooper Clubman ALL4,Mid-size,1.5,3,AS8,Z,8.5,197
2020,MINI,Cooper Convertible,Minicompact,1.5,3,AM7,Z,7.5,174
2020,MINI,Cooper Countryman ALL4,Mid-size,1.5,3,AS8,Z,8.6,200
2020,MINI,Cooper S 3 Door,Subcompact,2.0,4,AM7,Z,7.9,184
2020,MINI,Cooper S 5 Door,Subcompact,2.0,4,AM7,Z,7.9,184
2020,MINI,Cooper S Clubman ALL4,Mid-size,2.0,4,AS8,Z,8.9,207
2020,MINI,Cooper S Convertible,Minicompact,2.0,4,AM7,Z,8.1,191
2020,MINI,Cooper S Countryman ALL4,Mid-size,2.0,4,AS8,Z,9.1,212
2020,MINI,John Cooper Works 3 Door,Subcompact,2.0,4,AS8,Z,8.1,190
2020,MINI,John Cooper Works Clubman ALL4,Mid-size,2.0,4,AS8,Z,9.0,210
2020,MINI,John Cooper Works Convertible,Minicompact,2.0,4,AS8,Z,8.3,194
2020,MINI,John Cooper Works Countryman ALL4,Mid-size,2.0,4,AS8,Z,9.0,210
2020,Mitsubishi,Eclipse Cross 4WD,Sport utility vehicle: Small,1.5,4,AV8,X,9.3,216
2020,Mitsubishi,Mirage,Compact,1.2,3,AV,X,6.2,143
2020,Mitsubishi,Mirage,Compact,1.2,3,M5,X,6.5,151
2020,Mitsubishi,Outlander 4WD,Sport utility vehicle: Small,2.4,4,AV6,X,9.1,212
2020,Mitsubishi,Outlander 4WD,Sport utility vehicle: Small,3.0,6,A6,Z,10.6,246
2020,Mitsubishi,RVR,Sport utility vehicle: Small,2.0,4,AV6,X,8.8,206
2020,Mitsubishi,RVR 4WD,Sport utility vehicle: Small,2.0,4,AV6,X,9.2,213
2020,Mitsubishi,RVR 4WD,Sport utility vehicle: Small,2.4,4,AV6,X,9.4,218
2020,Nissan,370Z,Two-seater,3.7,6,AS7,Z,11.1,261
2020,Nissan,370Z,Two-seater,3.7,6,M6,Z,11.5,270
2020,Nissan,370Z Roadster,Two-seater,3.7,6,AS7,Z,11.5,271
2020,Nissan,370Z Roadster,Two-seater,3.7,6,M6,Z,11.8,279
2020,Nissan,Altima AWD,Mid-size,2.5,4,AV,X,8.0,187
2020,Nissan,Altima AWD SR/Platinum,Mid-size,2.5,4,AV,X,8.1,191
2020,Nissan,Armada 4WD,Sport utility vehicle: Standard,5.6,8,AS7,X,15.4,362
2020,Nissan,Frontier,Pickup truck: Standard,3.8,6,AS9,X,11.6,273
2020,Nissan,Frontier 4WD,Pickup truck: Standard,3.8,6,AS9,X,12.2,287
2020,Nissan,GT-R,Subcompact,3.8,6,AM6,Z,12.8,300
2020,Nissan,Kicks,Mid-size,1.6,4,AV,X,7.2,169
2020,Nissan,Maxima,Mid-size,3.5,6,AV7,Z,9.9,233
2020,Nissan,Murano,Station wagon: Mid-size,3.5,6,AV7,X,10.2,240
2020,Nissan,Murano AWD,Station wagon: Mid-size,3.5,6,AV7,X,10.5,246
2020,Nissan,NV200 Cargo Van,Special purpose vehicle,2.0,4,AV,X,9.3,218
2020,Nissan,Qashqai,Station wagon: Small,2.0,4,AV8,X,8.4,197
2020,Nissan,Qashqai,Station wagon: Small,2.0,4,M6,X,9.2,217
2020,Nissan,Qashqai AWD,Station wagon: Small,2.0,4,AV8,X,8.7,203
2020,Nissan,Pathfinder,Sport utility vehicle: Small,3.5,6,AV,X,10.2,240
2020,Nissan,Pathfinder 4WD,Sport utility vehicle: Small,3.5,6,AV,X,10.7,251
2020,Nissan,Pathfinder 4WD Platinum,Sport utility vehicle: Small,3.5,6,AV,X,11.0,257
2020,Nissan,Rogue,Sport utility vehicle: Small,2.5,4,AV,X,8.2,192
2020,Nissan,Rogue AWD,Sport utility vehicle: Small,2.5,4,AV,X,8.7,205
2020,Nissan,Sentra,Mid-size,2.0,4,AV,X,7.1,167
2020,Nissan,Sentra SR,Mid-size,2.0,4,AV,X,7.3,171
2020,Nissan,Sentra,Mid-size,2.0,4,M6,X,8.0,188
2020,Nissan,Titan 4WD,Pickup truck: Standard,5.6,8,AS9,Z,13.3,313
2020,Nissan,Titan 4WD PRO-4X,Pickup truck: Standard,5.6,8,AS9,Z,13.3,313
2020,Nissan,Versa,Compact,1.6,4,AV,X,6.7,158
2020,Nissan,Versa,Compact,1.6,4,M5,X,7.7,181
2020,Porsche,718 Boxster,Two-seater,2.0,4,AM7,Z,10.0,233
2020,Porsche,718 Boxster,Two-seater,2.0,4,M6,Z,10.5,245
2020,Porsche,718 Boxster T,Two-seater,2.0,4,AM7,Z,10.1,236
2020,Porsche,718 Boxster T,Two-seater,2.0,4,M6,Z,10.5,245
2020,Porsche,718 Boxster S,Two-seater,2.5,4,AM7,Z,10.9,255
2020,Porsche,718 Boxster S,Two-seater,2.5,4,M6,Z,11.2,263
2020,Porsche,718 Cayman,Two-seater,2.0,4,AM7,Z,10.0,233
2020,Porsche,718 Cayman,Two-seater,2.0,4,M6,Z,10.5,245
2020,Porsche,718 Cayman T,Two-seater,2.0,4,AM7,Z,10.1,236
2020,Porsche,718 Cayman T,Two-seater,2.0,4,M6,Z,10.5,245
2020,Porsche,718 Cayman S,Two-seater,2.5,4,AM7,Z,10.9,255
2020,Porsche,718 Cayman S,Two-seater,2.5,4,M6,Z,11.2,263
2020,Porsche,718 Cayman GT4,Two-seater,4.0,6,M6,Z,12.5,294
2020,Porsche,718 Spyder,Two-seater,4.0,6,M6,Z,12.5,294
2020,Porsche,911 Carrera,Minicompact,3.0,6,AM8,Z,11.6,273
2020,Porsche,911 Carrera 4,Minicompact,3.0,6,AM8,Z,11.6,275
2020,Porsche,911 Carrera Cabriolet,Minicompact,3.0,6,AM8,Z,12.0,282
2020,Porsche,911 Carrera 4 Cabriolet,Minicompact,3.0,6,AM8,Z,11.6,275
2020,Porsche,911 Carrera S,Minicompact,3.0,6,AM8,Z,11.5,276
2020,Porsche,911 Carrera S,Minicompact,3.0,6,M7,Z,11.8,275
2020,Porsche,911 Carrera 4S,Minicompact,3.0,6,AM8,Z,11.8,277
2020,Porsche,911 Carrera 4S,Minicompact,3.0,6,M7,Z,12.0,275
2020,Porsche,911 Carrera S Cabriolet,Minicompact,3.0,6,AM8,Z,11.6,276
2020,Porsche,911 Carrera S Cabriolet,Minicompact,3.0,6,M7,Z,11.8,275
2020,Porsche,911 Carrera 4S Cabriolet,Minicompact,3.0,6,AM8,Z,11.8,277
2020,Porsche,911 Carrera 4S Cabriolet,Minicompact,3.0,6,M7,Z,12.0,280
2020,Porsche,Cayenne,Sport utility vehicle: Standard,3.0,6,AS8,Z,11.5,269
2020,Porsche,Cayenne Coupe,Sport utility vehicle: Standard,3.0,6,AS8,Z,11.6,271
2020,Porsche,Cayenne S,Sport utility vehicle: Standard,2.9,6,AS8,Z,11.9,278
2020,Porsche,Cayenne S Coupe,Sport utility vehicle: Standard,2.9,6,AS8,Z,12.3,286
2020,Porsche,Cayenne Turbo,Sport utility vehicle: Standard,4.0,8,AS8,Z,14.1,329
2020,Porsche,Cayenne Turbo Coupe,Sport utility vehicle: Standard,4.0,8,AS8,Z,14.2,332
2020,Porsche,Macan,Sport utility vehicle: Small,2.0,4,AM7,Z,11.3,265
2020,Porsche,Macan S,Sport utility vehicle: Small,3.0,6,AM7,Z,11.7,272
2020,Porsche,Macan GTS,Sport utility vehicle: Small,2.9,6,AM7,Z,12.2,285
2020,Porsche,Macan Turbo,Sport utility vehicle: Small,2.9,6,AM7,Z,12.3,288
2020,Porsche,Panamera,Full-size,3.0,6,AM8,Z,10.7,250
2020,Porsche,Panamera 4,Full-size,3.0,6,AM8,Z,10.9,253
2020,Porsche,Panamera 4 Executive,Full-size,3.0,6,AM8,Z,10.9,253
2020,Porsche,Panamera 4 ST,Full-size,3.0,6,AM8,Z,10.7,250
2020,Porsche,Panamera 4S,Full-size,2.9,6,AM8,Z,11.2,260
2020,Porsche,Panamera 4S Executive,Full-size,2.9,6,AM8,Z,11.2,260
2020,Porsche,Panamera 4S ST,Full-size,2.9,6,AM8,Z,11.6,273
2020,Porsche,Panamera GTS,Full-size,4.0,8,AM8,Z,12.6,295
2020,Porsche,Panamera GTS ST,Full-size,4.0,8,AM8,Z,13.4,313
2020,Porsche,Panamera Turbo,Full-size,4.0,8,AM8,Z,11.2,261
2020,Porsche,Panamera Turbo Executive,Full-size,4.0,8,AM8,Z,11.2,261
2020,Porsche,Panamera Turbo ST,Full-size,4.0,8,AM8,Z,11.9,279
2020,Ram,1500 EcoDiesel,Pickup truck: Standard,3.0,6,A8,D,9.0,243
2020,Ram,1500 eTorque,Pickup truck: Standard,3.6,6,A8,X,10.8,253
2020,Ram,1500 HFE eTorque,Pickup truck: Standard,3.6,6,A8,X,10.4,245
2020,Ram,1500,Pickup truck: Standard,5.7,8,A8,X,13.6,320
2020,Ram,1500 eTorque,Pickup truck: Standard,5.7,8,A8,X,12.4,290
2020,Ram,1500 4X4 EcoDiesel,Pickup truck: Standard,3.0,6,A8,D,9.7,260
2020,Ram,1500 4X4 eTorque,Pickup truck: Standard,3.6,6,A8,X,11.1,260
2020,Ram,1500 4X4,Pickup truck: Standard,5.7,8,A8,X,13.8,325
2020,Ram,1500 4X4 eTorque,Pickup truck: Standard,5.7,8,A8,X,12.8,299
2020,Ram,1500 Classic,Pickup truck: Standard,3.6,6,A8,X,11.9,280
2020,Ram,1500 Classic,Pickup truck: Standard,5.7,8,A8,X,13.6,319
2020,Ram,1500 Classic 4X4,Pickup truck: Standard,3.6,6,A8,X,12.6,294
2020,Ram,1500 Classic 4X4,Pickup truck: Standard,5.7,8,A8,X,14.1,330
2020,Ram,ProMaster City,Special purpose vehicle,2.4,4,A9,X,9.9,232
2020,Rolls-Royce,Cullinan,Station wagon: Mid-size,6.7,12,AS8,Z,16.5,386
2020,Rolls-Royce,Cullinan Black Badge,Station wagon: Mid-size,6.7,12,AS8,Z,16.5,386
2020,Rolls-Royce,Dawn,Compact,6.6,12,AS8,Z,17.1,400
2020,Rolls-Royce,Dawn Black Badge,Compact,6.6,12,AS8,Z,17.1,400
2020,Rolls-Royce,Ghost,Full-size,6.6,12,AS8,Z,17.1,400
2020,Rolls-Royce,Ghost EWB,Full-size,6.6,12,AS8,Z,17.1,400
2020,Rolls-Royce,Phantom,Full-size,6.7,12,AS8,Z,16.3,382
2020,Rolls-Royce,Phantom EWB,Full-size,6.7,12,AS8,Z,16.3,382
2020,Rolls-Royce,Wraith,Mid-size,6.6,12,AS8,Z,16.5,387
2020,Rolls-Royce,Wraith Black Badge,Mid-size,6.6,12,AS8,Z,16.5,387
2020,Subaru,Ascent AWD,Sport utility vehicle: Standard,2.4,4,AV8,X,10.4,244
2020,Subaru,BRZ,Minicompact,2.0,4,AS6,Z,8.6,200
2020,Subaru,BRZ,Minicompact,2.0,4,M6,Z,9.9,231
2020,Subaru,BRZ tS,Minicompact,2.0,4,M6,Z,10.2,239
2020,Subaru,Crosstrek AWD,Sport utility vehicle: Small,2.0,4,AV8,X,7.9,185
2020,Subaru,Crosstrek AWD,Sport utility vehicle: Small,2.0,4,M6,X,9.4,220
2020,Subaru,Forester AWD,Sport utility vehicle: Small,2.5,4,AV7,X,8.2,192
2020,Subaru,Impreza 4-Door AWD,Mid-size,2.0,4,AV7,X,7.5,174
2020,Subaru,Impreza 4-Door AWD,Mid-size,2.0,4,M5,X,9.0,210
2020,Subaru,Impreza 5-Door AWD,Station wagon: Small,2.0,4,AV7,X,7.6,178
2020,Subaru,Impreza 5-Door AWD,Station wagon: Small,2.0,4,M5,X,9.0,211
2020,Subaru,Legacy AWD,Full-size,2.4,4,AV8,X,8.7,205
2020,Subaru,Legacy AWD,Full-size,2.5,4,AV8,X,7.9,185
2020,Subaru,Outback AWD,Sport utility vehicle: Small,2.4,4,AV8,X,9.1,213
2020,Subaru,Outback AWD,Sport utility vehicle: Small,2.5,4,AV8,X,8.2,192
2020,Subaru,WRX AWD,Compact,2.0,4,AV8,Z,11.5,263
2020,Subaru,WRX AWD,Compact,2.0,4,M6,Z,10.1,236
2020,Subaru,WRX STI AWD,Compact,2.5,4,M6,Z,12.7,297
2020,Toyota,4Runner 4WD,Sport utility vehicle: Standard,4.0,6,AS5,X,13.8,321
2020,Toyota,4Runner 4WD (Part-Time 4WD),Sport utility vehicle: Standard,4.0,6,AS5,X,13.8,321
2020,Toyota,86,Minicompact,2.0,4,AS6,Z,8.7,204
2020,Toyota,86,Minicompact,2.0,4,M6,Z,9.9,232
2020,Toyota,Avalon,Mid-size,3.5,6,AS8,X,9.4,220
2020,Toyota,C-HR,Compact,2.0,4,AS7,X,8.2,189
2020,Toyota,Camry,Mid-size,2.5,4,AS8,X,6.9,164
2020,Toyota,Camry LE/SE,Mid-size,2.5,4,AS8,X,7.4,173
2020,Toyota,Camry XLE/XSE,Mid-size,2.5,4,AS8,X,7.6,177
2020,Toyota,Camry,Mid-size,3.5,6,AS8,X,9.0,210
2020,Toyota,Camry XSE,Mid-size,3.5,6,AS8,X,9.2,215
2020,Toyota,Camry TRD,Mid-size,3.5,6,AS8,X,9.4,220
2020,Toyota,Camry AWD LE/SE,Mid-size,2.5,4,AS8,X,8.2,190
2020,Toyota,Camry AWD XLE/XSE,Mid-size,2.5,4,AS8,X,8.4,197
2020,Toyota,Camry Hybrid LE,Mid-size,2.5,4,AV,X,4.9,113
2020,Toyota,Camry Hybrid XLE/SE,Mid-size,2.5,4,AV,X,5.1,121
2020,Toyota,Corolla,Compact,1.8,4,AV,X,7.1,165
2020,Toyota,Corolla XLE,Compact,1.8,4,AV,X,7.3,170
2020,Toyota,Corolla,Compact,1.8,4,M6,X,7.1,165
2020,Toyota,Corolla,Compact,2.0,4,AV10,X,6.7,158
2020,Toyota,Corolla XSE,Compact,2.0,4,AV10,X,7.0,164
2020,Toyota,Corolla,Compact,2.0,4,M6,X,7.4,173
2020,Toyota,Corolla Hatchback,Compact,2.0,4,AV10,X,6.7,158
2020,Toyota,Corolla Hatchback,Compact,2.0,4,M6,X,7.5,174
2020,Toyota,Corolla Hybrid,Compact,1.8,4,AV,X,4.5,106
2020,Toyota,GR Supra,Two-seater,3.0,6,AS8,Z,8.9,208
2020,Toyota,Highlander,Sport utility vehicle: Small,3.5,6,AS8,X,10.3,240
2020,Toyota,Highlander AWD,Sport utility vehicle: Small,3.5,6,AS8,X,10.3,240
2020,Toyota,Highlander Hybrid AWD,Sport utility vehicle: Standard,2.5,4,AV,X,6.7,158
2020,Toyota,Highlander Hybrid AWD Limited/Platinum,Sport utility vehicle: Standard,2.5,4,AV,X,6.7,156
2020,Toyota,Prius,Mid-size,1.8,4,AV,X,4.5,106
2020,Toyota,Prius AWD,Mid-size,1.8,4,AV,X,4.7,109
2020,Toyota,Prius c,Compact,1.5,4,AV,X,5.1,120
2020,Toyota,RAV4,Sport utility vehicle: Small,2.5,4,AS8,X,7.9,184
2020,Toyota,RAV4 AWD,Sport utility vehicle: Small,2.5,4,AS8,X,8.2,194
2020,Toyota,RAV4 AWD TRD Off-Road,Sport utility vehicle: Small,2.5,4,AS8,X,8.6,200
2020,Toyota,RAV4 Hybrid AWD,Sport utility vehicle: Small,2.5,4,AV,X,6.0,139
2020,Toyota,Sequoia 4WD,Sport utility vehicle: Standard,5.7,8,AS6,X,16.4,385
2020,Toyota,Sienna,Minivan,3.5,6,AS8,X,11.0,259
2020,Toyota,Sienna AWD,Minivan,3.5,6,AS8,X,11.7,274
2020,Toyota,Tacoma,Pickup truck: Small,2.7,4,AS6,X,11.2,263
2020,Toyota,Tacoma 4WD,Pickup truck: Small,2.7,4,AS6,X,11.7,274
2020,Toyota,Tacoma 4WD,Pickup truck: Small,3.5,6,AS6,X,11.9,278
2020,Toyota,Tacoma 4WD,Pickup truck: Small,3.5,6,M6,X,12.7,299
2020,Toyota,Tacoma 4WD D-Cab TRD Off-Road/Pro,Pickup truck: Small,3.5,6,M6,X,12.9,300
2020,Toyota,Tundra,Pickup truck: Standard,5.7,8,AS6,X,15.9,371
2020,Toyota,Tundra 4WD,Pickup truck: Standard,5.7,8,AS6,X,16.3,381
2020,Toyota,Yaris,Compact,1.5,4,AS6,X,6.6,155
2020,Toyota,Yaris (SIL),Compact,1.5,4,M6,X,6.9,165
2020,Volkswagen,Arteon 4MOTION,Full-size,2.0,4,AS8,Z,10.0,234
2020,Volkswagen,Atlas Cross Sport 4MOTION,Sport utility vehicle: Small,2.0,4,AS8,X,11.7,273
2020,Volkswagen,Atlas Cross Sport 4MOTION,Sport utility vehicle: Small,3.6,6,AS8,X,12.7,297
2020,Volkswagen,Golf,Compact,1.4,4,AS8,X,7.4,174
2020,Volkswagen,Golf,Compact,1.4,4,M6,X,7.6,177
2020,Volkswagen,Golf GTI,Compact,2.0,4,AM7,X,8.7,203
2020,Volkswagen,Golf GTI,Compact,2.0,4,M6,X,8.7,203
2020,Volkswagen,Jetta,Compact,1.4,4,AS8,X,7.0,162
2020,Volkswagen,Jetta,Compact,1.4,4,M6,X,7.0,163
2020,Volkswagen,Jetta GLI,Compact,2.0,4,AM7,X,8.4,196
2020,Volkswagen,Jetta GLI,Compact,2.0,4,M6,X,8.5,198
2020,Volkswagen,Passat,Mid-size,2.0,4,AS6,X,8.7,205
2020,Volkswagen,Tiguan,Sport utility vehicle: Small,2.0,4,AS8,X,9.4,221
2020,Volkswagen,Tiguan 4MOTION,Sport utility vehicle: Small,2.0,4,AS8,X,10.2,241
2020,Volvo,S60 T5,Compact,2.0,4,AS8,Z,8.9,208
2020,Volvo,S60 T6 AWD,Compact,2.0,4,AS8,Z,9.4,219
2020,Volvo,S90 T6 AWD,Mid-size,2.0,4,AS8,Z,9.6,223
2020,Volvo,V60 T5,Station wagon: Small,2.0,4,AS8,Z,8.9,208
2020,Volvo,V60 T6 AWD,Station wagon: Small,2.0,4,AS8,Z,9.4,219
2020,Volvo,V60 CC T5 AWD,Station wagon: Small,2.0,4,AS8,Z,9.4,220
2020,Volvo,XC40 T4,Sport utility vehicle: Small,2.0,4,AS8,X,8.8,205
2020,Volvo,XC40 T4 AWD,Sport utility vehicle: Small,2.0,4,AS8,X,9.0,210
2020,Volvo,XC40 T5 AWD,Sport utility vehicle: Small,2.0,4,AS8,Z,9.4,219
2020,Volvo,XC60 T5 AWD,Sport utility vehicle: Small,2.0,4,AS8,Z,9.9,232
2020,Volvo,XC60 T6 AWD,Sport utility vehicle: Small,2.0,4,AS8,Z,10.3,240
2020,Volvo,XC90 T5 AWD,Sport utility vehicle: Standard,2.0,4,AS8,Z,9.9,232
2020,Volvo,XC90 T6 AWD,Sport utility vehicle: Standard,2.0,4,AS8,Z,10.7,248
2021,Acura,ILX,Compact,2.4,4,AM8,Z,8.6,199
2021,Acura,NSX,Two-seater,3.5,6,AM9,Z,11.0,256
2021,Acura,RDX SH-AWD,Sport utility vehicle: Small,2.0,4,AS10,Z,9.9,232
2021,Acura,RDX SH-AWD A-SPEC,Sport utility vehicle: Small,2.0,4,AS10,Z,10.3,242
2021,Acura,TLX SH-AWD,Compact,2.0,4,AS10,Z,9.8,230
2021,Acura,TLX SH-AWD A-SPEC,Compact,2.0,4,AS10,Z,9.8,231
2021,Acura,TLX Type S,Compact,3.0,6,AS10,Z,11.0,256
2021,Acura,TLX Type S (Performance Tire),Compact,3.0,6,AS10,Z,11.2,261
2021,Alfa Romeo,Giulia,Mid-size,2.0,4,A8,Z,8.7,205
2021,Alfa Romeo,Giulia AWD,Mid-size,2.0,4,A8,Z,9.2,217
2021,Alfa Romeo,Giulia Quadrifoglio,Mid-size,2.9,6,A8,Z,11.6,271
2021,Alfa Romeo,Stelvio,Sport utility vehicle: Small,2.0,4,A8,Z,9.3,218
2021,Alfa Romeo,Stelvio AWD,Sport utility vehicle: Small,2.0,4,A8,Z,9.6,226
2021,Alfa Romeo,Stelvio AWD Quadrifoglio,Sport utility vehicle: Small,2.9,6,A8,Z,12.3,288
2021,Aston Martin,DB11 V8,Minicompact,4.0,8,A8,Z,11.5,271
2021,Aston Martin,DB11 AMR,Minicompact,5.2,12,A8,Z,13.3,312
2021,Aston Martin,DBS Superleggera,Minicompact,5.2,12,A8,Z,13.8,324
2021,Aston Martin,DBX V8,Sport utility vehicle: Standard,4.0,8,A9,Z,15.2,357
2021,Aston Martin,Vantage V8,Two-seater,4.0,8,A8,Z,11.5,270
2021,Aston Martin,Vantage V8,Two-seater,4.0,8,M7,Z,14.2,333
2021,Audi,A4 Sedan 40 TFSI quattro,Compact,2.0,4,AM7,Z,8.3,194
2021,Audi,A4 Sedan 45 TFSI quattro,Compact,2.0,4,AM7,Z,8.8,205
2021,Audi,A4 allroad 45 TFSI quattro,Station wagon: Small,2.0,4,AM7,Z,8.9,208
2021,Audi,A5 Cabriolet 45 TFSI quattro,Subcompact,2.0,4,AM7,Z,9.1,212
2021,Audi,A5 Coupe 45 TFSI quattro,Subcompact,2.0,4,AM7,Z,8.8,205
2021,Audi,A5 Sportback 45 TFSI quattro,Mid-size,2.0,4,AM7,Z,8.8,205
2021,Audi,A6 Sedan 45 TFSI quattro,Mid-size,2.0,4,AM7,Z,9.2,214
2021,Audi,A6 Sedan 55 TFSI quattro,Mid-size,3.0,6,AM7,Z,9.7,227
2021,Audi,A6 allroad 55 TFSI quattro,Station wagon: Mid-size,3.0,6,AM7,Z,10.6,247
2021,Audi,A7 Sportback 55 TFSI quattro,Mid-size,3.0,6,AM7,Z,9.7,227
2021,Audi,A8 L Sedan 55 TFSI quattro,Full-size,3.0,6,AS8,Z,11.5,267
2021,Audi,A8 L Sedan 60 TFSI quattro,Full-size,4.0,8,AS8,Z,13.2,308
2021,Audi,Q3 40 TFSI quattro,Sport utility vehicle: Small,2.0,4,AS8,X,9.3,218
2021,Audi,Q3 45 TFSI quattro,Sport utility vehicle: Small,2.0,4,AS8,X,10.2,239
2021,Audi,Q5 45 TFSI quattro,Sport utility vehicle: Small,2.0,4,AM7,Z,9.3,217
2021,Audi,Q5 Sportback 45 TFSI quattro,Sport utility vehicle: Small,2.0,4,AM7,Z,9.3,217
2021,Audi,Q7 45 TFSI quattro,Sport utility vehicle: Standard,2.0,4,AS8,Z,11.3,264
2021,Audi,Q7 55 TFSI quattro,Sport utility vehicle: Standard,3.0,6,AS8,Z,12.0,281
2021,Audi,Q8 55 TFSI quattro,Sport utility vehicle: Standard,3.0,6,AS8,Z,12.0,281
2021,Audi,R8 Coupe,Two-seater,5.2,10,AM7,Z,14.1,329
2021,Audi,R8 Coupe quattro,Two-seater,5.2,10,AM7,Z,15.1,353
2021,Audi,R8 Spyder,Two-seater,5.2,10,AM7,Z,14.1,329
2021,Audi,R8 Spyder quattro,Two-seater,5.2,10,AM7,Z,15.1,353
2021,Audi,RS 5 Coupe quattro,Subcompact,2.9,6,AS8,Z,11.5,269
2021,Audi,RS 5 Sportback quattro,Mid-size,2.9,6,AS8,Z,11.4,266
2021,Audi,RS 6 Avant quattro,Station wagon: Mid-size,4.0,8,AS8,Z,13.7,319
2021,Audi,RS 7 Sportback quattro,Mid-size,4.0,8,AS8,Z,13.5,315
2021,Audi,RS Q8 quattro,Sport utility vehicle: Standard,4.0,8,AS8,Z,15.4,360
2021,Audi,S4 Sedan quattro,Compact,3.0,6,AS8,Z,10.1,237
2021,Audi,S5 Cabriolet quattro,Subcompact,3.0,6,AS8,Z,10.5,244
2021,Audi,S5 Coupe quattro,Subcompact,3.0,6,AS8,Z,10.1,237
2021,Audi,S5 Sportback quattro,Mid-size,3.0,6,AS8,Z,10.1,237
2021,Audi,S6 Sedan quattro,Mid-size,2.9,6,AS8,Z,10.9,255
2021,Audi,S7 Sportback quattro,Mid-size,2.9,6,AS8,Z,10.9,255
2021,Audi,S8 Sedan quattro,Full-size,4.0,8,AS8,Z,14.5,339
2021,Audi,SQ5 quattro,Sport utility vehicle: Small,3.0,6,AS8,Z,11.6,274
2021,Audi,SQ5 Sportback quattro,Sport utility vehicle: Small,3.0,6,AS8,Z,11.6,274
2021,Audi,SQ7 quattro,Sport utility vehicle: Standard,4.0,8,AS8,Z,13.9,324
2021,Audi,SQ8 quattro,Sport utility vehicle: Standard,4.0,8,AS8,Z,13.9,324
2021,Audi,TT Coupe 45 TFSI quattro,Subcompact,2.0,4,AM7,X,9.2,216
2021,Audi,TT Roadster 45 TFSI quattro,Two-seater,2.0,4,AM7,X,9.2,216
2021,Audi,TT RS Coupe quattro,Subcompact,2.5,5,AM7,Z,10.0,232
2021,Audi,TTS Coupe quattro,Subcompact,2.0,4,AM7,Z,9.4,220
2021,Bentley,Bentayga,Sport utility vehicle: Standard,4.0,8,AS8,Z,13.2,309
2021,Bentley,Bentayga,Sport utility vehicle: Standard,6.0,12,AS8,Z,16.3,383
2021,Bentley,Continental GT,Subcompact,4.0,8,AM8,Z,12.3,290
2021,Bentley,Continental GT,Subcompact,6.0,12,AM8,Z,15.7,364
2021,Bentley,Continental GT Convertible,Minicompact,4.0,8,AM8,Z,12.3,290
2021,Bentley,Continental GT Convertible,Minicompact,6.0,12,AM8,Z,16.0,373
2021,Bentley,Flying Spur,Mid-size,4.0,8,AM8,Z,13.7,323
2021,Bentley,Flying Spur,Mid-size,6.0,12,AM8,Z,16.0,373
2021,BMW,228i xDrive Gran Coupe,Compact,2.0,4,AS8,Z,8.8,206
2021,BMW,230i xDrive Cabriolet,Subcompact,2.0,4,AS8,Z,9.6,225
2021,BMW,230i xDrive Coupe,Subcompact,2.0,4,AS8,Z,9.6,225
2021,BMW,330i xDrive Sedan,Compact,2.0,4,AS8,Z,8.3,195
2021,BMW,430i xDrive Coupe,Subcompact,2.0,4,AS8,Z,8.7,202
2021,BMW,530i xDrive Sedan,Mid-size,2.0,4,AS8,Z,8.9,206
2021,BMW,540i xDrive Sedan,Full-size,3.0,6,AS8,Z,9.1,211
2021,BMW,750i xDrive Sedan,Full-size,4.4,8,AS8,Z,12.0,281
2021,BMW,750Li xDrive Sedan,Full-size,4.4,8,AS8,Z,12.0,281
2021,BMW,Alpina B7 xDrive,Full-size,4.4,8,AS8,Z,12.0,281
2021,BMW,Alpina XB7,Sport utility vehicle: Standard,4.4,8,AS8,Z,13.8,321
2021,BMW,M2 Competition,Subcompact,3.0,6,AM7,Z,12.6,293
2021,BMW,M2 Competition,Subcompact,3.0,6,M6,Z,11.7,273
2021,BMW,M235i xDrive Gran Coupe,Compact,2.0,4,AS8,Z,9.2,213
2021,BMW,M240i xDrive Cabriolet,Subcompact,3.0,6,AS8,Z,9.8,228
2021,BMW,M240i xDrive Coupe,Subcompact,3.0,6,AS8,Z,9.8,228
2021,BMW,M340i xDrive Sedan,Compact,3.0,6,AS8,Z,9.2,214
2021,BMW,M440i xDrive Coupe,Subcompact,3.0,6,AS8,Z,9.2,214
2021,BMW,M5 Sedan,Mid-size,4.4,8,AS8,Z,13.8,323
2021,BMW,M5 Competition,Mid-size,4.4,8,AS8,Z,13.8,323
2021,BMW,M550i xDrive Sedan,Mid-size,4.4,8,AS8,Z,11.7,272
2021,BMW,M760i xDrive Sedan,Full-size,6.6,12,AS8,Z,15.1,354
2021,BMW,M8 Cabriolet,Subcompact,4.4,8,AS8,Z,13.8,323
2021,BMW,M8 Cabriolet Competition,Subcompact,4.4,8,AS8,Z,13.8,323
2021,BMW,M8 Coupe,Subcompact,4.4,8,AS8,Z,13.8,323
2021,BMW,M8 Coupe Competition,Subcompact,4.4,8,AS8,Z,13.8,323
2021,BMW,M8 Gran Coupe,Mid-size,4.4,8,AS8,Z,13.8,323
2021,BMW,M8 Gran Coupe Competition,Mid-size,4.4,8,AS8,Z,13.8,323
2021,BMW,M850i xDrive Cabriolet,Subcompact,4.4,8,AS8,Z,12.0,281
2021,BMW,M850i xDrive Coupe,Subcompact,4.4,8,AS8,Z,11.7,272
2021,BMW,M850i xDrive Gran Coupe,Mid-size,4.4,8,AS8,Z,12.0,281
2021,BMW,X1 xDrive28i,Sport utility vehicle: Small,2.0,4,AS8,Z,9.1,213
2021,BMW,X2 xDrive28i,Sport utility vehicle: Small,2.0,4,AS8,Z,8.8,205
2021,BMW,X2 M35i,Sport utility vehicle: Small,2.0,4,AS8,Z,8.9,209
2021,BMW,X3 xDrive30i,Sport utility vehicle: Small,2.0,4,AS8,Z,9.3,217
2021,BMW,X3 M,Sport utility vehicle: Small,3.0,6,AS8,Z,14.6,339
2021,BMW,X3 M Competition,Sport utility vehicle: Small,3.0,6,AS8,Z,14.6,339
2021,BMW,X3 M40i,Sport utility vehicle: Small,3.0,6,AS8,Z,10.1,235
2021,BMW,X4 xDrive30i,Sport utility vehicle: Small,2.0,4,AS8,Z,9.3,217
2021,BMW,X4 M,Sport utility vehicle: Small,3.0,6,AS8,Z,14.6,339
2021,BMW,X4 M Competition,Sport utility vehicle: Small,3.0,6,AS8,Z,14.6,339
2021,BMW,X4 M40i,Sport utility vehicle: Small,3.0,6,AS8,Z,10.1,235
2021,BMW,X5 xDrive40i,Sport utility vehicle: Standard,3.0,6,AS8,Z,10.4,242
2021,BMW,X5 M,Sport utility vehicle: Standard,4.4,8,AS8,Z,15.7,364
2021,BMW,X5 M Competition,Sport utility vehicle: Standard,4.4,8,AS8,Z,15.7,364
2021,BMW,X5 M50i,Sport utility vehicle: Standard,4.4,8,AS8,Z,12.7,302
2021,BMW,X6 xDrive40i,Sport utility vehicle: Standard,3.0,6,AS8,Z,10.4,242
2021,BMW,X6 M,Sport utility vehicle: Standard,4.4,8,AS8,Z,15.7,364
2021,BMW,X6 M Competition,Sport utility vehicle: Standard,4.4,8,AS8,Z,15.7,364
2021,BMW,X6 M50i,Sport utility vehicle: Standard,4.4,8,AS8,Z,12.7,302
2021,BMW,X7 xDrive40i,Sport utility vehicle: Standard,3.0,6,AS8,Z,11.1,256
2021,BMW,X7 M50i,Sport utility vehicle: Standard,4.4,8,AS8,Z,13.8,321
2021,BMW,Z4 sDrive30i,Two-seater,2.0,4,AS8,Z,8.4,197
2021,BMW,Z4 M40i,Two-seater,3.0,6,AS8,Z,9.5,221
2021,Bugatti,Chiron,Two-seater,8.0,16,AM7,Z,22.2,522
2021,Bugatti,Chiron Pur Sport,Two-seater,8.0,16,AM7,Z,26.1,608
2021,Buick,Enclave,Sport utility vehicle: Standard,3.6,6,A9,X,11.2,264
2021,Buick,Enclave AWD,Sport utility vehicle: Standard,3.6,6,A9,X,11.8,277
2021,Buick,Encore,Sport utility vehicle: Small,1.4,4,AS6,X,8.7,204
2021,Buick,Encore (SIDI),Sport utility vehicle: Small,1.4,4,AS6,X,8.6,203
2021,Buick,Encore AWD,Sport utility vehicle: Small,1.4,4,AS6,X,9.1,214
2021,Buick,Encore AWD (SIDI),Sport utility vehicle: Small,1.4,4,AS6,X,9.1,214
2021,Buick,Encore GX,Sport utility vehicle: Small,1.2,3,AV,X,8.0,188
2021,Buick,Encore GX AWD,Sport utility vehicle: Small,1.3,3,A9,X,8.5,199
2021,Buick,Envision,Sport utility vehicle: Small,2.0,4,AS9,X,8.9,209
2021,Buick,Envision AWD,Sport utility vehicle: Small,2.0,4,AS9,X,9.5,222
2021,Cadillac,CT4,Compact,2.0,4,AS8,Z,8.7,203
2021,Cadillac,CT4,Compact,2.7,4,AS10,Z,9.5,221
2021,Cadillac,CT4 AWD,Compact,2.0,4,AS8,Z,9.1,213
2021,Cadillac,CT4 AWD,Compact,2.7,4,AS10,Z,9.9,232
2021,Cadillac,CT4-V,Compact,2.7,4,AS10,Z,10.0,234
2021,Cadillac,CT4-V AWD,Compact,2.7,4,AS10,Z,10.2,239
2021,Cadillac,CT5,Mid-size,2.0,4,AS10,Z,9.0,209
2021,Cadillac,CT5,Mid-size,3.0,6,AS10,Z,10.6,249
2021,Cadillac,CT5 AWD,Mid-size,2.0,4,AS10,Z,9.5,242
2021,Cadillac,CT5 AWD,Mid-size,3.0,6,AS10,Z,11.1,260
2021,Cadillac,CT5-V,Mid-size,3.0,6,AS10,Z,10.9,256
2021,Cadillac,CT5-V AWD,Mid-size,3.0,6,AS10,Z,11.1,260
2021,Cadillac,Escalade 4WD,Sport utility vehicle: Standard,3.0,6,A10,D,10.6,277
2021,Cadillac,Escalade 4WD,Sport utility vehicle: Standard,6.2,8,A10,Z,14.8,347
2021,Cadillac,Escalade 4WD (Without Stop-Start),Sport utility vehicle: Standard,6.2,8,A10,Z,15.3,357
2021,Cadillac,XT4,Sport utility vehicle: Small,2.0,4,AS9,Z,8.9,209
2021,Cadillac,XT4 AWD,Sport utility vehicle: Small,2.0,4,AS9,Z,9.7,227
2021,Cadillac,XT5,Sport utility vehicle: Small,2.0,4,AS9,Z,9.5,222
2021,Cadillac,XT5 AWD,Sport utility vehicle: Small,2.0,4,AS9,Z,10.1,237
2021,Cadillac,XT5 AWD,Sport utility vehicle: Small,3.6,6,AS9,X,11.2,263
2021,Cadillac,XT6 AWD,Sport utility vehicle: Small,2.0,4,AS9,Z,10.2,239
2021,Cadillac,XT6 AWD,Sport utility vehicle: Small,3.6,6,AS9,X,11.5,269
2021,Chevrolet,Blazer,Sport utility vehicle: Small,2.0,4,A9,X,9.4,221
2021,Chevrolet,Blazer,Sport utility vehicle: Small,2.5,4,A9,X,10.2,238
2021,Chevrolet,Blazer,Sport utility vehicle: Small,3.6,6,A9,X,10.5,247
2021,Chevrolet,Blazer AWD,Sport utility vehicle: Small,2.0,4,A9,X,9.7,227
2021,Chevrolet,Blazer AWD,Sport utility vehicle: Small,3.6,6,A9,X,10.9,256
2021,Chevrolet,Camaro,Subcompact,2.0,4,AS8,Z,9.5,222
2021,Chevrolet,Camaro,Subcompact,2.0,4,M6,Z,10.5,247
2021,Chevrolet,Camaro,Subcompact,3.6,6,AS10,X,10.7,251
2021,Chevrolet,Camaro,Subcompact,3.6,6,M6,X,12.0,281
2021,Chevrolet,Camaro SS,Subcompact,6.2,8,AS10,Z,12.0,281
2021,Chevrolet,Camaro SS,Subcompact,6.2,8,M6,Z,12.6,296
2021,Chevrolet,Camaro ZL1,Subcompact,6.2,8,AS10,Z,15.1,355
2021,Chevrolet,Camaro ZL1,Subcompact,6.2,8,M6,Z,14.8,349
2021,Chevrolet,Colorado,Pickup truck: Small,2.5,4,A6,X,10.9,257
2021,Chevrolet,Colorado,Pickup truck: Small,2.8,4,A6,D,10.1,294
2021,Chevrolet,Colorado,Pickup truck: Small,3.6,6,A8,X,11.3,263
2021,Chevrolet,Colorado 4WD,Pickup truck: Small,2.5,4,A6,X,11.4,268
2021,Chevrolet,Colorado 4WD,Pickup truck: Small,2.8,4,A6,D,10.5,294
2021,Chevrolet,Colorado 4WD,Pickup truck: Small,3.6,6,A8,X,12.1,284
2021,Chevrolet,Colorado ZR2 4WD,Pickup truck: Small,2.8,4,A6,D,12.1,326
2021,Chevrolet,Colorado ZR2 4WD,Pickup truck: Small,3.6,6,A8,X,14.1,329
2021,Chevrolet,Corvette,Two-seater,6.2,8,AS8,Z,12.4,290
2021,Chevrolet,Equinox,Sport utility vehicle: Small,1.5,4,A6,X,8.4,198
2021,Chevrolet,Equinox AWD,Sport utility vehicle: Small,1.5,4,A6,X,8.8,207
2021,Chevrolet,Malibu,Mid-size,1.5,4,AV,X,7.5,175
2021,Chevrolet,Malibu,Mid-size,2.0,4,A9,Z,9.1,213
2021,Chevrolet,Silverado,Pickup truck: Standard,2.7,4,A8,X,11.2,263
2021,Chevrolet,Silverado Custom/WT,Pickup truck: Standard,2.7,4,A8,X,11.2,263
2021,Chevrolet,Silverado,Pickup truck: Standard,3.0,6,A10,D,8.8,238
2021,Chevrolet,Silverado,Pickup truck: Standard,4.3,6,A6,X,13.5,318
2021,Chevrolet,Silverado,Pickup truck: Standard,5.3,8,A6,X,13.8,325
2021,Chevrolet,Silverado (Without AFM),Pickup truck: Standard,5.3,8,A6,X,14.3,336
2021,Chevrolet,Silverado FFV,Pickup truck: Standard,5.3,8,A6,X,14.5,340
2021,Chevrolet,Silverado FFV,Pickup truck: Standard,5.3,8,A6,E,19.0,315
2021,Chevrolet,Silverado,Pickup truck: Standard,5.3,8,A8,X,12.2,286
2021,Chevrolet,Silverado (Without DFM),Pickup truck: Standard,5.3,8,A8,X,13.6,319
2021,Chevrolet,Silverado 4WD,Pickup truck: Standard,2.7,4,A8,X,11.7,275
2021,Chevrolet,Silverado 4WD Custom/WT,Pickup truck: Standard,2.7,4,A8,X,11.7,275
2021,Chevrolet,Silverado 4WD,Pickup truck: Standard,3.0,6,A10,D,10.0,268
2021,Chevrolet,Silverado 4WD,Pickup truck: Standard,4.3,6,A6,X,14.0,329
2021,Chevrolet,Silverado 4WD Trail Boss,Pickup truck: Standard,4.3,6,A6,X,14.8,347
2021,Chevrolet,Silverado 4WD,Pickup truck: Standard,5.3,8,A6,X,14.1,331
2021,Chevrolet,Silverado 4WD (Without AFM),Pickup truck: Standard,5.3,8,A6,X,14.8,348
2021,Chevrolet,Silverado 4WD FFV,Pickup truck: Standard,5.3,8,A6,X,14.8,347
2021,Chevrolet,Silverado 4WD FFV,Pickup truck: Standard,5.3,8,A6,E,19.5,326
2021,Chevrolet,Silverado 4WD Trail Boss,Pickup truck: Standard,5.3,8,A6,X,15.0,350
2021,Chevrolet,Silverado 4WD Trail Boss (Without AFM),Pickup truck: Standard,5.3,8,A6,X,15.7,368
2021,Chevrolet,Silverado 4WD,Pickup truck: Standard,5.3,8,A8,X,12.7,299
2021,Chevrolet,Silverado 4WD (Without DFM),Pickup truck: Standard,5.3,8,A8,X,14.4,339
2021,Chevrolet,Silverado 4WD,Pickup truck: Standard,5.3,8,A10,X,12.7,298
2021,Chevrolet,Silverado 4WD (Without Stop-Start),Pickup truck: Standard,5.3,8,A10,X,13.3,313
2021,Chevrolet,Silverado 4WD Trail Boss,Pickup truck: Standard,5.3,8,A10,X,13.1,307
2021,Chevrolet,Silverado 4WD Trail Boss (Without Stop-Start),Pickup truck: Standard,5.3,8,A10,X,13.7,321
2021,Chevrolet,Silverado 4WD,Pickup truck: Standard,6.2,8,A10,Z,13.1,306
2021,Chevrolet,Silverado 4WD (Without Stop-Start),Pickup truck: Standard,6.2,8,A10,Z,13.8,324
2021,Chevrolet,Silverado 4WD Trail Boss,Pickup truck: Standard,6.2,8,A10,Z,14.2,332
2021,Chevrolet,Silverado 4WD Trail Boss (Without Stop-Start),Pickup truck: Standard,6.2,8,A10,Z,15.0,352
2021,Chevrolet,Spark,Subcompact,1.4,4,AV,X,7.0,165
2021,Chevrolet,Spark,Subcompact,1.4,4,M5,X,7.2,170
2021,Chevrolet,Suburban,Sport utility vehicle: Standard,3.0,6,A10,D,10.1,272
2021,Chevrolet,Suburban,Sport utility vehicle: Standard,5.3,8,A10,X,13.2,309
2021,Chevrolet,Suburban (Without Stop-Start),Sport utility vehicle: Standard,5.3,8,A10,X,13.8,325
2021,Chevrolet,Suburban 4WD,Sport utility vehicle: Standard,3.0,6,A10,D,10.6,277
2021,Chevrolet,Suburban 4WD,Sport utility vehicle: Standard,5.3,8,A10,X,14.0,328
2021,Chevrolet,Suburban 4WD (Without Stop-Start),Sport utility vehicle: Standard,5.3,8,A10,X,14.5,341
2021,Chevrolet,Suburban 4WD,Sport utility vehicle: Standard,6.2,8,A10,Z,14.8,347
2021,Chevrolet,Suburban 4WD (Without Stop-Start),Sport utility vehicle: Standard,6.2,8,A10,Z,15.3,357
2021,Chevrolet,Tahoe,Sport utility vehicle: Standard,3.0,6,A10,D,9.8,263
2021,Chevrolet,Tahoe,Sport utility vehicle: Standard,5.3,8,A10,X,13.2,309
2021,Chevrolet,Tahoe (Without Stop-Start),Sport utility vehicle: Standard,5.3,8,A10,X,13.8,325
2021,Chevrolet,Tahoe 4WD,Sport utility vehicle: Standard,3.0,6,A10,D,10.6,277
2021,Chevrolet,Tahoe 4WD,Sport utility vehicle: Standard,5.3,8,A10,X,13.5,317
2021,Chevrolet,Tahoe 4WD (Without Stop-Start),Sport utility vehicle: Standard,5.3,8,A10,X,13.9,327
2021,Chevrolet,Tahoe 4WD,Sport utility vehicle: Standard,6.2,8,A10,Z,14.8,347
2021,Chevrolet,Tahoe 4WD (Without Stop-Start),Sport utility vehicle: Standard,6.2,8,A10,Z,15.3,357
2021,Chevrolet,Trailblazer,Sport utility vehicle: Small,1.2,3,AV,X,8.0,188
2021,Chevrolet,Trailblazer,Sport utility vehicle: Small,1.3,3,AV,X,7.6,179
2021,Chevrolet,Trailblazer AWD,Sport utility vehicle: Small,1.3,3,A9,X,8.4,196
2021,Chevrolet,Traverse,Sport utility vehicle: Standard,3.6,6,A9,X,11.1,261
2021,Chevrolet,Traverse AWD,Sport utility vehicle: Standard,3.6,6,A9,X,11.8,277
2021,Chevrolet,Trax,Sport utility vehicle: Small,1.4,4,AS6,X,8.4,196
2021,Chevrolet,Trax (SIDI),Sport utility vehicle: Small,1.4,4,AS6,X,8.6,203
2021,Chevrolet,Trax 4WD,Sport utility vehicle: Small,1.4,4,AS6,X,9.1,214
2021,Chevrolet,Trax 4WD (SIDI),Sport utility vehicle: Small,1.4,4,AS6,X,9.1,214
2021,Chrysler,300,Full-size,3.6,6,A8,X,10.3,242
2021,Chrysler,300,Full-size,5.7,8,A8,X,12.3,289
2021,Chrysler,300 AWD,Full-size,3.6,6,A8,X,11.0,258
2021,Chrysler,Grand Caravan,Minivan,3.6,6,A9,X,10.6,249
2021,Chrysler,Pacifica,Minivan,3.6,6,A9,X,10.6,249
2021,Chrysler,Pacifica AWD,Minivan,3.6,6,A9,X,12.0,279
2021,Dodge,Challenger,Mid-size,3.6,6,A8,X,10.3,242
2021,Dodge,Challenger (MDS),Mid-size,5.7,8,A8,X,12.3,289
2021,Dodge,Challenger,Mid-size,5.7,8,M6,Z,13.1,307
2021,Dodge,Challenger (MDS),Mid-size,6.4,8,A8,Z,13.1,306
2021,Dodge,Challenger,Mid-size,6.4,8,M6,Z,13.9,325
2021,Dodge,Challenger AWD,Mid-size,3.6,6,A8,X,11.0,258
2021,Dodge,Challenger Widebody (MDS),Mid-size,6.4,8,A8,Z,13.1,306
2021,Dodge,Challenger Widebody,Mid-size,6.4,8,M6,Z,13.9,325
2021,Dodge,Challenger SRT Hellcat,Mid-size,6.2,8,A8,Z,14.5,339
2021,Dodge,Challenger SRT Hellcat,Mid-size,6.2,8,M6,Z,15.1,352
2021,Dodge,Challenger SRT Hellcat Widebody,Mid-size,6.2,8,A8,Z,15.3,359
2021,Dodge,Challenger SRT Hellcat Widebody,Mid-size,6.2,8,M6,Z,15.1,352
2021,Dodge,Charger,Full-size,3.6,6,A8,X,10.3,242
2021,Dodge,Charger (MDS),Full-size,5.7,8,A8,X,12.3,289
2021,Dodge,Charger (MDS),Full-size,6.4,8,A8,Z,13.1,306
2021,Dodge,Charger AWD,Full-size,3.6,6,A8,X,11.0,258
2021,Dodge,Charger Widebody (MDS),Full-size,6.4,8,A8,Z,13.1,306
2021,Dodge,Charger SRT Hellcat Widebody,Full-size,6.2,8,A8,Z,15.6,368
2021,Dodge,Durango AWD,Sport utility vehicle: Standard,3.6,6,A8,X,11.3,265
2021,Dodge,Durango AWD,Sport utility vehicle: Standard,5.7,8,A8,X,14.1,331
2021,Dodge,Durango AWD SRT,Sport utility vehicle: Standard,6.4,8,A8,Z,15.6,363
2021,Dodge,Durango AWD SRT Hellcat,Sport utility vehicle: Standard,6.2,8,A8,Z,17.4,410
2021,FIAT,500X AWD,Sport utility vehicle: Small,1.3,4,A9,X,9.1,221
2021,Ford,Bronco 4WD,Sport utility vehicle: Small,2.3,4,AS10,X,11.2,264
2021,Ford,Bronco 4WD,Sport utility vehicle: Small,2.3,4,M7,X,11.3,265
2021,Ford,Bronco 4WD,Sport utility vehicle: Small,2.7,6,AS10,X,12.2,287
2021,Ford,Bronco Badlands 4WD,Sport utility vehicle: Small,2.3,4,AS10,X,13.6,318
2021,Ford,Bronco Badlands 4WD,Sport utility vehicle: Small,2.3,4,M7,X,14.1,330
2021,Ford,Bronco Badlands 4WD,Sport utility vehicle: Small,2.7,6,AS10,X,13.4,315
2021,Ford,Bronco Black Diamond 4WD,Sport utility vehicle: Small,2.3,4,AS10,X,13.1,308
2021,Ford,Bronco Black Diamond 4WD,Sport utility vehicle: Small,2.3,4,M7,X,13.2,310
2021,Ford,Bronco Sasquatch 4WD,Sport utility vehicle: Small,2.3,4,AS10,X,13.1,308
2021,Ford,Bronco Sasquatch 4WD,Sport utility vehicle: Small,2.7,6,AS10,X,13.9,327
2021,Ford,Bronco Sport 4WD,Sport utility vehicle: Small,1.5,3,A8,X,8.9,209
2021,Ford,Bronco Sport 4WD,Sport utility vehicle: Small,2.0,4,AS8,X,10.1,238
2021,Ford,EcoSport,Sport utility vehicle: Small,1.0,3,AS6,X,8.4,197
2021,Ford,EcoSport AWD,Sport utility vehicle: Small,2.0,4,AS6,X,9.2,217
2021,Ford,Edge,Sport utility vehicle: Small,2.0,4,A8,X,9.8,229
2021,Ford,Edge AWD,Sport utility vehicle: Small,2.0,4,A8,X,10.0,236
2021,Ford,Edge AWD,Sport utility vehicle: Small,2.0,4,AS8,X,10.1,237
2021,Ford,Edge AWD,Sport utility vehicle: Small,2.7,6,AS8,X,11.1,262
2021,Ford,Escape,Sport utility vehicle: Small,1.5,3,A8,X,7.8,182
2021,Ford,Escape AWD,Sport utility vehicle: Small,1.5,3,A8,X,8.4,198
2021,Ford,Escape AWD,Sport utility vehicle: Small,2.0,4,A8,X,9.1,213
2021,Ford,Escape Hybrid,Sport utility vehicle: Small,2.5,4,AV,X,5.8,136
2021,Ford,Escape Hybrid AWD,Sport utility vehicle: Small,2.5,4,AV,X,5.9,139
2021,Ford,Expedition 4X4,Sport utility vehicle: Standard,3.5,6,AS10,X,12.6,295
2021,Ford,Expedition MAX 4X4,Sport utility vehicle: Standard,3.5,6,AS10,X,13.1,308
2021,Ford,Explorer AWD,Sport utility vehicle: Standard,2.3,4,A10,X,10.3,242
2021,Ford,Explorer AWD,Sport utility vehicle: Standard,2.3,4,AS10,X,10.3,242
2021,Ford,Explorer AWD,Sport utility vehicle: Standard,3.0,6,AS10,X,11.8,277
2021,Ford,Explorer Timberline AWD,Sport utility vehicle: Standard,2.3,4,AS10,X,11.4,268
2021,Ford,Explorer Hybrid AWD,Sport utility vehicle: Standard,3.3,6,AS10,X,9.6,225
2021,Ford,F-150,Pickup truck: Standard,2.7,6,AS10,X,10.8,253
2021,Ford,F-150 FFV,Pickup truck: Standard,3.3,6,AS10,X,11.0,259
2021,Ford,F-150 FFV,Pickup truck: Standard,3.3,6,AS10,E,14.8,242
2021,Ford,F-150,Pickup truck: Standard,3.5,6,AS10,X,11.7,274
2021,Ford,F-150 FFV,Pickup truck: Standard,5.0,8,AS10,X,12.2,287
2021,Ford,F-150 FFV,Pickup truck: Standard,5.0,8,AS10,E,17.6,291
2021,Ford,F-150 FFV (Without Stop-Start),Pickup truck: Standard,5.0,8,AS10,X,12.6,296
2021,Ford,F-150 FFV (Without Stop-Start),Pickup truck: Standard,5.0,8,AS10,E,17.1,284
2021,Ford,F-150 4X4,Pickup truck: Standard,2.7,6,AS10,X,11.5,271
2021,Ford,F-150 4X4 (Without Stop-Start),Pickup truck: Standard,2.7,6,AS10,X,11.9,280
2021,Ford,F-150 4X4,Pickup truck: Standard,3.0,6,AS10,D,10.7,287
2021,Ford,F-150 FFV 4X4,Pickup truck: Standard,3.3,6,AS10,X,11.7,275
2021,Ford,F-150 FFV 4X4,Pickup truck: Standard,3.3,6,AS10,E,15.4,252
2021,Ford,F-150 4X4,Pickup truck: Standard,3.5,6,AS10,X,12.0,282
2021,Ford,F-150 FFV 4X4,Pickup truck: Standard,5.0,8,AS10,X,13.1,307
2021,Ford,F-150 FFV 4X4,Pickup truck: Standard,5.0,8,AS10,E,18.3,303
2021,Ford,F-150 FFV 4X4 (Without Stop-Start),Pickup truck: Standard,5.0,8,AS10,X,13.4,315
2021,Ford,F-150 FFV 4X4 (Without Stop-Start),Pickup truck: Standard,5.0,8,AS10,E,18.1,301
2021,Ford,F-150 Raptor 4X4,Pickup truck: Standard,3.5,6,AS10,X,14.6,344
2021,Ford,F-150 Raptor 4X4 (Without Stop-Start),Pickup truck: Standard,3.5,6,AS10,X,15.2,357
2021,Ford,F-150 Raptor 37 4X4,Pickup truck: Standard,3.5,6,AS10,X,15.3,359
2021,Ford,F-150 Raptor 37 4X4 (Without Stop-Start),Pickup truck: Standard,3.5,6,AS10,X,15.8,370
2021,Ford,F-150 Tremor 4X4,Pickup truck: Standard,3.5,6,AS10,X,13.2,310
2021,Ford,F-150 Tremor 4X4 (Without Stop-Start),Pickup truck: Standard,3.5,6,AS10,X,13.3,313
2021,Ford,F-150 Hybrid,Pickup truck: Standard,3.5,6,AS10,X,9.3,217
2021,Ford,F-150 Hybrid 4X4,Pickup truck: Standard,3.5,6,AS10,X,9.8,229
2021,Ford,GT,Two-seater,3.5,6,AM7,Z,16.6,393
2021,Ford,Mustang,Subcompact,2.3,4,A10,X,9.4,221
2021,Ford,Mustang,Subcompact,2.3,4,AS10,X,9.4,222
2021,Ford,Mustang (High Performance),Subcompact,2.3,4,AS10,X,10.3,242
2021,Ford,Mustang,Subcompact,2.3,4,M6,X,9.9,233
2021,Ford,Mustang (High Performance),Subcompact,2.3,4,M6,X,10.5,246
2021,Ford,Mustang,Subcompact,5.0,8,AS10,X,12.8,300
2021,Ford,Mustang,Subcompact,5.0,8,M6,X,13.4,314
2021,Ford,Mustang Convertible,Subcompact,2.3,4,A10,X,10.4,244
2021,Ford,Mustang Convertible,Subcompact,2.3,4,AS10,X,10.3,241
2021,Ford,Mustang Convertible (High Performance),Subcompact,2.3,4,AS10,X,10.7,251
2021,Ford,Mustang Convertible,Subcompact,2.3,4,M6,X,10.4,244
2021,Ford,Mustang Convertible (High Performance),Subcompact,2.3,4,M6,X,11.0,258
2021,Ford,Mustang Convertible,Subcompact,5.0,8,AS10,X,13.3,312
2021,Ford,Mustang Mach 1,Subcompact,5.0,8,AS10,X,12.9,303
2021,Ford,Mustang Mach 1,Subcompact,5.0,8,M6,X,13.9,325
2021,Ford,Ranger 4WD,Pickup truck: Standard,2.3,4,AS10,X,10.9,256
2021,Ford,Ranger 4WD Tremor,Pickup truck: Standard,2.3,4,AS10,X,12.2,287
2021,Ford,Shelby GT500 Mustang,Subcompact,5.2,8,AM7,Z,16.7,393
2021,Ford,T-150 Wagon FFV,Van: Passenger,3.5,6,AS10,X,14.5,341
2021,Ford,T-150 Wagon FFV,Van: Passenger,3.5,6,AS10,E,19.3,321
2021,Ford,T-150 Wagon FFV 4WD,Van: Passenger,3.5,6,AS10,X,15.1,354
2021,Ford,T-150 Wagon FFV 4WD,Van: Passenger,3.5,6,AS10,E,19.9,331
2021,Ford,Transit Connect Van,Special purpose vehicle,2.0,4,AS8,X,9.3,217
2021,Ford,Transit Connect Van FFV,Special purpose vehicle,2.0,4,AS8,X,9.3,217
2021,Ford,Transit Connect Van FFV,Special purpose vehicle,2.0,4,AS8,E,12.6,209
2021,Ford,Transit Connect Van,Special purpose vehicle,2.5,4,AS6,X,10.6,247
2021,Ford,Transit Connect Wagon LWB,Special purpose vehicle,2.0,4,AS8,X,9.2,214
2021,Ford,Transit Connect Wagon LWB FFV,Special purpose vehicle,2.0,4,AS8,X,9.2,214
2021,Ford,Transit Connect Wagon LWB FFV,Special purpose vehicle,2.0,4,AS8,E,12.5,208
2021,Ford,Transit Connect Wagon LWB,Special purpose vehicle,2.5,4,AS6,X,10.7,251
2021,Genesis,G70,Compact,2.0,4,M6,Z,10.9,255
2021,Genesis,G70 AWD,Compact,2.0,4,AS8,Z,10.1,236
2021,Genesis,G70 AWD,Compact,3.3,6,AS8,Z,12.0,284
2021,Genesis,G80 AWD,Full-size,2.5,4,AS8,Z,9.5,225
2021,Genesis,G80 AWD,Full-size,3.5,6,AS8,Z,11.2,262
2021,Genesis,G90 AWD,Full-size,5.0,8,AS8,Z,12.8,303
2021,Genesis,GV80 AWD,Sport utility vehicle: Standard,2.5,4,AS8,Z,10.5,248
2021,Genesis,GV80 AWD,Sport utility vehicle: Standard,3.5,6,AS8,Z,11.8,279
2021,GMC,Acadia,Sport utility vehicle: Standard,2.0,4,A9,X,9.4,221
2021,GMC,Acadia,Sport utility vehicle: Standard,2.5,4,A9,X,10.2,238
2021,GMC,Acadia,Sport utility vehicle: Standard,3.6,6,A9,X,10.7,250
2021,GMC,Acadia AWD,Sport utility vehicle: Standard,2.0,4,A9,X,9.7,227
2021,GMC,Acadia AWD,Sport utility vehicle: Standard,3.6,6,A9,X,10.9,256
2021,GMC,Canyon,Pickup truck: Small,2.5,4,A6,X,10.9,257
2021,GMC,Canyon,Pickup truck: Small,2.8,4,A6,D,10.1,294
2021,GMC,Canyon,Pickup truck: Small,3.6,6,A8,X,11.3,263
2021,GMC,Canyon 4WD,Pickup truck: Small,2.5,4,A6,X,11.4,268
2021,GMC,Canyon 4WD,Pickup truck: Small,2.8,4,A6,D,10.5,294
2021,GMC,Canyon 4WD,Pickup truck: Small,3.6,6,A8,X,13.1,306
2021,GMC,Sierra,Pickup truck: Standard,2.7,4,A8,X,11.2,263
2021,GMC,Sierra WT,Pickup truck: Standard,2.7,4,A8,X,11.2,263
2021,GMC,Sierra,Pickup truck: Standard,3.0,6,A10,D,9.1,245
2021,GMC,Sierra,Pickup truck: Standard,4.3,6,A6,X,13.5,318
2021,GMC,Sierra,Pickup truck: Standard,5.3,8,A6,X,13.8,325
2021,GMC,Sierra (Without AFM),Pickup truck: Standard,5.3,8,A6,X,14.3,336
2021,GMC,Sierra FFV,Pickup truck: Standard,5.3,8,A6,X,14.5,340
2021,GMC,Sierra FFV,Pickup truck: Standard,5.3,8,A6,E,19.0,315
2021,GMC,Sierra,Pickup truck: Standard,5.3,8,A8,X,12.3,288
2021,GMC,Sierra (Without DFM),Pickup truck: Standard,5.3,8,A8,X,13.7,321
2021,GMC,Sierra 4WD,Pickup truck: Standard,2.7,4,A8,X,12.3,288
2021,GMC,Sierra 4WD WT,Pickup truck: Standard,2.7,4,A8,X,12.6,295
2021,GMC,Sierra 4WD,Pickup truck: Standard,3.0,6,A10,D,10.0,268
2021,GMC,Sierra 4WD AT4,Pickup truck: Standard,3.0,6,A10,D,10.0,268
2021,GMC,Sierra 4WD,Pickup truck: Standard,4.3,6,A6,X,14.0,329
2021,GMC,Sierra 4WD,Pickup truck: Standard,5.3,8,A6,X,14.1,331
2021,GMC,Sierra 4WD (Without AFM),Pickup truck: Standard,5.3,8,A6,X,14.8,348
2021,GMC,Sierra 4WD FFV,Pickup truck: Standard,5.3,8,A6,X,14.8,347
2021,GMC,Sierra 4WD FFV,Pickup truck: Standard,5.3,8,A6,E,19.5,326
2021,GMC,Sierra 4WD AT4,Pickup truck: Standard,5.3,8,A6,X,15.1,355
2021,GMC,Sierra 4WD,Pickup truck: Standard,5.3,8,A8,X,13.3,313
2021,GMC,Sierra 4WD (Without DFM),Pickup truck: Standard,5.3,8,A8,X,14.8,349
2021,GMC,Sierra 4WD AT4,Pickup truck: Standard,5.3,8,A8,X,13.3,312
2021,GMC,Sierra 4WD AT4 (Without DFM),Pickup truck: Standard,5.3,8,A8,X,14.8,348
2021,GMC,Sierra 4WD,Pickup truck: Standard,5.3,8,A10,X,12.7,298
2021,GMC,Sierra 4WD (Without Stop-Start),Pickup truck: Standard,5.3,8,A10,X,13.3,313
2021,GMC,Sierra 4WD AT4,Pickup truck: Standard,5.3,8,A10,X,13.1,307
2021,GMC,Sierra 4WD AT4 (Without Stop-Start),Pickup truck: Standard,5.3,8,A10,X,13.7,321
2021,GMC,Sierra 4WD,Pickup truck: Standard,6.2,8,A10,Z,13.5,316
2021,GMC,Sierra 4WD (Without Stop-Start),Pickup truck: Standard,6.2,8,A10,Z,14.3,335
2021,GMC,Sierra 4WD AT4,Pickup truck: Standard,6.2,8,A10,Z,14.2,332
2021,GMC,Sierra 4WD AT4 (Without Stop-Start),Pickup truck: Standard,6.2,8,A10,Z,15.0,352
2021,GMC,Terrain,Sport utility vehicle: Small,1.5,4,A9,X,8.6,201
2021,GMC,Terrain AWD,Sport utility vehicle: Small,1.5,4,A9,X,9.0,211
2021,GMC,Yukon,Sport utility vehicle: Standard,3.0,6,A10,D,10.1,272
2021,GMC,Yukon,Sport utility vehicle: Standard,5.3,8,A10,X,13.2,309
2021,GMC,Yukon (Without Stop-Start),Sport utility vehicle: Standard,5.3,8,A10,X,13.8,325
2021,GMC,Yukon 4WD,Sport utility vehicle: Standard,3.0,6,A10,D,10.6,277
2021,GMC,Yukon 4WD,Sport utility vehicle: Standard,5.3,8,A10,X,13.5,317
2021,GMC,Yukon 4WD (Without Stop-Start),Sport utility vehicle: Standard,5.3,8,A10,X,13.9,327
2021,GMC,Yukon 4WD,Sport utility vehicle: Standard,6.2,8,A10,Z,14.8,347
2021,GMC,Yukon 4WD (Without Stop-Start),Sport utility vehicle: Standard,6.2,8,A10,Z,15.3,357
2021,GMC,Yukon XL,Sport utility vehicle: Standard,3.0,6,A10,D,10.1,272
2021,GMC,Yukon XL,Sport utility vehicle: Standard,5.3,8,A10,X,13.2,309
2021,GMC,Yukon XL (Without Stop-Start),Sport utility vehicle: Standard,5.3,8,A10,X,13.8,325
2021,GMC,Yukon XL 4WD,Sport utility vehicle: Standard,3.0,6,A10,D,10.6,277
2021,GMC,Yukon XL 4WD,Sport utility vehicle: Standard,5.3,8,A10,X,14.0,328
2021,GMC,Yukon XL 4WD (Without Stop-Start),Sport utility vehicle: Standard,5.3,8,A10,X,14.5,341
2021,GMC,Yukon XL 4WD,Sport utility vehicle: Standard,6.2,8,A10,Z,14.8,347
2021,GMC,Yukon XL 4WD (Without Stop-Start),Sport utility vehicle: Standard,6.2,8,A10,Z,15.3,357
2021,Honda,Accord,Full-size,1.5,4,AV,X,7.2,168
2021,Honda,Accord Sport/Touring,Full-size,1.5,4,AV7,X,7.5,176
2021,Honda,Accord Sport/Touring,Full-size,2.0,4,AS10,X,9.1,211
2021,Honda,Accord Hybrid,Full-size,2.0,4,AV,X,5.0,117
2021,Honda,Accord Hybrid Sport/Touring,Full-size,2.0,4,AV,X,5.5,129
2021,Honda,Civic Hatchback,Full-size,1.5,4,M6,X,7.3,171
2021,Honda,Civic Hatchback Sport,Full-size,1.5,4,AV7,Z,7.4,172
2021,Honda,Civic Hatchback Sport,Full-size,1.5,4,M6,Z,7.3,171
2021,Honda,Civic Sedan,Mid-size,1.5,4,AV7,X,7.1,165
2021,Honda,Civic Sedan,Mid-size,2.0,4,AV,X,7.1,167
2021,Honda,Civic Sedan,Mid-size,2.0,4,AV7,X,7.4,172
2021,Honda,Civic Type R,Full-size,2.0,4,M6,Z,9.6,223
2021,Honda,CR-V,Sport utility vehicle: Small,1.5,4,AV,X,7.7,180
2021,Honda,CR-V AWD,Sport utility vehicle: Small,1.5,4,AV,X,8.1,189
2021,Honda,HR-V,Station wagon: Small,1.8,4,AV,X,7.8,181
2021,Honda,HR-V AWD,Station wagon: Small,1.8,4,AV,X,8.2,193
2021,Honda,HR-V AWD,Station wagon: Small,1.8,4,AV7,X,8.5,200
2021,Honda,Insight EX,Mid-size,1.5,4,AV,X,4.9,115
2021,Honda,Insight Touring,Compact,1.5,4,AV,X,4.9,115
2021,Honda,Odyssey,Minivan,3.5,6,AS10,X,10.6,248
2021,Honda,Passport AWD,Sport utility vehicle: Small,3.5,6,AS9,X,11.3,265
2021,Honda,Pilot AWD,Sport utility vehicle: Small,3.5,6,AS9,X,11.0,256
2021,Honda,Ridgeline AWD,Pickup truck: Standard,3.5,6,AS9,X,11.5,271
2021,Hyundai,Elantra,Mid-size,1.6,4,AM7,X,7.6,179
2021,Hyundai,Elantra,Mid-size,2.0,4,AV1,X,6.7,157
2021,Hyundai,Elantra (ISG),Mid-size,2.0,4,AV1,X,6.4,152
2021,Hyundai,Elantra,Mid-size,2.0,4,M6,X,7.8,185
2021,Hyundai,Elantra Hybrid Blue,Mid-size,1.6,4,AM6,X,4.4,103
2021,Hyundai,IONIQ,Full-size,1.6,4,AM6,X,4.2,99
2021,Hyundai,IONIQ Blue,Full-size,1.6,4,AM6,X,4.0,94
2021,Hyundai,Kona,Sport utility vehicle: Small,2.0,4,AS6,X,7.9,187
2021,Hyundai,Kona AWD,Sport utility vehicle: Small,1.6,4,AM7,X,8.6,201
2021,Hyundai,Kona AWD,Sport utility vehicle: Small,2.0,4,AS6,X,8.6,202
2021,Hyundai,Palisade,Sport utility vehicle: Standard,3.8,6,AS8,X,10.5,250
2021,Hyundai,Palisade AWD,Sport utility vehicle: Standard,3.8,6,AS8,X,11.1,265
2021,Hyundai,Santa Fe,Sport utility vehicle: Small,2.5,4,AS8,X,9.1,214
2021,Hyundai,Santa Fe AWD,Sport utility vehicle: Small,2.5,4,AM8,X,9.9,233
2021,Hyundai,Santa Fe AWD,Sport utility vehicle: Small,2.5,4,AS8,X,10.0,235
2021,Hyundai,Santa Fe Hybrid,Sport utility vehicle: Small,1.6,4,AM6,X,7.4,176
2021,Hyundai,Sonata,Full-size,1.6,4,AS8,X,7.7,182
2021,Hyundai,Sonata,Full-size,2.5,4,AM8,X,8.8,208
2021,Hyundai,Sonata,Full-size,2.5,4,AS8,X,7.7,182
2021,Hyundai,Sonata Hybrid,Full-size,2.0,4,AM6,X,5.0,117
2021,Hyundai,Tucson,Sport utility vehicle: Small,2.0,4,AS6,X,9.1,216
2021,Hyundai,Tucson AWD,Sport utility vehicle: Small,2.0,4,AS6,X,10.1,239
2021,Hyundai,Tucson AWD,Sport utility vehicle: Small,2.4,4,AS6,X,10.1,241
2021,Hyundai,Veloster N,Compact,2.0,4,AM8,Z,10.5,248
2021,Hyundai,Veloster N,Compact,2.0,4,M6,Z,9.5,226
2021,Hyundai,Venue,Mid-size,1.6,4,AV1,X,7.5,178
2021,Hyundai,Venue,Mid-size,1.6,4,M6,X,7.8,184
2021,Infiniti,Q50 AWD,Mid-size,3.0,6,AS7,Z,10.8,254
2021,Infiniti,Q50 AWD Red Sport,Mid-size,3.0,6,AS7,Z,11.1,261
2021,Infiniti,Q60 AWD,Subcompact,3.0,6,AS7,Z,10.7,252
2021,Infiniti,Q60 AWD Red Sport,Subcompact,3.0,6,AS7,Z,11.0,259
2021,Infiniti,QX50 AWD,Sport utility vehicle: Small,2.0,4,AV8,Z,9.7,229
2021,Infiniti,QX80 4WD,Sport utility vehicle: Standard,5.6,8,AS7,Z,15.1,356
2021,Jaguar,E-PACE P250,Sport utility vehicle: Small,2.0,4,AS9,Z,10.4,247
2021,Jaguar,E-PACE P300,Sport utility vehicle: Small,2.0,4,AS9,Z,10.3,245
2021,Jaguar,F-PACE P250,Sport utility vehicle: Small,2.0,4,AS8,Z,9.9,227
2021,Jaguar,F-PACE P340,Sport utility vehicle: Small,3.0,6,AS8,Z,10.6,250
2021,Jaguar,F-PACE P400,Sport utility vehicle: Small,3.0,6,AS8,Z,10.7,252
2021,Jaguar,F-PACE SVR,Sport utility vehicle: Small,5.0,8,AS8,Z,13.4,316
2021,Jaguar,F-TYPE P300 Convertible,Two-seater,2.0,4,AS8,Z,9.2,215
2021,Jaguar,F-TYPE P300 Coupe,Two-seater,2.0,4,AS8,Z,9.2,215
2021,Jaguar,F-TYPE P380 Convertible AWD,Two-seater,3.0,6,AS8,Z,11.3,265
2021,Jaguar,F-TYPE P380 Coupe AWD,Two-seater,3.0,6,AS8,Z,11.3,265
2021,Jaguar,F-TYPE R Convertible AWD,Two-seater,5.0,8,AS8,Z,12.7,299
2021,Jaguar,F-TYPE R Coupe AWD,Two-seater,5.0,8,AS8,Z,12.7,299
2021,Jaguar,XF P250,Mid-size,2.0,4,AS8,Z,8.4,197
2021,Jaguar,XF P300 AWD,Mid-size,2.0,4,AS8,Z,9.3,219
2021,Jeep,Cherokee,Sport utility vehicle: Small,2.0,4,A9,X,9.1,214
2021,Jeep,Cherokee,Sport utility vehicle: Small,2.4,4,A9,X,9.3,219
2021,Jeep,Cherokee,Sport utility vehicle: Small,3.2,6,A9,X,10.2,240
2021,Jeep,Cherokee 4X4 Active Drive I,Sport utility vehicle: Small,2.0,4,A9,X,9.8,229
2021,Jeep,Cherokee 4X4 Active Drive I,Sport utility vehicle: Small,2.4,4,A9,X,9.8,230
2021,Jeep,Cherokee 4X4 Active Drive I,Sport utility vehicle: Small,3.2,6,A9,X,10.6,249
2021,Jeep,Cherokee 4X4 Active Drive II,Sport utility vehicle: Small,2.0,4,A9,X,10.2,240
2021,Jeep,Cherokee 4X4 Active Drive II,Sport utility vehicle: Small,3.2,6,A9,X,11.1,259
2021,Jeep,Cherokee 4X4 Active Drive Lock,Sport utility vehicle: Small,3.2,6,A9,X,11.5,268
2021,Jeep,Compass,Sport utility vehicle: Small,2.4,4,A6,X,9.3,218
2021,Jeep,Compass 4X4,Sport utility vehicle: Small,2.4,4,A9,X,9.5,222
2021,Jeep,Gladiator 4X4 EcoDiesel,Pickup truck: Standard,3.0,6,A8,D,9.8,263
2021,Jeep,Gladiator 4X4 Rubicon EcoDiesel,Pickup truck: Standard,3.0,6,A8,D,10.0,271
2021,Jeep,Gladiator 4X4,Pickup truck: Standard,3.6,6,A8,X,12.3,290
2021,Jeep,Gladiator 4X4,Pickup truck: Standard,3.6,6,M6,X,12.6,296
2021,Jeep,Grand Cherokee 4X4,Sport utility vehicle: Standard,3.6,6,A8,X,11.3,265
2021,Jeep,Grand Cherokee 4X4,Sport utility vehicle: Standard,5.7,8,A8,X,14.1,331
2021,Jeep,Grand Cherokee 4X4 SRT,Sport utility vehicle: Standard,6.4,8,A8,Z,15.7,368
2021,Jeep,Grand Cherokee 4X4 Trackhawk,Sport utility vehicle: Standard,6.2,8,A8,Z,17.7,413
2021,Jeep,Grand Cherokee L 4X4,Sport utility vehicle: Standard,3.6,6,A8,X,11.3,266
2021,Jeep,Grand Cherokee L 4X4,Sport utility vehicle: Standard,5.7,8,A8,X,14.1,331
2021,Jeep,Renegade,Sport utility vehicle: Small,1.3,4,A9,X,8.7,204
2021,Jeep,Renegade,Sport utility vehicle: Small,2.4,4,A9,X,9.5,222
2021,Jeep,Renegade 4X4,Sport utility vehicle: Small,1.3,4,A9,X,9.2,222
2021,Jeep,Renegade 4X4 Trailhawk,Sport utility vehicle: Small,1.3,4,A9,X,9.9,231
2021,Jeep,Renegade 4X4,Sport utility vehicle: Small,2.4,4,A9,X,9.8,230
2021,Jeep,Wrangler JL 4X4,Sport utility vehicle: Small,2.0,4,A8,X,10.3,241
2021,Jeep,Wrangler JL 4X4,Sport utility vehicle: Small,3.6,6,A8,X,11.8,274
2021,Jeep,Wrangler JL 4X4 eTorque,Sport utility vehicle: Small,3.6,6,A8,X,11.0,258
2021,Jeep,Wrangler JL 4X4,Sport utility vehicle: Small,3.6,6,M6,X,11.8,277
2021,Jeep,Wrangler JL Unlimited 4X4,Sport utility vehicle: Small,2.0,4,A8,X,10.8,251
2021,Jeep,Wrangler JL Unlimited 4X4 EcoDiesel,Sport utility vehicle: Small,3.0,6,A8,D,9.5,255
2021,Jeep,Wrangler JL Unlimited 4X4 Rubicon EcoDiesel,Sport utility vehicle: Small,3.0,6,A8,D,10.2,275
2021,Jeep,Wrangler JL Unlimited 4X4,Sport utility vehicle: Small,3.6,6,A8,X,11.9,280
2021,Jeep,Wrangler JL Unlimited 4X4 eTorque,Sport utility vehicle: Small,3.6,6,A8,X,11.2,262
2021,Jeep,Wrangler JL Unlimited 4X4,Sport utility vehicle: Small,3.6,6,M6,X,12.2,285
2021,Kia,Forte,Mid-size,1.6,4,AM7,X,7.8,184
2021,Kia,Forte,Mid-size,2.0,4,AV,X,6.9,164
2021,Kia,Forte,Mid-size,2.0,4,M6,X,7.6,180
2021,Kia,Forte 5,Full-size,1.6,4,AM7,X,8.0,190
2021,Kia,Forte 5,Full-size,1.6,4,M6,X,8.8,209
2021,Kia,Forte 5,Full-size,2.0,4,AV,X,7.1,169
2021,Kia,K5,Full-size,2.5,4,AM8,X,8.7,207
2021,Kia,K5 AWD,Full-size,1.6,4,AS8,X,8.2,193
2021,Kia,Niro,Station wagon: Small,1.6,4,AM6,X,4.6,110
2021,Kia,Niro FE,Station wagon: Small,1.6,4,AM6,X,4.6,110
2021,Kia,Niro Touring,Station wagon: Small,1.6,4,AM6,X,5.3,124
2021,Kia,Rio,Compact,1.6,4,AV1,X,6.7,159
2021,Kia,Rio,Compact,1.6,4,M6,X,7.0,166
2021,Kia,Sedona,Minivan,3.3,6,AS8,X,11.5,272
2021,Kia,Seltos,Sport utility vehicle: Small,2.0,4,AV8,X,7.7,182
2021,Kia,Seltos AWD,Sport utility vehicle: Small,1.6,4,AM7,X,8.7,205
2021,Kia,Seltos AWD,Sport utility vehicle: Small,2.0,4,AV8,X,8.2,195
2021,Kia,Sorento AWD,Sport utility vehicle: Small,2.5,4,AM8,X,9.9,233
2021,Kia,Sorento AWD,Sport utility vehicle: Small,2.5,4,AS8,X,9.7,227
2021,Kia,Soul,Station wagon: Small,2.0,4,AV,X,7.9,187
2021,Kia,Sportage,Sport utility vehicle: Small,2.4,4,AS6,X,9.0,214
2021,Kia,Sportage AWD,Sport utility vehicle: Small,2.0,4,AS6,X,11.0,261
2021,Kia,Sportage AWD,Sport utility vehicle: Small,2.4,4,AS6,X,10.0,237
2021,Kia,Stinger AWD,Mid-size,3.3,6,AS8,Z,11.8,279
2021,Kia,Telluride AWD,Sport utility vehicle: Small,3.8,6,AS8,X,11.3,265
2021,Lamborghini,Aventador Coupe S,Two-seater,6.5,12,AM7,Z,22.4,520
2021,Lamborghini,Aventador Coupe SVJ,Two-seater,6.5,12,AM7,Z,22.4,520
2021,Lamborghini,Aventador Roadster S,Two-seater,6.5,12,AM7,Z,22.2,515
2021,Lamborghini,Aventador Roadster SVJ,Two-seater,6.5,12,AM7,Z,22.2,515
2021,Lamborghini,Aventador Sian Coupe,Two-seater,6.5,12,AM7,Z,23.1,539
2021,Lamborghini,Aventador Sian Roadster,Two-seater,6.5,12,AM7,Z,23.1,539
2021,Lamborghini,Huracan,Two-seater,5.2,10,AM7,Z,15.7,370
2021,Lamborghini,Huracan AWD,Two-seater,5.2,10,AM7,Z,15.7,371
2021,Lamborghini,Huracan Spyder,Two-seater,5.2,10,AM7,Z,15.7,370
2021,Lamborghini,Huracan Spyder AWD,Two-seater,5.2,10,AM7,Z,15.7,371
2021,Lamborghini,Huracan STO,Two-seater,5.2,10,AM7,Z,15.7,370
2021,Lamborghini,Urus,Sport utility vehicle: Standard,4.0,8,AS8,Z,16.9,384
2021,Land Rover,Defender 90 P300,Sport utility vehicle: Standard,2.0,4,AS8,Z,12.3,289
2021,Land Rover,Defender 90 P400,Sport utility vehicle: Standard,3.0,6,AS8,Z,12.3,287
2021,Land Rover,Defender 110 P300,Sport utility vehicle: Standard,2.0,4,AS8,Z,13.0,306
2021,Land Rover,Defender 110 P400,Sport utility vehicle: Standard,3.0,6,AS8,Z,12.3,287
2021,Land Rover,Discovery P300,Sport utility vehicle: Standard,2.0,4,AS8,Z,11.5,271
2021,Land Rover,Discovery P360,Sport utility vehicle: Standard,3.0,6,AS8,Z,11.4,270
2021,Land Rover,Discovery Sport P250,Sport utility vehicle: Small,2.0,4,AS9,Z,11.5,271
2021,Land Rover,Range Rover P360/P400,Sport utility vehicle: Standard,3.0,6,AS8,Z,11.9,279
2021,Land Rover,Range Rover Td6 Diesel,Sport utility vehicle: Standard,3.0,6,AS8,D,9.5,256
2021,Land Rover,Range Rover P525 Supercharged,Sport utility vehicle: Standard,5.0,8,AS8,Z,13.0,305
2021,Land Rover,Range Rover P525 Supercharged LWB,Sport utility vehicle: Standard,5.0,8,AS8,Z,13.0,305
2021,Land Rover,Range Rover SVAutobiography,Sport utility vehicle: Standard,5.0,8,AS8,Z,15.1,354
2021,Land Rover,Range Rover SVAutobiography LWB,Sport utility vehicle: Standard,5.0,8,AS8,Z,15.6,365
2021,Land Rover,Range Rover Sport P360/P400,Sport utility vehicle: Standard,3.0,6,AS8,Z,11.4,269
2021,Land Rover,Range Rover Sport Td6 Diesel,Sport utility vehicle: Standard,3.0,6,AS8,D,9.5,256
2021,Land Rover,Range Rover Sport P525 Supercharged,Sport utility vehicle: Standard,5.0,8,AS8,Z,12.5,293
2021,Land Rover,Range Rover Sport SVR,Sport utility vehicle: Standard,5.0,8,AS8,Z,14.3,336
2021,Land Rover,Range Rover Evoque P250,Sport utility vehicle: Small,2.0,4,AS9,Z,10.5,247
2021,Land Rover,Range Rover Velar P250,Sport utility vehicle: Small,2.0,4,AS8,Z,10.4,244
2021,Land Rover,Range Rover Velar P340,Sport utility vehicle: Small,3.0,6,AS8,Z,10.5,248
2021,Land Rover,Range Rover Velar P400,Sport utility vehicle: Small,3.0,6,AS8,Z,11.3,265
2021,Lexus,ES 250 AWD,Mid-size,2.5,4,AS8,X,8.4,197
2021,Lexus,ES 300h,Mid-size,2.5,4,AV6,X,5.3,124
2021,Lexus,ES 350,Mid-size,3.5,6,AS8,X,9.1,213
2021,Lexus,ES 350 F SPORT,Mid-size,3.5,6,AS8,X,9.4,219
2021,Lexus,GX 460,Sport utility vehicle: Standard,4.6,8,AS6,Z,14.5,337
2021,Lexus,IS 300,Compact,2.0,4,AS8,Z,9.5,221
2021,Lexus,IS 300 AWD,Compact,3.5,6,AS6,Z,10.8,253
2021,Lexus,IS 350 AWD,Compact,3.5,6,AS6,Z,10.8,253
2021,Lexus,LC 500,Subcompact,5.0,8,AS10,Z,12.6,294
2021,Lexus,LC 500 Convertible,Minicompact,5.0,8,AS10,Z,13.0,304
2021,Lexus,LC 500h,Subcompact,3.5,6,AV10,Z,8.1,189
2021,Lexus,LS 500 AWD,Mid-size,3.5,6,AS10,Z,11.1,269
2021,Lexus,LS 500h AWD,Mid-size,3.5,6,AV10,Z,9.2,213
2021,Lexus,LX 570,Sport utility vehicle: Standard,5.7,8,AS8,Z,16.9,395
2021,Lexus,NX 300 AWD,Sport utility vehicle: Small,2.0,4,AS6,Z,9.7,226
2021,Lexus,NX 300 AWD F SPORT,Sport utility vehicle: Small,2.0,4,AS6,Z,9.9,232
2021,Lexus,NX 300h AWD,Sport utility vehicle: Small,2.5,4,AV6,X,7.5,175
2021,Lexus,RC 300 AWD,Subcompact,3.5,6,AS6,Z,10.8,253
2021,Lexus,RC 350 AWD,Subcompact,3.5,6,AS6,Z,10.8,253
2021,Lexus,RC F,Subcompact,5.0,8,AS8,Z,12.2,285
2021,Lexus,RX 350 AWD,Sport utility vehicle: Small,3.5,6,AS8,X,10.8,252
2021,Lexus,RX 350 L AWD,Sport utility vehicle: Small,3.5,6,AS8,X,11.1,268
2021,Lexus,RX 450h AWD,Sport utility vehicle: Standard,3.5,6,AV6,Z,7.9,185
2021,Lexus,RX 450h L AWD,Sport utility vehicle: Standard,3.5,6,AV6,Z,8.1,190
2021,Lexus,UX 200,Mid-size,2.0,4,AS10,X,7.2,168
2021,Lexus,UX 250h,Compact,2.0,4,AV6,X,5.6,130
2021,Lexus,UX 250h AWD,Compact,2.0,4,AV6,X,6.0,140
2021,Lincoln,Aviator AWD,Sport utility vehicle: Standard,3.0,6,AS10,X,11.9,280
2021,Lincoln,Corsair AWD,Sport utility vehicle: Small,2.0,4,AS8,X,9.8,229
2021,Lincoln,Corsair AWD,Sport utility vehicle: Small,2.3,4,AS8,X,9.9,232
2021,Lincoln,Nautilus AWD,Sport utility vehicle: Small,2.0,4,A8,X,10.7,252
2021,Lincoln,Nautilus AWD,Sport utility vehicle: Small,2.0,4,AS8,X,10.7,252
2021,Lincoln,Nautilus AWD,Sport utility vehicle: Small,2.7,6,AS8,X,11.1,262
2021,Lincoln,Navigator 4X4,Sport utility vehicle: Standard,3.5,6,AS10,X,13.5,316
2021,Maserati,Ghibli,Mid-size,3.0,6,A8,Z,11.9,277
2021,Maserati,Ghibli S,Mid-size,3.0,6,A8,Z,11.9,277
2021,Maserati,Ghibli S Q4,Mid-size,3.0,6,A8,Z,12.6,293
2021,Maserati,Ghibli Trofeo,Mid-size,3.8,8,A8,Z,14.9,348
2021,Maserati,Levante,Sport utility vehicle: Standard,3.0,6,A8,Z,13.2,308
2021,Maserati,Levante S,Sport utility vehicle: Standard,3.0,6,A8,Z,13.2,308
2021,Maserati,Levante GTS,Sport utility vehicle: Standard,3.8,8,A8,Z,15.0,349
2021,Maserati,Levante Trofeo,Sport utility vehicle: Standard,3.8,8,A8,Z,15.0,349
2021,Maserati,Quattroporte S,Full-size,3.0,6,A8,Z,12.5,291
2021,Maserati,Quattroporte S Q4,Full-size,3.0,6,A8,Z,12.6,293
2021,Maserati,Quattroporte Trofeo,Full-size,3.8,8,A8,Z,14.9,348
2021,Mazda,CX-3,Compact,2.0,4,AS6,X,7.7,179
2021,Mazda,CX-3 (SIL),Compact,2.0,4,M6,X,8.0,186
2021,Mazda,CX-3 4WD,Compact,2.0,4,AS6,X,8.1,189
2021,Mazda,CX-30,Sport utility vehicle: Small,2.0,4,AS6,X,8.1,189
2021,Mazda,CX-30,Sport utility vehicle: Small,2.5,4,AS6,X,8.3,194
2021,Mazda,CX-30 4WD,Sport utility vehicle: Small,2.0,4,AS6,X,8.6,202
2021,Mazda,CX-30 4WD,Sport utility vehicle: Small,2.5,4,AS6,X,8.9,208
2021,Mazda,CX-30 Turbo 4WD,Sport utility vehicle: Small,2.5,4,AS6,X,9.3,220
2021,Mazda,CX-5,Sport utility vehicle: Small,2.5,4,AS6,X,8.8,206
2021,Mazda,CX-5 (Cylinder Deactivation),Sport utility vehicle: Small,2.5,4,AS6,X,8.5,201
2021,Mazda,CX-5 4WD,Sport utility vehicle: Small,2.5,4,AS6,X,9.3,217
2021,Mazda,CX-5 4WD (Cylinder Deactivation),Sport utility vehicle: Small,2.5,4,AS6,X,9.0,209
2021,Mazda,CX-5 Turbo 4WD,Sport utility vehicle: Small,2.5,4,AS6,X,9.8,230
2021,Mazda,CX-9 4WD,Sport utility vehicle: Small,2.5,4,AS6,X,10.5,244
2021,Mazda,Mazda3 4-Door,Compact,2.0,4,AS6,X,7.6,178
2021,Mazda,Mazda3 4-Door (SIL),Compact,2.0,4,M6,X,7.7,180
2021,Mazda,Mazda3 4-Door,Compact,2.5,4,AS6,X,7.8,184
2021,Mazda,Mazda3 4-Door 4WD,Compact,2.5,4,AS6,X,8.2,193
2021,Mazda,Mazda3 4-Door Turbo 4WD,Compact,2.5,4,AS6,X,8.8,207
2021,Mazda,Mazda3 5-Door,Mid-size,2.0,4,AS6,X,7.7,181
2021,Mazda,Mazda3 5-Door (SIL),Mid-size,2.0,4,M6,X,7.8,181
2021,Mazda,Mazda3 5-Door,Mid-size,2.5,4,AS6,X,8.1,190
2021,Mazda,Mazda3 5-Door (SIL),Mid-size,2.5,4,M6,X,8.4,197
2021,Mazda,Mazda3 5-Door 4WD,Mid-size,2.5,4,AS6,X,8.5,200
2021,Mazda,Mazda3 5-Door Turbo 4WD,Mid-size,2.5,4,AS6,X,8.9,209
2021,Mazda,Mazda6,Mid-size,2.5,4,AS6,X,8.0,187
2021,Mazda,Mazda6 Turbo,Mid-size,2.5,4,AS6,X,8.9,208
2021,Mazda,MX-5,Two-seater,2.0,4,AS6,Z,7.9,186
2021,Mazda,MX-5 (SIL),Two-seater,2.0,4,M6,Z,8.1,189
2021,Mercedes-Benz,A 220 4MATIC Sedan,Subcompact,2.0,4,AM7,Z,8.4,197
2021,Mercedes-Benz,A 250 4MATIC Hatch,Station wagon: Small,2.0,4,AM7,Z,8.2,193
2021,Mercedes-Benz,AMG A 35 4MATIC Sedan,Subcompact,2.0,4,AM7,Z,9.5,224
2021,Mercedes-Benz,AMG A 35 4MATIC Hatch,Station wagon: Small,2.0,4,AM7,Z,9.5,224
2021,Mercedes-Benz,AMG C 43 4MATIC Sedan,Compact,3.0,6,A9,Z,11.3,266
2021,Mercedes-Benz,AMG C 43 4MATIC Cabriolet,Subcompact,3.0,6,A9,Z,10.7,251
2021,Mercedes-Benz,AMG C 43 4MATIC Coupe,Subcompact,3.0,6,A9,Z,10.8,254
2021,Mercedes-Benz,AMG C 43 4MATIC Wagon,Station wagon: Small,3.0,6,A9,Z,10.6,249
2021,Mercedes-Benz,AMG C 63 Sedan,Compact,4.0,8,A9,Z,11.4,269
2021,Mercedes-Benz,AMG C 63 S Sedan,Compact,4.0,8,A9,Z,11.4,269
2021,Mercedes-Benz,AMG C 63 S Cabriolet,Subcompact,4.0,8,A9,Z,12.0,281
2021,Mercedes-Benz,AMG C 63 S Coupe,Subcompact,4.0,8,A9,Z,11.6,273
2021,Mercedes-Benz,AMG CLA 35 4MATIC Coupe,Compact,2.0,4,AM7,Z,9.5,224
2021,Mercedes-Benz,AMG CLA 45 4MATIC Coupe,Compact,2.0,4,AM8,Z,10.3,242
2021,Mercedes-Benz,AMG CLS 53 4MATIC+ Coupe,Compact,3.0,6,A9,Z,10.3,242
2021,Mercedes-Benz,AMG E 53 4MATIC+ Sedan,Mid-size,3.0,6,A9,Z,9.5,225
2021,Mercedes-Benz,AMG E 53 4MATIC+ Cabriolet,Subcompact,3.0,6,A9,Z,10.2,239
2021,Mercedes-Benz,AMG E 53 4MATIC+ Coupe,Subcompact,3.0,6,A9,Z,10.0,235
2021,Mercedes-Benz,AMG E 53 4MATIC+ Wagon,Station wagon: Mid-size,3.0,6,A9,Z,10.1,238
2021,Mercedes-Benz,AMG E 63 S 4MATIC+ Sedan,Mid-size,4.0,8,A9,Z,12.8,301
2021,Mercedes-Benz,AMG E 63 S 4MATIC+ Wagon,Station wagon: Mid-size,4.0,8,A9,Z,12.8,300
2021,Mercedes-Benz,AMG G 63 SUV,Sport utility vehicle: Standard,4.0,8,A9,Z,17.2,396
2021,Mercedes-Benz,AMG GLA 35 4MATIC SUV,Sport utility vehicle: Small,2.0,4,AM8,Z,9.4,219
2021,Mercedes-Benz,AMG GLA 45 4MATIC SUV,Sport utility vehicle: Small,2.0,4,AM8,Z,10.4,243
2021,Mercedes-Benz,AMG GLB 35 SUV,Sport utility vehicle: Small,2.0,4,AM8,Z,10.1,237
2021,Mercedes-Benz,AMG GLC 43 4MATIC SUV,Sport utility vehicle: Small,3.0,6,A9,Z,11.6,272
2021,Mercedes-Benz,AMG GLC 43 4MATIC Coupe,Sport utility vehicle: Small,3.0,6,A9,Z,11.7,277
2021,Mercedes-Benz,AMG GLC 63 S 4MATIC+ SUV,Sport utility vehicle: Small,4.0,8,A9,Z,13.5,319
2021,Mercedes-Benz,AMG GLC 63 S 4MATIC+ Coupe,Sport utility vehicle: Small,4.0,8,A9,Z,13.2,311
2021,Mercedes-Benz,AMG GLE 53 4MATIC+ SUV,Sport utility vehicle: Standard,3.0,6,A9,Z,12.1,285
2021,Mercedes-Benz,AMG GLE 53 4MATIC+ Coupe,Sport utility vehicle: Standard,3.0,6,A9,Z,11.7,273
2021,Mercedes-Benz,AMG GLE 63 S 4MATIC+ SUV,Sport utility vehicle: Standard,4.0,8,A9,Z,14.5,340
2021,Mercedes-Benz,AMG GLE 63 S 4MATIC+ Coupe,Sport utility vehicle: Standard,4.0,8,A9,Z,14.7,347
2021,Mercedes-Benz,AMG GLS 63 4MATIC+ SUV,Sport utility vehicle: Standard,4.0,8,A9,Z,14.8,347
2021,Mercedes-Benz,AMG GT 53 4MATIC+ Coupe,Compact,3.0,6,A9,Z,10.9,255
2021,Mercedes-Benz,AMG GT 63 4MATIC+ Coupe,Compact,4.0,8,A9,Z,13.7,322
2021,Mercedes-Benz,AMG GT 63 S 4MATIC+ Coupe,Compact,4.0,8,A9,Z,13.3,312
2021,Mercedes-Benz,AMG GT Black Series Coupe,Two-seater,4.0,8,AM7,Z,13.9,328
2021,Mercedes-Benz,AMG GT C Coupe,Two-seater,4.0,8,AM7,Z,14.2,332
2021,Mercedes-Benz,AMG GT C Roadster,Two-seater,4.0,8,AM7,Z,14.1,330
2021,Mercedes-Benz,AMG GT R Coupe,Two-seater,4.0,8,AM7,Z,14.4,339
2021,Mercedes-Benz,AMG S 63 4MATIC+ Cabriolet,Subcompact,4.0,8,A9,Z,13.5,317
2021,Mercedes-Benz,AMG S 63 4MATIC+ Coupe,Compact,4.0,8,A9,Z,12.4,293
2021,Mercedes-Benz,C 300 4MATIC Sedan,Compact,2.0,4,A9,Z,8.7,204
2021,Mercedes-Benz,C 300 4MATIC Cabriolet,Subcompact,2.0,4,A9,Z,9.5,223
2021,Mercedes-Benz,C 300 4MATIC Coupe,Subcompact,2.0,4,A9,Z,9.0,210
2021,Mercedes-Benz,C 300 4MATIC Wagon,Station wagon: Small,2.0,4,A9,Z,9.1,214
2021,Mercedes-Benz,CLA 250 4MATIC Coupe,Compact,2.0,4,AM7,Z,8.6,201
2021,Mercedes-Benz,CLS 450 4MATIC Coupe,Compact,3.0,6,A9,Z,9.4,222
2021,Mercedes-Benz,E 350 4MATIC Sedan,Mid-size,2.0,4,A9,Z,9.4,221
2021,Mercedes-Benz,E 450 4MATIC Sedan,Mid-size,3.0,6,A9,Z,9.2,217
2021,Mercedes-Benz,E 450 4MATIC Cabriolet,Subcompact,3.0,6,A9,Z,9.3,219
2021,Mercedes-Benz,E 450 4MATIC Coupe,Subcompact,3.0,6,A9,Z,9.3,218
2021,Mercedes-Benz,E 450 4MATIC All-Terrain Wagon,Station wagon: Mid-size,3.0,6,A9,Z,9.6,226
2021,Mercedes-Benz,G 550 SUV,Sport utility vehicle: Standard,4.0,8,A9,Z,13.1,307
2021,Mercedes-Benz,GLA 250 4MATIC SUV,Sport utility vehicle: Small,2.0,4,AM8,Z,8.7,203
2021,Mercedes-Benz,GLB 250 4MATIC SUV,Sport utility vehicle: Small,2.0,4,AM8,Z,9.2,216
2021,Mercedes-Benz,GLC 300 4MATIC SUV,Sport utility vehicle: Small,2.0,4,A9,Z,10.0,235
2021,Mercedes-Benz,GLC 300 4MATIC Coupe,Sport utility vehicle: Small,2.0,4,A9,Z,9.6,226
2021,Mercedes-Benz,GLE 350 4MATIC SUV,Sport utility vehicle: Standard,2.0,4,A9,Z,10.8,254
2021,Mercedes-Benz,GLE 450 4MATIC SUV,Sport utility vehicle: Standard,3.0,6,A9,Z,10.4,244
2021,Mercedes-Benz,GLS 450 4MATIC SUV,Sport utility vehicle: Standard,3.0,6,A9,Z,11.0,257
2021,Mercedes-Benz,GLS 580 4MATIC SUV,Sport utility vehicle: Standard,4.0,8,A9,Z,13.0,305
2021,Mercedes-Benz,Maybach GLS 600 4MATIC SUV,Sport utility vehicle: Standard,4.0,8,A9,Z,14.8,346
2021,Mercedes-Benz,Maybach S 580 4MATIC Sedan,Full-size,4.0,8,A9,Z,12.9,301
2021,Mercedes-Benz,Metris Cargo Van,Special purpose vehicle,2.0,4,A9,Z,11.5,268
2021,Mercedes-Benz,Metris Cargo Van LWB,Special purpose vehicle,2.0,4,A9,Z,11.5,268
2021,Mercedes-Benz,Metris Passenger Van,Special purpose vehicle,2.0,4,A9,Z,12.2,284
2021,Mercedes-Benz,S 500 4MATIC SWB Sedan,Full-size,3.0,6,A9,Z,9.8,230
2021,Mercedes-Benz,S 560 Cabriolet,Subcompact,4.0,8,A9,Z,12.0,282
2021,Mercedes-Benz,S 560 4MATIC Coupe,Compact,4.0,8,A9,Z,12.0,282
2021,Mercedes-Benz,S 580 4MATIC LWB Sedan,Full-size,4.0,8,A9,Z,12.2,285
2021,MINI,Cooper 3 Door,Subcompact,1.5,3,AM7,Z,7.5,176
2021,MINI,Cooper 3 Door,Subcompact,1.5,3,M6,Z,7.7,180
2021,MINI,Cooper 5 Door,Subcompact,1.5,3,AM7,Z,7.5,176
2021,MINI,Cooper 5 Door,Subcompact,1.5,3,M6,Z,7.7,180
2021,MINI,Cooper Clubman ALL4,Mid-size,1.5,3,AS8,Z,8.5,198
2021,MINI,Cooper Convertible,Minicompact,1.5,3,AM7,Z,7.5,176
2021,MINI,Cooper Convertible,Minicompact,1.5,3,M6,Z,7.7,180
2021,MINI,Cooper Countryman ALL4,Mid-size,1.5,3,AS8,Z,8.8,206
2021,MINI,Cooper S 3 Door,Subcompact,2.0,4,AM7,Z,7.9,184
2021,MINI,Cooper S 3 Door,Subcompact,2.0,4,M6,Z,8.8,206
2021,MINI,Cooper S 5 Door,Subcompact,2.0,4,AM7,Z,7.9,184
2021,MINI,Cooper S 5 Door,Subcompact,2.0,4,M6,Z,8.8,206
2021,MINI,Cooper S Clubman ALL4,Mid-size,2.0,4,AS8,Z,8.9,207
2021,MINI,Cooper S Convertible,Minicompact,2.0,4,AM7,Z,8.1,191
2021,MINI,Cooper S Convertible,Minicompact,2.0,4,M6,Z,9.0,209
2021,MINI,Cooper S Countryman ALL4,Mid-size,2.0,4,AS8,Z,9.1,212
2021,MINI,John Cooper Works 3 Door,Subcompact,2.0,4,AS8,Z,8.1,190
2021,MINI,John Cooper Works 3 Door,Subcompact,2.0,4,M6,Z,8.8,206
2021,MINI,John Cooper Works Clubman ALL4,Mid-size,2.0,4,AS8,Z,9.0,210
2021,MINI,John Cooper Works Convertible,Minicompact,2.0,4,AS8,Z,8.3,194
2021,MINI,John Cooper Works Countryman ALL4,Mid-size,2.0,4,AS8,Z,9.0,210
2021,MINI,John Cooper Works GP,Subcompact,2.0,4,AS8,Z,8.9,208
2021,Mitsubishi,Mirage,Compact,1.2,3,AV,X,6.2,143
2021,Mitsubishi,Mirage,Compact,1.2,3,M5,X,6.5,151
2021,Mitsubishi,RVR,Sport utility vehicle: Small,2.0,4,AV6,X,8.8,206
2021,Mitsubishi,RVR 4WD,Sport utility vehicle: Small,2.0,4,AV6,X,9.2,213
2021,Mitsubishi,RVR 4WD,Sport utility vehicle: Small,2.4,4,AV6,X,9.4,218
2021,Nissan,Altima AWD,Mid-size,2.5,4,AV,X,8.0,188
2021,Nissan,Altima AWD SR/Platinum,Mid-size,2.5,4,AV,X,8.2,194
2021,Nissan,Armada 4WD,Sport utility vehicle: Standard,5.6,8,AS7,Z,15.4,362
2021,Nissan,GT-R,Subcompact,3.8,6,AM6,Z,12.8,300
2021,Nissan,Kicks,Mid-size,1.6,4,AV,X,7.2,169
2021,Nissan,Maxima,Mid-size,3.5,6,AV7,Z,9.9,233
2021,Nissan,Murano,Station wagon: Mid-size,3.5,6,AV7,X,10.2,240
2021,Nissan,Murano AWD,Station wagon: Mid-size,3.5,6,AV7,X,10.5,248
2021,Nissan,NV200 Cargo Van,Special purpose vehicle,2.0,4,AV,X,9.5,223
2021,Nissan,Qashqai,Station wagon: Small,2.0,4,AV8,X,8.3,196
2021,Nissan,Qashqai,Station wagon: Small,2.0,4,M6,X,9.0,212
2021,Nissan,Qashqai AWD,Station wagon: Small,2.0,4,AV8,X,8.6,202
2021,Nissan,Rogue,Sport utility vehicle: Small,2.5,4,AV8,X,8.3,194
2021,Nissan,Rogue AWD,Sport utility vehicle: Small,2.5,4,AV8,X,8.3,195
2021,Nissan,Sentra,Mid-size,2.0,4,AV,X,7.1,167
2021,Nissan,Sentra SR,Mid-size,2.0,4,AV,X,7.3,171
2021,Nissan,Sentra,Mid-size,2.0,4,M6,X,8.0,187
2021,Nissan,Sentra SR,Mid-size,2.0,4,M6,X,8.1,190
2021,Nissan,Titan 4WD,Pickup truck: Standard,5.6,8,AS9,Z,13.4,314
2021,Nissan,Titan 4WD PRO-4X,Pickup truck: Standard,5.6,8,AS9,Z,13.6,321
2021,Nissan,Versa,Compact,1.6,4,AV,X,6.7,158
2021,Nissan,Versa,Compact,1.6,4,M5,X,7.7,181
2021,Porsche,718 Boxster,Two-seater,2.0,4,AM7,Z,10.0,233
2021,Porsche,718 Boxster,Two-seater,2.0,4,M6,Z,10.5,245
2021,Porsche,718 Boxster T,Two-seater,2.0,4,AM7,Z,10.1,236
2021,Porsche,718 Boxster T,Two-seater,2.0,4,M6,Z,10.5,245
2021,Porsche,718 Boxster S,Two-seater,2.5,4,AM7,Z,10.9,255
2021,Porsche,718 Boxster S,Two-seater,2.5,4,M6,Z,11.2,263
2021,Porsche,718 Boxster GTS 4.0,Two-seater,4.0,6,AM7,Z,11.1,260
2021,Porsche,718 Boxster GTS 4.0,Two-seater,4.0,6,M6,Z,12.2,284
2021,Porsche,718 Cayman,Two-seater,2.0,4,AM7,Z,10.0,233
2021,Porsche,718 Cayman,Two-seater,2.0,4,M6,Z,10.5,245
2021,Porsche,718 Cayman T,Two-seater,2.0,4,AM7,Z,10.1,236
2021,Porsche,718 Cayman T,Two-seater,2.0,4,M6,Z,10.5,245
2021,Porsche,718 Cayman S,Two-seater,2.5,4,AM7,Z,10.9,255
2021,Porsche,718 Cayman S,Two-seater,2.5,4,M6,Z,11.2,263
2021,Porsche,718 Cayman GTS 4.0,Two-seater,4.0,6,AM7,Z,11.1,260
2021,Porsche,718 Cayman GTS 4.0,Two-seater,4.0,6,M6,Z,12.2,284
2021,Porsche,718 Cayman GT4,Two-seater,4.0,6,AM7,Z,11.6,271
2021,Porsche,718 Cayman GT4,Two-seater,4.0,6,M6,Z,12.2,286
2021,Porsche,718 Spyder,Two-seater,4.0,6,AM7,Z,11.6,271
2021,Porsche,718 Spyder,Two-seater,4.0,6,M6,Z,12.2,286
2021,Porsche,911 Carrera,Minicompact,3.0,6,AM8,Z,11.6,275
2021,Porsche,911 Carrera 4,Minicompact,3.0,6,AM8,Z,11.6,275
2021,Porsche,911 Carrera Cabriolet,Minicompact,3.0,6,AM8,Z,11.6,275
2021,Porsche,911 Carrera 4 Cabriolet,Minicompact,3.0,6,AM8,Z,11.6,275
2021,Porsche,911 Carrera S,Minicompact,3.0,6,AM8,Z,11.7,274
2021,Porsche,911 Carrera S,Minicompact,3.0,6,M7,Z,11.3,264
2021,Porsche,911 Carrera 4S,Minicompact,3.0,6,AM8,Z,11.8,275
2021,Porsche,911 Carrera 4S,Minicompact,3.0,6,M7,Z,11.8,275
2021,Porsche,911 Carrera S Cabriolet,Minicompact,3.0,6,AM8,Z,11.7,273
2021,Porsche,911 Carrera S Cabriolet,Minicompact,3.0,6,M7,Z,11.8,275
2021,Porsche,911 Carrera 4S Cabriolet,Minicompact,3.0,6,AM8,Z,11.7,273
2021,Porsche,911 Carrera 4S Cabriolet,Minicompact,3.0,6,M7,Z,12.0,281
2021,Porsche,911 Targa 4,Minicompact,3.0,6,AM8,Z,11.6,275
2021,Porsche,911 Targa 4S,Minicompact,3.0,6,AM8,Z,11.8,274
2021,Porsche,911 Targa 4S,Minicompact,3.0,6,M7,Z,11.9,278
2021,Porsche,911 Turbo,Minicompact,3.7,6,AM8,Z,13.7,321
2021,Porsche,911 Turbo Cabriolet,Minicompact,3.7,6,AM8,Z,13.9,324
2021,Porsche,911 Turbo S,Minicompact,3.7,6,AM8,Z,13.7,321
2021,Porsche,911 Turbo S Cabriolet,Minicompact,3.7,6,AM8,Z,14.1,328
2021,Porsche,Cayenne,Sport utility vehicle: Standard,3.0,6,AS8,Z,11.5,269
2021,Porsche,Cayenne Coupe,Sport utility vehicle: Standard,3.0,6,AS8,Z,11.6,271
2021,Porsche,Cayenne S,Sport utility vehicle: Standard,2.9,6,AS8,Z,11.9,278
2021,Porsche,Cayenne S Coupe,Sport utility vehicle: Standard,2.9,6,AS8,Z,12.3,286
2021,Porsche,Cayenne GTS,Sport utility vehicle: Standard,4.0,8,AS8,Z,14.2,331
2021,Porsche,Cayenne GTS Coupe,Sport utility vehicle: Standard,4.0,8,AS8,Z,14.0,326
2021,Porsche,Cayenne Turbo,Sport utility vehicle: Standard,4.0,8,AS8,Z,14.1,329
2021,Porsche,Cayenne Turbo Coupe,Sport utility vehicle: Standard,4.0,8,AS8,Z,14.2,332
2021,Porsche,Macan,Sport utility vehicle: Small,2.0,4,AM7,Z,11.3,264
2021,Porsche,Macan S,Sport utility vehicle: Small,2.9,6,AM7,Z,11.5,274
2021,Porsche,Macan GTS,Sport utility vehicle: Small,2.9,6,AM7,Z,12.2,285
2021,Porsche,Macan Turbo,Sport utility vehicle: Small,2.9,6,AM7,Z,12.5,293
2021,Porsche,Panamera,Full-size,2.9,6,AM8,Z,11.6,274
2021,Porsche,Panamera 4,Full-size,2.9,6,AM8,Z,11.5,274
2021,Porsche,Panamera 4 Executive,Full-size,2.9,6,AM8,Z,12.2,289
2021,Porsche,Panamera 4 ST,Full-size,2.9,6,AM8,Z,11.7,274
2021,Porsche,Panamera 4S,Full-size,2.9,6,AM8,Z,11.4,276
2021,Porsche,Panamera 4S Executive,Full-size,2.9,6,AM8,Z,12.2,292
2021,Porsche,Panamera 4S ST,Full-size,2.9,6,AM8,Z,12.2,292
2021,Porsche,Panamera GTS,Full-size,4.0,8,AM8,Z,13.7,323
2021,Porsche,Panamera GTS ST,Full-size,4.0,8,AM8,Z,13.9,323
2021,Porsche,Panamera Turbo S,Full-size,4.0,8,AM8,Z,13.5,326
2021,Porsche,Panamera Turbo S Executive,Full-size,4.0,8,AM8,Z,13.5,326
2021,Porsche,Panamera Turbo S ST,Full-size,4.0,8,AM8,Z,13.5,326
2021,Ram,1500 EcoDiesel,Pickup truck: Standard,3.0,6,A8,D,9.0,243
2021,Ram,1500 HFE EcoDiesel,Pickup truck: Standard,3.0,6,A8,D,8.9,238
2021,Ram,1500 eTorque,Pickup truck: Standard,3.6,6,A8,X,10.8,253
2021,Ram,1500 HFE eTorque,Pickup truck: Standard,3.6,6,A8,X,10.4,245
2021,Ram,1500,Pickup truck: Standard,5.7,8,A8,X,13.6,320
2021,Ram,1500 eTorque,Pickup truck: Standard,5.7,8,A8,X,12.4,290
2021,Ram,1500 4X4 EcoDiesel,Pickup truck: Standard,3.0,6,A8,D,9.7,260
2021,Ram,1500 4X4 eTorque,Pickup truck: Standard,3.6,6,A8,X,11.0,259
2021,Ram,1500 4X4,Pickup truck: Standard,5.7,8,A8,X,13.8,325
2021,Ram,1500 4X4 eTorque,Pickup truck: Standard,5.7,8,A8,X,12.5,294
2021,Ram,1500 4X4 TRX,Pickup truck: Standard,6.2,8,A8,Z,19.8,465
2021,Ram,1500 Classic,Pickup truck: Standard,3.6,6,A8,X,11.9,280
2021,Ram,1500 Classic,Pickup truck: Standard,5.7,8,A8,X,13.6,319
2021,Ram,1500 Classic 4X4,Pickup truck: Standard,3.6,6,A8,X,12.6,294
2021,Ram,1500 Classic 4X4,Pickup truck: Standard,5.7,8,A8,X,14.1,330
2021,Ram,ProMaster City,Special purpose vehicle,2.4,4,A9,X,9.9,232
2021,Rolls-Royce,Cullinan,Station wagon: Mid-size,6.7,12,AS8,Z,16.5,386
2021,Rolls-Royce,Cullinan Black Badge,Station wagon: Mid-size,6.7,12,AS8,Z,16.5,386
2021,Rolls-Royce,Dawn,Compact,6.6,12,AS8,Z,17.4,408
2021,Rolls-Royce,Dawn Black Badge,Compact,6.6,12,AS8,Z,17.4,408
2021,Rolls-Royce,Ghost,Full-size,6.7,12,AS8,Z,16.7,387
2021,Rolls-Royce,Ghost EWB,Full-size,6.7,12,AS8,Z,16.7,387
2021,Rolls-Royce,Phantom,Full-size,6.7,12,AS8,Z,16.3,382
2021,Rolls-Royce,Phantom EWB,Full-size,6.7,12,AS8,Z,16.3,382
2021,Rolls-Royce,Wraith,Mid-size,6.6,12,AS8,Z,16.5,387
2021,Rolls-Royce,Wraith Black Badge,Mid-size,6.6,12,AS8,Z,16.5,387
2021,Subaru,Ascent AWD,Sport utility vehicle: Standard,2.4,4,AV8,X,10.4,244
2021,Subaru,Crosstrek AWD,Sport utility vehicle: Small,2.0,4,AV8,X,7.9,185
2021,Subaru,Crosstrek AWD,Sport utility vehicle: Small,2.0,4,M6,X,9.4,220
2021,Subaru,Crosstrek AWD,Sport utility vehicle: Small,2.5,4,AV8,X,8.0,188
2021,Subaru,Forester AWD,Sport utility vehicle: Small,2.5,4,AV7,X,8.2,192
2021,Subaru,Impreza 4-Door AWD,Mid-size,2.0,4,AV7,X,7.5,174
2021,Subaru,Impreza 4-Door AWD,Mid-size,2.0,4,M5,X,9.0,210
2021,Subaru,Impreza 5-Door AWD,Station wagon: Small,2.0,4,AV7,X,7.6,178
2021,Subaru,Impreza 5-Door AWD,Station wagon: Small,2.0,4,M5,X,9.0,211
2021,Subaru,Legacy AWD,Full-size,2.4,4,AV8,X,8.7,205
2021,Subaru,Legacy AWD,Full-size,2.5,4,AV8,X,7.9,184
2021,Subaru,Outback AWD,Sport utility vehicle: Small,2.4,4,AV8,X,9.1,213
2021,Subaru,Outback AWD,Sport utility vehicle: Small,2.5,4,AV8,X,8.2,192
2021,Subaru,WRX AWD,Compact,2.0,4,AV8,Z,11.5,269
2021,Subaru,WRX AWD,Compact,2.0,4,M6,Z,10.4,243
2021,Subaru,WRX STI AWD,Compact,2.5,4,M6,Z,12.8,301
2021,Toyota,4Runner 4WD,Sport utility vehicle: Standard,4.0,6,AS5,X,13.8,321
2021,Toyota,4Runner 4WD (Part-Time 4WD),Sport utility vehicle: Standard,4.0,6,AS5,X,13.8,321
2021,Toyota,Avalon,Mid-size,3.5,6,AS8,X,9.5,221
2021,Toyota,Avalon AWD,Mid-size,2.5,4,AS8,X,8.4,197
2021,Toyota,C-HR,Compact,2.0,4,AS7,X,8.2,189
2021,Toyota,Camry LE/SE,Mid-size,2.5,4,AS8,X,7.4,173
2021,Toyota,Camry XLE/XSE,Mid-size,2.5,4,AS8,X,7.6,177
2021,Toyota,Camry,Mid-size,3.5,6,AS8,X,9.0,210
2021,Toyota,Camry XSE,Mid-size,3.5,6,AS8,X,9.2,215
2021,Toyota,Camry TRD,Mid-size,3.5,6,AS8,X,9.4,220
2021,Toyota,Camry AWD LE/SE,Mid-size,2.5,4,AS8,X,8.2,190
2021,Toyota,Camry AWD XLE/XSE,Mid-size,2.5,4,AS8,X,8.4,197
2021,Toyota,Camry Hybrid LE,Mid-size,2.5,4,AV,X,4.9,113
2021,Toyota,Camry Hybrid SE/XLE/XSE,Mid-size,2.5,4,AV,X,5.1,121
2021,Toyota,Corolla,Compact,1.8,4,AV,X,7.1,165
2021,Toyota,Corolla XLE,Compact,1.8,4,AV,X,7.3,170
2021,Toyota,Corolla,Compact,1.8,4,M6,X,7.1,165
2021,Toyota,Corolla,Compact,2.0,4,AV10,X,6.8,159
2021,Toyota,Corolla XSE,Compact,2.0,4,AV10,X,7.0,164
2021,Toyota,Corolla,Compact,2.0,4,M6,X,7.4,173
2021,Toyota,Corolla Apex Edition,Compact,2.0,4,AV10,X,7.0,164
2021,Toyota,Corolla Apex Edition,Compact,2.0,4,M6,X,7.5,178
2021,Toyota,Corolla Hatchback,Compact,2.0,4,AV10,X,6.7,158
2021,Toyota,Corolla Hatchback,Compact,2.0,4,M6,X,7.6,179
2021,Toyota,Corolla Hybrid,Compact,1.8,4,AV,X,4.5,106
2021,Toyota,GR Supra 2.0,Two-seater,2.0,4,AS8,Z,8.4,197
2021,Toyota,GR Supra 3.0,Two-seater,3.0,6,AS8,Z,9.4,218
2021,Toyota,Highlander,Sport utility vehicle: Small,3.5,6,AS8,X,10.3,240
2021,Toyota,Highlander AWD,Sport utility vehicle: Small,3.5,6,AS8,X,10.3,241
2021,Toyota,Highlander Hybrid AWD,Sport utility vehicle: Standard,2.5,4,AV,X,6.7,158
2021,Toyota,Highlander Hybrid AWD Limited/Platinum,Sport utility vehicle: Standard,2.5,4,AV,X,6.7,156
2021,Toyota,Prius,Mid-size,1.8,4,AV,X,4.5,106
2021,Toyota,Prius AWD,Mid-size,1.8,4,AV,X,4.8,111
2021,Toyota,RAV4,Sport utility vehicle: Small,2.5,4,AS8,X,7.9,184
2021,Toyota,RAV4 (Stop/Start),Sport utility vehicle: Small,2.5,4,AS8,X,7.7,180
2021,Toyota,RAV4 AWD,Sport utility vehicle: Small,2.5,4,AS8,X,8.4,195
2021,Toyota,RAV4 AWD (Stop/Start),Sport utility vehicle: Small,2.5,4,AS8,X,8.0,187
2021,Toyota,RAV4 AWD LE,Sport utility vehicle: Small,2.5,4,AS8,X,7.9,184
2021,Toyota,RAV4 AWD TRD Off-Road,Sport utility vehicle: Small,2.5,4,AS8,X,8.5,200
2021,Toyota,RAV4 Hybrid AWD,Sport utility vehicle: Small,2.5,4,AV,X,6.0,140
2021,Toyota,Sequoia 4WD,Sport utility vehicle: Standard,5.7,8,AS6,X,16.4,384
2021,Toyota,Sienna,Minivan,2.5,4,AV,X,6.5,153
2021,Toyota,Sienna AWD,Minivan,2.5,4,AV,X,6.7,157
2021,Toyota,Tacoma 4WD,Pickup truck: Small,3.5,6,AS6,X,11.8,278
2021,Toyota,Tacoma 4WD,Pickup truck: Small,3.5,6,M6,X,12.7,299
2021,Toyota,Tacoma 4WD D-Cab TRD Off-Road/PRO,Pickup truck: Small,3.5,6,M6,X,12.9,300
2021,Toyota,Tundra,Pickup truck: Standard,5.7,8,AS6,X,15.9,371
2021,Toyota,Tundra 4WD,Pickup truck: Standard,5.7,8,AS6,X,16.3,382
2021,Toyota,Venza AWD,Sport utility vehicle: Small,2.5,4,AV,X,6.1,141
2021,Volkswagen,Arteon 4MOTION,Full-size,2.0,4,AS8,Z,9.8,230
2021,Volkswagen,Atlas 4MOTION,Sport utility vehicle: Small,2.0,4,AS8,X,10.9,256
2021,Volkswagen,Atlas 4MOTION,Sport utility vehicle: Standard,3.6,6,AS8,X,12.9,301
2021,Volkswagen,Atlas Cross Sport 4MOTION,Sport utility vehicle: Small,2.0,4,AS8,X,10.9,257
2021,Volkswagen,Atlas Cross Sport 4MOTION,Sport utility vehicle: Small,3.6,6,AS8,X,12.3,289
2021,Volkswagen,Golf,Compact,1.4,4,AS8,X,7.5,174
2021,Volkswagen,Golf,Compact,1.4,4,M6,X,7.1,166
2021,Volkswagen,Golf GTI,Compact,2.0,4,AM7,X,8.6,201
2021,Volkswagen,Golf GTI,Compact,2.0,4,M6,X,9.1,213
2021,Volkswagen,Jetta,Compact,1.4,4,AS8,X,7.1,165
2021,Volkswagen,Jetta,Compact,1.4,4,M6,X,6.9,162
2021,Volkswagen,Jetta GLI,Compact,2.0,4,AM7,X,8.4,195
2021,Volkswagen,Jetta GLI,Compact,2.0,4,M6,X,8.5,198
2021,Volkswagen,Passat,Mid-size,2.0,4,AS6,X,8.3,195
2021,Volkswagen,Tiguan,Sport utility vehicle: Small,2.0,4,AS8,X,9.4,219
2021,Volkswagen,Tiguan 4MOTION,Sport utility vehicle: Small,2.0,4,AS8,X,9.9,232
2021,Volvo,S60 T5,Compact,2.0,4,AS8,Z,8.6,200
2021,Volvo,S60 T5 AWD,Compact,2.0,4,AS8,Z,9.2,215
2021,Volvo,S60 T6 AWD,Compact,2.0,4,AS8,Z,9.4,219
2021,Volvo,S90 T6 AWD,Mid-size,2.0,4,AS8,Z,9.6,224
2021,Volvo,V60 T5,Station wagon: Small,2.0,4,AS8,Z,8.6,200
2021,Volvo,V60 T6 AWD,Station wagon: Small,2.0,4,AS8,Z,9.6,224
2021,Volvo,V60 CC T5 AWD,Station wagon: Small,2.0,4,AS8,Z,9.4,220
2021,Volvo,XC40 T4 AWD,Sport utility vehicle: Small,2.0,4,AS8,X,9.3,217
2021,Volvo,XC40 T5 AWD,Sport utility vehicle: Small,2.0,4,AS8,Z,9.4,219
2021,Volvo,XC60 T5 AWD,Sport utility vehicle: Small,2.0,4,AS8,Z,9.9,230
2021,Volvo,XC60 T6 AWD,Sport utility vehicle: Small,2.0,4,AS8,Z,10.3,240
2021,Volvo,XC90 T5 AWD,Sport utility vehicle: Standard,2.0,4,AS8,Z,10.1,236
2021,Volvo,XC90 T6 AWD,Sport utility vehicle: Standard,2.0,4,AS8,Z,10.5,245
2022,Acura,ILX,Compact,2.4,4,AM8,Z,8.6,200
2022,Acura,MDX SH-AWD,Sport utility vehicle: Small,3.5,6,AS10,Z,11.2,263
2022,Acura,MDX Type S,Sport utility vehicle: Standard,3.0,6,AS10,Z,12.4,291
2022,Acura,NSX,Two-seater,3.5,6,AM9,Z,11.0,256
2022,Acura,RDX SH-AWD,Sport utility vehicle: Small,2.0,4,AS10,Z,9.9,232
2022,Acura,RDX SH-AWD A-SPEC,Sport utility vehicle: Small,2.0,4,AS10,Z,10.3,242
2022,Acura,TLX SH-AWD,Compact,2.0,4,AS10,Z,9.8,230
2022,Acura,TLX SH-AWD A-SPEC,Compact,2.0,4,AS10,Z,9.8,231
2022,Acura,TLX Type S,Compact,3.0,6,AS10,Z,11.0,256
2022,Acura,TLX Type S (Performance Tire),Compact,3.0,6,AS10,Z,11.2,261
2022,Alfa Romeo,Giulia,Mid-size,2.0,4,A8,Z,8.7,205
2022,Alfa Romeo,Giulia AWD,Mid-size,2.0,4,A8,Z,9.2,217
2022,Alfa Romeo,Giulia Quadrifoglio,Mid-size,2.9,6,A8,Z,11.6,271
2022,Alfa Romeo,Stelvio,Sport utility vehicle: Small,2.0,4,A8,Z,9.3,218
2022,Alfa Romeo,Stelvio AWD,Sport utility vehicle: Small,2.0,4,A8,Z,9.6,226
2022,Alfa Romeo,Stelvio AWD Quadrifoglio,Sport utility vehicle: Small,2.9,6,A8,Z,12.3,288
2022,Aston Martin,DB11 V8,Minicompact,4.0,8,A8,Z,11.5,271
2022,Aston Martin,DB11 V12,Minicompact,5.2,12,A8,Z,13.8,324
2022,Aston Martin,DBS V12,Minicompact,5.2,12,A8,Z,13.8,324
2022,Aston Martin,DBX V8,Sport utility vehicle: Standard,4.0,8,A9,Z,14.6,343
2022,Aston Martin,Vantage V8,Two-seater,4.0,8,A8,Z,11.5,270
2022,Audi,A3 Sedan 40 TFSI quattro,Subcompact,2.0,4,AM7,X,7.6,178
2022,Audi,A4 Sedan 40 TFSI quattro,Compact,2.0,4,AM7,Z,8.2,190
2022,Audi,A4 Sedan 45 TFSI quattro,Compact,2.0,4,AM7,Z,8.8,205
2022,Audi,A4 allroad 45 TFSI quattro,Station wagon: Small,2.0,4,AM7,Z,8.9,208
2022,Audi,A5 Cabriolet 45 TFSI quattro,Subcompact,2.0,4,AM7,Z,9.1,214
2022,Audi,A5 Coupe 45 TFSI quattro,Subcompact,2.0,4,AM7,Z,8.8,205
2022,Audi,A5 Sportback 45 TFSI quattro,Mid-size,2.0,4,AM7,Z,8.8,205
2022,Audi,A6 Sedan 45 TFSI quattro,Mid-size,2.0,4,AM7,Z,8.9,208
2022,Audi,A6 Sedan 55 TFSI quattro,Mid-size,3.0,6,AM7,Z,9.6,224
2022,Audi,A6 allroad 55 TFSI quattro,Station wagon: Mid-size,3.0,6,AM7,Z,10.0,234
2022,Audi,A7 Sportback 55 TFSI quattro,Mid-size,3.0,6,AM7,Z,9.6,224
2022,Audi,A8 L Sedan 55 TFSI quattro,Full-size,3.0,6,AS8,Z,10.6,248
2022,Audi,Q3 40 TFSI quattro,Sport utility vehicle: Small,2.0,4,AS8,X,9.2,215
2022,Audi,Q3 45 TFSI quattro,Sport utility vehicle: Small,2.0,4,AS8,X,10.0,233
2022,Audi,Q5 40 TFSI quattro,Sport utility vehicle: Small,2.0,4,AM7,Z,9.3,217
2022,Audi,Q5 45 TFSI quattro,Sport utility vehicle: Small,2.0,4,AM7,Z,9.4,220
2022,Audi,Q5 Sportback 45 TFSI quattro,Sport utility vehicle: Small,2.0,4,AM7,Z,9.4,220
2022,Audi,Q7 45 TFSI quattro,Sport utility vehicle: Standard,2.0,4,AS8,Z,10.8,252
2022,Audi,Q7 55 TFSI quattro,Sport utility vehicle: Standard,3.0,6,AS8,Z,11.7,273
2022,Audi,Q8 55 TFSI quattro,Sport utility vehicle: Standard,3.0,6,AS8,Z,11.7,273
2022,Audi,R8 Coupe Performance,Two-seater,5.2,10,AM7,Z,13.8,322
2022,Audi,R8 Coupe Performance quattro,Two-seater,5.2,10,AM7,Z,15.3,356
2022,Audi,R8 Spyder Performance,Two-seater,5.2,10,AM7,Z,13.8,322
2022,Audi,R8 Spyder Performance quattro,Two-seater,5.2,10,AM7,Z,15.3,356
2022,Audi,RS 5 Coupe quattro,Subcompact,2.9,6,AS8,Z,11.4,267
2022,Audi,RS 5 Sportback quattro,Mid-size,2.9,6,AS8,Z,11.4,268
2022,Audi,RS 6 Avant quattro,Station wagon: Mid-size,4.0,8,AS8,Z,13.7,319
2022,Audi,RS 7 Sportback quattro,Mid-size,4.0,8,AS8,Z,13.5,315
2022,Audi,RS Q8 quattro,Sport utility vehicle: Standard,4.0,8,AS8,Z,15.4,360
2022,Audi,S3 Sedan quattro,Subcompact,2.0,4,AM7,Z,8.8,206
2022,Audi,S4 Sedan quattro,Compact,3.0,6,AS8,Z,9.7,227
2022,Audi,S5 Cabriolet quattro,Subcompact,3.0,6,AS8,Z,10.0,233
2022,Audi,S5 Coupe quattro,Subcompact,3.0,6,AS8,Z,9.7,227
2022,Audi,S5 Sportback quattro,Mid-size,3.0,6,AS8,Z,9.7,227
2022,Audi,S6 Sedan quattro,Mid-size,2.9,6,AS8,Z,10.9,254
2022,Audi,S7 Sportback quattro,Mid-size,2.9,6,AS8,Z,10.9,254
2022,Audi,S8 Sedan quattro,Full-size,4.0,8,AS8,Z,13.8,323
2022,Audi,SQ5 quattro,Sport utility vehicle: Small,3.0,6,AS8,Z,11.2,262
2022,Audi,SQ5 Sportback quattro,Sport utility vehicle: Small,3.0,6,AS8,Z,11.2,262
2022,Audi,SQ7 quattro,Sport utility vehicle: Standard,4.0,8,AS8,Z,13.9,325
2022,Audi,SQ8 quattro,Sport utility vehicle: Standard,4.0,8,AS8,Z,13.9,325
2022,Audi,TT Coupe 45 TFSI quattro,Subcompact,2.0,4,AM7,X,9.4,218
2022,Audi,TT Roadster 45 TFSI quattro,Two-seater,2.0,4,AM7,X,9.4,218
2022,Audi,TTS Coupe quattro,Subcompact,2.0,4,AM7,Z,9.0,209
2022,Bentley,Bentayga,Sport utility vehicle: Standard,4.0,8,AS8,Z,13.2,309
2022,Bentley,Bentayga Speed,Sport utility vehicle: Standard,6.0,12,AS8,Z,16.3,383
2022,Bentley,Continental GT,Subcompact,4.0,8,AM8,Z,12.2,287
2022,Bentley,Continental GT Convertible,Minicompact,4.0,8,AM8,Z,12.5,294
2022,Bentley,Continental GT Speed,Subcompact,6.0,12,AM8,Z,16.2,379
2022,Bentley,Continental GT Convertible Speed,Minicompact,6.0,12,AM8,Z,17.0,395
2022,Bentley,Flying Spur,Mid-size,4.0,8,AM8,Z,13.7,323
2022,Bentley,Flying Spur,Mid-size,6.0,12,AM8,Z,16.0,373
2022,BMW,330i xDrive Sedan,Compact,2.0,4,AS8,Z,8.3,195
2022,BMW,430i xDrive Cabriolet,Subcompact,2.0,4,AS8,Z,8.7,202
2022,BMW,430i xDrive Coupe,Subcompact,2.0,4,AS8,Z,8.7,202
2022,BMW,530i xDrive Sedan,Mid-size,2.0,4,AS8,Z,8.9,206
2022,BMW,540i xDrive Sedan,Full-size,3.0,6,AS8,Z,9.4,219
2022,BMW,750i xDrive Sedan,Full-size,4.4,8,AS8,Z,12.0,279
2022,BMW,750Li xDrive Sedan,Full-size,4.4,8,AS8,Z,12.0,279
2022,BMW,Alpina B7,Full-size,4.4,8,AS8,Z,12.0,279
2022,BMW,Alpina B8 Gran Coupe,Mid-size,4.4,8,AS8,Z,12.0,279
2022,BMW,Alpina XB7,Sport utility vehicle: Standard,4.4,8,AS8,Z,13.8,321
2022,BMW,M235i xDrive Gran Coupe,Compact,2.0,4,AS8,Z,9.2,214
2022,BMW,M240i xDrive Coupe,Subcompact,3.0,6,AS8,Z,9.1,212
2022,BMW,M3 Sedan,Compact,3.0,6,M6,Z,12.6,293
2022,BMW,M3 Competition Sedan,Compact,3.0,6,AS8,Z,12.6,292
2022,BMW,M3 Competition Sedan M xDrive,Compact,3.0,6,AS8,Z,12.7,296
2022,BMW,M340i xDrive Sedan,Compact,3.0,6,AS8,Z,9.2,214
2022,BMW,M4 Competition Cabriolet M xDrive,Subcompact,3.0,6,AS8,Z,12.9,301
2022,BMW,M4 Coupe,Subcompact,3.0,6,M6,Z,12.6,293
2022,BMW,M4 Competition Coupe,Subcompact,3.0,6,AS8,Z,12.6,292
2022,BMW,M4 Competition Coupe M xDrive,Subcompact,3.0,6,AS8,Z,12.7,296
2022,BMW,M440i xDrive Cabriolet,Subcompact,3.0,6,AS8,Z,9.1,211
2022,BMW,M440i xDrive Coupe,Subcompact,3.0,6,AS8,Z,9.2,214
2022,BMW,M440i xDrive Gran Coupe,Compact,3.0,6,AS8,Z,9.6,224
2022,BMW,M5 Sedan,Mid-size,4.4,8,AS8,Z,13.8,322
2022,BMW,M5 Competition,Mid-size,4.4,8,AS8,Z,13.8,322
2022,BMW,M5 CS,Mid-size,4.4,8,AS8,Z,13.8,322
2022,BMW,M550i xDrive Sedan,Mid-size,4.4,8,AS8,Z,11.6,271
2022,BMW,M760i xDrive Sedan,Full-size,6.6,12,AS8,Z,15.1,354
2022,BMW,M8 Cabriolet,Subcompact,4.4,8,AS8,Z,13.8,322
2022,BMW,M8 Cabriolet Competition,Subcompact,4.4,8,AS8,Z,13.8,322
2022,BMW,M8 Coupe,Subcompact,4.4,8,AS8,Z,13.8,322
2022,BMW,M8 Coupe Competition,Subcompact,4.4,8,AS8,Z,13.8,322
2022,BMW,M8 Gran Coupe,Mid-size,4.4,8,AS8,Z,13.8,322
2022,BMW,M8 Gran Coupe Competition,Mid-size,4.4,8,AS8,Z,13.8,322
2022,BMW,M850i xDrive Cabriolet,Subcompact,4.4,8,AS8,Z,12.0,279
2022,BMW,M850i xDrive Coupe,Subcompact,4.4,8,AS8,Z,11.6,271
2022,BMW,M850i xDrive Gran Coupe,Mid-size,4.4,8,AS8,Z,12.0,279
2022,BMW,X1 xDrive28i,Sport utility vehicle: Small,2.0,4,AS8,Z,9.1,213
2022,BMW,X2 xDrive28i,Sport utility vehicle: Small,2.0,4,AS8,Z,8.8,207
2022,BMW,X2 M35i,Sport utility vehicle: Small,2.0,4,AS8,Z,8.9,207
2022,BMW,X3 xDrive30i,Sport utility vehicle: Small,2.0,4,AS8,Z,9.9,230
2022,BMW,X3 M,Sport utility vehicle: Small,3.0,6,AS8,Z,13.9,323
2022,BMW,X3 M Competition,Sport utility vehicle: Small,3.0,6,AS8,Z,13.9,323
2022,BMW,X3 M40i,Sport utility vehicle: Small,3.0,6,AS8,Z,10.3,241
2022,BMW,X4 xDrive30i,Sport utility vehicle: Small,2.0,4,AS8,Z,9.9,230
2022,BMW,X4 M,Sport utility vehicle: Small,3.0,6,AS8,Z,13.9,323
2022,BMW,X4 M Competition,Sport utility vehicle: Small,3.0,6,AS8,Z,13.9,323
2022,BMW,X4 M40i,Sport utility vehicle: Small,3.0,6,AS8,Z,10.3,241
2022,BMW,X5 xDrive40i,Sport utility vehicle: Standard,3.0,6,AS8,Z,10.4,241
2022,BMW,X5 M,Sport utility vehicle: Standard,4.4,8,AS8,Z,15.7,364
2022,BMW,X5 M Competition,Sport utility vehicle: Standard,4.4,8,AS8,Z,15.7,364
2022,BMW,X5 M50i,Sport utility vehicle: Standard,4.4,8,AS8,Z,12.7,302
2022,BMW,X6 xDrive40i,Sport utility vehicle: Standard,3.0,6,AS8,Z,10.4,241
2022,BMW,X6 M,Sport utility vehicle: Standard,4.4,8,AS8,Z,15.7,364
2022,BMW,X6 M Competition,Sport utility vehicle: Standard,4.4,8,AS8,Z,15.7,364
2022,BMW,X6 M50i,Sport utility vehicle: Standard,4.4,8,AS8,Z,12.7,302
2022,BMW,X7 xDrive40i,Sport utility vehicle: Standard,3.0,6,AS8,Z,11.1,256
2022,BMW,X7 M50i,Sport utility vehicle: Standard,4.4,8,AS8,Z,13.8,321
2022,BMW,Z4 sDrive30i,Two-seater,2.0,4,AS8,Z,8.5,199
2022,BMW,Z4 M40i,Two-seater,3.0,6,AS8,Z,9.6,223
2022,Bugatti,Chiron,Two-seater,8.0,16,AM7,Z,22.2,522
2022,Bugatti,Chiron Pur Sport,Two-seater,8.0,16,AM7,Z,26.1,608
2022,Bugatti,Chiron Super Sport,Two-seater,8.0,16,AM7,Z,26.1,608
2022,Buick,Enclave,Sport utility vehicle: Standard,3.6,6,A9,X,11.2,263
2022,Buick,Enclave AWD,Sport utility vehicle: Standard,3.6,6,A9,X,11.8,277
2022,Buick,Encore,Sport utility vehicle: Small,1.4,4,AS6,X,8.6,201
2022,Buick,Encore AWD,Sport utility vehicle: Small,1.4,4,AS6,X,9.1,214
2022,Buick,Encore GX,Sport utility vehicle: Small,1.2,3,AV,X,7.8,184
2022,Buick,Encore GX,Sport utility vehicle: Small,1.3,3,AV,X,7.9,185
2022,Buick,Encore GX AWD,Sport utility vehicle: Small,1.3,3,A9,X,8.6,202
2022,Buick,Envision,Sport utility vehicle: Small,2.0,4,AS9,X,8.9,209
2022,Buick,Envision AWD,Sport utility vehicle: Small,2.0,4,AS9,X,9.5,220
2022,Cadillac,CT4,Compact,2.0,4,AS8,Z,8.8,206
2022,Cadillac,CT4,Compact,2.7,4,AS10,Z,9.5,221
2022,Cadillac,CT4 AWD,Compact,2.0,4,AS8,Z,9.2,216
2022,Cadillac,CT4 AWD,Compact,2.7,4,AS10,Z,10.0,233
2022,Cadillac,CT4-V,Compact,2.7,4,AS10,Z,10.2,239
2022,Cadillac,CT4-V AWD,Compact,2.7,4,AS10,Z,10.4,244
2022,Cadillac,CT4-V Blackwing,Compact,3.6,6,AS10,Z,12.6,297
2022,Cadillac,CT4-V Blackwing,Compact,3.6,6,M6,Z,13.0,303
2022,Cadillac,CT5,Mid-size,2.0,4,AS10,Z,8.8,207
2022,Cadillac,CT5,Mid-size,3.0,6,AS10,Z,10.7,252
2022,Cadillac,CT5 AWD,Mid-size,2.0,4,AS10,Z,9.5,222
2022,Cadillac,CT5 AWD,Mid-size,3.0,6,AS10,Z,11.1,260
2022,Cadillac,CT5-V,Mid-size,3.0,6,AS10,Z,11.0,258
2022,Cadillac,CT5-V AWD,Mid-size,3.0,6,AS10,Z,11.1,260
2022,Cadillac,CT5-V Blackwing,Mid-size,6.2,8,AS10,Z,14.8,346
2022,Cadillac,CT5-V Blackwing,Mid-size,6.2,8,M6,Z,15.2,356
2022,Cadillac,Escalade 4WD,Sport utility vehicle: Standard,3.0,6,A10,D,10.5,281
2022,Cadillac,Escalade 4WD,Sport utility vehicle: Standard,6.2,8,A10,Z,14.7,345
2022,Cadillac,Escalade 4WD (No Stop-Start),Sport utility vehicle: Standard,6.2,8,A10,Z,15.1,353
2022,Cadillac,XT4,Sport utility vehicle: Small,2.0,4,AS9,Z,9.0,211
2022,Cadillac,XT4 AWD,Sport utility vehicle: Small,2.0,4,AS9,Z,9.7,225
2022,Cadillac,XT5,Sport utility vehicle: Small,2.0,4,AS9,Z,9.6,225
2022,Cadillac,XT5 AWD,Sport utility vehicle: Small,2.0,4,AS9,Z,10.1,237
2022,Cadillac,XT5 AWD,Sport utility vehicle: Small,3.6,6,AS9,X,11.2,263
2022,Cadillac,XT6 AWD,Sport utility vehicle: Small,2.0,4,AS9,Z,10.2,239
2022,Cadillac,XT6 AWD,Sport utility vehicle: Small,3.6,6,AS9,X,11.5,269
2022,Chevrolet,Blazer,Sport utility vehicle: Small,2.0,4,A9,X,9.4,221
2022,Chevrolet,Blazer,Sport utility vehicle: Small,3.6,6,A9,X,10.7,252
2022,Chevrolet,Blazer AWD,Sport utility vehicle: Small,2.0,4,A9,X,9.9,232
2022,Chevrolet,Blazer AWD,Sport utility vehicle: Small,3.6,6,A9,X,11.0,259
2022,Chevrolet,Camaro,Subcompact,2.0,4,AS8,Z,9.5,222
2022,Chevrolet,Camaro,Subcompact,2.0,4,M6,Z,10.5,239
2022,Chevrolet,Camaro,Subcompact,3.6,6,AS10,X,10.7,251
2022,Chevrolet,Camaro,Subcompact,3.6,6,M6,X,12.0,281
2022,Chevrolet,Camaro SS,Subcompact,6.2,8,AS10,Z,12.0,281
2022,Chevrolet,Camaro SS,Subcompact,6.2,8,M6,Z,12.6,296
2022,Chevrolet,Camaro ZL1,Subcompact,6.2,8,AS10,Z,15.1,355
2022,Chevrolet,Camaro ZL1,Subcompact,6.2,8,M6,Z,14.9,349
2022,Chevrolet,Colorado,Pickup truck: Small,2.5,4,A6,X,10.9,257
2022,Chevrolet,Colorado,Pickup truck: Small,2.8,4,A6,D,10.1,270
2022,Chevrolet,Colorado,Pickup truck: Small,3.6,6,A8,X,11.3,263
2022,Chevrolet,Colorado 4WD,Pickup truck: Small,2.5,4,A6,X,11.4,267
2022,Chevrolet,Colorado 4WD,Pickup truck: Small,2.8,4,A6,D,10.5,283
2022,Chevrolet,Colorado 4WD,Pickup truck: Small,3.6,6,A8,X,12.1,283
2022,Chevrolet,Colorado ZR2 4WD,Pickup truck: Small,2.8,4,A6,D,12.1,326
2022,Chevrolet,Colorado ZR2 4WD,Pickup truck: Small,3.6,6,A8,X,14.1,329
2022,Chevrolet,Corvette,Two-seater,6.2,8,AS8,Z,12.6,297
2022,Chevrolet,Equinox,Sport utility vehicle: Small,1.5,4,A6,X,8.4,198
2022,Chevrolet,Equinox AWD,Sport utility vehicle: Small,1.5,4,A6,X,8.8,208
2022,Chevrolet,Malibu,Mid-size,1.5,4,AV,X,7.5,175
2022,Chevrolet,Malibu,Mid-size,2.0,4,A9,Z,9.1,213
2022,Chevrolet,Silverado,Pickup truck: Standard,2.7,4,A8,X,11.6,274
2022,Chevrolet,Silverado,Pickup truck: Standard,3.0,6,A10,D,8.9,240
2022,Chevrolet,Silverado FFV,Pickup truck: Standard,5.3,8,A6,X,14.5,341
2022,Chevrolet,Silverado FFV,Pickup truck: Standard,5.3,8,A6,E,19.1,321
2022,Chevrolet,Silverado,Pickup truck: Standard,5.3,8,A8,X,13.4,314
2022,Chevrolet,Silverado,Pickup truck: Standard,5.3,8,A10,X,13.0,304
2022,Chevrolet,Silverado 4WD,Pickup truck: Standard,2.7,4,A8,X,13.1,306
2022,Chevrolet,Silverado 4WD Mud Terrain Tire,Pickup truck: Standard,2.7,4,A8,X,14.0,328
2022,Chevrolet,Silverado 4WD,Pickup truck: Standard,3.0,6,A10,D,10.1,272
2022,Chevrolet,Silverado 4WD (With Sport Mode),Pickup truck: Standard,3.0,6,A10,D,9.9,265
2022,Chevrolet,Silverado 4WD Mud Terrain Tire,Pickup truck: Standard,3.0,6,A10,D,11.2,298
2022,Chevrolet,Silverado 4WD FFV,Pickup truck: Standard,5.3,8,A6,X,14.8,347
2022,Chevrolet,Silverado 4WD FFV,Pickup truck: Standard,5.3,8,A6,E,19.5,326
2022,Chevrolet,Silverado 4WD Mud Terrain Tire FFV,Pickup truck: Standard,5.3,8,A6,X,16.2,380
2022,Chevrolet,Silverado 4WD Mud Terrain Tire FFV,Pickup truck: Standard,5.3,8,A6,E,21.5,358
2022,Chevrolet,Silverado 4WD,Pickup truck: Standard,5.3,8,A8,X,13.9,327
2022,Chevrolet,Silverado 4WD Mud Terrain Tire,Pickup truck: Standard,5.3,8,A8,X,15.3,359
2022,Chevrolet,Silverado 4WD,Pickup truck: Standard,5.3,8,A10,X,13.4,314
2022,Chevrolet,Silverado 4WD (No DFM),Pickup truck: Standard,5.3,8,A10,X,14.8,347
2022,Chevrolet,Silverado 4WD (With Sport Mode),Pickup truck: Standard,5.3,8,A10,X,13.9,327
2022,Chevrolet,Silverado 4WD (No Stop-Start),Pickup truck: Standard,5.3,8,A10,X,14.4,339
2022,Chevrolet,Silverado 4WD Mud Terrain Tire,Pickup truck: Standard,5.3,8,A10,X,15.4,361
2022,Chevrolet,Silverado 4WD Mud Terrain Tire (No Stop-Start),Pickup truck: Standard,5.3,8,A10,X,15.5,364
2022,Chevrolet,Silverado 4WD Mud Terrain Tire (No DFM),Pickup truck: Standard,5.3,8,A10,X,16.2,381
2022,Chevrolet,Silverado 4WD,Pickup truck: Standard,6.2,8,A10,Z,14.0,329
2022,Chevrolet,Silverado 4WD (No Stop-Start),Pickup truck: Standard,6.2,8,A10,Z,14.7,345
2022,Chevrolet,Silverado 4WD Custom Trail Boss,Pickup truck: Standard,6.2,8,A10,Z,15.0,352
2022,Chevrolet,Silverado 4WD Mud Terrain Tire,Pickup truck: Standard,6.2,8,A10,Z,15.0,352
2022,Chevrolet,Silverado 4WD Mud Terrain Tire (No Stop-Start),Pickup truck: Standard,6.2,8,A10,Z,16.4,385
2022,Chevrolet,Silverado 4WD ZR2,Pickup truck: Standard,6.2,8,A10,Z,15.5,366
2022,Chevrolet,Spark,Subcompact,1.4,4,AV,X,7.0,165
2022,Chevrolet,Spark,Subcompact,1.4,4,M5,X,7.2,170
2022,Chevrolet,Suburban,Sport utility vehicle: Standard,3.0,6,A10,D,10.1,272
2022,Chevrolet,Suburban,Sport utility vehicle: Standard,5.3,8,A10,X,14.0,327
2022,Chevrolet,Suburban (No Stop-Start),Sport utility vehicle: Standard,5.3,8,A10,X,14.1,332
2022,Chevrolet,Suburban 4WD,Sport utility vehicle: Standard,3.0,6,A10,D,10.5,281
2022,Chevrolet,Suburban 4WD,Sport utility vehicle: Standard,5.3,8,A10,X,14.3,336
2022,Chevrolet,Suburban 4WD (No Stop-Start),Sport utility vehicle: Standard,5.3,8,A10,X,15.1,354
2022,Chevrolet,Suburban 4WD,Sport utility vehicle: Standard,6.2,8,A10,Z,14.7,345
2022,Chevrolet,Suburban 4WD (No Stop-Start),Sport utility vehicle: Standard,6.2,8,A10,Z,15.1,353
2022,Chevrolet,Tahoe,Sport utility vehicle: Standard,3.0,6,A10,D,9.8,263
2022,Chevrolet,Tahoe,Sport utility vehicle: Standard,5.3,8,A10,X,14.0,327
2022,Chevrolet,Tahoe (No Stop-Start),Sport utility vehicle: Standard,5.3,8,A10,X,14.1,332
2022,Chevrolet,Tahoe 4WD,Sport utility vehicle: Standard,3.0,6,A10,D,10.5,281
2022,Chevrolet,Tahoe 4WD,Sport utility vehicle: Standard,5.3,8,A10,X,14.0,327
2022,Chevrolet,Tahoe 4WD (No Stop-Start),Sport utility vehicle: Standard,5.3,8,A10,X,15.1,354
2022,Chevrolet,Tahoe 4WD,Sport utility vehicle: Standard,6.2,8,A10,Z,14.7,345
2022,Chevrolet,Tahoe 4WD (No Stop-Start),Sport utility vehicle: Standard,6.2,8,A10,Z,15.1,353
2022,Chevrolet,Trailblazer,Sport utility vehicle: Small,1.2,3,AV,X,7.8,184
2022,Chevrolet,Trailblazer,Sport utility vehicle: Small,1.3,3,AV,X,7.6,178
2022,Chevrolet,Trailblazer AWD,Sport utility vehicle: Small,1.3,3,A9,X,8.4,197
2022,Chevrolet,Traverse,Sport utility vehicle: Standard,3.6,6,A9,X,11.1,260
2022,Chevrolet,Traverse AWD,Sport utility vehicle: Standard,3.6,6,A9,X,11.8,277
2022,Chevrolet,Trax,Sport utility vehicle: Small,1.4,4,AS6,X,8.6,201
2022,Chevrolet,Trax AWD,Sport utility vehicle: Small,1.4,4,AS6,X,9.1,214
2022,Chrysler,300,Full-size,3.6,6,A8,X,10.3,242
2022,Chrysler,300,Full-size,5.7,8,A8,X,12.3,289
2022,Chrysler,300 AWD,Full-size,3.6,6,A8,X,11.0,258
2022,Chrysler,Grand Caravan,Minivan,3.6,6,A9,X,10.6,249
2022,Chrysler,Pacifica,Minivan,3.6,6,A9,X,10.6,249
2022,Chrysler,Pacifica AWD,Minivan,3.6,6,A9,X,12.0,279
2022,Dodge,Challenger,Mid-size,3.6,6,A8,X,10.3,242
2022,Dodge,Challenger (MDS),Mid-size,5.7,8,A8,X,12.3,289
2022,Dodge,Challenger,Mid-size,5.7,8,M6,Z,13.1,307
2022,Dodge,Challenger (MDS),Mid-size,6.4,8,A8,Z,13.0,305
2022,Dodge,Challenger,Mid-size,6.4,8,M6,Z,13.9,325
2022,Dodge,Challenger AWD,Mid-size,3.6,6,A8,X,11.0,258
2022,Dodge,Challenger Widebody (MDS),Mid-size,6.4,8,A8,Z,13.0,305
2022,Dodge,Challenger Widebody,Mid-size,6.4,8,M6,Z,13.9,325
2022,Dodge,Challenger SRT Hellcat,Mid-size,6.2,8,A8,Z,14.5,339
2022,Dodge,Challenger SRT Hellcat,Mid-size,6.2,8,M6,Z,15.1,352
2022,Dodge,Challenger SRT Hellcat Widebody,Mid-size,6.2,8,A8,Z,15.3,359
2022,Dodge,Challenger SRT Hellcat Widebody,Mid-size,6.2,8,M6,Z,15.1,352
2022,Dodge,Charger,Full-size,3.6,6,A8,X,10.3,242
2022,Dodge,Charger (MDS),Full-size,5.7,8,A8,X,12.3,289
2022,Dodge,Charger (MDS),Full-size,6.4,8,A8,Z,13.0,305
2022,Dodge,Charger AWD,Full-size,3.6,6,A8,X,11.0,258
2022,Dodge,Charger Widebody (MDS),Full-size,6.4,8,A8,Z,13.0,305
2022,Dodge,Charger SRT Hellcat Widebody,Full-size,6.2,8,A8,Z,15.6,368
2022,Dodge,Durango AWD,Sport utility vehicle: Standard,3.6,6,A8,X,11.3,265
2022,Dodge,Durango AWD,Sport utility vehicle: Standard,5.7,8,A8,X,14.1,331
2022,Dodge,Durango AWD SRT,Sport utility vehicle: Standard,6.4,8,A8,Z,15.6,363
2022,FIAT,500X AWD,Sport utility vehicle: Small,1.3,4,A9,X,9.1,221
2022,Ford,Bronco 4WD,Sport utility vehicle: Small,2.3,4,AS10,X,11.7,275
2022,Ford,Bronco 4WD,Sport utility vehicle: Small,2.3,4,M7,X,11.8,277
2022,Ford,Bronco 4WD,Sport utility vehicle: Small,2.7,6,AS10,X,12.4,291
2022,Ford,Bronco Badlands 4WD,Sport utility vehicle: Small,2.3,4,AS10,X,13.7,323
2022,Ford,Bronco Badlands 4WD,Sport utility vehicle: Small,2.3,4,M7,X,14.3,336
2022,Ford,Bronco Badlands 4WD,Sport utility vehicle: Small,2.7,6,AS10,X,14.1,331
2022,Ford,Bronco Black Diamond 4WD,Sport utility vehicle: Small,2.3,4,AS10,X,13.1,308
2022,Ford,Bronco Black Diamond 4WD,Sport utility vehicle: Small,2.3,4,M7,X,13.2,310
2022,Ford,Bronco Raptor 4WD,Sport utility vehicle: Standard,3.0,6,AS10,X,15.3,358
2022,Ford,Bronco Sasquatch 4WD,Sport utility vehicle: Small,2.3,4,AS10,X,13.4,314
2022,Ford,Bronco Sasquatch 4WD,Sport utility vehicle: Small,2.3,4,M7,X,13.5,317
2022,Ford,Bronco Sasquatch 4WD,Sport utility vehicle: Small,2.7,6,AS10,X,14.1,331
2022,Ford,Bronco Sport 4WD,Sport utility vehicle: Small,1.5,3,A8,X,8.9,209
2022,Ford,Bronco Sport 4WD,Sport utility vehicle: Small,2.0,4,AS8,X,10.2,240
2022,Ford,EcoSport AWD,Sport utility vehicle: Small,2.0,4,AS6,X,9.3,219
2022,Ford,Edge AWD,Sport utility vehicle: Small,2.0,4,A8,X,10.1,238
2022,Ford,Edge AWD,Sport utility vehicle: Small,2.0,4,AS8,X,10.2,239
2022,Ford,Edge AWD,Sport utility vehicle: Small,2.7,6,AS8,X,11.2,262
2022,Ford,Escape,Sport utility vehicle: Small,1.5,3,A8,X,7.8,182
2022,Ford,Escape AWD,Sport utility vehicle: Small,1.5,3,A8,X,8.4,198
2022,Ford,Escape AWD,Sport utility vehicle: Small,2.0,4,A8,X,9.2,216
2022,Ford,Escape Hybrid,Sport utility vehicle: Small,2.5,4,AV,X,5.8,136
2022,Ford,Escape Hybrid AWD,Sport utility vehicle: Small,2.5,4,AV,X,5.9,139
2022,Ford,Expedition 4X4,Sport utility vehicle: Standard,3.5,6,AS10,X,12.9,304
2022,Ford,Expedition 4X4 (Without Stop-Start),Sport utility vehicle: Standard,3.5,6,AS10,X,13.5,317
2022,Ford,Expedition Timberline 4X4,Sport utility vehicle: Standard,3.5,6,AS10,X,13.5,317
2022,Ford,Expedition Timberline 4X4 (Without Stop-Start),Sport utility vehicle: Standard,3.5,6,AS10,X,13.9,326
2022,Ford,Explorer AWD,Sport utility vehicle: Standard,2.3,4,A10,X,10.3,242
2022,Ford,Explorer AWD (Without Stop-Start),Sport utility vehicle: Standard,2.3,4,A10,X,10.7,252
2022,Ford,Explorer Timberline AWD,Sport utility vehicle: Standard,2.3,4,AS10,X,11.5,269
2022,Ford,Explorer Timberline AWD (Without Stop-Start),Sport utility vehicle: Standard,2.3,4,AS10,X,11.8,277
2022,Ford,Explorer AWD,Sport utility vehicle: Standard,3.0,6,A10,X,11.8,277
2022,Ford,Explorer AWD,Sport utility vehicle: Standard,3.0,6,AS10,X,11.8,277
2022,Ford,Explorer Hybrid AWD,Sport utility vehicle: Standard,3.3,6,AS10,X,9.6,225
2022,Ford,F-150,Pickup truck: Standard,2.7,6,AS10,X,10.9,256
2022,Ford,F-150 (Without Stop-Start),Pickup truck: Standard,2.7,6,AS10,X,12.0,282
2022,Ford,F-150 FFV,Pickup truck: Standard,3.3,6,AS10,X,11.1,260
2022,Ford,F-150 FFV,Pickup truck: Standard,3.3,6,AS10,E,15.0,249
2022,Ford,F-150,Pickup truck: Standard,3.5,6,AS10,X,11.7,275
2022,Ford,F-150 (Without Stop-Start),Pickup truck: Standard,3.5,6,AS10,X,12.0,281
2022,Ford,F-150 FFV,Pickup truck: Standard,5.0,8,AS10,X,12.8,300
2022,Ford,F-150 FFV,Pickup truck: Standard,5.0,8,AS10,E,17.9,298
2022,Ford,F-150 FFV (Without Stop-Start),Pickup truck: Standard,5.0,8,AS10,X,12.9,302
2022,Ford,F-150 FFV (Without Stop-Start),Pickup truck: Standard,5.0,8,AS10,E,17.4,289
2022,Ford,F-150 4X4,Pickup truck: Standard,2.7,6,AS10,X,11.7,274
2022,Ford,F-150 4X4 FFV,Pickup truck: Standard,3.3,6,AS10,X,11.8,277
2022,Ford,F-150 4X4 FFV,Pickup truck: Standard,3.3,6,AS10,E,15.4,256
2022,Ford,F-150 4X4,Pickup truck: Standard,3.5,6,AS10,X,12.1,284
2022,Ford,F-150 4X4 (Without Stop-Start),Pickup truck: Standard,3.5,6,AS10,X,13.0,304
2022,Ford,F-150 4X4 FFV,Pickup truck: Standard,5.0,8,AS10,X,12.9,304
2022,Ford,F-150 4X4 FFV,Pickup truck: Standard,5.0,8,AS10,E,18.1,301
2022,Ford,F-150 4X4 FFV (Without Stop-Start),Pickup truck: Standard,5.0,8,AS10,X,13.1,308
2022,Ford,F-150 4X4 FFV (Without Stop-Start),Pickup truck: Standard,5.0,8,AS10,E,17.8,295
2022,Ford,F-150 Raptor 4X4,Pickup truck: Standard,3.5,6,AS10,X,14.6,344
2022,Ford,F-150 Raptor 4X4 (Without Stop-Start),Pickup truck: Standard,3.5,6,AS10,X,15.2,357
2022,Ford,F-150 Raptor 37 4X4,Pickup truck: Standard,3.5,6,AS10,X,15.3,359
2022,Ford,F-150 Raptor 37 4X4 (Without Stop-Start),Pickup truck: Standard,3.5,6,AS10,X,15.8,370
2022,Ford,F-150 Tremor 4X4,Pickup truck: Standard,3.5,6,AS10,X,13.2,310
2022,Ford,F-150 Tremor 4X4 (Without Stop-Start),Pickup truck: Standard,3.5,6,AS10,X,13.3,313
2022,Ford,F-150 Hybrid,Pickup truck: Standard,3.5,6,AS10,X,9.7,228
2022,Ford,F-150 Hybrid 4X4,Pickup truck: Standard,3.5,6,AS10,X,10.2,238
2022,Ford,GT,Two-seater,3.5,6,AM7,Z,16.7,395
2022,Ford,Maverick AWD,Pickup truck: Small,2.0,4,A8,X,9.6,226
2022,Ford,Maverick Hybrid,Pickup truck: Small,2.5,4,AV,X,6.3,147
2022,Ford,Mustang,Subcompact,2.3,4,A10,X,9.3,220
2022,Ford,Mustang,Subcompact,2.3,4,AS10,X,9.8,231
2022,Ford,Mustang (High Performance),Subcompact,2.3,4,AS10,X,10.3,242
2022,Ford,Mustang,Subcompact,2.3,4,M6,X,10.0,236
2022,Ford,Mustang (High Performance),Subcompact,2.3,4,M6,X,10.5,246
2022,Ford,Mustang,Subcompact,5.0,8,AS10,X,12.7,298
2022,Ford,Mustang,Subcompact,5.0,8,M6,X,13.4,314
2022,Ford,Mustang Convertible,Subcompact,2.3,4,A10,X,10.1,237
2022,Ford,Mustang Convertible,Subcompact,2.3,4,AS10,X,10.4,244
2022,Ford,Mustang Convertible (High Performance),Subcompact,2.3,4,AS10,X,10.7,252
2022,Ford,Mustang Convertible,Subcompact,2.3,4,M6,X,10.4,244
2022,Ford,Mustang Convertible (High Performance),Subcompact,2.3,4,M6,X,10.9,256
2022,Ford,Mustang Convertible,Subcompact,5.0,8,AS10,X,13.4,314
2022,Ford,Mustang Mach 1,Subcompact,5.0,8,AS10,X,12.9,302
2022,Ford,Mustang Mach 1,Subcompact,5.0,8,M6,X,14.5,339
2022,Ford,Ranger 4WD,Pickup truck: Standard,2.3,4,AS10,X,10.9,256
2022,Ford,Ranger 4WD (Without Stop-Start),Pickup truck: Standard,2.3,4,AS10,X,11.2,262
2022,Ford,Ranger 4WD Tremor,Pickup truck: Standard,2.3,4,AS10,X,12.4,291
2022,Ford,Shelby GT500 Mustang,Subcompact,5.2,8,AM7,Z,16.7,392
2022,Ford,Transit Connect Van,Special purpose vehicle,2.0,4,AS8,X,9.4,221
2022,Ford,Transit Connect Van FFV,Special purpose vehicle,2.0,4,AS8,X,9.4,221
2022,Ford,Transit Connect Van FFV,Special purpose vehicle,2.0,4,AS8,E,12.7,211
2022,Ford,Transit Connect Van,Special purpose vehicle,2.5,4,AS6,X,10.6,249
2022,Ford,Transit Connect Wagon LWB,Special purpose vehicle,2.0,4,AS8,X,9.2,216
2022,Ford,Transit Connect Wagon LWB FFV,Special purpose vehicle,2.0,4,AS8,X,9.2,216
2022,Ford,Transit Connect Wagon LWB FFV,Special purpose vehicle,2.0,4,AS8,E,13.2,219
2022,Ford,Transit Connect Wagon LWB,Special purpose vehicle,2.5,4,AS6,X,10.6,249
2022,Genesis,G70 AWD,Compact,2.0,4,AS8,Z,10.0,236
2022,Genesis,G70 AWD,Compact,3.3,6,AS8,Z,11.5,273
2022,Genesis,G80 AWD,Full-size,2.5,4,AS8,Z,9.5,225
2022,Genesis,G80 AWD,Full-size,3.5,6,AS8,Z,12.6,298
2022,Genesis,G90 AWD,Full-size,5.0,8,AS8,Z,12.8,303
2022,Genesis,GV70 AWD,Sport utility vehicle: Small,2.5,4,AS8,Z,9.7,229
2022,Genesis,GV70 AWD,Sport utility vehicle: Small,3.5,6,AS8,Z,11.6,275
2022,Genesis,GV80 AWD,Sport utility vehicle: Standard,2.5,4,AS8,Z,10.5,248
2022,Genesis,GV80 AWD,Sport utility vehicle: Standard,3.5,6,AS8,Z,11.8,279
2022,GMC,Acadia,Sport utility vehicle: Standard,2.0,4,A9,X,9.4,221
2022,GMC,Acadia,Sport utility vehicle: Standard,3.6,6,A9,X,10.7,252
2022,GMC,Acadia AWD,Sport utility vehicle: Standard,2.0,4,A9,X,9.9,232
2022,GMC,Acadia AWD,Sport utility vehicle: Standard,3.6,6,A9,X,11.0,259
2022,GMC,Canyon,Pickup truck: Small,2.5,4,A6,X,10.9,257
2022,GMC,Canyon,Pickup truck: Small,2.8,4,A6,D,10.1,270
2022,GMC,Canyon,Pickup truck: Small,3.6,6,A8,X,11.3,263
2022,GMC,Canyon 4WD,Pickup truck: Small,2.5,4,A6,X,11.4,267
2022,GMC,Canyon 4WD,Pickup truck: Small,2.8,4,A6,D,10.5,283
2022,GMC,Canyon 4WD,Pickup truck: Small,3.6,6,A8,X,12.1,283
2022,GMC,Sierra,Pickup truck: Standard,2.7,4,A8,X,11.6,274
2022,GMC,Sierra,Pickup truck: Standard,3.0,6,A10,D,9.1,245
2022,GMC,Sierra FFV,Pickup truck: Standard,5.3,8,A6,X,14.5,341
2022,GMC,Sierra FFV,Pickup truck: Standard,5.3,8,A6,E,19.1,321
2022,GMC,Sierra,Pickup truck: Standard,5.3,8,A8,X,13.4,314
2022,GMC,Sierra,Pickup truck: Standard,5.3,8,A10,X,13.0,305
2022,GMC,Sierra 4WD,Pickup truck: Standard,2.7,4,A8,X,13.1,306
2022,GMC,Sierra 4WD Mud Terrain Tire,Pickup truck: Standard,2.7,4,A8,X,14.0,328
2022,GMC,Sierra 4WD,Pickup truck: Standard,3.0,6,A10,D,9.9,265
2022,GMC,Sierra 4WD Mud Terrain Tire,Pickup truck: Standard,3.0,6,A10,D,11.2,298
2022,GMC,Sierra 4WD FFV,Pickup truck: Standard,5.3,8,A6,X,14.8,347
2022,GMC,Sierra 4WD FFV,Pickup truck: Standard,5.3,8,A6,E,19.5,326
2022,GMC,Sierra 4WD Mud Terrain Tire FFV,Pickup truck: Standard,5.3,8,A6,X,16.2,380
2022,GMC,Sierra 4WD Mud Terrain Tire FFV,Pickup truck: Standard,5.3,8,A6,E,21.5,358
2022,GMC,Sierra 4WD,Pickup truck: Standard,5.3,8,A8,X,13.9,327
2022,GMC,Sierra 4WD Mud Terrain Tire,Pickup truck: Standard,5.3,8,A8,X,15.3,359
2022,GMC,Sierra 4WD,Pickup truck: Standard,5.3,8,A10,X,13.6,318
2022,GMC,Sierra 4WD (No DFM),Pickup truck: Standard,5.3,8,A10,X,14.8,347
2022,GMC,Sierra 4WD (With Sport Mode),Pickup truck: Standard,5.3,8,A10,X,14.0,329
2022,GMC,Sierra 4WD (No Stop-Start),Pickup truck: Standard,5.3,8,A10,X,14.4,338
2022,GMC,Sierra 4WD Mud Terrain Tire,Pickup truck: Standard,5.3,8,A10,X,15.4,360
2022,GMC,Sierra 4WD Mud Terrain Tire (No DFM),Pickup truck: Standard,5.3,8,A10,X,16.2,381
2022,GMC,Sierra 4WD,Pickup truck: Standard,6.2,8,A10,Z,14.0,329
2022,GMC,Sierra 4WD (No Stop-Start),Pickup truck: Standard,6.2,8,A10,Z,14.7,345
2022,GMC,Sierra 4WD Mud Terrain Tire,Pickup truck: Standard,6.2,8,A10,Z,15.0,352
2022,GMC,Sierra 4WD Mud Terrain Tire (No Stop-Start),Pickup truck: Standard,6.2,8,A10,Z,16.4,385
2022,GMC,Terrain,Sport utility vehicle: Small,1.5,4,A9,X,8.6,202
2022,GMC,Terrain AWD,Sport utility vehicle: Small,1.5,4,A9,X,9.0,212
2022,GMC,Yukon,Sport utility vehicle: Standard,3.0,6,A10,D,10.1,272
2022,GMC,Yukon,Sport utility vehicle: Standard,5.3,8,A10,X,14.0,327
2022,GMC,Yukon (No Stop-Start),Sport utility vehicle: Standard,5.3,8,A10,X,14.1,332
2022,GMC,Yukon 4WD,Sport utility vehicle: Standard,3.0,6,A10,D,10.5,281
2022,GMC,Yukon 4WD,Sport utility vehicle: Standard,5.3,8,A10,X,14.0,327
2022,GMC,Yukon 4WD (No Stop-Start),Sport utility vehicle: Standard,5.3,8,A10,X,15.1,354
2022,GMC,Yukon 4WD,Sport utility vehicle: Standard,6.2,8,A10,Z,14.7,345
2022,GMC,Yukon 4WD (No Stop-Start),Sport utility vehicle: Standard,6.2,8,A10,Z,15.1,353
2022,GMC,Yukon XL,Sport utility vehicle: Standard,3.0,6,A10,D,10.1,272
2022,GMC,Yukon XL,Sport utility vehicle: Standard,5.3,8,A10,X,14.0,327
2022,GMC,Yukon XL (No Stop-Start),Sport utility vehicle: Standard,5.3,8,A10,X,14.1,332
2022,GMC,Yukon XL 4WD,Sport utility vehicle: Standard,3.0,6,A10,D,10.5,281
2022,GMC,Yukon XL 4WD,Sport utility vehicle: Standard,5.3,8,A10,X,14.3,336
2022,GMC,Yukon XL 4WD (No Stop-Start),Sport utility vehicle: Standard,5.3,8,A10,X,15.1,354
2022,GMC,Yukon XL 4WD,Sport utility vehicle: Standard,6.2,8,A10,Z,14.7,345
2022,GMC,Yukon XL 4WD (No Stop-Start),Sport utility vehicle: Standard,6.2,8,A10,Z,15.1,353
2022,Honda,Accord,Full-size,1.5,4,AV,X,7.2,168
2022,Honda,Accord Sport/Touring,Full-size,1.5,4,AV7,X,7.5,176
2022,Honda,Accord Sport/Touring,Full-size,2.0,4,AS10,X,9.1,211
2022,Honda,Accord Hybrid,Full-size,2.0,4,AV,X,5.0,117
2022,Honda,Accord Hybrid Sport/Touring,Full-size,2.0,4,AV,X,5.5,129
2022,Honda,Civic Hatchback,Full-size,1.5,4,AV7,X,7.1,166
2022,Honda,Civic Hatchback,Full-size,1.5,4,M6,X,7.5,175
2022,Honda,Civic Hatchback,Full-size,2.0,4,AV,X,7.2,167
2022,Honda,Civic Hatchback,Full-size,2.0,4,M6,X,8.0,186
2022,Honda,Civic Sedan,Mid-size,1.5,4,AV7,X,6.9,162
2022,Honda,Civic Sedan,Mid-size,2.0,4,AV,X,6.9,162
2022,Honda,Civic Sedan,Mid-size,2.0,4,AV7,X,7.1,165
2022,Honda,Civic Sedan Si,Mid-size,1.5,4,M6,Z,7.7,180
2022,Honda,CR-V,Sport utility vehicle: Small,1.5,4,AV,X,7.7,180
2022,Honda,CR-V AWD,Sport utility vehicle: Small,1.5,4,AV,X,8.1,189
2022,Honda,HR-V,Station wagon: Small,1.8,4,AV,X,7.8,181
2022,Honda,HR-V AWD,Station wagon: Small,1.8,4,AV,X,8.2,193
2022,Honda,HR-V AWD,Station wagon: Small,1.8,4,AV7,X,8.5,200
2022,Honda,Odyssey,Minivan,3.5,6,AS10,X,10.6,248
2022,Honda,Passport AWD,Sport utility vehicle: Small,3.5,6,AS9,X,11.3,265
2022,Honda,Pilot AWD,Sport utility vehicle: Small,3.5,6,AS9,X,11.0,256
2022,Honda,Pilot AWD TrailSport,Sport utility vehicle: Small,3.5,6,AS9,X,11.1,260
2022,Honda,Ridgeline AWD,Pickup truck: Standard,3.5,6,AS9,X,11.5,271
2022,Hyundai,Elantra,Mid-size,1.6,4,AM7,X,7.6,179
2022,Hyundai,Elantra,Mid-size,2.0,4,AV1,X,6.7,158
2022,Hyundai,Elantra (ISG),Mid-size,2.0,4,AV1,X,6.4,151
2022,Hyundai,Elantra,Mid-size,2.0,4,M6,X,7.8,185
2022,Hyundai,Elantra N,Mid-size,2.0,4,AM8,Z,10.2,241
2022,Hyundai,Elantra N,Mid-size,2.0,4,M6,Z,9.4,223
2022,Hyundai,Elantra Hybrid Blue,Mid-size,1.6,4,AM6,X,4.4,103
2022,Hyundai,IONIQ,Full-size,1.6,4,AM6,X,4.2,99
2022,Hyundai,IONIQ Blue,Full-size,1.6,4,AM6,X,4.0,94
2022,Hyundai,Kona,Sport utility vehicle: Small,1.6,4,AM7,X,7.5,176
2022,Hyundai,Kona,Sport utility vehicle: Small,2.0,4,AV,X,7.4,174
2022,Hyundai,Kona N,Sport utility vehicle: Small,2.0,4,AM8,Z,10.4,246
2022,Hyundai,Kona AWD,Sport utility vehicle: Small,1.6,4,AM7,X,8.2,193
2022,Hyundai,Kona AWD,Sport utility vehicle: Small,2.0,4,AV,X,7.9,187
2022,Hyundai,Palisade AWD,Sport utility vehicle: Standard,3.8,6,AS8,X,11.1,265
2022,Hyundai,Santa Cruz AWD,Pickup truck: Small,2.5,4,AM8,X,10.6,250
2022,Hyundai,Santa Fe AWD,Sport utility vehicle: Small,2.5,4,AM8,X,9.9,233
2022,Hyundai,Santa Fe AWD,Sport utility vehicle: Small,2.5,4,AS8,X,10.0,235
2022,Hyundai,Santa Fe Hybrid,Sport utility vehicle: Small,1.6,4,AM6,X,7.4,176
2022,Hyundai,Sonata,Full-size,1.6,4,AS8,X,7.7,183
2022,Hyundai,Sonata,Full-size,2.5,4,AM8,X,8.8,208
2022,Hyundai,Sonata,Full-size,2.5,4,AS8,X,7.7,182
2022,Hyundai,Sonata Hybrid,Full-size,2.0,4,AM6,X,5.0,117
2022,Hyundai,Tucson,Sport utility vehicle: Small,2.5,4,AS8,X,8.2,194
2022,Hyundai,Tucson AWD,Sport utility vehicle: Small,2.5,4,AS8,X,9.0,214
2022,Hyundai,Tucson Hybrid,Sport utility vehicle: Small,1.6,4,AM6,X,6.4,152
2022,Hyundai,Veloster N,Compact,2.0,4,AM8,Z,10.5,248
2022,Hyundai,Veloster N,Compact,2.0,4,M6,Z,9.5,226
2022,Hyundai,Venue,Mid-size,1.6,4,AV1,X,7.5,176
2022,Hyundai,Venue,Mid-size,1.6,4,M6,X,7.8,184
2022,Infiniti,Q50 AWD,Mid-size,3.0,6,AS7,Z,10.8,254
2022,Infiniti,Q50 AWD Red Sport,Mid-size,3.0,6,AS7,Z,11.1,261
2022,Infiniti,Q60 AWD,Subcompact,3.0,6,AS7,Z,10.7,252
2022,Infiniti,Q60 AWD Red Sport,Subcompact,3.0,6,AS7,Z,11.0,259
2022,Infiniti,QX50 AWD,Sport utility vehicle: Small,2.0,4,AV8,Z,9.7,228
2022,Infiniti,QX55 AWD,Sport utility vehicle: Small,2.0,4,AV8,Z,9.5,223
2022,Infiniti,QX60 AWD,Sport utility vehicle: Standard,3.5,6,AS9,Z,10.8,253
2022,Infiniti,QX80 4WD,Sport utility vehicle: Standard,5.6,8,AS7,Z,15.1,355
2022,Jaguar,E-PACE P250,Sport utility vehicle: Small,2.0,4,AS9,Z,10.4,247
2022,Jaguar,E-PACE P300,Sport utility vehicle: Small,2.0,4,AS9,Z,10.3,245
2022,Jaguar,F-PACE P250,Sport utility vehicle: Small,2.0,4,AS8,Z,9.9,227
2022,Jaguar,F-PACE P340,Sport utility vehicle: Small,3.0,6,AS8,Z,10.6,250
2022,Jaguar,F-PACE P400,Sport utility vehicle: Small,3.0,6,AS8,Z,10.8,253
2022,Jaguar,F-PACE SVR,Sport utility vehicle: Small,5.0,8,AS8,Z,13.5,316
2022,Jaguar,F-TYPE P450 Convertible,Two-seater,5.0,8,AS8,Z,12.1,286
2022,Jaguar,F-TYPE P450 Convertible AWD,Two-seater,5.0,8,AS8,Z,12.7,299
2022,Jaguar,F-TYPE P450 Coupe,Two-seater,5.0,8,AS8,Z,12.1,286
2022,Jaguar,F-TYPE P450 Coupe AWD,Two-seater,5.0,8,AS8,Z,12.7,299
2022,Jaguar,F-TYPE R Convertible AWD,Two-seater,5.0,8,AS8,Z,12.7,299
2022,Jaguar,F-TYPE R Coupe AWD,Two-seater,5.0,8,AS8,Z,12.7,299
2022,Jaguar,XF P300 AWD,Mid-size,2.0,4,AS8,Z,9.3,219
2022,Jeep,Cherokee,Sport utility vehicle: Small,2.0,4,A9,X,9.1,214
2022,Jeep,Cherokee,Sport utility vehicle: Small,2.4,4,A9,X,9.3,219
2022,Jeep,Cherokee,Sport utility vehicle: Small,3.2,6,A9,X,10.2,240
2022,Jeep,Cherokee 4X4 Active Drive I,Sport utility vehicle: Small,2.0,4,A9,X,9.8,229
2022,Jeep,Cherokee 4X4 Active Drive I,Sport utility vehicle: Small,2.4,4,A9,X,9.8,230
2022,Jeep,Cherokee 4X4 Active Drive I,Sport utility vehicle: Small,3.2,6,A9,X,10.6,249
2022,Jeep,Cherokee 4X4 Active Drive Lock,Sport utility vehicle: Small,3.2,6,A9,X,11.5,268
2022,Jeep,Compass,Sport utility vehicle: Small,2.4,4,A6,X,9.3,218
2022,Jeep,Compass 4X4,Sport utility vehicle: Small,2.4,4,A9,X,9.5,222
2022,Jeep,Gladiator 4X4 EcoDiesel,Pickup truck: Standard,3.0,6,A8,D,9.8,263
2022,Jeep,Gladiator 4X4 Rubicon EcoDiesel,Pickup truck: Standard,3.0,6,A8,D,10.0,271
2022,Jeep,Gladiator 4X4,Pickup truck: Standard,3.6,6,A8,X,12.3,290
2022,Jeep,Gladiator 4X4,Pickup truck: Standard,3.6,6,M6,X,12.6,296
2022,Jeep,Grand Cherokee 4X4,Sport utility vehicle: Standard,3.6,6,A8,X,10.9,256
2022,Jeep,Grand Cherokee 4X4,Sport utility vehicle: Standard,5.7,8,A8,X,14.1,331
2022,Jeep,Grand Cherokee L 4X4,Sport utility vehicle: Standard,3.6,6,A8,X,11.3,266
2022,Jeep,Grand Cherokee L 4X4,Sport utility vehicle: Standard,5.7,8,A8,X,14.1,331
2022,Jeep,Grand Cherokee WK 4X4,Sport utility vehicle: Standard,3.6,6,A8,X,11.3,265
2022,Jeep,Grand Wagoneer 4X4,Sport utility vehicle: Standard,3.0,6,A8,Z,14.3,334
2022,Jeep,Grand Wagoneer 4X4,Sport utility vehicle: Standard,6.4,8,A8,Z,16.0,374
2022,Jeep,Renegade,Sport utility vehicle: Small,1.3,4,A9,X,8.7,204
2022,Jeep,Renegade 4X4,Sport utility vehicle: Small,1.3,4,A9,X,9.2,222
2022,Jeep,Renegade 4X4 Trailhawk,Sport utility vehicle: Small,1.3,4,A9,X,9.9,231
2022,Jeep,Wagoneer 4X4,Sport utility vehicle: Standard,5.7,8,A8,X,13.8,323
2022,Jeep,Wrangler JL 4X4,Sport utility vehicle: Small,2.0,4,A8,X,10.3,241
2022,Jeep,Wrangler JL 4X4,Sport utility vehicle: Small,3.6,6,A8,X,11.8,274
2022,Jeep,Wrangler JL 4X4 eTorque,Sport utility vehicle: Small,3.6,6,A8,X,11.0,258
2022,Jeep,Wrangler JL 4X4,Sport utility vehicle: Small,3.6,6,M6,X,11.8,277
2022,Jeep,Wrangler JL Unlimited 4X4,Sport utility vehicle: Small,2.0,4,A8,X,10.8,251
2022,Jeep,Wrangler JL Unlimited 4X4 EcoDiesel,Sport utility vehicle: Small,3.0,6,A8,D,9.5,255
2022,Jeep,Wrangler JL Unlimited 4X4 Rubicon EcoDiesel,Sport utility vehicle: Small,3.0,6,A8,D,10.2,275
2022,Jeep,Wrangler JL Unlimited 4X4,Sport utility vehicle: Small,3.6,6,A8,X,11.7,275
2022,Jeep,Wrangler JL Unlimited 4X4 eTorque,Sport utility vehicle: Small,3.6,6,A8,X,11.2,262
2022,Jeep,Wrangler JL Unlimited 4X4,Sport utility vehicle: Small,3.6,6,M6,X,12.2,285
2022,Jeep,Wrangler JL Unlimited 4X4,Sport utility vehicle: Small,6.4,8,A8,Z,16.5,387
2022,Kia,Carnival,Minivan,3.5,6,AS8,X,10.6,252
2022,Kia,Forte,Mid-size,1.6,4,AM7,X,7.8,184
2022,Kia,Forte,Mid-size,2.0,4,AV,X,7.0,165
2022,Kia,Forte,Mid-size,2.0,4,M6,X,7.6,178
2022,Kia,Forte 5,Full-size,1.6,4,AM7,X,8.0,190
2022,Kia,Forte 5,Full-size,2.0,4,AV,X,7.1,169
2022,Kia,K5,Full-size,2.5,4,AM8,X,8.7,207
2022,Kia,K5 AWD,Full-size,1.6,4,AS8,X,8.2,195
2022,Kia,Niro,Station wagon: Small,1.6,4,AM6,X,4.6,110
2022,Kia,Niro FE,Station wagon: Small,1.6,4,AM6,X,4.6,110
2022,Kia,Niro Touring,Station wagon: Small,1.6,4,AM6,X,5.3,124
2022,Kia,Rio,Compact,1.6,4,AV1,X,6.7,159
2022,Kia,Rio,Compact,1.6,4,M6,X,7.0,166
2022,Kia,Seltos,Sport utility vehicle: Small,2.0,4,AV8,X,7.7,182
2022,Kia,Seltos AWD,Sport utility vehicle: Small,1.6,4,AM7,X,8.7,205
2022,Kia,Seltos AWD,Sport utility vehicle: Small,2.0,4,AV8,X,8.2,195
2022,Kia,Sorento AWD,Sport utility vehicle: Small,2.5,4,AM8,X,9.9,234
2022,Kia,Sorento AWD,Sport utility vehicle: Small,2.5,4,AS8,X,9.7,227
2022,Kia,Sorento Hybrid AWD,Sport utility vehicle: Small,1.6,4,AM6,X,6.6,157
2022,Kia,Soul,Station wagon: Small,2.0,4,AV,X,7.9,187
2022,Kia,Sportage,Sport utility vehicle: Small,2.4,4,AS6,X,9.0,214
2022,Kia,Sportage AWD,Sport utility vehicle: Small,2.0,4,AS6,X,11.0,261
2022,Kia,Sportage AWD,Sport utility vehicle: Small,2.4,4,AS6,X,10.0,238
2022,Kia,Stinger AWD,Mid-size,3.3,6,AS8,Z,11.9,280
2022,Kia,Telluride AWD,Sport utility vehicle: Small,3.8,6,AS8,X,11.3,266
2022,Lamborghini,Aventador Countach,Two-seater,6.5,12,AM7,Z,21.2,489
2022,Lamborghini,Aventador Ultimae Coupe,Two-seater,6.5,12,AM7,Z,21.5,498
2022,Lamborghini,Aventador Ultimae Roadster,Two-seater,6.5,12,AM7,Z,21.5,498
2022,Lamborghini,Huracan evo Coupe,Two-seater,5.2,10,AM7,Z,15.7,371
2022,Lamborghini,Huracan evo Coupe AWD,Two-seater,5.2,10,AM7,Z,15.7,370
2022,Lamborghini,Huracan evo Spyder,Two-seater,5.2,10,AM7,Z,15.7,371
2022,Lamborghini,Huracan evo Spyder AWD,Two-seater,5.2,10,AM7,Z,15.7,370
2022,Lamborghini,Urus,Sport utility vehicle: Standard,4.0,8,AS8,Z,16.9,384
2022,Land Rover,Defender 90 P300,Sport utility vehicle: Standard,2.0,4,AS8,Z,12.3,289
2022,Land Rover,Defender 90 P400,Sport utility vehicle: Standard,3.0,6,AS8,Z,12.3,287
2022,Land Rover,Defender 90 5.0L V8,Sport utility vehicle: Standard,5.0,8,AS8,Z,14.3,339
2022,Land Rover,Defender 110 P300,Sport utility vehicle: Standard,2.0,4,AS8,Z,13.0,306
2022,Land Rover,Defender 110 P400,Sport utility vehicle: Standard,3.0,6,AS8,Z,12.3,287
2022,Land Rover,Defender 110 5.0L V8,Sport utility vehicle: Standard,5.0,8,AS8,Z,14.7,350
2022,Land Rover,Discovery P300,Sport utility vehicle: Standard,2.0,4,AS8,Z,11.5,271
2022,Land Rover,Discovery P360,Sport utility vehicle: Standard,3.0,6,AS8,Z,11.4,270
2022,Land Rover,Discovery Sport P250,Sport utility vehicle: Small,2.0,4,AS9,Z,11.5,271
2022,Land Rover,New Range Rover P400,Sport utility vehicle: Standard,3.0,6,AS8,Z,11.3,265
2022,Land Rover,New Range Rover P400 LWB,Sport utility vehicle: Standard,3.0,6,AS8,Z,11.3,265
2022,Land Rover,New Range Rover P530,Sport utility vehicle: Standard,4.4,8,AS8,Z,13.3,316
2022,Land Rover,New Range Rover P530 LWB,Sport utility vehicle: Standard,4.4,8,AS8,Z,13.3,314
2022,Land Rover,Range Rover P360,Sport utility vehicle: Standard,3.0,6,AS8,Z,11.9,279
2022,Land Rover,Range Rover P400,Sport utility vehicle: Standard,3.0,6,AS8,Z,11.9,279
2022,Land Rover,Range Rover P525,Sport utility vehicle: Standard,5.0,8,AS8,Z,13.0,305
2022,Land Rover,Range Rover P525 LWB,Sport utility vehicle: Standard,5.0,8,AS8,Z,13.0,305
2022,Land Rover,Range Rover SVAutobiography,Sport utility vehicle: Standard,5.0,8,AS8,Z,15.1,354
2022,Land Rover,Range Rover SVAutobiography LWB,Sport utility vehicle: Standard,5.0,8,AS8,Z,15.5,365
2022,Land Rover,Range Rover Sport P360,Sport utility vehicle: Standard,3.0,6,AS8,Z,11.4,269
2022,Land Rover,Range Rover Sport HST P400,Sport utility vehicle: Standard,3.0,6,AS8,Z,11.4,269
2022,Land Rover,Range Rover Sport P525,Sport utility vehicle: Standard,5.0,8,AS8,Z,12.6,294
2022,Land Rover,Range Rover Sport P575 SVR,Sport utility vehicle: Standard,5.0,8,AS8,Z,14.3,336
2022,Land Rover,Range Rover Evoque P250,Sport utility vehicle: Small,2.0,4,AS9,Z,10.5,247
2022,Land Rover,Range Rover Evoque P300,Sport utility vehicle: Small,2.0,4,AS9,Z,10.3,244
2022,Land Rover,Range Rover Velar P250,Sport utility vehicle: Small,2.0,4,AS8,Z,10.4,244
2022,Land Rover,Range Rover Velar P340,Sport utility vehicle: Small,3.0,6,AS8,Z,10.5,248
2022,Land Rover,Range Rover Velar P400,Sport utility vehicle: Small,3.0,6,AS8,Z,11.3,265
2022,Lexus,ES 250 AWD,Mid-size,2.5,4,AS8,X,8.4,195
2022,Lexus,ES 300h,Mid-size,2.5,4,AV6,X,5.3,124
2022,Lexus,ES 350,Mid-size,3.5,6,AS8,X,9.2,214
2022,Lexus,ES 350 F SPORT,Mid-size,3.5,6,AS8,X,9.4,219
2022,Lexus,GX 460,Sport utility vehicle: Standard,4.6,8,AS6,Z,14.5,337
2022,Lexus,IS 300,Compact,2.0,4,AS6,Z,9.5,221
2022,Lexus,IS 300 AWD,Compact,3.5,6,AS6,Z,10.8,253
2022,Lexus,IS 350 AWD,Compact,3.5,6,AS6,Z,10.8,253
2022,Lexus,IS 500,Compact,5.0,8,AS8,Z,11.9,280
2022,Lexus,LC 500,Subcompact,5.0,8,AS10,Z,12.6,294
2022,Lexus,LC 500 Convertible,Minicompact,5.0,8,AS10,Z,13.0,304
2022,Lexus,LC 500h,Subcompact,3.5,6,AV10,Z,8.1,189
2022,Lexus,LS 500 AWD,Mid-size,3.4,6,AS10,Z,11.2,270
2022,Lexus,LS 500h AWD,Mid-size,3.5,6,AV10,Z,9.2,216
2022,Lexus,LX 600,Sport utility vehicle: Standard,3.4,6,AS10,Z,12.7,298
2022,Lexus,NX 250 AWD,Sport utility vehicle: Small,2.5,4,AS8,X,8.4,198
2022,Lexus,NX 350 AWD,Sport utility vehicle: Small,2.4,4,AS8,Z,9.5,221
2022,Lexus,NX 350 AWD F SPORT,Sport utility vehicle: Small,2.4,4,AS8,Z,9.5,222
2022,Lexus,NX 350h AWD,Sport utility vehicle: Small,2.5,4,AV6,Z,6.0,140
2022,Lexus,RC 300 AWD,Subcompact,3.5,6,AS6,Z,10.8,253
2022,Lexus,RC 350 AWD,Subcompact,3.5,6,AS6,Z,10.8,253
2022,Lexus,RC F,Subcompact,5.0,8,AS8,Z,12.2,285
2022,Lexus,RX 350 AWD,Sport utility vehicle: Small,3.5,6,AS8,X,10.8,252
2022,Lexus,RX 350 L AWD,Sport utility vehicle: Small,3.5,6,AS8,X,11.1,268
2022,Lexus,RX 450h AWD,Sport utility vehicle: Standard,3.5,6,AV6,Z,7.9,185
2022,Lexus,RX 450h L AWD,Sport utility vehicle: Standard,3.5,6,AV6,Z,8.1,190
2022,Lexus,UX 200,Mid-size,2.0,4,AS10,X,7.2,168
2022,Lexus,UX 250h AWD,Compact,2.0,4,AV6,X,6.0,140
2022,Lincoln,Aviator AWD,Sport utility vehicle: Standard,3.0,6,AS10,X,11.9,280
2022,Lincoln,Corsair AWD,Sport utility vehicle: Small,2.0,4,AS8,X,9.8,229
2022,Lincoln,Corsair AWD,Sport utility vehicle: Small,2.3,4,AS8,X,9.9,232
2022,Lincoln,Nautilus AWD,Sport utility vehicle: Small,2.0,4,A8,X,10.7,252
2022,Lincoln,Nautilus AWD,Sport utility vehicle: Small,2.0,4,AS8,X,10.7,251
2022,Lincoln,Nautilus AWD,Sport utility vehicle: Small,2.7,6,AS8,X,11.2,262
2022,Lincoln,Navigator 4X4,Sport utility vehicle: Standard,3.5,6,AS10,X,13.2,311
2022,Maserati,Ghibli GT,Mid-size,3.0,6,A8,Z,11.6,271
2022,Maserati,Ghibli Modena,Mid-size,3.0,6,A8,Z,11.6,271
2022,Maserati,Ghibli Modena AWD,Mid-size,3.0,6,A8,Z,12.6,293
2022,Maserati,Ghibli Trofeo,Mid-size,3.8,8,A8,Z,14.9,348
2022,Maserati,Levante GT,Sport utility vehicle: Standard,3.0,6,A8,Z,13.2,308
2022,Maserati,Levante Modena,Sport utility vehicle: Standard,3.0,6,A8,Z,13.2,308
2022,Maserati,Levante Modena V8,Sport utility vehicle: Standard,3.8,8,A8,Z,15.0,349
2022,Maserati,Levante Trofeo,Sport utility vehicle: Standard,3.8,8,A8,Z,15.0,349
2022,Maserati,MC20,Two-seater,3.0,6,AS8,Z,12.8,295
2022,Maserati,Quattroporte GT,Full-size,3.0,6,A8,Z,12.1,281
2022,Maserati,Quattroporte Modena,Full-size,3.0,6,A8,Z,12.1,281
2022,Maserati,Quattroporte Modena AWD,Full-size,3.0,6,A8,Z,12.6,293
2022,Maserati,Quattroporte Trofeo,Full-size,3.8,8,A8,Z,14.9,348
2022,Mazda,CX-3,Compact,2.0,4,AS6,X,7.7,179
2022,Mazda,CX-3 (SIL),Compact,2.0,4,M6,X,8.0,186
2022,Mazda,CX-3 4WD,Compact,2.0,4,AS6,X,8.1,189
2022,Mazda,CX-30 4WD,Sport utility vehicle: Small,2.0,4,AS6,X,8.6,202
2022,Mazda,CX-30 4WD,Sport utility vehicle: Small,2.5,4,AS6,X,8.9,208
2022,Mazda,CX-30 Turbo 4WD,Sport utility vehicle: Small,2.5,4,AS6,X,9.3,220
2022,Mazda,CX-5 4WD,Sport utility vehicle: Small,2.5,4,AS6,X,9.3,216
2022,Mazda,CX-5 4WD (Cylinder Deactivation),Sport utility vehicle: Small,2.5,4,AS6,X,9.0,209
2022,Mazda,CX-5 Turbo 4WD,Sport utility vehicle: Small,2.5,4,AS6,X,9.8,230
2022,Mazda,CX-9 4WD,Sport utility vehicle: Small,2.5,4,AS6,X,10.4,243
2022,Mazda,Mazda3 4-Door,Compact,2.0,4,AS6,X,7.6,178
2022,Mazda,Mazda3 4-Door (SIL),Compact,2.0,4,M6,X,7.7,180
2022,Mazda,Mazda3 4-Door,Compact,2.5,4,AS6,X,7.8,183
2022,Mazda,Mazda3 4-Door 4WD,Compact,2.5,4,AS6,X,8.5,199
2022,Mazda,Mazda3 4-Door Turbo 4WD,Compact,2.5,4,AS6,X,8.8,207
2022,Mazda,Mazda3 5-Door,Mid-size,2.0,4,AS6,X,7.7,181
2022,Mazda,Mazda3 5-Door (SIL),Mid-size,2.0,4,M6,X,7.8,181
2022,Mazda,Mazda3 5-Door,Mid-size,2.5,4,AS6,X,8.1,190
2022,Mazda,Mazda3 5-Door (SIL),Mid-size,2.5,4,M6,X,8.4,198
2022,Mazda,Mazda3 5-Door 4WD,Mid-size,2.5,4,AS6,X,8.6,200
2022,Mazda,Mazda3 5-Door Turbo 4WD,Mid-size,2.5,4,AS6,X,8.9,209
2022,Mazda,MX-5,Two-seater,2.0,4,AS6,Z,7.9,186
2022,Mazda,MX-5 (SIL),Two-seater,2.0,4,M6,Z,8.1,189
2022,Mercedes-Benz,A 220 4MATIC Sedan,Subcompact,2.0,4,AM7,Z,8.3,194
2022,Mercedes-Benz,A 250 4MATIC Hatch,Station wagon: Small,2.0,4,AM7,Z,8.7,202
2022,Mercedes-Benz,AMG A 35 4MATIC Sedan,Subcompact,2.0,4,AM7,Z,9.5,221
2022,Mercedes-Benz,AMG A 35 4MATIC Hatch,Station wagon: Small,2.0,4,AM7,Z,9.4,221
2022,Mercedes-Benz,AMG C 43 4MATIC Cabriolet,Subcompact,3.0,6,A9,Z,10.9,256
2022,Mercedes-Benz,AMG C 43 4MATIC Coupe,Subcompact,3.0,6,A9,Z,10.8,252
2022,Mercedes-Benz,AMG CLA 35 4MATIC Coupe,Compact,2.0,4,AM7,Z,9.7,227
2022,Mercedes-Benz,AMG CLA 45 4MATIC Coupe,Compact,2.0,4,AM8,Z,10.4,243
2022,Mercedes-Benz,AMG CLS 53 4MATIC+ Coupe,Compact,3.0,6,A9,Z,10.3,241
2022,Mercedes-Benz,AMG E 53 4MATIC+ Sedan,Mid-size,3.0,6,A9,Z,9.9,232
2022,Mercedes-Benz,AMG E 53 4MATIC+ Cabriolet,Subcompact,3.0,6,A9,Z,10.6,247
2022,Mercedes-Benz,AMG E 53 4MATIC+ Coupe,Subcompact,3.0,6,A9,Z,10.2,239
2022,Mercedes-Benz,AMG G 63 SUV,Sport utility vehicle: Standard,4.0,8,A9,Z,17.6,412
2022,Mercedes-Benz,AMG G 63 4x4 Squared,Sport utility vehicle: Standard,4.0,8,A9,Z,20.2,470
2022,Mercedes-Benz,AMG GLA 35 4MATIC SUV,Station wagon: Small,2.0,4,AM8,Z,9.8,230
2022,Mercedes-Benz,AMG GLA 45 4MATIC SUV,Station wagon: Small,2.0,4,AM8,Z,11.1,260
2022,Mercedes-Benz,AMG GLB 35 4MATIC SUV,Station wagon: Mid-size,2.0,4,AM8,Z,11.2,262
2022,Mercedes-Benz,AMG GLC 43 4MATIC SUV,Sport utility vehicle: Small,3.0,6,A9,Z,11.3,264
2022,Mercedes-Benz,AMG GLC 43 4MATIC Coupe,Sport utility vehicle: Small,3.0,6,A9,Z,12.3,287
2022,Mercedes-Benz,AMG GLE 53 4MATIC+ SUV,Sport utility vehicle: Standard,3.0,6,A9,Z,12.1,283
2022,Mercedes-Benz,AMG GLE 53 4MATIC+ Coupe,Sport utility vehicle: Standard,3.0,6,A9,Z,12.5,292
2022,Mercedes-Benz,AMG GLE 63 S 4MATIC+ SUV,Sport utility vehicle: Standard,4.0,8,A9,Z,14.6,341
2022,Mercedes-Benz,AMG GLE 63 S 4MATIC+ Coupe,Sport utility vehicle: Standard,4.0,8,A9,Z,14.8,346
2022,Mercedes-Benz,AMG GLS 63 4MATIC+ SUV,Sport utility vehicle: Standard,4.0,8,A9,Z,15.3,360
2022,Mercedes-Benz,AMG GT 53 4MATIC+ Coupe,Compact,3.0,6,A9,Z,11.0,258
2022,Mercedes-Benz,AMG SL 63 4MATIC+ Roadster,Minicompact,4.0,8,A9,Z,14.5,339
2022,Mercedes-Benz,C 300 4MATIC Sedan,Compact,2.0,4,A9,Z,8.6,202
2022,Mercedes-Benz,C 300 4MATIC Cabriolet,Subcompact,2.0,4,A9,Z,9.6,224
2022,Mercedes-Benz,C 300 4MATIC Coupe,Subcompact,2.0,4,A9,Z,9.3,217
2022,Mercedes-Benz,CLA 250 4MATIC Coupe,Compact,2.0,4,AM7,Z,8.6,200
2022,Mercedes-Benz,CLS 450 4MATIC Coupe,Compact,3.0,6,A9,Z,9.8,229
2022,Mercedes-Benz,E 350 4MATIC Sedan,Mid-size,2.0,4,A9,Z,9.8,229
2022,Mercedes-Benz,E 450 4MATIC Sedan,Mid-size,3.0,6,A9,Z,9.3,218
2022,Mercedes-Benz,E 450 4MATIC Cabriolet,Subcompact,3.0,6,A9,Z,9.9,233
2022,Mercedes-Benz,E 450 4MATIC Coupe,Subcompact,3.0,6,A9,Z,9.6,225
2022,Mercedes-Benz,E 450 4MATIC All-Terrain Wagon,Station wagon: Mid-size,3.0,6,A9,Z,9.8,229
2022,Mercedes-Benz,G 550 SUV,Sport utility vehicle: Standard,4.0,8,A9,Z,15.1,354
2022,Mercedes-Benz,GLA 250 4MATIC SUV,Sport utility vehicle: Small,2.0,4,AM8,Z,9.0,210
2022,Mercedes-Benz,GLB 250 4MATIC SUV,Sport utility vehicle: Small,2.0,4,AM8,Z,9.5,224
2022,Mercedes-Benz,GLC 300 4MATIC SUV,Sport utility vehicle: Small,2.0,4,A9,Z,10.4,242
2022,Mercedes-Benz,GLC 300 4MATIC Coupe,Sport utility vehicle: Small,2.0,4,A9,Z,10.1,237
2022,Mercedes-Benz,GLE 350 4MATIC SUV,Sport utility vehicle: Standard,2.0,4,A9,Z,10.7,250
2022,Mercedes-Benz,GLE 450 4MATIC SUV,Sport utility vehicle: Standard,3.0,6,A9,Z,10.4,244
2022,Mercedes-Benz,GLE 450 4MATIC Coupe,Sport utility vehicle: Standard,3.0,6,A9,Z,10.5,247
2022,Mercedes-Benz,GLS 450 4MATIC SUV,Sport utility vehicle: Standard,3.0,6,A9,Z,11.5,269
2022,Mercedes-Benz,GLS 600 4MATIC Maybach SUV,Sport utility vehicle: Standard,4.0,8,A9,Z,14.4,338
2022,Mercedes-Benz,Maybach S 580 4MATIC Sedan,Full-size,4.0,8,A9,Z,12.9,301
2022,Mercedes-Benz,Maybach S 680 4MATIC Sedan,Full-size,6.0,12,A9,Z,15.7,369
2022,Mercedes-Benz,Metris Cargo Van,Special purpose vehicle,2.0,4,A9,Z,11.5,267
2022,Mercedes-Benz,Metris Cargo Van LWB,Special purpose vehicle,2.0,4,A9,Z,11.5,267
2022,Mercedes-Benz,Metris Passenger Van,Special purpose vehicle,2.0,4,A9,Z,12.1,282
2022,Mercedes-Benz,S 500 4MATIC SWB Sedan,Full-size,3.0,6,A9,Z,9.9,231
2022,Mercedes-Benz,S 580 4MATIC LWB Sedan,Full-size,4.0,8,A9,Z,12.2,285
2022,MINI,Cooper 3 Door,Subcompact,1.5,3,AM7,Z,7.3,170
2022,MINI,Cooper 3 Door,Subcompact,1.5,3,M6,Z,7.6,177
2022,MINI,Cooper 5 Door,Subcompact,1.5,3,AM7,Z,7.3,170
2022,MINI,Cooper 5 Door,Subcompact,1.5,3,M6,Z,7.6,177
2022,MINI,Cooper Convertible,Minicompact,1.5,3,AM7,Z,7.3,170
2022,MINI,Cooper Convertible,Minicompact,1.5,3,M6,Z,7.6,177
2022,MINI,Cooper Countryman ALL4,Mid-size,1.5,3,AS8,Z,9.1,211
2022,MINI,Cooper S 3 Door,Subcompact,2.0,4,AM7,Z,7.5,174
2022,MINI,Cooper S 3 Door,Subcompact,2.0,4,M6,Z,9.1,211
2022,MINI,Cooper S 5 Door,Subcompact,2.0,4,AM7,Z,7.5,174
2022,MINI,Cooper S 5 Door,Subcompact,2.0,4,M6,Z,9.1,211
2022,MINI,Cooper S Clubman ALL4,Mid-size,2.0,4,AS8,Z,8.9,207
2022,MINI,Cooper S Convertible,Minicompact,2.0,4,AM7,Z,7.8,182
2022,MINI,Cooper S Convertible,Minicompact,2.0,4,M6,Z,8.8,205
2022,MINI,Cooper S Countryman ALL4,Mid-size,2.0,4,AS8,Z,9.1,212
2022,MINI,John Cooper Works 3 Door,Subcompact,2.0,4,AS8,Z,8.2,191
2022,MINI,John Cooper Works 3 Door,Subcompact,2.0,4,M6,Z,9.1,211
2022,MINI,John Cooper Works Clubman ALL4,Mid-size,2.0,4,AS8,Z,9.0,210
2022,MINI,John Cooper Works Convertible,Minicompact,2.0,4,AS8,Z,8.5,198
2022,MINI,John Cooper Works Countryman ALL4,Mid-size,2.0,4,AS8,Z,9.2,210
2022,Mitsubishi,Eclipse Cross 4WD,Sport utility vehicle: Small,1.5,4,AV8,X,9.3,216
2022,Mitsubishi,Mirage,Compact,1.2,3,AV,X,6.2,143
2022,Mitsubishi,Mirage,Compact,1.2,3,M5,X,6.5,151
2022,Mitsubishi,Outlander 4WD,Sport utility vehicle: Small,2.5,4,AV8,X,8.9,208
2022,Mitsubishi,RVR,Sport utility vehicle: Small,2.0,4,AV6,X,8.8,206
2022,Mitsubishi,RVR 4WD,Sport utility vehicle: Small,2.0,4,AV6,X,9.2,213
2022,Mitsubishi,RVR 4WD,Sport utility vehicle: Small,2.4,4,AV6,X,9.4,218
2022,Nissan,Altima AWD,Mid-size,2.5,4,AV,X,7.9,186
2022,Nissan,Altima AWD SR/Platinum,Mid-size,2.5,4,AV,X,8.1,191
2022,Nissan,Armada 4WD,Sport utility vehicle: Standard,5.6,8,AS7,Z,15.4,362
2022,Nissan,Frontier,Pickup truck: Standard,3.8,6,AS9,X,11.3,266
2022,Nissan,Frontier 4WD,Pickup truck: Standard,3.8,6,AS9,X,12.8,300
2022,Nissan,Kicks,Mid-size,1.6,4,AV,X,7.2,169
2022,Nissan,Maxima,Mid-size,3.5,6,AV7,Z,9.9,233
2022,Nissan,Murano AWD,Station wagon: Mid-size,3.5,6,AV7,X,10.5,248
2022,Nissan,Pathfinder 4WD,Sport utility vehicle: Small,3.5,6,AS9,X,10.5,246
2022,Nissan,Qashqai,Station wagon: Small,2.0,4,AV8,X,8.2,194
2022,Nissan,Qashqai,Station wagon: Small,2.0,4,M6,X,9.1,213
2022,Nissan,Qashqai AWD,Station wagon: Small,2.0,4,AV8,X,8.6,201
2022,Nissan,Rogue,Sport utility vehicle: Small,1.5,3,AV8,X,7.2,169
2022,Nissan,Rogue,Sport utility vehicle: Small,2.5,4,AV8,X,8.4,196
2022,Nissan,Rogue AWD,Sport utility vehicle: Small,1.5,3,AV8,X,7.6,179
2022,Nissan,Rogue AWD SL/Platinum,Sport utility vehicle: Small,1.5,3,AV8,X,7.7,181
2022,Nissan,Rogue AWD,Sport utility vehicle: Small,2.5,4,AV8,X,8.3,195
2022,Nissan,Sentra,Mid-size,2.0,4,AV,X,7.1,167
2022,Nissan,Sentra SR,Mid-size,2.0,4,AV,X,7.3,171
2022,Nissan,Sentra,Mid-size,2.0,4,M6,X,7.9,185
2022,Nissan,Sentra SR,Mid-size,2.0,4,M6,X,8.1,189
2022,Nissan,Versa,Compact,1.6,4,AV,X,6.7,158
2022,Nissan,Versa,Compact,1.6,4,M5,X,7.7,181
2022,Porsche,718 Boxster,Two-seater,2.0,4,AM7,Z,10.0,233
2022,Porsche,718 Boxster,Two-seater,2.0,4,M6,Z,10.5,245
2022,Porsche,718 Boxster T,Two-seater,2.0,4,AM7,Z,10.1,236
2022,Porsche,718 Boxster T,Two-seater,2.0,4,M6,Z,10.5,245
2022,Porsche,718 Boxster S,Two-seater,2.5,4,AM7,Z,10.9,255
2022,Porsche,718 Boxster S,Two-seater,2.5,4,M6,Z,11.2,263
2022,Porsche,718 Boxster GTS 4.0,Two-seater,4.0,6,AM7,Z,11.1,260
2022,Porsche,718 Boxster GTS 4.0,Two-seater,4.0,6,M6,Z,12.2,284
2022,Porsche,718 Cayman,Two-seater,2.0,4,AM7,Z,10.0,233
2022,Porsche,718 Cayman,Two-seater,2.0,4,M6,Z,10.5,245
2022,Porsche,718 Cayman T,Two-seater,2.0,4,AM7,Z,10.1,236
2022,Porsche,718 Cayman T,Two-seater,2.0,4,M6,Z,10.5,245
2022,Porsche,718 Cayman S,Two-seater,2.5,4,AM7,Z,10.9,255
2022,Porsche,718 Cayman S,Two-seater,2.5,4,M6,Z,11.2,263
2022,Porsche,718 Cayman GTS 4.0,Two-seater,4.0,6,AM7,Z,11.1,260
2022,Porsche,718 Cayman GTS 4.0,Two-seater,4.0,6,M6,Z,12.2,284
2022,Porsche,718 Cayman GT4,Two-seater,4.0,6,AM7,Z,11.6,271
2022,Porsche,718 Cayman GT4,Two-seater,4.0,6,M6,Z,12.2,286
2022,Porsche,718 Spyder,Two-seater,4.0,6,AM7,Z,11.6,271
2022,Porsche,718 Spyder,Two-seater,4.0,6,M6,Z,12.2,286
2022,Porsche,911 Carrera,Minicompact,3.0,6,AM8,Z,11.6,275
2022,Porsche,911 Carrera 4,Minicompact,3.0,6,AM8,Z,11.6,275
2022,Porsche,911 Carrera Cabriolet,Minicompact,3.0,6,AM8,Z,11.6,275
2022,Porsche,911 Carrera 4 Cabriolet,Minicompact,3.0,6,AM8,Z,11.6,275
2022,Porsche,911 Carrera S,Minicompact,3.0,6,AM8,Z,11.7,274
2022,Porsche,911 Carrera S,Minicompact,3.0,6,M7,Z,11.3,264
2022,Porsche,911 Carrera 4S,Minicompact,3.0,6,AM8,Z,11.8,275
2022,Porsche,911 Carrera 4S,Minicompact,3.0,6,M7,Z,11.8,275
2022,Porsche,911 Carrera S Cabriolet,Minicompact,3.0,6,AM8,Z,11.7,273
2022,Porsche,911 Carrera S Cabriolet,Minicompact,3.0,6,M7,Z,11.8,275
2022,Porsche,911 Carrera 4S Cabriolet,Minicompact,3.0,6,AM8,Z,11.7,273
2022,Porsche,911 Carrera 4S Cabriolet,Minicompact,3.0,6,M7,Z,12.0,281
2022,Porsche,911 Carrera GTS,Minicompact,3.0,6,AM8,Z,12.1,289
2022,Porsche,911 Carrera GTS,Minicompact,3.0,6,M7,Z,11.9,276
2022,Porsche,911 Carrera 4 GTS,Minicompact,3.0,6,AM8,Z,12.1,288
2022,Porsche,911 Carrera 4 GTS,Minicompact,3.0,6,M7,Z,12.2,289
2022,Porsche,911 Carrera GTS Cabriolet,Minicompact,3.0,6,AM8,Z,12.2,289
2022,Porsche,911 Carrera GTS Cabriolet,Minicompact,3.0,6,M7,Z,11.9,278
2022,Porsche,911 Carrera 4 GTS Cabriolet,Minicompact,3.0,6,AM8,Z,12.3,288
2022,Porsche,911 Carrera 4 GTS Cabriolet,Minicompact,3.0,6,M7,Z,12.7,296
2022,Porsche,911 GT3,Two-seater,4.0,6,AM7,Z,14.3,334
2022,Porsche,911 GT3,Two-seater,4.0,6,M6,Z,15.2,355
2022,Porsche,911 GT3 Touring,Two-seater,4.0,6,AM7,Z,14.4,335
2022,Porsche,911 GT3 Touring,Two-seater,4.0,6,M6,Z,15.2,354
2022,Porsche,911 Targa 4,Minicompact,3.0,6,AM8,Z,11.6,275
2022,Porsche,911 Targa 4S,Minicompact,3.0,6,AM8,Z,11.8,274
2022,Porsche,911 Targa 4S,Minicompact,3.0,6,M7,Z,11.9,278
2022,Porsche,911 Targa 4 GTS,Minicompact,3.0,6,AM8,Z,12.3,287
2022,Porsche,911 Targa 4 GTS,Minicompact,3.0,6,M7,Z,12.7,296
2022,Porsche,911 Turbo,Minicompact,3.7,6,AM8,Z,13.7,321
2022,Porsche,911 Turbo Cabriolet,Minicompact,3.7,6,AM8,Z,13.9,324
2022,Porsche,911 Turbo S,Minicompact,3.7,6,AM8,Z,13.7,321
2022,Porsche,911 Turbo S Cabriolet,Minicompact,3.7,6,AM8,Z,14.1,328
2022,Porsche,Cayenne,Sport utility vehicle: Standard,3.0,6,AS8,Z,12.4,289
2022,Porsche,Cayenne Coupe,Sport utility vehicle: Standard,3.0,6,AS8,Z,12.4,289
2022,Porsche,Cayenne S,Sport utility vehicle: Standard,2.9,6,AS8,Z,12.9,307
2022,Porsche,Cayenne S Coupe,Sport utility vehicle: Standard,2.9,6,AS8,Z,13.0,305
2022,Porsche,Cayenne GTS,Sport utility vehicle: Standard,4.0,8,AS8,Z,14.2,331
2022,Porsche,Cayenne GTS Coupe,Sport utility vehicle: Standard,4.0,8,AS8,Z,14.0,326
2022,Porsche,Cayenne Turbo,Sport utility vehicle: Standard,4.0,8,AS8,Z,14.8,343
2022,Porsche,Cayenne Turbo Coupe,Sport utility vehicle: Standard,4.0,8,AS8,Z,14.1,330
2022,Porsche,Cayenne Turbo GT,Sport utility vehicle: Standard,4.0,8,AS8,Z,14.8,345
2022,Porsche,Macan,Sport utility vehicle: Small,2.0,4,AM7,Z,11.0,263
2022,Porsche,Macan S,Sport utility vehicle: Small,2.9,6,AM7,Z,12.2,289
2022,Porsche,Macan GTS,Sport utility vehicle: Small,2.9,6,AM7,Z,12.2,290
2022,Porsche,Panamera,Full-size,2.9,6,AM8,Z,11.6,274
2022,Porsche,Panamera 4,Full-size,2.9,6,AM8,Z,11.5,274
2022,Porsche,Panamera 4 Executive,Full-size,2.9,6,AM8,Z,12.2,289
2022,Porsche,Panamera 4 ST,Full-size,2.9,6,AM8,Z,11.7,274
2022,Porsche,Panamera 4S,Full-size,2.9,6,AM8,Z,11.4,276
2022,Porsche,Panamera 4S Executive,Full-size,2.9,6,AM8,Z,12.2,292
2022,Porsche,Panamera 4S ST,Full-size,2.9,6,AM8,Z,12.2,292
2022,Porsche,Panamera GTS,Full-size,4.0,8,AM8,Z,13.7,323
2022,Porsche,Panamera GTS ST,Full-size,4.0,8,AM8,Z,13.9,323
2022,Porsche,Panamera Turbo S,Full-size,4.0,8,AM8,Z,13.5,326
2022,Porsche,Panamera Turbo S Executive,Full-size,4.0,8,AM8,Z,13.5,326
2022,Porsche,Panamera Turbo S ST,Full-size,4.0,8,AM8,Z,13.5,326
2022,Ram,1500 EcoDiesel,Pickup truck: Standard,3.0,6,A8,D,9.0,243
2022,Ram,1500 HFE EcoDiesel,Pickup truck: Standard,3.0,6,A8,D,8.9,238
2022,Ram,1500 eTorque,Pickup truck: Standard,3.6,6,A8,X,10.8,253
2022,Ram,1500 HFE eTorque,Pickup truck: Standard,3.6,6,A8,X,10.4,245
2022,Ram,1500,Pickup truck: Standard,5.7,8,A8,X,13.6,320
2022,Ram,1500 eTorque,Pickup truck: Standard,5.7,8,A8,X,11.7,275
2022,Ram,1500 4X4 EcoDiesel,Pickup truck: Standard,3.0,6,A8,D,9.7,260
2022,Ram,1500 4X4 eTorque,Pickup truck: Standard,3.6,6,A8,X,11.1,260
2022,Ram,1500 4X4,Pickup truck: Standard,5.7,8,A8,X,13.8,325
2022,Ram,1500 4X4 eTorque,Pickup truck: Standard,5.7,8,A8,X,12.1,284
2022,Ram,1500 4X4 TRX,Pickup truck: Standard,6.2,8,A8,Z,19.8,465
2022,Ram,1500 Classic,Pickup truck: Standard,3.6,6,A8,X,11.9,280
2022,Ram,1500 Classic,Pickup truck: Standard,5.7,8,A8,X,13.7,323
2022,Ram,1500 Classic 4X4,Pickup truck: Standard,3.6,6,A8,X,12.6,295
2022,Ram,1500 Classic 4X4,Pickup truck: Standard,5.7,8,A8,X,14.1,330
2022,Ram,ProMaster City,Special purpose vehicle,2.4,4,A9,X,9.9,232
2022,Rolls-Royce,Cullinan,Station wagon: Mid-size,6.7,12,AS8,Z,16.5,386
2022,Rolls-Royce,Cullinan Black Badge,Station wagon: Mid-size,6.7,12,AS8,Z,16.5,386
2022,Rolls-Royce,Ghost,Full-size,6.7,12,AS8,Z,16.7,387
2022,Rolls-Royce,Ghost EWB,Full-size,6.7,12,AS8,Z,16.7,387
2022,Rolls-Royce,Ghost Black Badge,Full-size,6.7,12,AS8,Z,16.7,387
2022,Rolls-Royce,Phantom,Full-size,6.7,12,AS8,Z,16.3,382
2022,Rolls-Royce,Phantom EWB,Full-size,6.7,12,AS8,Z,16.3,382
2022,Subaru,Ascent AWD,Sport utility vehicle: Standard,2.4,4,AV8,X,10.5,245
2022,Subaru,BRZ,Minicompact,2.4,4,AS6,Z,9.5,224
2022,Subaru,BRZ,Minicompact,2.4,4,M6,Z,10.5,247
2022,Subaru,Crosstrek AWD,Sport utility vehicle: Small,2.0,4,AV8,X,7.9,184
2022,Subaru,Crosstrek AWD,Sport utility vehicle: Small,2.0,4,M6,X,9.4,220
2022,Subaru,Crosstrek AWD,Sport utility vehicle: Small,2.5,4,AV8,X,8.0,188
2022,Subaru,Forester AWD,Sport utility vehicle: Small,2.5,4,AV7,X,8.2,192
2022,Subaru,Forester Wilderness AWD,Sport utility vehicle: Small,2.5,4,AV8,X,9.0,210
2022,Subaru,Impreza 4-Door AWD,Mid-size,2.0,4,AV7,X,7.4,174
2022,Subaru,Impreza 4-Door AWD,Mid-size,2.0,4,M5,X,9.0,209
2022,Subaru,Impreza 5-Door AWD,Station wagon: Small,2.0,4,AV7,X,7.6,178
2022,Subaru,Impreza 5-Door AWD,Station wagon: Small,2.0,4,M5,X,9.0,211
2022,Subaru,Legacy AWD,Full-size,2.4,4,AV8,X,8.7,205
2022,Subaru,Legacy AWD,Full-size,2.5,4,AV8,X,7.8,184
2022,Subaru,Outback AWD,Sport utility vehicle: Small,2.4,4,AV8,X,9.1,213
2022,Subaru,Outback AWD,Sport utility vehicle: Small,2.5,4,AV8,X,8.2,192
2022,Subaru,Outback Wilderness AWD,Sport utility vehicle: Small,2.4,4,AV8,X,10.0,235
2022,Subaru,WRX AWD,Mid-size,2.4,4,AV8,Z,11.2,262
2022,Subaru,WRX AWD,Mid-size,2.4,4,M6,Z,10.8,254
2022,Toyota,4Runner 4WD,Sport utility vehicle: Standard,4.0,6,AS5,X,13.8,323
2022,Toyota,4Runner 4WD (Part-Time 4WD),Sport utility vehicle: Standard,4.0,6,AS5,X,13.8,321
2022,Toyota,C-HR,Compact,2.0,4,AS7,X,8.2,189
2022,Toyota,Camry LE/SE,Mid-size,2.5,4,AS8,X,7.4,174
2022,Toyota,Camry XSE,Mid-size,2.5,4,AS8,X,7.6,178
2022,Toyota,Camry XSE V6,Mid-size,3.5,6,AS8,X,9.2,215
2022,Toyota,Camry TRD,Mid-size,3.5,6,AS8,X,9.4,220
2022,Toyota,Camry AWD SE,Mid-size,2.5,4,AS8,X,8.2,192
2022,Toyota,Camry AWD XSE,Mid-size,2.5,4,AS8,X,8.4,195
2022,Toyota,Camry Hybrid LE,Mid-size,2.5,4,AV,X,4.9,113
2022,Toyota,Camry Hybrid SE/XLE/XSE,Mid-size,2.5,4,AV,X,5.1,121
2022,Toyota,Corolla,Compact,1.8,4,AV,X,7.1,166
2022,Toyota,Corolla XLE,Compact,1.8,4,AV,X,7.3,170
2022,Toyota,Corolla,Compact,1.8,4,M6,X,7.1,165
2022,Toyota,Corolla,Compact,2.0,4,AV10,X,6.8,159
2022,Toyota,Corolla XSE,Compact,2.0,4,AV10,X,7.0,164
2022,Toyota,Corolla,Compact,2.0,4,M6,X,7.4,172
2022,Toyota,Corolla Apex Edition,Compact,2.0,4,AV10,X,7.0,164
2022,Toyota,Corolla Hatchback,Compact,2.0,4,AV10,X,6.8,159
2022,Toyota,Corolla Hatchback,Compact,2.0,4,M6,X,7.6,179
2022,Toyota,Corolla Hybrid,Compact,1.8,4,AV,X,4.5,106
2022,Toyota,Corolla Cross,Sport utility vehicle: Small,2.0,4,AV10,X,7.3,171
2022,Toyota,Corolla Cross AWD,Sport utility vehicle: Small,2.0,4,AV10,X,7.8,182
2022,Toyota,GR86,Minicompact,2.4,4,AS6,Z,9.6,224
2022,Toyota,GR86,Minicompact,2.4,4,M6,Z,10.5,246
2022,Toyota,GR Supra 2.0,Two-seater,2.0,4,AS8,Z,8.4,195
2022,Toyota,GR Supra 3.0,Two-seater,3.0,6,AS8,Z,9.4,218
2022,Toyota,Highlander AWD,Sport utility vehicle: Small,3.5,6,AS8,X,10.3,241
2022,Toyota,Highlander Hybrid AWD,Sport utility vehicle: Standard,2.5,4,AV,X,6.7,158
2022,Toyota,Highlander Hybrid AWD Limited/Platinum,Sport utility vehicle: Standard,2.5,4,AV,X,6.7,156
2022,Toyota,Prius,Mid-size,1.8,4,AV,X,4.5,106
2022,Toyota,Prius AWD,Mid-size,1.8,4,AV,X,4.8,111
2022,Toyota,RAV4,Sport utility vehicle: Small,2.5,4,AS8,X,7.9,184
2022,Toyota,RAV4 (Stop/Start),Sport utility vehicle: Small,2.5,4,AS8,X,7.7,180
2022,Toyota,RAV4 AWD,Sport utility vehicle: Small,2.5,4,AS8,X,8.4,198
2022,Toyota,RAV4 AWD (Stop/Start),Sport utility vehicle: Small,2.5,4,AS8,X,8.0,187
2022,Toyota,RAV4 AWD LE,Sport utility vehicle: Small,2.5,4,AS8,X,7.9,184
2022,Toyota,RAV4 AWD TRD Off-Road,Sport utility vehicle: Small,2.5,4,AS8,X,8.5,200
2022,Toyota,RAV4 Hybrid AWD,Sport utility vehicle: Small,2.5,4,AV,X,6.0,140
2022,Toyota,Sequoia 4WD,Sport utility vehicle: Standard,5.7,8,AS6,X,16.4,385
2022,Toyota,Sienna,Minivan,2.5,4,AV,X,6.6,154
2022,Toyota,Sienna AWD,Minivan,2.5,4,AV,X,6.7,158
2022,Toyota,Tacoma 4WD,Pickup truck: Small,3.5,6,AS6,X,11.8,278
2022,Toyota,Tacoma 4WD,Pickup truck: Small,3.5,6,M6,X,12.7,299
2022,Toyota,Tacoma 4WD D-Cab TRD Off-Road/PRO,Pickup truck: Small,3.5,6,M6,X,12.9,300
2022,Toyota,Tundra,Pickup truck: Standard,3.4,6,AS10,X,11.8,277
2022,Toyota,Tundra 4WD,Pickup truck: Standard,3.4,6,AS10,X,12.4,291
2022,Toyota,Tundra 4WD TRD,Pickup truck: Standard,3.4,6,AS10,X,12.2,286
2022,Toyota,Tundra Hybrid 4WD,Pickup truck: Standard,3.4,6,AS10,X,11.7,274
2022,Toyota,Tundra Hybrid 4WD TRD PRO,Pickup truck: Standard,3.4,6,AS10,X,12.3,287
2022,Toyota,Venza AWD,Sport utility vehicle: Small,2.5,4,AV,X,6.1,142
2022,Volkswagen,Atlas 4MOTION,Sport utility vehicle: Small,2.0,4,AS8,X,10.6,249
2022,Volkswagen,Atlas 4MOTION,Sport utility vehicle: Small,3.6,6,AS8,X,12.2,286
2022,Volkswagen,Atlas Cross Sport 4MOTION,Sport utility vehicle: Small,2.0,4,AS8,X,10.7,252
2022,Volkswagen,Atlas Cross Sport 4MOTION,Sport utility vehicle: Small,3.6,6,AS8,X,11.7,275
2022,Volkswagen,Golf GTI,Mid-size,2.0,4,AM7,X,8.3,194
2022,Volkswagen,Golf GTI,Mid-size,2.0,4,M6,X,8.5,198
2022,Volkswagen,Golf R,Mid-size,2.0,4,AM7,Z,9.1,213
2022,Volkswagen,Golf R,Mid-size,2.0,4,M6,Z,10.2,237
2022,Volkswagen,Jetta,Compact,1.5,4,AS8,X,6.8,159
2022,Volkswagen,Jetta,Compact,1.5,4,M6,X,6.9,161
2022,Volkswagen,Jetta GLI,Compact,2.0,4,AM7,X,7.9,185
2022,Volkswagen,Jetta GLI,Compact,2.0,4,M6,X,7.9,186
2022,Volkswagen,Passat,Mid-size,2.0,4,AS6,X,8.3,196
2022,Volkswagen,Taos,Sport utility vehicle: Small,1.5,4,A8,X,7.6,178
2022,Volkswagen,Taos 4MOTION,Sport utility vehicle: Small,1.5,4,A7,X,8.5,200
2022,Volkswagen,Tiguan 4MOTION,Sport utility vehicle: Small,2.0,4,AS8,X,9.4,222
2022,Volkswagen,Tiguan R-Line 4MOTION,Sport utility vehicle: Small,2.0,4,AS8,X,9.8,229
2022,Volvo,S60 B5,Compact,2.0,4,AS8,Z,8.0,186
2022,Volvo,S60 B5 AWD,Compact,2.0,4,AS8,Z,8.3,193
2022,Volvo,S90 B6 AWD,Mid-size,2.0,4,AS8,Z,9.1,212
2022,Volvo,V60 T6 AWD,Station wagon: Small,2.0,4,AS8,Z,9.6,224
2022,Volvo,V60 CC T5 AWD,Station wagon: Small,2.0,4,AS8,Z,9.5,221
2022,Volvo,V90 CC B6 AWD,Station wagon: Mid-size,2.0,4,AS8,Z,9.5,222
2022,Volvo,XC40 T4 AWD,Sport utility vehicle: Small,2.0,4,AS8,X,9.3,217
2022,Volvo,XC40 T5 AWD,Sport utility vehicle: Small,2.0,4,AS8,Z,9.4,219
2022,Volvo,XC60 B5 AWD,Sport utility vehicle: Small,2.0,4,AS8,Z,9.4,219
2022,Volvo,XC60 B6 AWD,Sport utility vehicle: Small,2.0,4,AS8,Z,9.9,232
2022,Volvo,XC90 T5 AWD,Sport utility vehicle: Standard,2.0,4,AS8,Z,10.1,236
2022,Volvo,XC90 T6 AWD,Sport utility vehicle: Standard,2.0,4,AS8,Z,10.8,252
2023,Acura,Integra,Full-size,1.5,4,AV7,Z,7.2,167
2023,Acura,Integra A-SPEC,Full-size,1.5,4,AV7,Z,7.4,172
2023,Acura,Integra A-SPEC,Full-size,1.5,4,M6,Z,7.8,181
2023,Acura,MDX SH-AWD,Sport utility vehicle: Small,3.5,6,AS10,Z,11.2,263
2023,Acura,MDX SH-AWD Type S,Sport utility vehicle: Standard,3.0,6,AS10,Z,12.4,291
2023,Acura,RDX SH-AWD,Sport utility vehicle: Small,2.0,4,AS10,Z,9.9,232
2023,Acura,RDX SH-AWD A-SPEC,Sport utility vehicle: Small,2.0,4,AS10,Z,10.3,242
2023,Acura,TLX SH-AWD,Compact,2.0,4,AS10,Z,9.8,230
2023,Acura,TLX SH-AWD A-SPEC,Compact,2.0,4,AS10,Z,9.8,231
2023,Acura,TLX Type S,Compact,3.0,6,AS10,Z,11.0,256
2023,Alfa Romeo,Giulia,Mid-size,2.0,4,A8,Z,8.7,205
2023,Alfa Romeo,Giulia AWD,Mid-size,2.0,4,A8,Z,9.2,217
2023,Alfa Romeo,Giulia Quadrifoglio,Mid-size,2.9,6,A8,Z,11.6,271
2023,Alfa Romeo,Stelvio,Sport utility vehicle: Small,2.0,4,A8,Z,9.3,218
2023,Alfa Romeo,Stelvio AWD,Sport utility vehicle: Small,2.0,4,A8,Z,9.6,226
2023,Alfa Romeo,Stelvio AWD Quadrifoglio,Sport utility vehicle: Small,2.9,6,A8,Z,12.3,288
2023,Alfa Romeo,Tonale AWD,Sport utility vehicle: Small,2.0,4,A9,X,9.8,231
2023,Aston Martin,DB11 V8,Minicompact,4.0,8,A8,Z,11.5,271
2023,Aston Martin,DB11 V12,Minicompact,5.2,12,A8,Z,13.8,324
2023,Aston Martin,DBS V12,Minicompact,5.2,12,A8,Z,13.8,324
2023,Aston Martin,DBX V8,Sport utility vehicle: Standard,4.0,8,A9,Z,14.6,343
2023,Aston Martin,DBX707,Sport utility vehicle: Standard,4.0,8,A9,Z,14.0,329
2023,Aston Martin,Vantage V8,Two-seater,4.0,8,A8,Z,11.5,270
2023,Aston Martin,V12 Vantage,Two-seater,5.2,12,A8,Z,14.3,337
2023,Audi,A3 40 TFSI quattro,Subcompact,2.0,4,AM7,X,7.9,183
2023,Audi,A4 Sedan 45 TFSI quattro,Compact,2.0,4,AM7,Z,8.7,203
2023,Audi,A4 allroad 45 TFSI quattro,Station wagon: Small,2.0,4,AM7,Z,9.1,214
2023,Audi,A5 Cabriolet 45 TFSI quattro,Subcompact,2.0,4,AM7,Z,8.9,208
2023,Audi,A5 Coup  45 TFSI quattro,Subcompact,2.0,4,AM7,Z,8.7,203
2023,Audi,A5 Sportback 45 TFSI quattro,Mid-size,2.0,4,AM7,Z,8.7,203
2023,Audi,A6 45 TFSI quattro,Mid-size,2.0,4,AM7,Z,8.9,207
2023,Audi,A6 55 TFSI quattro,Mid-size,3.0,6,AM7,Z,9.6,224
2023,Audi,A6 allroad 55 TFSI quattro,Station wagon: Mid-size,3.0,6,AM7,Z,9.6,224
2023,Audi,A7 Sportback 55 TFSI quattro,Mid-size,3.0,6,AM7,Z,9.6,224
2023,Audi,A8 L Sedan 55 TFSI quattro,Full-size,3.0,6,AS8,Z,10.6,247
2023,Audi,Q3 40 TFSI quattro,Sport utility vehicle: Small,2.0,4,AS8,X,9.6,224
2023,Audi,Q3 45 TFSI quattro,Sport utility vehicle: Small,2.0,4,AS8,X,10.0,233
2023,Audi,Q5 40 TFSI quattro,Sport utility vehicle: Small,2.0,4,AM7,Z,9.3,217
2023,Audi,Q5 45 TFSI quattro,Sport utility vehicle: Small,2.0,4,AM7,Z,9.5,223
2023,Audi,Q5 Sportback 45 TFSI quattro,Sport utility vehicle: Small,2.0,4,AM7,Z,9.5,223
2023,Audi,Q7 45 TFSI quattro,Sport utility vehicle: Standard,2.0,4,AS8,Z,11.0,257
2023,Audi,Q7 55 TFSI quattro,Sport utility vehicle: Standard,3.0,6,AS8,Z,12.0,281
2023,Audi,Q8 55 TFSI quattro,Sport utility vehicle: Standard,3.0,6,AS8,Z,11.7,273
2023,Audi,R8 Coup  Performance,Two-seater,5.2,10,AM7,Z,13.7,320
2023,Audi,R8 Coup  Performance quattro,Two-seater,5.2,10,AM7,Z,15.5,361
2023,Audi,R8 Spyder Performance,Two-seater,5.2,10,AM7,Z,13.7,320
2023,Audi,R8 Spyder Performance quattro,Two-seater,5.2,10,AM7,Z,15.5,361
2023,Audi,R8 GT Coup,Two-seater,5.2,10,AM7,Z,14.0,328
2023,Audi,RS 5 Coup  quattro,Subcompact,2.9,6,AS8,Z,11.4,266
2023,Audi,RS 5 Sportback quattro,Mid-size,2.9,6,AS8,Z,11.5,267
2023,Audi,RS 6 Avant quattro,Station wagon: Mid-size,4.0,8,AS8,Z,14.1,328
2023,Audi,RS 7 Sportback quattro,Mid-size,4.0,8,AS8,Z,14.1,328
2023,Audi,RS Q8 quattro,Sport utility vehicle: Standard,4.0,8,AS8,Z,15.0,349
2023,Audi,S3 quattro,Subcompact,2.0,4,AM7,Z,8.9,207
2023,Audi,S4 Sedan quattro,Compact,3.0,6,AS8,Z,9.7,226
2023,Audi,S5 Cabriolet quattro,Subcompact,3.0,6,AS8,Z,10.0,233
2023,Audi,S5 Coup  quattro,Subcompact,3.0,6,AS8,Z,9.7,226
2023,Audi,S5 Sportback quattro,Mid-size,3.0,6,AS8,Z,9.7,226
2023,Audi,S6 quattro,Mid-size,2.9,6,AS8,Z,10.8,254
2023,Audi,S7 quattro,Mid-size,2.9,6,AS8,Z,10.8,254
2023,Audi,S8 Sedan quattro,Full-size,4.0,8,AS8,Z,13.4,313
2023,Audi,SQ5 quattro,Sport utility vehicle: Small,3.0,6,AS8,Z,11.2,262
2023,Audi,SQ5 Sportback quattro,Sport utility vehicle: Small,3.0,6,AS8,Z,11.2,262
2023,Audi,SQ7 quattro,Sport utility vehicle: Standard,4.0,8,AS8,Z,13.9,325
2023,Audi,SQ8 quattro,Sport utility vehicle: Standard,4.0,8,AS8,Z,13.9,325
2023,Audi,TT Coup  45 TFSI quattro,Subcompact,2.0,4,AM7,X,9.4,221
2023,Audi,TT Roadster 45 TFSI quattro,Two-seater,2.0,4,AM7,X,9.4,221
2023,Audi,TTS Coup  quattro,Subcompact,2.0,4,AM7,Z,9.0,209
2023,Bentley,Bentayga,Sport utility vehicle: Standard,4.0,8,AS8,Z,14.0,328
2023,Bentley,Bentayga EWB,Sport utility vehicle: Standard,4.0,8,AS8,Z,14.0,328
2023,Bentley,Bentayga Speed,Sport utility vehicle: Standard,6.0,12,AS8,Z,16.3,383
2023,Bentley,Continental GT,Subcompact,4.0,8,AM8,Z,13.1,307
2023,Bentley,Continental GT Speed,Subcompact,6.0,12,AM8,Z,16.2,379
2023,Bentley,Continental GTC,Minicompact,4.0,8,AM8,Z,13.4,315
2023,Bentley,Continental GTC Speed,Minicompact,6.0,12,AM8,Z,17.0,395
2023,Bentley,Flying Spur,Mid-size,4.0,8,AM8,Z,13.6,319
2023,Bentley,Flying Spur Speed,Mid-size,6.0,12,AM8,Z,16.0,373
2023,BMW,230i xDrive Coupe,Subcompact,2.0,4,AS8,Z,8.4,195
2023,BMW,330i xDrive Sedan,Compact,2.0,4,AS8,Z,8.6,200
2023,BMW,430i xDrive Cabriolet,Subcompact,2.0,4,AS8,Z,8.7,203
2023,BMW,430i xDrive Coupe,Subcompact,2.0,4,AS8,Z,8.7,203
2023,BMW,530i xDrive Sedan,Mid-size,2.0,4,AS8,Z,8.9,206
2023,BMW,540i xDrive Sedan,Mid-size,3.0,6,AS8,Z,9.4,219
2023,BMW,760i xDrive Sedan,Full-size,4.4,8,AS8,Z,11.3,261
2023,BMW,ALPINA B8 Gran Coupe,Mid-size,4.4,8,AS8,Z,12.2,284
2023,BMW,ALPINA XB7,Sport utility vehicle: Standard,4.4,8,AS8,Z,13.6,314
2023,BMW,M2 Coupe,Subcompact,3.0,6,AS8,Z,12.7,294
2023,BMW,M2 Coupe,Subcompact,3.0,6,M6,Z,12.4,287
2023,BMW,M235i xDrive Gran Coupe,Compact,2.0,4,AS8,Z,8.6,202
2023,BMW,M240i xDrive Coupe,Subcompact,3.0,6,AS8,Z,9.0,210
2023,BMW,M3 Sedan,Compact,3.0,6,M6,Z,12.6,293
2023,BMW,M3 Competition M xDrive Sedan,Compact,3.0,6,AS8,Z,12.7,296
2023,BMW,M340i xDrive Sedan,Compact,3.0,6,AS8,Z,9.0,210
2023,BMW,M4 Competition M xDrive Cabriolet,Subcompact,3.0,6,AS8,Z,12.9,301
2023,BMW,M4 Coupe,Subcompact,3.0,6,M6,Z,12.6,293
2023,BMW,M4 Competition M xDrive Coupe,Subcompact,3.0,6,AS8,Z,12.7,296
2023,BMW,M4 CSL Coupe,Subcompact,3.0,6,AS8,Z,12.9,301
2023,BMW,M440i xDrive Cabriolet,Subcompact,3.0,6,AS8,Z,9.3,216
2023,BMW,M440i xDrive Coupe,Subcompact,3.0,6,AS8,Z,9.3,216
2023,BMW,M5 Sedan,Mid-size,4.4,8,AS8,Z,13.8,324
2023,BMW,M5 Competition Sedan,Mid-size,4.4,8,AS8,Z,13.8,324
2023,BMW,M550i xDrive Sedan,Mid-size,4.4,8,AS8,Z,12.0,277
2023,BMW,M8 Competition Cabriolet,Subcompact,4.4,8,AS8,Z,13.7,321
2023,BMW,M8 Competition Coupe,Subcompact,4.4,8,AS8,Z,13.7,321
2023,BMW,M8 Competition Gran Coupe,Mid-size,4.4,8,AS8,Z,13.7,321
2023,BMW,M850i xDrive Cabriolet,Subcompact,4.4,8,AS8,Z,12.2,284
2023,BMW,M850i xDrive Coupe,Subcompact,4.4,8,AS8,Z,12.2,284
2023,BMW,M850i xDrive Gran Coupe,Mid-size,4.4,8,AS8,Z,12.2,284
2023,BMW,X1 xDrive28i,Sport utility vehicle: Small,2.0,4,AM7,Z,8.4,195
2023,BMW,X3 xDrive30i,Sport utility vehicle: Small,2.0,4,AS8,Z,9.9,229
2023,BMW,X3 M,Sport utility vehicle: Small,3.0,6,AS8,Z,13.9,323
2023,BMW,X3 M Competition,Sport utility vehicle: Small,3.0,6,AS8,Z,13.9,323
2023,BMW,X3 M40i,Sport utility vehicle: Small,3.0,6,AS8,Z,10.1,235
2023,BMW,X4 xDrive30i,Sport utility vehicle: Small,2.0,4,AS8,Z,9.9,229
2023,BMW,X4 M,Sport utility vehicle: Small,3.0,6,AS8,Z,13.9,323
2023,BMW,X4 M Competition,Sport utility vehicle: Small,3.0,6,AS8,Z,13.9,323
2023,BMW,X4 M40i,Sport utility vehicle: Small,3.0,6,AS8,Z,10.1,235
2023,BMW,X5 xDrive40i,Sport utility vehicle: Standard,3.0,6,AS8,Z,10.4,242
2023,BMW,X5 M,Sport utility vehicle: Standard,4.4,8,AS8,Z,15.7,364
2023,BMW,X5 M Competition,Sport utility vehicle: Standard,4.4,8,AS8,Z,15.7,364
2023,BMW,X5 M50i,Sport utility vehicle: Standard,4.4,8,AS8,Z,13.0,302
2023,BMW,X6 xDrive40i,Sport utility vehicle: Standard,3.0,6,AS8,Z,10.4,242
2023,BMW,X6 M,Sport utility vehicle: Standard,4.4,8,AS8,Z,15.7,364
2023,BMW,X6 M Competition,Sport utility vehicle: Standard,4.4,8,AS8,Z,15.7,364
2023,BMW,X6 M50i,Sport utility vehicle: Standard,4.4,8,AS8,Z,13.0,302
2023,BMW,X7 xDrive40i,Sport utility vehicle: Standard,3.0,6,AS8,Z,10.5,243
2023,BMW,X7 M60i xDrive,Sport utility vehicle: Standard,4.4,8,AS8,Z,12.9,299
2023,BMW,Z4 sDrive30i,Two-seater,2.0,4,AS8,Z,8.4,194
2023,BMW,Z4 M40i,Two-seater,3.0,6,AS8,Z,9.1,210
2023,Bugatti,Chiron,Two-seater,8.0,16,AM7,Z,22.2,522
2023,Bugatti,Chiron Pur Sport,Two-seater,8.0,16,AM7,Z,26.1,608
2023,Bugatti,Chiron Super Sport,Two-seater,8.0,16,AM7,Z,26.1,608
2023,Buick,Enclave AWD,Sport utility vehicle: Standard,3.6,6,A9,X,11.8,277
2023,Buick,Encore GX,Sport utility vehicle: Small,1.2,3,AV,X,7.8,184
2023,Buick,Encore GX,Sport utility vehicle: Small,1.3,3,AV,X,7.9,185
2023,Buick,Encore GX AWD,Sport utility vehicle: Small,1.3,3,A9,X,8.6,202
2023,Buick,Envision,Sport utility vehicle: Small,2.0,4,AS9,X,9.0,211
2023,Buick,Envision AWD,Sport utility vehicle: Small,2.0,4,AS9,X,9.5,222
2023,Cadillac,CT4,Compact,2.0,4,AS8,Z,8.8,206
2023,Cadillac,CT4,Compact,2.7,4,AS10,Z,9.5,221
2023,Cadillac,CT4 AWD,Compact,2.0,4,AS8,Z,9.2,216
2023,Cadillac,CT4 AWD,Compact,2.7,4,AS10,Z,9.9,231
2023,Cadillac,CT4-V,Compact,2.7,4,AS10,Z,10.2,239
2023,Cadillac,CT4-V AWD,Compact,2.7,4,AS10,Z,10.4,244
2023,Cadillac,CT4-V Blackwing,Compact,3.6,6,AS10,Z,12.6,297
2023,Cadillac,CT4-V Blackwing,Compact,3.6,6,M6,Z,13.0,303
2023,Cadillac,CT5,Mid-size,2.0,4,AS10,Z,8.8,207
2023,Cadillac,CT5,Mid-size,3.0,6,AS10,Z,10.7,252
2023,Cadillac,CT5 AWD,Mid-size,2.0,4,AS10,Z,9.5,222
2023,Cadillac,CT5 AWD,Mid-size,3.0,6,AS10,Z,11.3,265
2023,Cadillac,CT5-V,Mid-size,3.0,6,AS10,Z,11.2,263
2023,Cadillac,CT5-V AWD,Mid-size,3.0,6,AS10,Z,11.3,265
2023,Cadillac,CT5-V Blackwing,Mid-size,6.2,8,AS10,Z,14.8,347
2023,Cadillac,CT5-V Blackwing,Mid-size,6.2,8,M6,Z,15.2,368
2023,Cadillac,Escalade 4WD,Sport utility vehicle: Standard,3.0,6,A10,D,10.5,281
2023,Cadillac,Escalade 4WD,Sport utility vehicle: Standard,6.2,8,A10,Z,15.0,352
2023,Cadillac,Escalade-V AWD,Sport utility vehicle: Standard,6.2,8,AS10,Z,18.6,436
2023,Cadillac,XT4,Sport utility vehicle: Small,2.0,4,AS9,Z,9.1,214
2023,Cadillac,XT4 AWD,Sport utility vehicle: Small,2.0,4,AS9,Z,9.7,228
2023,Cadillac,XT5,Sport utility vehicle: Small,2.0,4,AS9,Z,9.7,228
2023,Cadillac,XT5 AWD,Sport utility vehicle: Small,2.0,4,AS9,Z,10.1,237
2023,Cadillac,XT5 AWD,Sport utility vehicle: Small,3.6,6,AS9,X,11.3,265
2023,Cadillac,XT6 AWD,Sport utility vehicle: Small,2.0,4,AS9,Z,10.2,239
2023,Cadillac,XT6 AWD,Sport utility vehicle: Small,3.6,6,AS9,X,11.5,269
2023,Chevrolet,Blazer,Sport utility vehicle: Small,2.0,4,A9,X,9.4,227
2023,Chevrolet,Blazer AWD,Sport utility vehicle: Small,2.0,4,A9,X,9.9,232
2023,Chevrolet,Blazer AWD,Sport utility vehicle: Small,3.6,6,A9,X,11.0,259
2023,Chevrolet,Camaro,Subcompact,2.0,4,AS8,Z,9.5,222
2023,Chevrolet,Camaro,Subcompact,2.0,4,M6,Z,10.7,249
2023,Chevrolet,Camaro,Subcompact,3.6,6,AS10,X,10.7,253
2023,Chevrolet,Camaro,Subcompact,3.6,6,M6,X,12.0,281
2023,Chevrolet,Camaro SS,Subcompact,6.2,8,AS10,Z,12.0,281
2023,Chevrolet,Camaro SS,Subcompact,6.2,8,M6,Z,12.6,297
2023,Chevrolet,Camaro ZL1,Subcompact,6.2,8,AS10,Z,15.1,355
2023,Chevrolet,Camaro ZL1,Subcompact,6.2,8,M6,Z,14.9,349
2023,Chevrolet,Colorado,Pickup truck: Small,2.7,4,A8,X,10.7,252
2023,Chevrolet,Colorado (Turbo Plus),Pickup truck: Small,2.7,4,A8,X,11.8,277
2023,Chevrolet,Colorado 4WD,Pickup truck: Small,2.7,4,A8,X,11.3,265
2023,Chevrolet,Colorado 4WD (Turbo Plus),Pickup truck: Small,2.7,4,A8,X,12.4,290
2023,Chevrolet,Colorado 4WD Mud Terrain Tire (Turbo Plus),Pickup truck: Small,2.7,4,A8,X,13.1,307
2023,Chevrolet,Colorado ZR2 4WD,Pickup truck: Small,2.7,4,A8,X,14.3,335
2023,Chevrolet,Corvette,Two-seater,6.2,8,AS8,Z,12.7,299
2023,Chevrolet,Corvette Z06,Two-seater,5.5,8,AS8,Z,15.8,371
2023,Chevrolet,Corvette Z06 Carbon Aero,Two-seater,5.5,8,AS8,Z,16.7,392
2023,Chevrolet,Equinox,Sport utility vehicle: Small,1.5,4,A6,X,8.4,197
2023,Chevrolet,Equinox AWD,Sport utility vehicle: Small,1.5,4,A6,X,9.0,211
2023,Chevrolet,Malibu,Mid-size,1.5,4,AV,X,7.8,181
2023,Chevrolet,Silverado,Pickup truck: Standard,2.7,4,A8,X,12.0,281
2023,Chevrolet,Silverado,Pickup truck: Standard,3.0,6,A10,D,9.2,247
2023,Chevrolet,Silverado,Pickup truck: Standard,5.3,8,A10,X,12.7,298
2023,Chevrolet,Silverado FFV,Pickup truck: Standard,5.3,8,A10,X,13.1,308
2023,Chevrolet,Silverado FFV,Pickup truck: Standard,5.3,8,A10,E,17.7,293
2023,Chevrolet,Silverado 4WD,Pickup truck: Standard,2.7,4,A8,X,12.2,288
2023,Chevrolet,Silverado 4WD Mud Terrain Tire,Pickup truck: Standard,2.7,4,A8,X,13.6,318
2023,Chevrolet,Silverado 4WD,Pickup truck: Standard,3.0,6,A10,D,9.8,264
2023,Chevrolet,Silverado 4WD Mud Terrain Tire,Pickup truck: Standard,3.0,6,A10,D,10.7,288
2023,Chevrolet,Silverado 4WD,Pickup truck: Standard,5.3,8,A10,X,13.5,325
2023,Chevrolet,Silverado 4WD FFV,Pickup truck: Standard,5.3,8,A10,X,13.9,326
2023,Chevrolet,Silverado 4WD FFV,Pickup truck: Standard,5.3,8,A10,E,19.2,318
2023,Chevrolet,Silverado 4WD Mud Terrain Tire,Pickup truck: Standard,5.3,8,A10,X,14.6,343
2023,Chevrolet,Silverado 4WD Mud Terrain Tire FFV,Pickup truck: Standard,5.3,8,A10,X,13.9,326
2023,Chevrolet,Silverado 4WD Mud Terrain Tire FFV,Pickup truck: Standard,5.3,8,A10,E,19.2,318
2023,Chevrolet,Silverado 4WD,Pickup truck: Standard,6.2,8,A10,Z,13.6,319
2023,Chevrolet,Silverado 4WD Mud Terrain Tire,Pickup truck: Standard,6.2,8,A10,Z,14.9,349
2023,Chevrolet,Silverado 4WD ZR2,Pickup truck: Standard,6.2,8,A10,Z,15.5,364
2023,Chevrolet,Suburban,Sport utility vehicle: Standard,3.0,6,A10,D,10.1,272
2023,Chevrolet,Suburban,Sport utility vehicle: Standard,5.3,8,A10,X,14.0,327
2023,Chevrolet,Suburban 4WD,Sport utility vehicle: Standard,3.0,6,A10,D,10.5,281
2023,Chevrolet,Suburban 4WD,Sport utility vehicle: Standard,5.3,8,A10,X,14.5,339
2023,Chevrolet,Suburban 4WD,Sport utility vehicle: Standard,6.2,8,A10,Z,15.0,352
2023,Chevrolet,Tahoe,Sport utility vehicle: Standard,3.0,6,A10,D,9.9,265
2023,Chevrolet,Tahoe,Sport utility vehicle: Standard,5.3,8,A10,X,14.0,327
2023,Chevrolet,Tahoe 4WD,Sport utility vehicle: Standard,3.0,6,A10,D,10.5,281
2023,Chevrolet,Tahoe 4WD,Sport utility vehicle: Standard,5.3,8,A10,X,14.0,327
2023,Chevrolet,Tahoe 4WD,Sport utility vehicle: Standard,6.2,8,A10,Z,15.0,352
2023,Chevrolet,Trailblazer,Sport utility vehicle: Small,1.2,3,AV,X,7.8,184
2023,Chevrolet,Trailblazer,Sport utility vehicle: Small,1.3,3,AV,X,7.7,180
2023,Chevrolet,Trailblazer AWD,Sport utility vehicle: Small,1.3,3,A9,X,8.4,197
2023,Chevrolet,Traverse AWD,Sport utility vehicle: Standard,3.6,6,A9,X,11.8,277
2023,Chrysler,300,Full-size,3.6,6,A8,X,10.3,242
2023,Chrysler,300,Full-size,5.7,8,A8,X,12.3,289
2023,Chrysler,300 AWD,Full-size,3.6,6,A8,X,11.0,258
2023,Chrysler,300C,Full-size,6.4,8,A8,Z,13.1,307
2023,Chrysler,Grand Caravan,Minivan,3.6,6,A9,X,10.6,249
2023,Chrysler,Pacifica,Minivan,3.6,6,A9,X,10.6,249
2023,Chrysler,Pacifica AWD,Minivan,3.6,6,A9,X,12.0,279
2023,Dodge,Challenger,Mid-size,3.6,6,A8,X,10.3,242
2023,Dodge,Challenger (MDS),Mid-size,5.7,8,A8,X,12.3,289
2023,Dodge,Challenger,Mid-size,5.7,8,M6,Z,13.1,307
2023,Dodge,Challenger (MDS),Mid-size,6.4,8,A8,Z,13.1,307
2023,Dodge,Challenger,Mid-size,6.4,8,M6,Z,13.9,325
2023,Dodge,Challenger AWD,Mid-size,3.6,6,A8,X,11.0,258
2023,Dodge,Challenger Widebody (MDS),Mid-size,6.4,8,A8,Z,13.1,307
2023,Dodge,Challenger Widebody,Mid-size,6.4,8,M6,Z,13.9,325
2023,Dodge,Challenger SRT Demon 170,Mid-size,6.2,8,A8,Z,18.8,440
2023,Dodge,Challenger SRT Demon 170,Mid-size,6.2,8,A8,E,25.0,419
2023,Dodge,Challenger SRT Hellcat,Mid-size,6.2,8,A8,Z,14.5,339
2023,Dodge,Challenger SRT Hellcat,Mid-size,6.2,8,M6,Z,15.1,352
2023,Dodge,Challenger SRT Hellcat Widebody,Mid-size,6.2,8,A8,Z,15.4,359
2023,Dodge,Challenger SRT Hellcat Widebody,Mid-size,6.2,8,M6,Z,15.1,352
2023,Dodge,Charger,Full-size,3.6,6,A8,X,10.3,242
2023,Dodge,Charger (MDS),Full-size,5.7,8,A8,X,12.3,289
2023,Dodge,Charger (MDS),Full-size,6.4,8,A8,Z,13.1,307
2023,Dodge,Charger AWD,Full-size,3.6,6,A8,X,11.0,258
2023,Dodge,Charger Widebody (MDS),Full-size,6.4,8,A8,Z,13.1,307
2023,Dodge,Charger SRT Hellcat Widebody,Full-size,6.2,8,A8,Z,15.6,368
2023,Dodge,Durango AWD,Sport utility vehicle: Standard,3.6,6,A8,X,11.3,266
2023,Dodge,Durango AWD,Sport utility vehicle: Standard,5.7,8,A8,X,14.1,331
2023,Dodge,Durango AWD SRT,Sport utility vehicle: Standard,6.4,8,A8,Z,15.6,363
2023,Dodge,Durango AWD SRT Hellcat,Sport utility vehicle: Standard,6.2,8,A8,Z,17.4,410
2023,Dodge,Hornet AWD,Sport utility vehicle: Small,2.0,4,A9,X,9.9,231
2023,FIAT,500X AWD,Sport utility vehicle: Small,1.3,4,A9,X,9.1,221
2023,Ford,Bronco 4WD,Sport utility vehicle: Small,2.3,4,AS10,X,11.6,273
2023,Ford,Bronco 4WD,Sport utility vehicle: Small,2.3,4,M7,X,11.6,272
2023,Ford,Bronco 4WD,Sport utility vehicle: Small,2.7,6,AS10,X,12.0,283
2023,Ford,Bronco Badlands 4WD,Sport utility vehicle: Small,2.3,4,AS10,X,13.8,324
2023,Ford,Bronco Badlands 4WD,Sport utility vehicle: Small,2.3,4,M7,X,14.3,336
2023,Ford,Bronco Badlands 4WD,Sport utility vehicle: Small,2.7,6,AS10,X,14.1,331
2023,Ford,Bronco Black Diamond 4WD,Sport utility vehicle: Small,2.3,4,AS10,X,13.1,308
2023,Ford,Bronco Black Diamond 4WD,Sport utility vehicle: Small,2.3,4,M7,X,14.0,329
2023,Ford,Bronco Black Diamond 4WD,Sport utility vehicle: Small,2.7,6,AS10,X,13.1,308
2023,Ford,Bronco Raptor 4WD,Sport utility vehicle: Standard,3.0,6,AS10,X,15.3,358
2023,Ford,Bronco Sasquatch 4WD,Sport utility vehicle: Small,2.3,4,AS10,X,13.4,314
2023,Ford,Bronco Sasquatch 4WD,Sport utility vehicle: Small,2.3,4,M7,X,14.0,329
2023,Ford,Bronco Sasquatch 4WD,Sport utility vehicle: Small,2.7,6,AS10,X,14.1,331
2023,Ford,Bronco Sport 4WD,Sport utility vehicle: Small,1.5,3,A8,X,8.9,209
2023,Ford,Bronco Sport 4WD,Sport utility vehicle: Small,2.0,4,AS8,X,10.2,240
2023,Ford,Edge AWD,Sport utility vehicle: Small,2.0,4,A8,X,10.2,239
2023,Ford,Edge AWD,Sport utility vehicle: Small,2.0,4,AS8,X,10.1,238
2023,Ford,Edge AWD,Sport utility vehicle: Small,2.7,6,AS8,X,11.2,262
2023,Ford,Escape,Sport utility vehicle: Small,1.5,3,A8,X,8.0,188
2023,Ford,Escape AWD,Sport utility vehicle: Small,1.5,3,A8,X,8.4,197
2023,Ford,Escape AWD,Sport utility vehicle: Small,2.0,4,A8,X,9.1,211
2023,Ford,Escape Hybrid,Sport utility vehicle: Small,2.5,4,AV,X,6.0,140
2023,Ford,Escape Hybrid AWD,Sport utility vehicle: Small,2.5,4,AV,X,6.0,140
2023,Ford,Expedition 4X4,Sport utility vehicle: Standard,3.5,6,AS10,X,12.9,302
2023,Ford,Expedition 4X4 (Without Stop-Start),Sport utility vehicle: Standard,3.5,6,AS10,X,13.5,318
2023,Ford,Expedition Timberline 4X4,Sport utility vehicle: Standard,3.5,6,AS10,X,13.5,318
2023,Ford,Expedition Timberline 4X4 (Without Stop-Start),Sport utility vehicle: Standard,3.5,6,AS10,X,13.9,327
2023,Ford,Explorer AWD,Sport utility vehicle: Standard,2.3,4,A10,X,10.3,241
2023,Ford,Explorer AWD (Without Stop-Start),Sport utility vehicle: Standard,2.3,4,A10,X,10.7,251
2023,Ford,Explorer AWD,Sport utility vehicle: Standard,3.0,6,A10,X,11.8,277
2023,Ford,Explorer AWD (Without Stop-Start),Sport utility vehicle: Standard,3.0,6,A10,X,11.9,280
2023,Ford,Explorer AWD,Sport utility vehicle: Standard,3.0,6,AS10,X,11.8,277
2023,Ford,Explorer AWD (Without Stop-Start),Sport utility vehicle: Standard,3.0,6,AS10,X,12.0,282
2023,Ford,Explorer Timberline AWD,Sport utility vehicle: Standard,2.3,4,AS10,X,11.5,269
2023,Ford,Explorer Timberline AWD (Without Stop-Start),Sport utility vehicle: Standard,2.3,4,AS10,X,11.8,277
2023,Ford,Explorer Hybrid AWD,Sport utility vehicle: Standard,3.3,6,A10,X,9.6,225
2023,Ford,F-150,Pickup truck: Standard,2.7,6,AS10,X,10.7,252
2023,Ford,F-150 (Without Stop-Start),Pickup truck: Standard,2.7,6,AS10,X,11.5,269
2023,Ford,F-150 FFV,Pickup truck: Standard,3.3,6,AS10,X,11.1,261
2023,Ford,F-150 FFV,Pickup truck: Standard,3.3,6,AS10,E,15.0,244
2023,Ford,F-150 FFV (Without Stop-Start),Pickup truck: Standard,3.3,6,AS10,X,11.5,268
2023,Ford,F-150 FFV (Without Stop-Start),Pickup truck: Standard,3.3,6,AS10,E,15.2,253
2023,Ford,F-150,Pickup truck: Standard,3.5,6,AS10,X,12.0,281
2023,Ford,F-150 FFV,Pickup truck: Standard,5.0,8,AS10,X,12.4,291
2023,Ford,F-150 FFV,Pickup truck: Standard,5.0,8,AS10,E,16.6,270
2023,Ford,F-150 FFV (Without Stop-Start),Pickup truck: Standard,5.0,8,AS10,X,12.7,300
2023,Ford,F-150 FFV (Without Stop-Start),Pickup truck: Standard,5.0,8,AS10,E,17.2,279
2023,Ford,F-150 4X4,Pickup truck: Standard,2.7,6,AS10,X,11.5,271
2023,Ford,F-150 4X4 (Without Stop-Start),Pickup truck: Standard,2.7,6,AS10,X,12.0,280
2023,Ford,F-150 4X4 FFV,Pickup truck: Standard,3.3,6,AS10,X,11.8,277
2023,Ford,F-150 4X4 FFV,Pickup truck: Standard,3.3,6,AS10,E,15.3,247
2023,Ford,F-150 4X4,Pickup truck: Standard,3.5,6,AS10,X,12.1,284
2023,Ford,F-150 4X4 (Without Stop-Start),Pickup truck: Standard,3.5,6,AS10,X,13.0,308
2023,Ford,F-150 4X4 FFV,Pickup truck: Standard,5.0,8,AS10,X,12.7,298
2023,Ford,F-150 4X4 FFV,Pickup truck: Standard,5.0,8,AS10,E,17.1,278
2023,Ford,F-150 4X4 FFV (Without Stop-Start),Pickup truck: Standard,5.0,8,AS10,X,13.2,309
2023,Ford,F-150 4X4 FFV (Without Stop-Start),Pickup truck: Standard,5.0,8,AS10,E,17.6,286
2023,Ford,F-150 Raptor 4X4,Pickup truck: Standard,3.5,6,AS10,X,14.6,344
2023,Ford,F-150 Raptor 4X4 (Without Stop-Start),Pickup truck: Standard,3.5,6,AS10,X,15.2,357
2023,Ford,F-150 Raptor 37 4X4,Pickup truck: Standard,3.5,6,AS10,X,15.3,359
2023,Ford,F-150 Raptor 37 4X4 (Without Stop-Start),Pickup truck: Standard,3.5,6,AS10,X,15.8,370
2023,Ford,F-150 Raptor R 4X4,Pickup truck: Standard,5.2,8,AS10,X,19.7,460
2023,Ford,F-150 Tremor 4X4,Pickup truck: Standard,3.5,6,AS10,X,13.1,309
2023,Ford,F-150 Tremor 4X4 (Without Stop-Start),Pickup truck: Standard,3.5,6,AS10,X,13.3,311
2023,Ford,F-150 Tremor 4X4 FFV,Pickup truck: Standard,5.0,8,AS10,X,13.7,321
2023,Ford,F-150 Tremor 4X4 FFV,Pickup truck: Standard,5.0,8,AS10,E,18.0,295
2023,Ford,F-150 Tremor 4X4 FFV (Without Stop-Start),Pickup truck: Standard,5.0,8,AS10,X,13.8,322
2023,Ford,F-150 Tremor 4X4 FFV (Without Stop-Start),Pickup truck: Standard,5.0,8,AS10,E,18.1,298
2023,Ford,F-150 Hybrid,Pickup truck: Standard,3.5,6,AS10,X,10.1,236
2023,Ford,F-150 Hybrid 4X4,Pickup truck: Standard,3.5,6,AS10,X,10.4,245
2023,Ford,Maverick AWD,Pickup truck: Small,2.0,4,A8,X,9.8,230
2023,Ford,Maverick Tremor AWD,Pickup truck: Small,2.0,4,A8,X,11.0,257
2023,Ford,Maverick Hybrid,Pickup truck: Small,2.5,4,AV,X,6.4,149
2023,Ford,Mustang,Subcompact,2.3,4,A10,X,9.3,220
2023,Ford,Mustang,Subcompact,2.3,4,AS10,X,10.0,235
2023,Ford,Mustang (High Performance),Subcompact,2.3,4,AS10,X,10.3,242
2023,Ford,Mustang,Subcompact,2.3,4,M6,X,10.1,238
2023,Ford,Mustang (High Performance),Subcompact,2.3,4,M6,X,10.5,246
2023,Ford,Mustang,Subcompact,5.0,8,AS10,X,12.7,299
2023,Ford,Mustang,Subcompact,5.0,8,M6,X,13.5,317
2023,Ford,Mustang Convertible,Subcompact,2.3,4,A10,X,10.2,240
2023,Ford,Mustang Convertible,Subcompact,2.3,4,AS10,X,10.4,244
2023,Ford,Mustang Convertible (High Performance),Subcompact,2.3,4,AS10,X,10.7,252
2023,Ford,Mustang Convertible,Subcompact,2.3,4,M6,X,10.4,244
2023,Ford,Mustang Convertible (High Performance),Subcompact,2.3,4,M6,X,10.9,256
2023,Ford,Mustang Convertible,Subcompact,5.0,8,AS10,X,13.4,313
2023,Ford,Mustang Mach 1,Subcompact,5.0,8,AS10,X,12.9,303
2023,Ford,Mustang Mach 1,Subcompact,5.0,8,M6,X,14.6,343
2023,Ford,Ranger 4WD,Pickup truck: Standard,2.3,4,AS10,X,10.8,255
2023,Ford,Ranger 4WD (Without Stop-Start),Pickup truck: Standard,2.3,4,AS10,X,11.1,261
2023,Ford,Ranger Tremor 4WD,Pickup truck: Standard,2.3,4,AS10,X,12.4,293
2023,Ford,Transit Connect Van,Special purpose vehicle,2.0,4,AS8,X,9.4,221
2023,Ford,Transit Connect Wagon LWB,Special purpose vehicle,2.0,4,AS8,X,9.2,216
2023,Genesis,G70 AWD,Compact,2.0,4,AS8,Z,10.0,236
2023,Genesis,G70 AWD,Compact,3.3,6,AS8,Z,11.5,273
2023,Genesis,G80 AWD,Full-size,2.5,4,AS8,Z,9.5,225
2023,Genesis,G80 AWD,Full-size,3.5,6,AS8,Z,12.6,298
2023,Genesis,G90,Full-size,3.5,6,AM8,Z,11.8,274
2023,Genesis,GV70 AWD,Sport utility vehicle: Small,2.5,4,AS8,Z,9.7,229
2023,Genesis,GV70 AWD,Sport utility vehicle: Small,3.5,6,AS8,Z,11.6,275
2023,Genesis,GV80 AWD,Sport utility vehicle: Standard,2.5,4,AS8,Z,10.5,248
2023,Genesis,GV80 AWD,Sport utility vehicle: Standard,3.5,6,AS8,Z,11.8,279
2023,GMC,Acadia AWD,Sport utility vehicle: Standard,2.0,4,A9,X,9.9,232
2023,GMC,Acadia AWD,Sport utility vehicle: Standard,3.6,6,A9,X,11.0,259
2023,GMC,Canyon,Pickup truck: Small,2.7,4,A8,X,11.8,277
2023,GMC,Canyon 4WD,Pickup truck: Small,2.7,4,A8,X,12.4,290
2023,GMC,Canyon 4WD Mud Terrain Tire,Pickup truck: Small,2.7,4,A8,X,13.1,308
2023,GMC,Canyon AT4X 4WD,Pickup truck: Small,2.7,4,A8,X,14.3,335
2023,GMC,Sierra,Pickup truck: Standard,2.7,4,A8,X,12.0,281
2023,GMC,Sierra,Pickup truck: Standard,3.0,6,A10,D,9.2,247
2023,GMC,Sierra,Pickup truck: Standard,5.3,8,A10,X,12.9,303
2023,GMC,Sierra FFV,Pickup truck: Standard,5.3,8,A10,X,13.1,308
2023,GMC,Sierra FFV,Pickup truck: Standard,5.3,8,A10,E,17.7,293
2023,GMC,Sierra 4WD,Pickup truck: Standard,2.7,4,A8,X,12.4,291
2023,GMC,Sierra 4WD Mud Terrain Tire,Pickup truck: Standard,2.7,4,A8,X,13.6,318
2023,GMC,Sierra 4WD,Pickup truck: Standard,3.0,6,A10,D,9.8,264
2023,GMC,Sierra 4WD Mud Terrain Tire,Pickup truck: Standard,3.0,6,A10,D,10.7,288
2023,GMC,Sierra 4WD,Pickup truck: Standard,5.3,8,A10,X,13.5,325
2023,GMC,Sierra 4WD FFV,Pickup truck: Standard,5.3,8,A10,X,13.9,326
2023,GMC,Sierra 4WD FFV,Pickup truck: Standard,5.3,8,A10,E,19.2,318
2023,GMC,Sierra 4WD Mud Terrain Tire,Pickup truck: Standard,5.3,8,A10,X,14.8,346
2023,GMC,Sierra 4WD Mud Terrain Tire FFV,Pickup truck: Standard,5.3,8,A10,X,13.9,326
2023,GMC,Sierra 4WD Mud Terrain Tire FFV,Pickup truck: Standard,5.3,8,A10,E,19.2,318
2023,GMC,Sierra 4WD,Pickup truck: Standard,6.2,8,A10,Z,14.0,330
2023,GMC,Sierra 4WD Mud Terrain Tire,Pickup truck: Standard,6.2,8,A10,Z,15.5,364
2023,GMC,Sierra 4WD AT4X,Pickup truck: Standard,6.2,8,A10,Z,15.5,364
2023,GMC,Terrain,Sport utility vehicle: Small,1.5,4,A9,X,9.0,211
2023,GMC,Terrain AWD,Sport utility vehicle: Small,1.5,4,A9,X,9.2,216
2023,GMC,Yukon,Sport utility vehicle: Standard,3.0,6,A10,D,10.1,272
2023,GMC,Yukon,Sport utility vehicle: Standard,5.3,8,A10,X,14.0,327
2023,GMC,Yukon 4WD,Sport utility vehicle: Standard,3.0,6,A10,D,10.5,281
2023,GMC,Yukon 4WD,Sport utility vehicle: Standard,5.3,8,A10,X,14.0,327
2023,GMC,Yukon 4WD,Sport utility vehicle: Standard,6.2,8,A10,Z,15.0,352
2023,GMC,Yukon XL,Sport utility vehicle: Standard,3.0,6,A10,D,10.1,272
2023,GMC,Yukon XL,Sport utility vehicle: Standard,5.3,8,A10,X,14.0,327
2023,GMC,Yukon XL 4WD,Sport utility vehicle: Standard,3.0,6,A10,D,10.5,281
2023,GMC,Yukon XL 4WD,Sport utility vehicle: Standard,5.3,8,A10,X,14.5,339
2023,GMC,Yukon XL 4WD,Sport utility vehicle: Standard,6.2,8,A10,Z,15.0,352
2023,Honda,Accord,Full-size,1.5,4,AV,X,7.3,171
2023,Honda,Accord Hybrid Sport/Touring,Mid-size,2.0,4,AV,X,5.3,124
2023,Honda,Civic Hatchback,Full-size,1.5,4,AV7,X,7.1,166
2023,Honda,Civic Hatchback,Full-size,1.5,4,M6,X,7.5,175
2023,Honda,Civic Hatchback,Full-size,2.0,4,AV,X,7.2,167
2023,Honda,Civic Hatchback,Full-size,2.0,4,M6,X,8.0,186
2023,Honda,Civic Sedan,Mid-size,1.5,4,AV7,X,6.9,162
2023,Honda,Civic Sedan,Mid-size,2.0,4,AV,X,6.9,162
2023,Honda,Civic Sedan,Mid-size,2.0,4,AV7,X,7.1,165
2023,Honda,Civic Sedan Si,Mid-size,1.5,4,M6,Z,7.7,180
2023,Honda,Civic Type R,Full-size,2.0,4,M6,Z,9.7,224
2023,Honda,CR-V,Sport utility vehicle: Small,1.5,4,AV,X,7.8,181
2023,Honda,CR-V AWD,Sport utility vehicle: Small,1.5,4,AV,X,8.4,197
2023,Honda,CR-V Hybrid AWD,Sport utility vehicle: Small,2.0,4,AV,X,6.4,151
2023,Honda,HR-V,Station wagon: Small,2.0,4,AV,X,8.3,194
2023,Honda,HR-V AWD,Station wagon: Small,2.0,4,AV,X,8.7,203
2023,Honda,Odyssey,Minivan,3.5,6,AS10,X,10.6,248
2023,Honda,Passport AWD,Sport utility vehicle: Small,3.5,6,AS9,X,11.3,265
2023,Honda,Pilot AWD,Sport utility vehicle: Standard,3.5,6,AS10,X,11.0,258
2023,Honda,Pilot AWD Touring/Elite/Black,Sport utility vehicle: Standard,3.5,6,AS10,X,11.2,262
2023,Honda,Pilot AWD TrailSport,Sport utility vehicle: Standard,3.5,6,AS10,X,11.8,275
2023,Honda,Ridgeline AWD,Pickup truck: Standard,3.5,6,AS9,X,11.5,271
2023,Hyundai,Elantra,Mid-size,1.6,4,AM7,X,7.6,179
2023,Hyundai,Elantra,Mid-size,2.0,4,AV1,X,6.7,158
2023,Hyundai,Elantra (ISG),Mid-size,2.0,4,AV1,X,6.4,151
2023,Hyundai,Elantra N,Mid-size,2.0,4,AM8,Z,10.2,241
2023,Hyundai,Elantra N,Mid-size,2.0,4,M6,Z,9.4,223
2023,Hyundai,Elantra Hybrid,Mid-size,1.6,4,AM6,X,4.7,110
2023,Hyundai,Kona,Sport utility vehicle: Small,2.0,4,AV,X,7.4,174
2023,Hyundai,Kona N,Sport utility vehicle: Small,2.0,4,AM8,Z,10.4,246
2023,Hyundai,Kona AWD,Sport utility vehicle: Small,1.6,4,AM7,X,8.2,193
2023,Hyundai,Kona AWD,Sport utility vehicle: Small,2.0,4,AV,X,7.9,187
2023,Hyundai,Palisade AWD,Sport utility vehicle: Small,3.8,6,AS8,X,11.2,263
2023,Hyundai,Santa Cruz AWD,Pickup truck: Small,2.5,4,AM8,X,10.6,250
2023,Hyundai,Santa Fe AWD,Sport utility vehicle: Small,2.5,4,AM8,X,9.9,233
2023,Hyundai,Santa Fe AWD,Sport utility vehicle: Small,2.5,4,AS8,X,10.0,235
2023,Hyundai,Santa Fe Hybrid,Sport utility vehicle: Small,1.6,4,AM6,X,7.4,176
2023,Hyundai,Sonata,Full-size,1.6,4,AS8,X,7.9,186
2023,Hyundai,Sonata,Full-size,2.5,4,AM8,X,8.8,208
2023,Hyundai,Sonata,Full-size,2.5,4,AS8,X,7.7,182
2023,Hyundai,Sonata Hybrid,Full-size,2.0,4,AM6,X,5.0,117
2023,Hyundai,Tucson,Sport utility vehicle: Small,2.5,4,AS8,X,8.5,200
2023,Hyundai,Tucson AWD,Sport utility vehicle: Small,2.5,4,AS8,X,9.3,218
2023,Hyundai,Tucson Hybrid,Sport utility vehicle: Small,1.6,4,AM6,X,6.4,152
2023,Hyundai,Venue,Mid-size,1.6,4,AV1,X,7.5,177
2023,Infiniti,Q50 AWD,Mid-size,3.0,6,AS7,Z,10.8,254
2023,Infiniti,Q50 AWD Red Sport,Mid-size,3.0,6,AS7,Z,11.1,261
2023,Infiniti,QX50 AWD,Sport utility vehicle: Small,2.0,4,AV8,Z,9.7,228
2023,Infiniti,QX55 AWD,Sport utility vehicle: Small,2.0,4,AV8,Z,9.4,222
2023,Infiniti,QX60 AWD,Sport utility vehicle: Standard,3.5,6,AS9,Z,10.7,251
2023,Infiniti,QX80 4WD,Sport utility vehicle: Standard,5.6,8,AS7,Z,15.1,355
2023,Jaguar,E-PACE P250,Sport utility vehicle: Small,2.0,4,AS9,Z,10.4,247
2023,Jaguar,F-PACE P250,Sport utility vehicle: Small,2.0,4,AS8,Z,9.9,227
2023,Jaguar,F-PACE P400,Sport utility vehicle: Small,3.0,6,AS8,Z,10.8,253
2023,Jaguar,F-PACE P550 SVR,Sport utility vehicle: Small,5.0,8,AS8,Z,13.4,316
2023,Jaguar,F-TYPE P450 Convertible,Two-seater,5.0,8,AS8,Z,12.1,286
2023,Jaguar,F-TYPE P450 Convertible AWD,Two-seater,5.0,8,AS8,Z,12.7,299
2023,Jaguar,F-TYPE P450 Coupe,Two-seater,5.0,8,AS8,Z,12.1,286
2023,Jaguar,F-TYPE P450 Coupe AWD,Two-seater,5.0,8,AS8,Z,12.7,299
2023,Jaguar,F-TYPE R Convertible AWD,Two-seater,5.0,8,AS8,Z,12.7,299
2023,Jaguar,F-TYPE R Coupe AWD,Two-seater,5.0,8,AS8,Z,12.7,299
2023,Jaguar,XF P250,Mid-size,2.0,4,AS8,Z,8.4,197
2023,Jaguar,XF P300 AWD,Mid-size,2.0,4,AS8,Z,9.3,219
2023,Jeep,Cherokee 4X4 Active Drive I,Sport utility vehicle: Small,2.4,4,A9,X,9.8,230
2023,Jeep,Cherokee 4X4 Trailhawk Active Drive Lock,Sport utility vehicle: Small,2.0,4,A9,X,10.6,249
2023,Jeep,Compass 4X4,Sport utility vehicle: Small,2.0,4,A8,X,8.8,205
2023,Jeep,Gladiator 4X4 EcoDiesel,Pickup truck: Standard,3.0,6,A8,D,9.8,263
2023,Jeep,Gladiator 4X4 Rubicon EcoDiesel,Pickup truck: Standard,3.0,6,A8,D,10.0,271
2023,Jeep,Gladiator 4X4,Pickup truck: Standard,3.6,6,A8,X,12.3,290
2023,Jeep,Gladiator 4X4,Pickup truck: Standard,3.6,6,M6,X,12.6,296
2023,Jeep,Grand Cherokee 4X4,Sport utility vehicle: Standard,3.6,6,A8,X,10.9,256
2023,Jeep,Grand Cherokee 4X4,Sport utility vehicle: Standard,5.7,8,A8,X,14.1,331
2023,Jeep,Grand Cherokee L 4X4,Sport utility vehicle: Standard,3.6,6,A8,X,11.3,266
2023,Jeep,Grand Cherokee L 4X4,Sport utility vehicle: Standard,5.7,8,A8,X,14.1,331
2023,Jeep,Grand Wagoneer 4X4 (High Output),Sport utility vehicle: Standard,3.0,6,A8,Z,14.3,334
2023,Jeep,Grand Wagoneer 4X4,Sport utility vehicle: Standard,6.4,8,A8,Z,16.0,374
2023,Jeep,Grand Wagoneer L 4X4 (High Output),Sport utility vehicle: Standard,3.0,6,A8,Z,15.0,352
2023,Jeep,Renegade 4X4,Sport utility vehicle: Small,1.3,4,A9,X,9.2,222
2023,Jeep,Renegade 4X4 Trailhawk,Sport utility vehicle: Small,1.3,4,A9,X,9.9,231
2023,Jeep,Wagoneer 4X4,Sport utility vehicle: Standard,3.0,6,A8,X,12.5,293
2023,Jeep,Wagoneer 4X4,Sport utility vehicle: Standard,5.7,8,A8,X,13.8,324
2023,Jeep,Wagoneer L 4X4,Sport utility vehicle: Standard,3.0,6,A8,X,12.7,297
2023,Jeep,Wrangler JL 4X4,Sport utility vehicle: Small,2.0,4,A8,X,10.3,241
2023,Jeep,Wrangler JL 4X4,Sport utility vehicle: Small,3.6,6,A8,X,11.8,274
2023,Jeep,Wrangler JL 4X4 eTorque,Sport utility vehicle: Small,3.6,6,A8,X,11.0,258
2023,Jeep,Wrangler JL 4X4,Sport utility vehicle: Small,3.6,6,M6,X,11.8,277
2023,Jeep,Wrangler JL Unlimited 4X4,Sport utility vehicle: Small,2.0,4,A8,X,10.8,251
2023,Jeep,Wrangler JL Unlimited 4X4 EcoDiesel,Sport utility vehicle: Small,3.0,6,A8,D,9.5,255
2023,Jeep,Wrangler JL Unlimited 4X4 Rubicon EcoDiesel,Sport utility vehicle: Small,3.0,6,A8,D,10.2,275
2023,Jeep,Wrangler JL Unlimited 4X4,Sport utility vehicle: Small,3.6,6,A8,X,11.7,275
2023,Jeep,Wrangler JL Unlimited 4X4 eTorque,Sport utility vehicle: Small,3.6,6,A8,X,11.2,262
2023,Jeep,Wrangler JL Unlimited 4X4,Sport utility vehicle: Small,3.6,6,M6,X,12.2,285
2023,Jeep,Wrangler JL Unlimited 4X4 392,Sport utility vehicle: Small,6.4,8,A8,Z,16.5,387
2023,Kia,Carnival,Minivan,3.5,6,AS8,X,10.6,252
2023,Kia,Forte,Mid-size,1.6,4,AM7,X,7.8,184
2023,Kia,Forte,Mid-size,2.0,4,AV,X,7.2,170
2023,Kia,Forte 5,Full-size,1.6,4,AM7,X,8.0,190
2023,Kia,Forte 5,Full-size,2.0,4,AV,X,7.7,182
2023,Kia,K5,Full-size,2.5,4,AM8,X,8.7,207
2023,Kia,K5 AWD,Full-size,1.6,4,AS8,X,8.3,196
2023,Kia,Niro,Station wagon: Small,1.6,4,AM6,X,4.8,112
2023,Kia,Niro FE,Station wagon: Small,1.6,4,AM6,X,4.4,104
2023,Kia,Rio,Compact,1.6,4,AV1,X,6.7,160
2023,Kia,Rio,Compact,1.6,4,M6,X,7.0,166
2023,Kia,Seltos,Sport utility vehicle: Small,2.0,4,AV8,X,7.7,182
2023,Kia,Seltos AWD,Sport utility vehicle: Small,1.6,4,AM7,X,8.7,205
2023,Kia,Seltos AWD,Sport utility vehicle: Small,2.0,4,AV8,X,8.2,195
2023,Kia,Sorento AWD,Sport utility vehicle: Small,2.5,4,AM8,X,9.9,234
2023,Kia,Sorento AWD,Sport utility vehicle: Small,2.5,4,AS8,X,9.7,227
2023,Kia,Sorento Hybrid AWD,Sport utility vehicle: Small,1.6,4,AM6,X,6.6,157
2023,Kia,Soul,Station wagon: Small,2.0,4,AV,X,7.9,187
2023,Kia,Sportage,Sport utility vehicle: Small,2.5,4,AS8,X,8.4,198
2023,Kia,Sportage AWD,Sport utility vehicle: Small,2.5,4,AS8,X,9.5,224
2023,Kia,Sportage Hybrid AWD,Sport utility vehicle: Small,1.6,4,AM6,X,6.2,145
2023,Kia,Stinger AWD,Mid-size,3.3,6,AS8,Z,11.9,280
2023,Kia,Telluride AWD,Sport utility vehicle: Small,3.8,6,AS8,X,11.4,269
2023,Lamborghini,Hurac n EVO Coupe,Two-seater,5.2,10,AM7,Z,15.8,368
2023,Lamborghini,Hurac n EVO Coupe AWD,Two-seater,5.2,10,AM7,Z,15.9,370
2023,Lamborghini,Hurac n EVO Spyder,Two-seater,5.2,10,AM7,Z,15.8,368
2023,Lamborghini,Hurac n EVO Spyder AWD,Two-seater,5.2,10,AM7,Z,15.9,370
2023,Lamborghini,Urus Performante,Sport utility vehicle: Standard,4.0,8,AS8,Z,14.8,345
2023,Lamborghini,Urus S,Sport utility vehicle: Standard,4.0,8,AS8,Z,14.8,345
2023,Land Rover,Defender 90 P300,Sport utility vehicle: Standard,2.0,4,AS8,Z,12.3,289
2023,Land Rover,Defender 90 P400,Sport utility vehicle: Standard,3.0,6,AS8,Z,11.8,276
2023,Land Rover,Defender 90 5.0L V8,Sport utility vehicle: Standard,5.0,8,AS8,Z,14.3,339
2023,Land Rover,Defender 110 P300,Sport utility vehicle: Standard,2.0,4,AS8,Z,13.0,306
2023,Land Rover,Defender 110 P400,Sport utility vehicle: Standard,3.0,6,AS8,Z,11.8,276
2023,Land Rover,Defender 110 5.0L V8,Sport utility vehicle: Standard,5.0,8,AS8,Z,14.7,350
2023,Land Rover,Defender 130 P300,Sport utility vehicle: Standard,3.0,6,AS8,Z,12.6,298
2023,Land Rover,Defender 130 P400,Sport utility vehicle: Standard,3.0,6,AS8,Z,12.6,298
2023,Land Rover,Discovery P300,Sport utility vehicle: Standard,2.0,4,AS8,Z,11.5,271
2023,Land Rover,Discovery P360,Sport utility vehicle: Standard,3.0,6,AS8,Z,10.9,258
2023,Land Rover,Discovery Sport P250,Sport utility vehicle: Small,2.0,4,AS9,Z,11.5,271
2023,Land Rover,Range Rover P400,Sport utility vehicle: Standard,3.0,6,AS8,Z,11.3,265
2023,Land Rover,Range Rover P400 LWB,Sport utility vehicle: Standard,3.0,6,AS8,Z,11.3,265
2023,Land Rover,Range Rover P530,Sport utility vehicle: Standard,4.4,8,AS8,Z,13.3,316
2023,Land Rover,Range Rover P530 LWB,Sport utility vehicle: Standard,4.4,8,AS8,Z,13.3,314
2023,Land Rover,Range Rover SV,Sport utility vehicle: Standard,4.4,8,AS8,Z,13.3,316
2023,Land Rover,Range Rover SV LWB,Sport utility vehicle: Standard,4.4,8,AS8,Z,13.3,314
2023,Land Rover,Range Rover Sport P360,Sport utility vehicle: Standard,3.0,6,AS8,Z,10.8,254
2023,Land Rover,Range Rover Sport HST P400,Sport utility vehicle: Standard,3.0,6,AS8,Z,11.3,265
2023,Land Rover,Range Rover Sport P530,Sport utility vehicle: Standard,4.4,8,AS8,Z,13.3,316
2023,Land Rover,Range Rover Evoque P250,Sport utility vehicle: Small,2.0,4,AS9,Z,10.5,247
2023,Land Rover,Range Rover Evoque P300,Sport utility vehicle: Small,2.0,4,AS9,Z,10.3,244
2023,Land Rover,Range Rover Velar P250,Sport utility vehicle: Small,2.0,4,AS8,Z,10.4,244
2023,Land Rover,Range Rover Velar P340,Sport utility vehicle: Small,3.0,6,AS8,Z,10.5,248
2023,Land Rover,Range Rover Velar P400,Sport utility vehicle: Small,3.0,6,AS8,Z,11.2,265
2023,Lexus,ES 250 AWD,Mid-size,2.5,4,AS8,X,8.4,195
2023,Lexus,ES 300h,Mid-size,2.5,4,AV6,X,5.3,124
2023,Lexus,ES 350,Mid-size,3.5,6,AS8,X,9.2,214
2023,Lexus,ES 350 F SPORT,Mid-size,3.5,6,AS8,X,9.4,219
2023,Lexus,GX 460,Sport utility vehicle: Standard,4.6,8,AS6,Z,14.5,337
2023,Lexus,IS 300,Compact,2.0,4,AS8,Z,9.5,221
2023,Lexus,IS 300 AWD,Compact,3.5,6,AS6,Z,10.8,253
2023,Lexus,IS 350 AWD,Compact,3.5,6,AS6,Z,10.8,253
2023,Lexus,IS 500,Compact,5.0,8,AS8,Z,11.9,280
2023,Lexus,LC 500,Subcompact,5.0,8,AS10,Z,12.6,294
2023,Lexus,LC 500 Convertible,Minicompact,5.0,8,AS10,Z,13.0,304
2023,Lexus,LC 500h,Subcompact,3.5,6,AV10,Z,8.1,189
2023,Lexus,LS 500 AWD,Mid-size,3.4,6,AS10,Z,11.2,270
2023,Lexus,LS 500h AWD,Mid-size,3.5,6,AV10,Z,9.2,217
2023,Lexus,LX 600,Sport utility vehicle: Standard,3.4,6,AS10,Z,12.7,298
2023,Lexus,NX 250 AWD,Sport utility vehicle: Small,2.5,4,AS8,X,8.4,198
2023,Lexus,NX 350 AWD,Sport utility vehicle: Small,2.4,4,AS8,Z,9.5,221
2023,Lexus,NX 350 AWD F SPORT,Sport utility vehicle: Small,2.4,4,AS8,Z,9.5,222
2023,Lexus,NX 350h AWD,Sport utility vehicle: Small,2.5,4,AV6,Z,6.0,139
2023,Lexus,RC 300 AWD,Subcompact,3.5,6,AS6,Z,10.8,253
2023,Lexus,RC 350 AWD,Subcompact,3.5,6,AS6,Z,10.8,253
2023,Lexus,RC F,Subcompact,5.0,8,AS8,Z,12.2,285
2023,Lexus,RX 350 AWD,Sport utility vehicle: Small,2.4,4,AS8,Z,9.9,231
2023,Lexus,RX 350h AWD,Sport utility vehicle: Small,2.5,4,AV6,Z,6.5,151
2023,Lexus,RX 500h AWD,Sport utility vehicle: Small,2.4,4,AS6,Z,8.6,199
2023,Lexus,UX 250h AWD,Compact,2.0,4,AV6,X,6.0,140
2023,Lincoln,Aviator AWD,Sport utility vehicle: Standard,3.0,6,AS10,X,11.9,280
2023,Lincoln,Aviator AWD (Without Stop-Start),Sport utility vehicle: Standard,3.0,6,AS10,X,12.5,292
2023,Lincoln,Corsair AWD,Sport utility vehicle: Small,2.0,4,AS8,X,9.9,232
2023,Lincoln,Nautilus AWD,Sport utility vehicle: Small,2.0,4,A8,X,10.6,249
2023,Lincoln,Nautilus AWD,Sport utility vehicle: Small,2.0,4,AS8,X,10.6,249
2023,Lincoln,Nautilus AWD,Sport utility vehicle: Small,2.7,6,AS8,X,11.2,262
2023,Lincoln,Navigator 4X4,Sport utility vehicle: Standard,3.5,6,AS10,X,13.2,310
2023,Lincoln,Navigator 4X4 (Without Stop-Start),Sport utility vehicle: Standard,3.5,6,AS10,X,13.6,320
2023,Maserati,Ghibli GT,Mid-size,3.0,6,A8,Z,11.6,271
2023,Maserati,Ghibli Modena,Mid-size,3.0,6,A8,Z,11.6,271
2023,Maserati,Ghibli Modena AWD,Mid-size,3.0,6,A8,Z,12.0,284
2023,Maserati,Ghibli Trofeo,Mid-size,3.8,8,A8,Z,14.9,348
2023,Maserati,Grecale GT,Sport utility vehicle: Small,2.0,4,A8,Z,9.4,218
2023,Maserati,Grecale Modena,Sport utility vehicle: Small,2.0,4,A8,Z,9.4,218
2023,Maserati,Grecale Trofeo,Sport utility vehicle: Small,3.0,6,A8,Z,11.6,268
2023,Maserati,Levante GT,Sport utility vehicle: Standard,3.0,6,A8,Z,13.2,308
2023,Maserati,Levante Modena,Sport utility vehicle: Standard,3.0,6,A8,Z,13.2,308
2023,Maserati,Levante Modena V8,Sport utility vehicle: Standard,3.8,8,A8,Z,15.0,349
2023,Maserati,Levante Trofeo,Sport utility vehicle: Standard,3.8,8,A8,Z,15.0,349
2023,Maserati,MC20,Two-seater,3.0,6,AS8,Z,12.8,295
2023,Maserati,MC20 Spyder,Two-seater,3.0,6,AS8,Z,12.8,299
2023,Maserati,Quattroporte GT,Full-size,3.0,6,A8,Z,12.1,281
2023,Maserati,Quattroporte Modena,Full-size,3.0,6,A8,Z,12.1,281
2023,Maserati,Quattroporte Modena AWD,Full-size,3.0,6,A8,Z,12.0,284
2023,Maserati,Quattroporte Trofeo,Full-size,3.8,8,A8,Z,14.9,348
2023,Mazda,CX-30 4WD,Sport utility vehicle: Small,2.0,4,AS6,X,8.6,202
2023,Mazda,CX-30 4WD,Sport utility vehicle: Small,2.5,4,AS6,X,8.2,192
2023,Mazda,CX-30 Turbo 4WD,Sport utility vehicle: Small,2.5,4,AS6,X,9.3,220
2023,Mazda,CX-5 4WD,Sport utility vehicle: Small,2.5,4,AS6,X,9.0,209
2023,Mazda,CX-5 Turbo 4WD,Sport utility vehicle: Small,2.5,4,AS6,X,9.8,230
2023,Mazda,CX-50 4WD,Sport utility vehicle: Small,2.5,4,AS6,X,8.9,209
2023,Mazda,CX-50 Turbo 4WD,Sport utility vehicle: Small,2.5,4,AS6,X,9.4,220
2023,Mazda,CX-9 4WD,Sport utility vehicle: Small,2.5,4,AS6,X,10.5,245
2023,Mazda,Mazda3 4-Door,Compact,2.0,4,AS6,X,7.6,178
2023,Mazda,Mazda3 4-Door (SIL),Compact,2.0,4,M6,X,7.7,180
2023,Mazda,Mazda3 4-Door,Compact,2.5,4,AS6,X,7.6,179
2023,Mazda,Mazda3 4-Door 4WD,Compact,2.5,4,AS6,X,7.9,185
2023,Mazda,Mazda3 4-Door Turbo 4WD,Compact,2.5,4,AS6,X,8.8,207
2023,Mazda,Mazda3 5-Door,Mid-size,2.0,4,AS6,X,7.7,181
2023,Mazda,Mazda3 5-Door (SIL),Mid-size,2.0,4,M6,X,7.8,181
2023,Mazda,Mazda3 5-Door,Mid-size,2.5,4,AS6,X,7.8,183
2023,Mazda,Mazda3 5-Door (SIL),Mid-size,2.5,4,M6,X,7.8,184
2023,Mazda,Mazda3 5-Door 4WD,Mid-size,2.5,4,AS6,X,8.1,190
2023,Mazda,Mazda3 5-Door Turbo 4WD,Mid-size,2.5,4,AS6,X,8.9,209
2023,Mazda,MX-5,Two-seater,2.0,4,AS6,Z,7.9,186
2023,Mazda,MX-5 (SIL),Two-seater,2.0,4,M6,Z,8.1,189
2023,Mercedes-Benz,AMG C 43 4MATIC Cabriolet,Subcompact,3.0,6,A9,Z,11.4,268
2023,Mercedes-Benz,AMG C 43 4MATIC Coupe,Subcompact,3.0,6,A9,Z,11.0,257
2023,Mercedes-Benz,AMG C 43 4MATIC Sedan,Compact,2.0,4,A9,Z,10.7,251
2023,Mercedes-Benz,AMG CLA 35 4MATIC Coupe,Compact,2.0,4,AM7,Z,9.9,232
2023,Mercedes-Benz,AMG CLA 45 4MATIC Coupe,Compact,2.0,4,AM8,Z,10.3,241
2023,Mercedes-Benz,AMG CLS 53 4MATIC+ Coupe,Compact,3.0,6,A9,Z,10.3,241
2023,Mercedes-Benz,AMG E 53 4MATIC+ Sedan,Mid-size,3.0,6,A9,Z,9.7,227
2023,Mercedes-Benz,AMG E 53 4MATIC+ Cabriolet,Subcompact,3.0,6,A9,Z,10.3,242
2023,Mercedes-Benz,AMG E 53 4MATIC+ Coupe,Subcompact,3.0,6,A9,Z,10.2,238
2023,Mercedes-Benz,AMG E 63 4MATIC+ All-Terrain Wagon,Station wagon: Mid-size,4.0,8,A9,Z,12.3,312
2023,Mercedes-Benz,AMG E 63 S 4MATIC+ Sedan,Mid-size,4.0,8,A9,Z,12.6,296
2023,Mercedes-Benz,AMG G 63 SUV,Sport utility vehicle: Standard,4.0,8,A9,Z,17.7,415
2023,Mercedes-Benz,AMG G 63 4x4 Squared SUV,Sport utility vehicle: Standard,4.0,8,A9,Z,21.7,508
2023,Mercedes-Benz,AMG GLA 35 4MATIC SUV,Station wagon: Small,2.0,4,AM8,Z,9.5,222
2023,Mercedes-Benz,AMG GLA 45 4MATIC SUV,Station wagon: Small,2.0,4,AM8,Z,10.9,256
2023,Mercedes-Benz,AMG GLB 35 4MATIC SUV,Station wagon: Mid-size,2.0,4,AM8,Z,10.2,238
2023,Mercedes-Benz,AMG GLC 43 4MATIC Coupe,Sport utility vehicle: Small,3.0,6,A9,Z,11.8,274
2023,Mercedes-Benz,AMG GLE 53 4MATIC+ SUV,Sport utility vehicle: Standard,3.0,6,A9,Z,12.2,284
2023,Mercedes-Benz,AMG GLE 53 4MATIC+ Coupe,Sport utility vehicle: Standard,3.0,6,A9,Z,11.9,277
2023,Mercedes-Benz,AMG GLE 63 S 4MATIC+ SUV,Sport utility vehicle: Standard,4.0,8,A9,Z,14.7,343
2023,Mercedes-Benz,AMG GLE 63 S 4MATIC+ Coupe,Sport utility vehicle: Standard,4.0,8,A9,Z,14.8,347
2023,Mercedes-Benz,AMG GLS 63 4MATIC+ SUV,Sport utility vehicle: Standard,4.0,8,A9,Z,15.1,354
2023,Mercedes-Benz,AMG GT 53 4MATIC+ Coupe,Compact,3.0,6,A9,Z,11.2,262
2023,Mercedes-Benz,AMG GT 63 4MATIC+ Coupe,Compact,4.0,8,A9,Z,14.0,329
2023,Mercedes-Benz,AMG GT 63 S 4MATIC+ Coupe,Compact,4.0,8,A9,Z,14.0,329
2023,Mercedes-Benz,AMG SL 63 4MATIC+ Roadster,Minicompact,4.0,8,A9,Z,15.3,360
2023,Mercedes-Benz,C 300 4MATIC Cabriolet,Subcompact,2.0,4,A9,Z,9.5,223
2023,Mercedes-Benz,C 300 4MATIC Coupe,Subcompact,2.0,4,A9,Z,9.3,218
2023,Mercedes-Benz,C 300 4MATIC Sedan,Compact,2.0,4,A9,Z,8.6,201
2023,Mercedes-Benz,CLA 250 4MATIC Coupe,Compact,2.0,4,AM7,Z,8.6,200
2023,Mercedes-Benz,CLS 450 4MATIC Coupe,Compact,3.0,6,A9,Z,9.7,229
2023,Mercedes-Benz,E 350 4MATIC Sedan,Mid-size,2.0,4,A9,Z,9.7,228
2023,Mercedes-Benz,E 450 4MATIC Cabriolet,Subcompact,3.0,6,A9,Z,9.9,233
2023,Mercedes-Benz,E 450 4MATIC Coupe,Subcompact,3.0,6,A9,Z,9.6,225
2023,Mercedes-Benz,E 450 4MATIC Sedan,Mid-size,3.0,6,A9,Z,9.3,219
2023,Mercedes-Benz,E 450 4MATIC All-Terrain Wagon,Station wagon: Mid-size,3.0,6,A9,Z,10.0,233
2023,Mercedes-Benz,G 550 SUV,Sport utility vehicle: Standard,4.0,8,A9,Z,16.3,383
2023,Mercedes-Benz,GLA 250 4MATIC SUV,Sport utility vehicle: Small,2.0,4,AM8,Z,9.0,210
2023,Mercedes-Benz,GLB 250 4MATIC SUV,Sport utility vehicle: Small,2.0,4,AM8,Z,9.4,221
2023,Mercedes-Benz,GLC 300 4MATIC SUV,Sport utility vehicle: Small,2.0,4,A9,Z,9.8,229
2023,Mercedes-Benz,GLC 300 4MATIC Coupe,Sport utility vehicle: Small,2.0,4,A9,Z,10.9,253
2023,Mercedes-Benz,GLE 350 4MATIC SUV,Sport utility vehicle: Standard,2.0,4,A9,Z,11.0,257
2023,Mercedes-Benz,GLE 450 4MATIC SUV,Sport utility vehicle: Standard,3.0,6,A9,Z,10.5,245
2023,Mercedes-Benz,GLE 450 4MATIC Coupe,Sport utility vehicle: Standard,3.0,6,A9,Z,10.5,247
2023,Mercedes-Benz,GLS 450 4MATIC SUV,Sport utility vehicle: Standard,3.0,6,A9,Z,11.6,270
2023,Mercedes-Benz,GLS 580 4MATIC SUV,Sport utility vehicle: Standard,4.0,8,A9,Z,13.2,310
2023,Mercedes-Benz,GLS 600 4MATIC Maybach SUV,Sport utility vehicle: Standard,4.0,8,A9,Z,14.8,346
2023,Mercedes-Benz,Maybach S 580 4MATIC Sedan,Full-size,4.0,8,A9,Z,13.0,305
2023,Mercedes-Benz,Maybach S 680 4MATIC Sedan,Full-size,6.0,12,A9,Z,16.4,384
2023,Mercedes-Benz,Metris Cargo Van,Special purpose vehicle,2.0,4,A9,Z,11.6,271
2023,Mercedes-Benz,Metris Cargo Van LWB,Special purpose vehicle,2.0,4,A9,Z,11.6,271
2023,Mercedes-Benz,Metris Passenger Van,Special purpose vehicle,2.0,4,A9,Z,12.3,285
2023,Mercedes-Benz,S 500 4MATIC Sedan,Full-size,3.0,6,A9,Z,10.4,242
2023,Mercedes-Benz,S 580 4MATIC Sedan,Full-size,4.0,8,A9,Z,12.2,285
2023,MINI,Cooper 3 Door,Subcompact,1.5,3,AM7,Z,7.3,170
2023,MINI,Cooper 3 Door,Subcompact,1.5,3,M6,Z,7.6,177
2023,MINI,Cooper 5 Door,Subcompact,1.5,3,AM7,Z,7.3,170
2023,MINI,Cooper 5 Door,Subcompact,1.5,3,M6,Z,7.6,177
2023,MINI,Cooper Clubman ALL4,Mid-size,1.5,3,AS8,Z,8.5,199
2023,MINI,Cooper Convertible,Minicompact,1.5,3,AM7,Z,7.3,170
2023,MINI,Cooper Convertible,Minicompact,1.5,3,M6,Z,7.6,177
2023,MINI,Cooper Countryman,Mid-size,1.5,3,AM7,Z,8.3,194
2023,MINI,Cooper Countryman ALL4,Mid-size,1.5,3,AS8,Z,9.0,209
2023,MINI,Cooper S 3 Door,Subcompact,2.0,4,AM7,Z,7.5,174
2023,MINI,Cooper S 3 Door,Subcompact,2.0,4,M6,Z,8.8,205
2023,MINI,Cooper S 5 Door,Subcompact,2.0,4,AM7,Z,7.5,174
2023,MINI,Cooper S 5 Door,Subcompact,2.0,4,M6,Z,8.8,205
2023,MINI,Cooper S Clubman,Mid-size,2.0,4,AM7,Z,8.2,191
2023,MINI,Cooper S Clubman,Mid-size,2.0,4,M6,Z,9.3,217
2023,MINI,Cooper S Clubman ALL4,Mid-size,2.0,4,AS8,Z,8.9,206
2023,MINI,Cooper S Convertible,Minicompact,2.0,4,AM7,Z,7.8,182
2023,MINI,Cooper S Convertible,Minicompact,2.0,4,M6,Z,8.8,205
2023,MINI,Cooper S Countryman,Mid-size,2.0,4,AM7,Z,8.5,199
2023,MINI,Cooper S Countryman ALL4,Mid-size,2.0,4,AS8,Z,9.1,212
2023,MINI,John Cooper Works 3 Door,Subcompact,2.0,4,AS8,Z,8.2,191
2023,MINI,John Cooper Works 3 Door,Subcompact,2.0,4,M6,Z,9.3,216
2023,MINI,John Cooper Works Clubman ALL4,Mid-size,2.0,4,AS8,Z,9.0,210
2023,MINI,John Cooper Works Convertible,Minicompact,2.0,4,AS8,Z,8.6,200
2023,MINI,John Cooper Works Countryman ALL4,Mid-size,2.0,4,AS8,Z,9.0,210
2023,Mitsubishi,Eclipse Cross 4WD,Sport utility vehicle: Small,1.5,4,AV8,X,9.3,216
2023,Mitsubishi,Mirage,Compact,1.2,3,AV,X,6.2,143
2023,Mitsubishi,Mirage,Compact,1.2,3,M5,X,6.5,151
2023,Mitsubishi,Outlander 4WD,Sport utility vehicle: Small,2.5,4,AV8,X,8.9,208
2023,Mitsubishi,RVR,Sport utility vehicle: Small,2.0,4,AV6,X,8.9,207
2023,Mitsubishi,RVR 4WD,Sport utility vehicle: Small,2.0,4,AV6,X,9.1,213
2023,Mitsubishi,RVR 4WD,Sport utility vehicle: Small,2.4,4,AV6,X,9.4,218
2023,Nissan,Altima AWD,Mid-size,2.5,4,AV,X,8.2,193
2023,Nissan,Altima AWD SR/Platinum,Mid-size,2.5,4,AV,X,8.1,191
2023,Nissan,Armada 4WD,Sport utility vehicle: Standard,5.6,8,AS7,Z,15.4,362
2023,Nissan,Frontier,Pickup truck: Standard,3.8,6,AS9,X,11.1,260
2023,Nissan,Frontier 4WD,Pickup truck: Standard,3.8,6,AS9,X,12.6,296
2023,Nissan,Frontier 4WD (ISS),Pickup truck: Standard,3.8,6,AS9,X,12.0,281
2023,Nissan,Frontier 4WD PRO-4X,Pickup truck: Standard,3.8,6,AS9,X,13.0,305
2023,Nissan,Frontier 4WD PRO-4X (ISS),Pickup truck: Standard,3.8,6,AS9,X,12.4,292
2023,Nissan,GT-R,Subcompact,3.8,6,AM6,Z,12.8,300
2023,Nissan,Kicks,Mid-size,1.6,4,AV,X,7.2,169
2023,Nissan,Maxima,Mid-size,3.5,6,AV7,Z,9.9,233
2023,Nissan,Murano AWD,Station wagon: Mid-size,3.5,6,AV7,X,10.6,248
2023,Nissan,Pathfinder 4WD,Sport utility vehicle: Small,3.5,6,AS9,X,10.5,246
2023,Nissan,Pathfinder 4WD Rock Creek,Sport utility vehicle: Small,3.5,6,AS9,Z,11.1,260
2023,Nissan,Qashqai,Station wagon: Small,2.0,4,AV8,X,8.2,194
2023,Nissan,Qashqai AWD,Station wagon: Small,2.0,4,AV8,X,8.6,201
2023,Nissan,Rogue,Sport utility vehicle: Small,1.5,3,AV8,X,7.2,170
2023,Nissan,Rogue,Sport utility vehicle: Small,2.5,4,AV8,X,8.4,196
2023,Nissan,Rogue AWD,Sport utility vehicle: Small,1.5,3,AV8,X,7.6,179
2023,Nissan,Rogue AWD SL/Platinum,Sport utility vehicle: Small,1.5,3,AV8,X,7.7,181
2023,Nissan,Rogue AWD,Sport utility vehicle: Small,2.5,4,AV8,X,8.3,195
2023,Nissan,Sentra,Mid-size,2.0,4,AV,X,7.1,167
2023,Nissan,Sentra SR,Mid-size,2.0,4,AV,X,7.3,171
2023,Nissan,Sentra,Mid-size,2.0,4,M6,X,7.9,185
2023,Nissan,Sentra SR,Mid-size,2.0,4,M6,X,8.1,189
2023,Nissan,Versa,Compact,1.6,4,AV,X,6.7,158
2023,Nissan,Versa,Compact,1.6,4,M5,X,7.7,181
2023,Nissan,Z,Two-seater,3.0,6,AS9,Z,10.6,249
2023,Nissan,Z,Two-seater,3.0,6,M6,Z,11.9,280
2023,Porsche,718 Boxster,Two-seater,2.0,4,AM7,Z,10.0,233
2023,Porsche,718 Boxster,Two-seater,2.0,4,M6,Z,10.9,254
2023,Porsche,718 Boxster T,Two-seater,2.0,4,AM7,Z,10.1,236
2023,Porsche,718 Boxster T,Two-seater,2.0,4,M6,Z,10.5,245
2023,Porsche,718 Boxster S,Two-seater,2.5,4,AM7,Z,10.9,255
2023,Porsche,718 Boxster S,Two-seater,2.5,4,M6,Z,11.2,263
2023,Porsche,718 Boxster GTS,Two-seater,4.0,6,AM7,Z,11.1,260
2023,Porsche,718 Boxster GTS,Two-seater,4.0,6,M6,Z,12.2,284
2023,Porsche,718 Cayman,Two-seater,2.0,4,AM7,Z,10.0,233
2023,Porsche,718 Cayman,Two-seater,2.0,4,M6,Z,10.9,254
2023,Porsche,718 Cayman T,Two-seater,2.0,4,AM7,Z,10.1,236
2023,Porsche,718 Cayman T,Two-seater,2.0,4,M6,Z,10.5,245
2023,Porsche,718 Cayman S,Two-seater,2.5,4,AM7,Z,10.9,255
2023,Porsche,718 Cayman S,Two-seater,2.5,4,M6,Z,11.2,263
2023,Porsche,718 Cayman GT4,Two-seater,4.0,6,AM7,Z,11.6,271
2023,Porsche,718 Cayman GT4,Two-seater,4.0,6,M6,Z,12.3,287
2023,Porsche,718 Cayman GTS,Two-seater,4.0,6,AM7,Z,11.1,260
2023,Porsche,718 Cayman GTS,Two-seater,4.0,6,M6,Z,12.2,284
2023,Porsche,718 GT4 RS,Two-seater,4.0,6,AM7,Z,14.4,338
2023,Porsche,718 Spyder,Two-seater,4.0,6,AM7,Z,11.6,271
2023,Porsche,718 Spyder,Two-seater,4.0,6,M6,Z,12.3,287
2023,Porsche,911 Carrera,Minicompact,3.0,6,AM8,Z,11.6,275
2023,Porsche,911 Carrera 4,Minicompact,3.0,6,AM8,Z,11.6,260
2023,Porsche,911 Carrera Cabriolet,Minicompact,3.0,6,AM8,Z,11.6,275
2023,Porsche,911 Carrera 4 Cabriolet,Minicompact,3.0,6,AM8,Z,11.6,264
2023,Porsche,911 Carrera T,Minicompact,3.0,6,AM8,Z,11.6,264
2023,Porsche,911 Carrera T,Minicompact,3.0,6,M7,Z,11.8,269
2023,Porsche,911 Carrera S,Minicompact,3.0,6,AM8,Z,11.7,274
2023,Porsche,911 Carrera S,Minicompact,3.0,6,M7,Z,11.3,264
2023,Porsche,911 Carrera 4S,Minicompact,3.0,6,AM8,Z,11.8,271
2023,Porsche,911 Carrera 4S,Minicompact,3.0,6,M7,Z,11.8,266
2023,Porsche,911 Carrera S Cabriolet,Minicompact,3.0,6,AM8,Z,11.7,273
2023,Porsche,911 Carrera S Cabriolet,Minicompact,3.0,6,M7,Z,11.8,275
2023,Porsche,911 Carrera 4S Cabriolet,Minicompact,3.0,6,AM8,Z,11.7,270
2023,Porsche,911 Carrera 4S Cabriolet,Minicompact,3.0,6,M7,Z,12.0,269
2023,Porsche,911 Carrera GTS,Minicompact,3.0,6,AM8,Z,12.1,275
2023,Porsche,911 Carrera GTS,Minicompact,3.0,6,M7,Z,11.9,273
2023,Porsche,911 Carrera 4 GTS,Minicompact,3.0,6,AM8,Z,12.1,275
2023,Porsche,911 Carrera 4 GTS,Minicompact,3.0,6,M7,Z,12.2,281
2023,Porsche,911 Carrera GTS Cabriolet,Minicompact,3.0,6,AM8,Z,12.2,272
2023,Porsche,911 Carrera GTS Cabriolet,Minicompact,3.0,6,M7,Z,11.9,272
2023,Porsche,911 Carrera 4 GTS Cabriolet,Minicompact,3.0,6,AM8,Z,12.3,284
2023,Porsche,911 Carrera 4 GTS Cabriolet,Minicompact,3.0,6,M7,Z,12.7,284
2023,Porsche,911 Dakar,Minicompact,3.0,6,AM8,Z,12.5,284
2023,Porsche,911 GT3,Two-seater,4.0,6,AM7,Z,14.3,334
2023,Porsche,911 GT3,Two-seater,4.0,6,M6,Z,15.2,349
2023,Porsche,911 GT3 RS,Two-seater,4.0,6,AM7,Z,15.1,354
2023,Porsche,911 GT3 Touring,Two-seater,4.0,6,AM7,Z,14.4,335
2023,Porsche,911 GT3 Touring,Two-seater,4.0,6,M6,Z,15.2,348
2023,Porsche,911 Sport Classic,Minicompact,3.7,6,M7,Z,13.7,321
2023,Porsche,911 Targa 4,Minicompact,3.0,6,AM8,Z,11.6,261
2023,Porsche,911 Targa 4S,Minicompact,3.0,6,AM8,Z,11.8,264
2023,Porsche,911 Targa 4S,Minicompact,3.0,6,M7,Z,11.9,274
2023,Porsche,911 Targa 4 GTS,Minicompact,3.0,6,AM8,Z,12.3,283
2023,Porsche,911 Targa 4 GTS,Minicompact,3.0,6,M7,Z,12.7,284
2023,Porsche,911 Turbo,Minicompact,3.7,6,AM8,Z,13.7,321
2023,Porsche,911 Turbo Cabriolet,Minicompact,3.7,6,AM8,Z,13.9,320
2023,Porsche,911 Turbo S,Minicompact,3.7,6,AM8,Z,13.7,316
2023,Porsche,911 Turbo S Cabriolet,Minicompact,3.7,6,AM8,Z,14.1,325
2023,Porsche,Cayenne,Sport utility vehicle: Standard,3.0,6,AS8,Z,12.4,281
2023,Porsche,Cayenne Coupe,Sport utility vehicle: Standard,3.0,6,AS8,Z,12.4,281
2023,Porsche,Cayenne S,Sport utility vehicle: Standard,2.9,6,AS8,Z,13.7,305
2023,Porsche,Cayenne S Coupe,Sport utility vehicle: Standard,2.9,6,AS8,Z,13.0,305
2023,Porsche,Cayenne GTS,Sport utility vehicle: Standard,4.0,8,AS8,Z,14.0,327
2023,Porsche,Cayenne GTS Coupe,Sport utility vehicle: Standard,4.0,8,AS8,Z,14.0,319
2023,Porsche,Cayenne Turbo,Sport utility vehicle: Standard,4.0,8,AS8,Z,14.8,330
2023,Porsche,Cayenne Turbo Coupe,Sport utility vehicle: Standard,4.0,8,AS8,Z,14.1,330
2023,Porsche,Cayenne Turbo GT,Sport utility vehicle: Standard,4.0,8,AS8,Z,14.8,334
2023,Porsche,Macan,Sport utility vehicle: Small,2.0,4,AM7,Z,11.0,252
2023,Porsche,Macan T,Sport utility vehicle: Small,2.0,4,AM7,Z,11.0,259
2023,Porsche,Macan S,Sport utility vehicle: Small,2.9,6,AM7,Z,12.2,276
2023,Porsche,Macan GTS,Sport utility vehicle: Small,2.9,6,AM7,Z,12.2,281
2023,Porsche,Panamera 4,Full-size,2.9,6,AM8,Z,11.5,265
2023,Porsche,Panamera 4 Executive,Full-size,2.9,6,AM8,Z,12.2,271
2023,Porsche,Panamera 4 ST,Full-size,2.9,6,AM8,Z,11.7,267
2023,Porsche,Panamera 4S,Full-size,2.9,6,AM8,Z,11.4,266
2023,Porsche,Panamera 4S Executive,Full-size,2.9,6,AM8,Z,12.2,280
2023,Porsche,Panamera 4S ST,Full-size,2.9,6,AM8,Z,12.2,280
2023,Porsche,Panamera GTS,Full-size,4.0,8,AM8,Z,13.7,303
2023,Porsche,Panamera GTS ST,Full-size,4.0,8,AM8,Z,13.9,312
2023,Porsche,Panamera Turbo S,Full-size,4.0,8,AM8,Z,13.5,315
2023,Porsche,Panamera Turbo S Executive,Full-size,4.0,8,AM8,Z,13.5,315
2023,Porsche,Panamera Turbo S ST,Full-size,4.0,8,AM8,Z,13.5,315
2023,Ram,1500 eTorque,Pickup truck: Standard,3.6,6,A8,X,10.8,253
2023,Ram,1500 eTorque,Pickup truck: Standard,5.7,8,A8,X,11.7,275
2023,Ram,1500 4X4 EcoDiesel,Pickup truck: Standard,3.0,6,A8,D,9.7,260
2023,Ram,1500 4X4 eTorque,Pickup truck: Standard,3.6,6,A8,X,11.0,259
2023,Ram,1500 4X4,Pickup truck: Standard,5.7,8,A8,X,13.8,325
2023,Ram,1500 4X4 eTorque,Pickup truck: Standard,5.7,8,A8,X,12.1,284
2023,Ram,1500 4X4 TRX,Pickup truck: Standard,6.2,8,A8,Z,19.8,465
2023,Ram,1500 Classic,Pickup truck: Standard,3.6,6,A8,X,11.7,276
2023,Ram,1500 Classic,Pickup truck: Standard,5.7,8,A8,X,13.8,322
2023,Ram,1500 Classic 4X4,Pickup truck: Standard,3.6,6,A8,X,12.5,294
2023,Ram,1500 Classic 4X4,Pickup truck: Standard,5.7,8,A8,X,14.1,330
2023,Rolls-Royce,Cullinan,Station wagon: Mid-size,6.7,12,AS8,Z,16.6,389
2023,Rolls-Royce,Cullinan Black Badge,Station wagon: Mid-size,6.7,12,AS8,Z,16.6,389
2023,Rolls-Royce,Ghost,Full-size,6.7,12,AS8,Z,16.7,388
2023,Rolls-Royce,Ghost Black Badge,Full-size,6.7,12,AS8,Z,16.7,388
2023,Rolls-Royce,Ghost Extended,Full-size,6.7,12,AS8,Z,16.7,388
2023,Rolls-Royce,Phantom,Full-size,6.7,12,AS8,Z,17.0,397
2023,Rolls-Royce,Phantom Extended,Full-size,6.7,12,AS8,Z,17.0,397
2023,Subaru,Ascent AWD,Sport utility vehicle: Standard,2.4,4,AV8,X,11.0,256
2023,Subaru,BRZ,Minicompact,2.4,4,AS6,Z,9.5,224
2023,Subaru,BRZ,Minicompact,2.4,4,M6,Z,10.5,247
2023,Subaru,Crosstrek AWD,Sport utility vehicle: Small,2.0,4,AV8,X,7.9,184
2023,Subaru,Crosstrek AWD,Sport utility vehicle: Small,2.0,4,M6,X,9.4,220
2023,Subaru,Crosstrek AWD,Sport utility vehicle: Small,2.5,4,AV8,X,8.0,187
2023,Subaru,Forester AWD,Sport utility vehicle: Small,2.5,4,AV7,X,8.2,192
2023,Subaru,Forester Wilderness AWD,Sport utility vehicle: Small,2.5,4,AV8,X,9.0,210
2023,Subaru,Impreza 5-Door AWD,Station wagon: Small,2.0,4,AV7,X,7.6,178
2023,Subaru,Impreza 5-Door AWD,Station wagon: Small,2.0,4,M5,X,9.0,211
2023,Subaru,Legacy AWD,Full-size,2.4,4,AV8,X,9.0,209
2023,Subaru,Legacy AWD,Full-size,2.5,4,AV8,X,7.8,183
2023,Subaru,Outback AWD,Sport utility vehicle: Small,2.4,4,AV8,X,9.5,221
2023,Subaru,Outback AWD,Sport utility vehicle: Small,2.5,4,AV8,X,8.3,195
2023,Subaru,Outback Wilderness AWD,Sport utility vehicle: Small,2.4,4,AV8,X,10.1,235
2023,Subaru,WRX AWD,Mid-size,2.4,4,AV8,Z,11.2,262
2023,Subaru,WRX AWD,Mid-size,2.4,4,M6,Z,10.8,254
2023,Toyota,4Runner 4WD,Sport utility vehicle: Standard,4.0,6,AS5,X,13.8,323
2023,Toyota,4Runner 4WD (Part-Time 4WD),Sport utility vehicle: Standard,4.0,6,AS5,X,13.8,320
2023,Toyota,Camry SE,Mid-size,2.5,4,AS8,X,7.4,174
2023,Toyota,Camry XSE V6/TRD,Mid-size,3.5,6,AS8,X,9.4,220
2023,Toyota,Camry AWD SE,Mid-size,2.5,4,AS8,X,8.2,192
2023,Toyota,Camry AWD XSE,Mid-size,2.5,4,AS8,X,8.4,195
2023,Toyota,Camry Hybrid LE,Mid-size,2.5,4,AV6,X,4.9,113
2023,Toyota,Camry Hybrid SE/XLE/XSE,Mid-size,2.5,4,AV6,X,5.1,121
2023,Toyota,Corolla (1-mode),Compact,2.0,4,AV10,X,6.7,158
2023,Toyota,Corolla (3-mode),Compact,2.0,4,AV10,X,6.8,160
2023,Toyota,Corolla Hatchback,Compact,2.0,4,AV10,X,6.8,159
2023,Toyota,Corolla Hybrid,Compact,1.8,4,AV,X,4.7,110
2023,Toyota,Corolla Hybrid AWD (2-mode),Compact,1.8,4,AV,X,4.9,115
2023,Toyota,Corolla Hybrid AWD (3-mode),Compact,1.8,4,AV,X,5.3,124
2023,Toyota,Corolla Cross,Sport utility vehicle: Small,2.0,4,AV10,X,7.3,171
2023,Toyota,Corolla Cross AWD,Sport utility vehicle: Small,2.0,4,AV10,X,7.8,182
2023,Toyota,Corolla Cross Hybrid AWD,Sport utility vehicle: Small,2.0,4,AV6,X,5.6,130
2023,Toyota,Crown AWD,Mid-size,2.4,4,AS6,X,7.8,182
2023,Toyota,Crown AWD,Mid-size,2.5,4,AV,X,5.7,133
2023,Toyota,GR Corolla,Subcompact,1.6,3,M6,Z,9.8,229
2023,Toyota,GR Supra 2.0,Two-seater,2.0,4,AS8,Z,8.6,200
2023,Toyota,GR Supra 3.0,Two-seater,3.0,6,AS8,Z,9.1,212
2023,Toyota,GR Supra 3.0,Two-seater,3.0,6,M6,Z,10.9,255
2023,Toyota,GR86,Minicompact,2.4,4,AS6,Z,9.6,225
2023,Toyota,GR86,Minicompact,2.4,4,M6,Z,10.5,247
2023,Toyota,Highlander AWD,Sport utility vehicle: Small,2.4,4,AS8,X,9.9,231
2023,Toyota,Highlander Hybrid AWD,Sport utility vehicle: Standard,2.5,4,AV,X,6.7,158
2023,Toyota,Highlander Hybrid AWD Limited/Platinum,Sport utility vehicle: Standard,2.5,4,AV,X,6.7,156
2023,Toyota,Prius AWD,Mid-size,2.0,4,AV,X,4.8,111
2023,Toyota,RAV4,Sport utility vehicle: Small,2.5,4,AS8,X,7.9,184
2023,Toyota,RAV4 AWD,Sport utility vehicle: Small,2.5,4,AS8,X,8.5,199
2023,Toyota,RAV4 AWD (Stop/Start),Sport utility vehicle: Small,2.5,4,AS8,X,8.0,187
2023,Toyota,RAV4 AWD LE,Sport utility vehicle: Small,2.5,4,AS8,X,7.9,184
2023,Toyota,RAV4 Hybrid AWD,Sport utility vehicle: Small,2.5,4,AV,X,6.0,141
2023,Toyota,Sequoia 4WD,Sport utility vehicle: Standard,3.4,6,AS10,X,11.7,273
2023,Toyota,Sienna,Minivan,2.5,4,AV,X,6.6,154
2023,Toyota,Sienna AWD,Minivan,2.5,4,AV,X,6.7,158
2023,Toyota,Tacoma 4WD,Pickup truck: Small,3.5,6,AS6,X,11.9,278
2023,Toyota,Tacoma 4WD,Pickup truck: Small,3.5,6,M6,X,12.7,299
2023,Toyota,Tacoma 4WD D-Cab TRD Off-Road/PRO,Pickup truck: Small,3.5,6,M6,X,12.9,300
2023,Toyota,Tundra,Pickup truck: Standard,3.4,6,AS10,X,11.8,277
2023,Toyota,Tundra 4WD,Pickup truck: Standard,3.4,6,AS10,X,12.4,291
2023,Toyota,Tundra 4WD TRD,Pickup truck: Standard,3.4,6,AS10,X,12.2,286
2023,Toyota,Tundra Hybrid 4WD,Pickup truck: Standard,3.4,6,AS10,X,11.7,274
2023,Toyota,Tundra Hybrid 4WD TRD PRO,Pickup truck: Standard,3.4,6,AS10,X,12.3,287
2023,Toyota,Venza AWD,Sport utility vehicle: Small,2.5,4,AV,X,6.1,142
2023,Volkswagen,Atlas,Sport utility vehicle: Small,2.0,4,AS8,X,10.2,240
2023,Volkswagen,Atlas 4MOTION,Sport utility vehicle: Small,2.0,4,AS8,X,10.9,255
2023,Volkswagen,Atlas 4MOTION,Sport utility vehicle: Small,3.6,6,AS8,X,11.9,279
2023,Volkswagen,Atlas Cross Sport,Sport utility vehicle: Small,2.0,4,AS8,X,10.3,243
2023,Volkswagen,Atlas Cross Sport 4MOTION,Sport utility vehicle: Small,2.0,4,AS8,X,10.9,256
2023,Volkswagen,Atlas Cross Sport 4MOTION,Sport utility vehicle: Small,3.6,6,AS8,X,11.7,275
2023,Volkswagen,Golf GTI,Compact,2.0,4,AM7,X,8.5,198
2023,Volkswagen,Golf GTI,Compact,2.0,4,M6,X,8.8,205
2023,Volkswagen,Golf R,Compact,2.0,4,A7,Z,9.1,213
2023,Volkswagen,Golf R,Compact,2.0,4,M6,Z,10.2,237
2023,Volkswagen,Jetta,Compact,1.5,4,AS8,X,6.8,159
2023,Volkswagen,Jetta Comfortline/Highline,Compact,1.5,4,AS8,X,7.1,167
2023,Volkswagen,Jetta,Compact,1.5,4,M6,X,7.0,165
2023,Volkswagen,Jetta GLI,Compact,2.0,4,AM7,X,7.9,185
2023,Volkswagen,Jetta GLI,Compact,2.0,4,M6,X,7.9,186
2023,Volkswagen,Taos,Sport utility vehicle: Small,1.5,4,AS8,X,7.6,178
2023,Volkswagen,Taos 4MOTION,Sport utility vehicle: Small,1.5,4,AM7,X,8.5,200
2023,Volkswagen,Tiguan 4MOTION,Sport utility vehicle: Small,2.0,4,AS8,X,9.4,222
2023,Volkswagen,Tiguan R-Line 4MOTION,Sport utility vehicle: Small,2.0,4,AS8,X,9.8,229
2023,Volvo,S60 B5,Compact,2.0,4,AS8,Z,8.0,186
2023,Volvo,S60 B5 AWD,Compact,2.0,4,AS8,Z,8.3,193
2023,Volvo,S90 B6 AWD,Mid-size,2.0,4,AS8,Z,9.0,211
2023,Volvo,V60 B6 AWD,Station wagon: Small,2.0,4,AS8,Z,9.1,212
2023,Volvo,V60 CC B5 AWD,Station wagon: Small,2.0,4,AS8,Z,9.0,211
2023,Volvo,V90 CC B6 AWD,Station wagon: Mid-size,2.0,4,AS8,Z,9.7,227
2023,Volvo,XC40 B4 AWD,Sport utility vehicle: Small,2.0,4,AS8,Z,8.9,208
2023,Volvo,XC40 B5 AWD,Sport utility vehicle: Small,2.0,4,AS8,Z,9.2,215
2023,Volvo,XC60 B5 AWD,Sport utility vehicle: Small,2.0,4,AS8,Z,9.4,218
2023,Volvo,XC60 B6 AWD,Sport utility vehicle: Small,2.0,4,AS8,Z,10.0,233
2023,Volvo,XC90 B5 AWD,Sport utility vehicle: Standard,2.0,4,AS8,Z,9.6,223
2023,Volvo,XC90 B6 AWD,Sport utility vehicle: Standard,2.0,4,AS8,Z,10.6,249
2024,Acura,Integra A-SPEC,Full-size,1.5,4,AV7,Z,7.4,172
2024,Acura,Integra A-SPEC,Full-size,1.5,4,M6,Z,7.8,181
2024,Acura,Integra Type S,Full-size,2.0,4,M6,Z,9.9,230
2024,Acura,MDX SH-AWD,Sport utility vehicle: Small,3.5,6,AS10,Z,11.2,263
2024,Acura,MDX SH-AWD Type S,Sport utility vehicle: Standard,3.0,6,AS10,Z,12.4,291
2024,Acura,RDX SH-AWD,Sport utility vehicle: Small,2.0,4,AS10,Z,9.9,232
2024,Acura,RDX SH-AWD A-SPEC,Sport utility vehicle: Small,2.0,4,AS10,Z,10.3,241
2024,Acura,TLX SH-AWD A-SPEC,Compact,2.0,4,AS10,Z,9.8,231
2024,Acura,TLX Type S (Performance Tire),Compact,3.0,6,AS10,Z,11.2,261
2024,Alfa Romeo,Giulia,Mid-size,2.0,4,A8,Z,8.7,205
2024,Alfa Romeo,Giulia AWD,Mid-size,2.0,4,A8,Z,9.2,217
2024,Alfa Romeo,Giulia Quadrifoglio,Mid-size,2.9,6,A8,Z,11.6,271
2024,Alfa Romeo,Stelvio,Sport utility vehicle: Small,2.0,4,A8,Z,9.3,218
2024,Alfa Romeo,Stelvio AWD,Sport utility vehicle: Small,2.0,4,A8,Z,9.6,226
2024,Alfa Romeo,Stelvio AWD Quadrifoglio,Sport utility vehicle: Small,2.9,6,A8,Z,12.3,288
2024,Alfa Romeo,Tonale AWD,Sport utility vehicle: Small,2.0,4,A9,X,9.8,231
2024,Aston Martin,DB12,Minicompact,4.0,8,A8,Z,13.5,316
2024,Aston Martin,DBS V12,Minicompact,5.2,12,A8,Z,13.8,324
2024,Aston Martin,DBX V8,Sport utility vehicle: Standard,4.0,8,A9,Z,14.6,343
2024,Aston Martin,DBX707,Sport utility vehicle: Standard,4.0,8,A9,Z,14.0,329
2024,Aston Martin,Valour,Two-seater,5.2,12,M6,Z,16.3,383
2024,Audi,A3 40 TFSI quattro,Subcompact,2.0,4,AM7,X,8.1,191
2024,Audi,A4 45 TFSI quattro,Compact,2.0,4,AM7,Z,8.8,208
2024,Audi,A4 allroad 45 TFSI quattro,Station wagon: Small,2.0,4,AM7,Z,9.2,215
2024,Audi,A5 Cabriolet 45 TFSI quattro,Subcompact,2.0,4,AM7,Z,8.6,202
2024,Audi,A5 Coup  45 TFSI quattro,Subcompact,2.0,4,AM7,Z,8.8,208
2024,Audi,A5 Sportback 45 TFSI quattro,Mid-size,2.0,4,AM7,Z,8.8,208
2024,Audi,A6 45 TFSI quattro,Mid-size,2.0,4,AM7,Z,9.0,210
2024,Audi,A6 55 TFSI quattro,Mid-size,3.0,6,AM7,Z,9.6,225
2024,Audi,A6 allroad 55 TFSI quattro,Station wagon: Mid-size,3.0,6,AM7,Z,9.6,225
2024,Audi,A7 Sportback 55 TFSI quattro,Mid-size,3.0,6,AM7,Z,9.6,225
2024,Audi,A8 L 55 TFSI quattro,Full-size,3.0,6,AS8,Z,10.6,249
2024,Audi,Q3 40 TFSI quattro,Sport utility vehicle: Small,2.0,4,AS8,X,9.5,224
2024,Audi,Q3 45 TFSI quattro,Sport utility vehicle: Small,2.0,4,AS8,X,10.2,239
2024,Audi,Q5 40 TFSI quattro,Sport utility vehicle: Small,2.0,4,AM7,Z,9.2,215
2024,Audi,Q5 45 TFSI quattro,Sport utility vehicle: Small,2.0,4,AM7,Z,9.9,230
2024,Audi,Q5 Sportback 45 TFSI quattro,Sport utility vehicle: Small,2.0,4,AM7,Z,9.9,230
2024,Audi,Q7 45 TFSI quattro,Sport utility vehicle: Standard,2.0,4,AS8,Z,11.0,258
2024,Audi,Q7 55 TFSI quattro,Sport utility vehicle: Standard,3.0,6,AS8,Z,11.4,268
2024,Audi,Q8 55 TFSI quattro,Sport utility vehicle: Standard,3.0,6,AS8,Z,12.1,285
2024,Audi,RS 5 Coup,Subcompact,2.9,6,AS8,Z,11.3,264
2024,Audi,RS 5 Sportback,Mid-size,2.9,6,AS8,Z,11.6,272
2024,Audi,RS 6 Avant performance,Station wagon: Mid-size,4.0,8,AS8,Z,14.2,335
2024,Audi,RS 7 Sportback performance,Mid-size,4.0,8,AS8,Z,14.2,335
2024,Audi,RS Q8,Sport utility vehicle: Standard,4.0,8,AS8,Z,15.3,357
2024,Audi,S3 quattro,Subcompact,2.0,4,AM7,Z,8.9,208
2024,Audi,S4 quattro,Compact,3.0,6,AS8,Z,9.7,228
2024,Audi,S5 Cabriolet quattro,Subcompact,3.0,6,AS8,Z,10.5,247
2024,Audi,S5 Coup  quattro,Subcompact,3.0,6,AS8,Z,9.7,228
2024,Audi,S5 Sportback quattro,Mid-size,3.0,6,AS8,Z,10.2,238
2024,Audi,S6 quattro,Mid-size,2.9,6,AS8,Z,10.7,252
2024,Audi,S7 quattro,Mid-size,2.9,6,AS8,Z,10.7,252
2024,Audi,S8 quattro,Full-size,4.0,8,AS8,Z,13.3,312
2024,Audi,SQ5 quattro,Sport utility vehicle: Small,3.0,6,AS8,Z,11.4,266
2024,Audi,SQ5 Sportback quattro,Sport utility vehicle: Small,3.0,6,AS8,Z,11.4,266
2024,Audi,SQ7 quattro,Sport utility vehicle: Standard,4.0,8,AS8,Z,13.9,326
2024,Audi,SQ8 quattro,Sport utility vehicle: Standard,4.0,8,AS8,Z,13.8,322
2024,Bentley,Bentayga,Sport utility vehicle: Standard,4.0,8,AS8,Z,14.6,343
2024,Bentley,Bentayga EWB,Sport utility vehicle: Standard,4.0,8,AS8,Z,14.6,343
2024,Bentley,Continental GT,Subcompact,4.0,8,AM8,Z,13.7,322
2024,Bentley,Continental GT,Subcompact,6.0,12,AM8,Z,15.7,367
2024,Bentley,Continental GT Convertible,Minicompact,4.0,8,AM8,Z,14.3,337
2024,Bentley,Continental GT Convertible,Minicompact,6.0,12,AM8,Z,16.6,388
2024,Bentley,Flying Spur,Mid-size,4.0,8,AM8,Z,14.2,333
2024,Bentley,Flying Spur,Mid-size,6.0,12,AM8,Z,16.2,378
2024,BMW,228i xDrive Gran Coupe,Compact,2.0,4,AS8,Z,8.8,205
2024,BMW,230i xDrive Coupe,Subcompact,2.0,4,AS8,Z,8.4,195
2024,BMW,330i xDrive Sedan,Compact,2.0,4,AS8,Z,8.6,200
2024,BMW,430i xDrive Cabriolet,Subcompact,2.0,4,AS8,Z,8.7,203
2024,BMW,430i xDrive Coupe,Subcompact,2.0,4,AS8,Z,8.7,203
2024,BMW,530i xDrive Sedan,Mid-size,2.0,4,AS8,Z,7.9,182
2024,BMW,760i xDrive Sedan,Full-size,4.4,8,AS8,Z,11.5,265
2024,BMW,ALPINA B8 Gran Coupe,Mid-size,4.4,8,AS8,Z,12.2,284
2024,BMW,ALPINA XB7,Sport utility vehicle: Standard,4.4,8,AS8,Z,13.6,314
2024,BMW,M2 Coupe,Subcompact,3.0,6,AS8,Z,12.7,294
2024,BMW,M2 Coupe,Subcompact,3.0,6,M6,Z,12.4,287
2024,BMW,M240i xDrive Coupe,Subcompact,3.0,6,AS8,Z,9.0,210
2024,BMW,M3 Sedan,Compact,3.0,6,M6,Z,12.6,293
2024,BMW,M3 Competition M xDrive Sedan,Compact,3.0,6,AS8,Z,12.7,296
2024,BMW,M3 CS Sedan,Compact,3.0,6,AS8,Z,13.2,305
2024,BMW,M340i xDrive Sedan,Compact,3.0,6,AS8,Z,9.1,212
2024,BMW,M4 Competition M xDrive Cabriolet,Subcompact,3.0,6,AS8,Z,12.9,301
2024,BMW,M4 Competition M xDrive Coupe,Subcompact,3.0,6,AS8,Z,12.7,296
2024,BMW,M4 Coupe,Subcompact,3.0,6,M6,Z,12.6,293
2024,BMW,M440i xDrive Cabriolet,Subcompact,3.0,6,AS8,Z,9.1,211
2024,BMW,M440i xDrive Coupe,Subcompact,3.0,6,AS8,Z,9.3,216
2024,BMW,M440i xDrive Gran Coupe,Compact,3.0,6,AS8,Z,9.4,218
2024,BMW,M8 Competition Cabriolet,Subcompact,4.4,8,AS8,Z,13.7,321
2024,BMW,M8 Competition Coupe,Subcompact,4.4,8,AS8,Z,13.7,321
2024,BMW,M8 Competition Gran Coupe,Mid-size,4.4,8,AS8,Z,13.7,321
2024,BMW,M850i xDrive Cabriolet,Subcompact,4.4,8,AS8,Z,12.2,284
2024,BMW,M850i xDrive Coupe,Subcompact,4.4,8,AS8,Z,12.2,284
2024,BMW,M850i xDrive Gran Coupe,Mid-size,4.4,8,AS8,Z,12.2,284
2024,BMW,X1 xDrive28i,Sport utility vehicle: Small,2.0,4,AM7,Z,8.4,195
2024,BMW,X1 M35i xDrive,Sport utility vehicle: Small,2.0,4,AM7,Z,9.0,208
2024,BMW,X2 xDrive28i,Sport utility vehicle: Small,2.0,4,AM7,Z,8.5,198
2024,BMW,X2 M35i xDrive,Sport utility vehicle: Small,2.0,4,AM7,Z,8.9,207
2024,BMW,X3 xDrive30i,Sport utility vehicle: Small,2.0,4,AS8,Z,9.9,229
2024,BMW,X3 M,Sport utility vehicle: Small,3.0,6,AS8,Z,13.9,323
2024,BMW,X3 M Competition,Sport utility vehicle: Small,3.0,6,AS8,Z,13.9,323
2024,BMW,X3 M40i,Sport utility vehicle: Small,3.0,6,AS8,Z,10.1,235
2024,BMW,X4 xDrive30i,Sport utility vehicle: Small,2.0,4,AS8,Z,9.9,229
2024,BMW,X4 M,Sport utility vehicle: Small,3.0,6,AS8,Z,13.9,323
2024,BMW,X4 M Competition,Sport utility vehicle: Small,3.0,6,AS8,Z,13.9,323
2024,BMW,X4 M40i,Sport utility vehicle: Small,3.0,6,AS8,Z,10.1,235
2024,BMW,X5 xDrive40i,Sport utility vehicle: Standard,3.0,6,AS8,Z,9.4,218
2024,BMW,X5 M Competition,Sport utility vehicle: Standard,4.4,8,AS8,Z,15.8,366
2024,BMW,X5 M60i,Sport utility vehicle: Standard,4.4,8,AS8,Z,12.3,285
2024,BMW,X6 xDrive40i,Sport utility vehicle: Standard,3.0,6,AS8,Z,9.6,223
2024,BMW,X6 M Competition,Sport utility vehicle: Standard,4.4,8,AS8,Z,15.8,366
2024,BMW,X6 M60i,Sport utility vehicle: Standard,4.4,8,AS8,Z,12.3,285
2024,BMW,X7 xDrive40i,Sport utility vehicle: Standard,3.0,6,AS8,Z,10.5,243
2024,BMW,X7 M60i,Sport utility vehicle: Standard,4.4,8,AS8,Z,12.9,299
2024,BMW,Z4 sDrive30i,Two-seater,2.0,4,AS8,Z,8.4,194
2024,BMW,Z4 M40i,Two-seater,3.0,6,AS8,Z,9.1,210
2024,Bugatti,Chiron Super Sport,Two-seater,8.0,16,AM7,Z,26.1,608
2024,Buick,Enclave AWD,Sport utility vehicle: Standard,3.6,6,A9,X,11.9,280
2024,Buick,Encore GX,Sport utility vehicle: Small,1.3,3,AV,X,7.8,183
2024,Buick,Encore GX AWD,Sport utility vehicle: Small,1.3,3,A9,X,8.8,207
2024,Buick,Envision AWD,Sport utility vehicle: Small,2.0,4,AS9,X,9.7,229
2024,Buick,Envista,Station wagon: Small,1.2,3,A6,X,7.9,185
2024,Cadillac,CT4,Compact,2.0,4,AS8,Z,9.1,214
2024,Cadillac,CT4,Compact,2.7,4,AS10,Z,9.5,221
2024,Cadillac,CT4 AWD,Compact,2.0,4,AS8,Z,9.5,223
2024,Cadillac,CT4 AWD,Compact,2.7,4,AS10,Z,9.9,231
2024,Cadillac,CT4-V,Compact,2.7,4,AS10,Z,10.2,236
2024,Cadillac,CT4-V,Compact,3.6,6,AS10,Z,12.6,297
2024,Cadillac,CT4-V,Compact,3.6,6,M6,Z,13.0,303
2024,Cadillac,CT4-V AWD,Compact,2.7,4,AS10,Z,10.4,244
2024,Cadillac,CT5,Mid-size,2.0,4,AS10,Z,8.8,207
2024,Cadillac,CT5,Mid-size,3.0,6,AS10,Z,10.8,252
2024,Cadillac,CT5 AWD,Mid-size,2.0,4,AS10,Z,9.5,224
2024,Cadillac,CT5 AWD,Mid-size,3.0,6,AS10,Z,11.3,265
2024,Cadillac,CT5-V,Mid-size,3.0,6,AS10,Z,11.2,263
2024,Cadillac,CT5-V,Mid-size,6.2,8,AS10,Z,14.8,347
2024,Cadillac,CT5-V,Mid-size,6.2,8,M6,Z,15.3,358
2024,Cadillac,CT5-V AWD,Mid-size,3.0,6,AS10,Z,11.3,265
2024,Cadillac,Escalade 4WD,Sport utility vehicle: Standard,3.0,6,A10,D,10.5,281
2024,Cadillac,Escalade 4WD,Sport utility vehicle: Standard,6.2,8,A10,Z,15.0,350
2024,Cadillac,Escalade-V AWD,Sport utility vehicle: Standard,6.2,8,AS10,Z,18.1,425
2024,Cadillac,XT4,Sport utility vehicle: Small,2.0,4,AS9,Z,9.1,214
2024,Cadillac,XT4 AWD,Sport utility vehicle: Small,2.0,4,AS9,Z,9.5,224
2024,Cadillac,XT5,Sport utility vehicle: Small,2.0,4,AS9,Z,9.7,228
2024,Cadillac,XT5 AWD,Sport utility vehicle: Small,2.0,4,AS9,Z,10.1,237
2024,Cadillac,XT5 AWD,Sport utility vehicle: Small,3.6,6,AS9,X,11.2,264
2024,Cadillac,XT6 AWD,Sport utility vehicle: Small,2.0,4,AS9,Z,10.2,239
2024,Cadillac,XT6 AWD,Sport utility vehicle: Small,3.6,6,AS9,X,11.5,269
2024,Chevrolet,Blazer AWD,Sport utility vehicle: Small,2.0,4,A9,X,9.9,229
2024,Chevrolet,Blazer AWD,Sport utility vehicle: Small,3.6,6,A9,X,11.2,262
2024,Chevrolet,Camaro,Subcompact,3.6,6,AS10,X,10.7,253
2024,Chevrolet,Camaro,Subcompact,3.6,6,M6,X,11.9,280
2024,Chevrolet,Camaro SS,Subcompact,6.2,8,AS10,Z,12.0,281
2024,Chevrolet,Camaro SS,Subcompact,6.2,8,M6,Z,12.6,297
2024,Chevrolet,Camaro ZL1,Subcompact,6.2,8,AS10,Z,15.1,355
2024,Chevrolet,Camaro ZL1,Subcompact,6.2,8,M6,Z,14.9,349
2024,Chevrolet,Colorado,Pickup truck: Small,2.7,4,A8,X,10.9,256
2024,Chevrolet,Colorado (Turbo Plus),Pickup truck: Small,2.7,4,A8,X,11.1,261
2024,Chevrolet,Colorado 4WD,Pickup truck: Small,2.7,4,A8,X,11.8,278
2024,Chevrolet,Colorado 4WD (Turbo Plus),Pickup truck: Small,2.7,4,A8,X,11.8,277
2024,Chevrolet,Colorado 4WD Mud Terrain Tire (Turbo Plus),Pickup truck: Small,2.7,4,A8,X,13.1,307
2024,Chevrolet,Colorado ZR2 4WD (Turbo Plus),Pickup truck: Small,2.7,4,A8,X,14.0,328
2024,Chevrolet,Colorado ZR2 Bison 4WD (Turbo Plus),Pickup truck: Small,2.7,4,A8,X,14.9,350
2024,Chevrolet,Corvette,Two-seater,6.2,8,AS8,Z,12.5,295
2024,Chevrolet,Corvette E-Ray,Two-seater,6.2,8,AS8,Z,12.7,298
2024,Chevrolet,Corvette Z06,Two-seater,5.5,8,AS8,Z,15.8,371
2024,Chevrolet,Corvette Z06 Carbon Aero,Two-seater,5.5,8,AS8,Z,16.7,392
2024,Chevrolet,Equinox,Sport utility vehicle: Small,1.5,4,A6,X,8.5,193
2024,Chevrolet,Equinox AWD,Sport utility vehicle: Small,1.5,4,A6,X,8.9,207
2024,Chevrolet,Malibu,Mid-size,1.5,4,AV,X,7.7,178
2024,Chevrolet,Silverado,Pickup truck: Standard,2.7,4,A8,X,12.0,281
2024,Chevrolet,Silverado (With Sport Mode),Pickup truck: Standard,2.7,4,A8,X,12.5,292
2024,Chevrolet,Silverado,Pickup truck: Standard,3.0,6,A10,D,9.2,247
2024,Chevrolet,Silverado,Pickup truck: Standard,5.3,8,A10,X,13.2,309
2024,Chevrolet,Silverado FFV,Pickup truck: Standard,5.3,8,A10,X,13.1,308
2024,Chevrolet,Silverado FFV,Pickup truck: Standard,5.3,8,A10,E,17.7,293
2024,Chevrolet,Silverado 4WD,Pickup truck: Standard,2.7,4,A8,X,12.3,289
2024,Chevrolet,Silverado 4WD (With Sport Mode),Pickup truck: Standard,2.7,4,A8,X,13.4,314
2024,Chevrolet,Silverado 4WD Mud Terrain Tire,Pickup truck: Standard,2.7,4,A8,X,14.4,337
2024,Chevrolet,Silverado 4WD Mud Terrain Tire (With Sport Mode),Pickup truck: Standard,2.7,4,A8,X,14.2,332
2024,Chevrolet,Silverado 4WD,Pickup truck: Standard,3.0,6,A10,D,10.4,280
2024,Chevrolet,Silverado 4WD (With Sport Mode),Pickup truck: Standard,3.0,6,A10,D,9.6,259
2024,Chevrolet,Silverado 4WD Mud Terrain Tire,Pickup truck: Standard,3.0,6,A10,D,10.9,293
2024,Chevrolet,Silverado 4WD,Pickup truck: Standard,5.3,8,A10,X,14.2,332
2024,Chevrolet,Silverado 4WD FFV,Pickup truck: Standard,5.3,8,A10,X,13.9,326
2024,Chevrolet,Silverado 4WD FFV,Pickup truck: Standard,5.3,8,A10,E,19.2,318
2024,Chevrolet,Silverado 4WD Mud Terrain Tire,Pickup truck: Standard,5.3,8,A10,X,14.6,342
2024,Chevrolet,Silverado 4WD Mud Terrain Tire FFV,Pickup truck: Standard,5.3,8,A10,X,13.9,326
2024,Chevrolet,Silverado 4WD Mud Terrain Tire FFV,Pickup truck: Standard,5.3,8,A10,E,19.2,318
2024,Chevrolet,Silverado 4WD,Pickup truck: Standard,6.2,8,A10,Z,13.9,327
2024,Chevrolet,Silverado 4WD Mud Terrain Tire,Pickup truck: Standard,6.2,8,A10,Z,15.7,367
2024,Chevrolet,Silverado 4WD ZR2,Pickup truck: Standard,3.0,6,A10,D,11.4,306
2024,Chevrolet,Silverado 4WD ZR2,Pickup truck: Standard,6.2,8,A10,Z,15.6,367
2024,Chevrolet,Suburban,Sport utility vehicle: Standard,3.0,6,A10,D,10.1,272
2024,Chevrolet,Suburban,Sport utility vehicle: Standard,5.3,8,A10,X,14.0,327
2024,Chevrolet,Suburban 4WD,Sport utility vehicle: Standard,3.0,6,A10,D,10.5,281
2024,Chevrolet,Suburban 4WD,Sport utility vehicle: Standard,5.3,8,A10,X,14.8,346
2024,Chevrolet,Suburban 4WD,Sport utility vehicle: Standard,6.2,8,A10,Z,15.0,350
2024,Chevrolet,Tahoe,Sport utility vehicle: Standard,3.0,6,A10,D,9.8,263
2024,Chevrolet,Tahoe,Sport utility vehicle: Standard,5.3,8,A10,X,14.0,327
2024,Chevrolet,Tahoe 4WD,Sport utility vehicle: Standard,3.0,6,A10,D,10.5,281
2024,Chevrolet,Tahoe 4WD,Sport utility vehicle: Standard,5.3,8,A10,X,14.0,327
2024,Chevrolet,Tahoe 4WD,Sport utility vehicle: Standard,6.2,8,A10,Z,15.0,350
2024,Chevrolet,Trailblazer,Sport utility vehicle: Small,1.2,3,AV,X,7.8,183
2024,Chevrolet,Trailblazer,Sport utility vehicle: Small,1.3,3,AV,X,7.7,181
2024,Chevrolet,Trailblazer AWD,Sport utility vehicle: Small,1.3,3,A9,X,8.6,204
2024,Chevrolet,Traverse AWD,Sport utility vehicle: Standard,2.5,4,A8,X,11.3,264
2024,Chevrolet,Traverse Limited AWD,Sport utility vehicle: Standard,3.6,6,A9,X,11.9,280
2024,Chevrolet,Trax,Station wagon: Small,1.2,3,A6,X,7.9,185
2024,Chrysler,Grand Caravan,Minivan,3.6,6,A9,X,10.6,249
2024,Chrysler,Pacifica,Minivan,3.6,6,A9,X,10.6,249
2024,Chrysler,Pacifica AWD,Minivan,3.6,6,A9,X,12.0,279
2024,Dodge,Durango AWD,Sport utility vehicle: Standard,3.6,6,A8,X,11.3,266
2024,Dodge,Durango AWD,Sport utility vehicle: Standard,5.7,8,A8,X,14.1,331
2024,Dodge,Durango AWD SRT,Sport utility vehicle: Standard,6.4,8,A8,Z,15.6,363
2024,Dodge,Durango AWD SRT Hellcat,Sport utility vehicle: Standard,6.2,8,A8,Z,17.4,410
2024,Dodge,Hornet AWD,Sport utility vehicle: Small,2.0,4,A9,X,9.9,231
2024,Ferrari,812 Competizione,Two-seater,6.5,12,AM7,Z,17.4,405
2024,Ferrari,812 Competizione A,Two-seater,6.5,12,AM7,Z,17.3,402
2024,Ferrari,Daytona SP3,Two-seater,6.5,12,AM7,Z,17.6,410
2024,Ferrari,Purosangue,Sport utility vehicle: Standard,6.5,12,AM8,Z,19.0,442
2024,Ferrari,Roma,Subcompact,3.9,8,AM8,Z,12.6,293
2024,Ferrari,Roma Spider,Minicompact,3.9,8,AM8,Z,12.4,290
2024,Ford,Bronco 4WD,Sport utility vehicle: Small,2.3,4,AS10,X,11.6,273
2024,Ford,Bronco 4WD,Sport utility vehicle: Small,2.3,4,M7,X,11.6,271
2024,Ford,Bronco 4WD,Sport utility vehicle: Small,2.7,6,AS10,X,11.9,281
2024,Ford,Bronco Badlands 4WD,Sport utility vehicle: Small,2.3,4,M7,X,14.0,329
2024,Ford,Bronco Badlands 4WD,Sport utility vehicle: Small,2.7,6,AS10,X,13.8,324
2024,Ford,Bronco Black Diamond 4WD,Sport utility vehicle: Small,2.3,4,AS10,X,13.1,308
2024,Ford,Bronco Black Diamond 4WD,Sport utility vehicle: Small,2.3,4,M7,X,14.0,328
2024,Ford,Bronco Black Diamond 4WD,Sport utility vehicle: Small,2.7,6,AS10,X,13.1,308
2024,Ford,Bronco Raptor 4WD,Sport utility vehicle: Standard,3.0,6,AS10,X,15.3,358
2024,Ford,Bronco Sasquatch 4WD,Sport utility vehicle: Small,2.3,4,AS10,X,13.4,315
2024,Ford,Bronco Sasquatch 4WD,Sport utility vehicle: Small,2.3,4,M7,X,14.0,328
2024,Ford,Bronco Sasquatch 4WD,Sport utility vehicle: Small,2.7,6,AS10,X,13.9,326
2024,Ford,Bronco Sport 4WD,Sport utility vehicle: Small,1.5,3,A8,X,9.0,211
2024,Ford,Bronco Sport 4WD,Sport utility vehicle: Small,2.0,4,AS8,X,10.2,240
2024,Ford,Edge AWD,Sport utility vehicle: Small,2.0,4,A8,X,10.0,236
2024,Ford,Edge AWD,Sport utility vehicle: Small,2.0,4,AS8,X,10.1,238
2024,Ford,Edge AWD,Sport utility vehicle: Small,2.7,6,AS8,X,11.1,260
2024,Ford,Escape,Sport utility vehicle: Small,1.5,3,A8,X,8.0,187
2024,Ford,Escape AWD,Sport utility vehicle: Small,1.5,3,A8,X,8.4,197
2024,Ford,Escape AWD,Sport utility vehicle: Small,2.0,4,A8,X,9.1,213
2024,Ford,Escape Hybrid,Sport utility vehicle: Small,2.5,4,AV,X,6.0,140
2024,Ford,Escape Hybrid AWD,Sport utility vehicle: Small,2.5,4,AV,X,6.0,140
2024,Ford,Expedition 4X4,Sport utility vehicle: Standard,3.5,6,AS10,X,12.9,304
2024,Ford,Expedition Timberline 4X4,Sport utility vehicle: Standard,3.5,6,AS10,X,13.5,318
2024,Ford,Explorer AWD,Sport utility vehicle: Standard,2.3,4,A10,X,10.3,241
2024,Ford,Explorer Timberline AWD,Sport utility vehicle: Standard,2.3,4,AS10,X,11.5,269
2024,Ford,Explorer AWD,Sport utility vehicle: Standard,3.0,6,A10,X,11.7,275
2024,Ford,Explorer AWD,Sport utility vehicle: Standard,3.0,6,AS10,X,11.8,277
2024,Ford,F-150,Pickup truck: Standard,2.7,6,AS10,X,11.3,266
2024,Ford,F-150,Pickup truck: Standard,3.5,6,AS10,X,12.0,282
2024,Ford,F-150,Pickup truck: Standard,5.0,8,AS10,X,12.5,293
2024,Ford,F-150 4X4,Pickup truck: Standard,2.7,6,AS10,X,11.8,278
2024,Ford,F-150 4X4,Pickup truck: Standard,3.5,6,AS10,X,12.3,289
2024,Ford,F-150 4X4,Pickup truck: Standard,5.0,8,AS10,X,12.8,300
2024,Ford,F-150 Raptor 4X4,Pickup truck: Standard,3.5,6,AS10,X,15.0,353
2024,Ford,F-150 Raptor R 4X4,Pickup truck: Standard,5.2,8,AS10,X,19.7,460
2024,Ford,F-150 Tremor 4X4,Pickup truck: Standard,3.5,6,AS10,X,12.9,303
2024,Ford,F-150 Tremor 4X4,Pickup truck: Standard,5.0,8,AS10,X,13.7,322
2024,Ford,F-150 Hybrid 4X4,Pickup truck: Standard,3.5,6,AS10,X,10.8,253
2024,Ford,Maverick AWD,Pickup truck: Small,2.0,4,A8,X,9.6,225
2024,Ford,Maverick Tremor AWD,Pickup truck: Small,2.0,4,A8,X,11.0,257
2024,Ford,Maverick Hybrid,Pickup truck: Small,2.5,4,AV,X,6.3,147
2024,Ford,Mustang,Subcompact,2.3,4,A10,X,9.2,214
2024,Ford,Mustang (Performance Pack),Subcompact,2.3,4,AS10,X,9.8,228
2024,Ford,Mustang,Subcompact,5.0,8,AS10,X,13.1,307
2024,Ford,Mustang (Stop-Start),Subcompact,5.0,8,AS10,X,12.6,296
2024,Ford,Mustang,Subcompact,5.0,8,M6,X,13.8,321
2024,Ford,Mustang (Stop-Start),Subcompact,5.0,8,M6,X,13.0,306
2024,Ford,Mustang Dark Horse,Subcompact,5.0,8,AS10,X,13.9,326
2024,Ford,Mustang Dark Horse,Subcompact,5.0,8,M6,X,14.2,333
2024,Ford,Ranger 4WD,Pickup truck: Standard,2.3,4,AS10,X,11.0,257
2024,Ford,Ranger 4WD,Pickup truck: Standard,2.7,6,AS10,X,11.5,270
2024,Ford,Ranger Raptor 4WD,Pickup truck: Standard,3.0,6,AS10,X,14.0,326
2024,Genesis,G70 AWD,Compact,2.5,4,AS8,Z,10.2,239
2024,Genesis,G70 AWD,Compact,3.3,6,AS8,Z,11.9,282
2024,Genesis,G80 AWD,Full-size,2.5,4,AS8,Z,9.5,225
2024,Genesis,G80 AWD,Full-size,3.5,6,AS8,Z,12.6,298
2024,Genesis,G90,Full-size,3.5,6,AS8,Z,11.8,274
2024,Genesis,GV70 AWD,Sport utility vehicle: Small,2.5,4,AS8,Z,10.5,247
2024,Genesis,GV70 AWD,Sport utility vehicle: Small,3.5,6,AS8,Z,11.6,275
2024,Genesis,GV80 AWD,Sport utility vehicle: Standard,2.5,4,AS8,Z,10.5,248
2024,Genesis,GV80 AWD,Sport utility vehicle: Standard,3.5,6,AS8,Z,11.8,279
2024,GMC,Acadia AWD,Sport utility vehicle: Standard,2.5,4,A8,X,11.3,264
2024,GMC,Canyon,Pickup truck: Small,2.7,4,A8,X,11.5,270
2024,GMC,Canyon 4WD,Pickup truck: Small,2.7,4,A8,X,12.2,286
2024,GMC,Canyon 4WD Mud Terrain Tire,Pickup truck: Small,2.7,4,A8,X,13.1,307
2024,GMC,Canyon AT4X 4WD,Pickup truck: Small,2.7,4,A8,X,14.0,328
2024,GMC,Canyon AT4X AEV 4WD,Pickup truck: Small,2.7,4,A8,X,14.9,350
2024,GMC,Sierra,Pickup truck: Standard,2.7,4,A8,X,12.0,281
2024,GMC,Sierra (With Sport Mode),Pickup truck: Standard,2.7,4,A8,X,12.5,292
2024,GMC,Sierra,Pickup truck: Standard,3.0,6,A10,D,9.2,248
2024,GMC,Sierra,Pickup truck: Standard,5.3,8,A10,X,13.4,314
2024,GMC,Sierra FFV,Pickup truck: Standard,5.3,8,A10,X,13.1,308
2024,GMC,Sierra FFV,Pickup truck: Standard,5.3,8,A10,E,17.7,293
2024,GMC,Sierra 4WD,Pickup truck: Standard,2.7,4,A8,X,12.9,302
2024,GMC,Sierra 4WD (With Sport Mode),Pickup truck: Standard,2.7,4,A8,X,13.6,319
2024,GMC,Sierra 4WD Mud Terrain Tire,Pickup truck: Standard,2.7,4,A8,X,14.4,337
2024,GMC,Sierra 4WD,Pickup truck: Standard,3.0,6,A10,D,9.6,259
2024,GMC,Sierra 4WD Mud Terrain Tire,Pickup truck: Standard,3.0,6,A10,D,10.9,293
2024,GMC,Sierra 4WD,Pickup truck: Standard,5.3,8,A10,X,14.1,331
2024,GMC,Sierra 4WD FFV,Pickup truck: Standard,5.3,8,A10,X,13.9,326
2024,GMC,Sierra 4WD FFV,Pickup truck: Standard,5.3,8,A10,E,19.2,318
2024,GMC,Sierra 4WD Mud Terrain Tire,Pickup truck: Standard,5.3,8,A10,X,14.8,346
2024,GMC,Sierra 4WD Mud Terrain Tire FFV,Pickup truck: Standard,5.3,8,A10,X,13.9,326
2024,GMC,Sierra 4WD Mud Terrain Tire FFV,Pickup truck: Standard,5.3,8,A10,E,19.2,318
2024,GMC,Sierra 4WD,Pickup truck: Standard,6.2,8,A10,Z,14.3,335
2024,GMC,Sierra 4WD Mud Terrain Tire,Pickup truck: Standard,6.2,8,A10,Z,15.7,367
2024,GMC,Sierra 4WD AT4X,Pickup truck: Standard,3.0,6,A10,D,12.1,326
2024,GMC,Sierra 4WD AT4X,Pickup truck: Standard,6.2,8,A10,Z,15.9,375
2024,GMC,Terrain,Sport utility vehicle: Small,1.5,4,A9,X,9.0,212
2024,GMC,Terrain AWD,Sport utility vehicle: Small,1.5,4,A9,X,9.3,219
2024,GMC,Yukon,Sport utility vehicle: Standard,3.0,6,A10,D,10.1,272
2024,GMC,Yukon,Sport utility vehicle: Standard,5.3,8,A10,X,14.0,327
2024,GMC,Yukon 4WD,Sport utility vehicle: Standard,3.0,6,A10,D,10.5,281
2024,GMC,Yukon 4WD,Sport utility vehicle: Standard,5.3,8,A10,X,14.0,327
2024,GMC,Yukon 4WD,Sport utility vehicle: Standard,6.2,8,A10,Z,15.0,350
2024,GMC,Yukon XL,Sport utility vehicle: Standard,3.0,6,A10,D,10.1,272
2024,GMC,Yukon XL,Sport utility vehicle: Standard,5.3,8,A10,X,14.0,327
2024,GMC,Yukon XL 4WD,Sport utility vehicle: Standard,3.0,6,A10,D,10.5,281
2024,GMC,Yukon XL 4WD,Sport utility vehicle: Standard,5.3,8,A10,X,14.8,346
2024,GMC,Yukon XL 4WD,Sport utility vehicle: Standard,6.2,8,A10,Z,15.0,350
2024,Honda,Accord,Full-size,1.5,4,AV,X,7.3,171
2024,Honda,Accord Hybrid Sport/Touring,Mid-size,2.0,4,AV,X,5.3,124
2024,Honda,Civic Hatchback,Full-size,1.5,4,AV7,X,7.1,166
2024,Honda,Civic Hatchback,Full-size,1.5,4,M6,X,7.5,175
2024,Honda,Civic Hatchback,Full-size,2.0,4,AV,X,7.2,167
2024,Honda,Civic Hatchback,Full-size,2.0,4,M6,X,8.0,186
2024,Honda,Civic Sedan,Mid-size,1.5,4,AV7,X,6.9,162
2024,Honda,Civic Sedan,Mid-size,2.0,4,AV,X,6.9,162
2024,Honda,Civic Sedan,Mid-size,2.0,4,AV7,X,7.1,165
2024,Honda,Civic Sedan Si,Mid-size,1.5,4,M6,Z,7.7,180
2024,Honda,Civic Type R,Full-size,2.0,4,M6,Z,9.7,224
2024,Honda,CR-V,Sport utility vehicle: Small,1.5,4,AV,X,7.8,181
2024,Honda,CR-V AWD,Sport utility vehicle: Small,1.5,4,AV,X,8.4,197
2024,Honda,CR-V Hybrid AWD,Sport utility vehicle: Small,2.0,4,AV,X,6.4,151
2024,Honda,HR-V,Station wagon: Small,2.0,4,AV,X,8.3,194
2024,Honda,HR-V AWD,Station wagon: Small,2.0,4,AV,X,8.7,203
2024,Honda,Odyssey,Minivan,3.5,6,AS10,X,10.6,248
2024,Honda,Passport AWD,Sport utility vehicle: Small,3.5,6,AS9,X,11.3,265
2024,Honda,Pilot AWD,Sport utility vehicle: Standard,3.5,6,AS10,X,11.0,258
2024,Honda,Pilot AWD Touring/Elite/Black,Sport utility vehicle: Standard,3.5,6,AS10,X,11.2,262
2024,Honda,Pilot AWD TrailSport,Sport utility vehicle: Standard,3.5,6,AS10,X,11.8,275
2024,Honda,Ridgeline AWD,Pickup truck: Standard,3.5,6,AS9,X,11.5,271
2024,Honda,Ridgeline AWD TrailSport,Pickup truck: Standard,3.5,6,AS9,X,11.6,273
2024,Hyundai,Elantra,Mid-size,1.6,4,AM7,X,7.6,179
2024,Hyundai,Elantra,Mid-size,2.0,4,AV1,X,6.8,160
2024,Hyundai,Elantra (Stop/Start),Mid-size,2.0,4,AV1,X,6.5,153
2024,Hyundai,Elantra N,Mid-size,2.0,4,AM8,Z,10.4,244
2024,Hyundai,Elantra N,Mid-size,2.0,4,M6,Z,9.7,227
2024,Hyundai,Elantra Hybrid,Mid-size,1.6,4,AM6,X,4.7,110
2024,Hyundai,Kona,Sport utility vehicle: Small,2.0,4,AV1,X,7.6,179
2024,Hyundai,Kona (Stop/Start),Sport utility vehicle: Small,2.0,4,AV1,X,7.5,177
2024,Hyundai,Kona AWD,Sport utility vehicle: Small,1.6,4,AS8,X,9.1,214
2024,Hyundai,Kona AWD,Sport utility vehicle: Small,2.0,4,AV1,X,8.6,201
2024,Hyundai,Kona AWD (Stop/Start),Sport utility vehicle: Small,2.0,4,AV1,X,8.5,198
2024,Hyundai,Palisade AWD,Sport utility vehicle: Small,3.8,6,AS8,X,11.1,261
2024,Hyundai,Santa Cruz AWD,Pickup truck: Small,2.5,4,AM8,X,10.6,251
2024,Hyundai,Santa Fe AWD,Sport utility vehicle: Small,2.5,4,AM8,X,10.6,249
2024,Hyundai,Santa Fe AWD XRT,Sport utility vehicle: Small,2.5,4,AM8,X,10.8,254
2024,Hyundai,Santa Fe Hybrid AWD,Sport utility vehicle: Small,1.6,4,AM6,X,6.9,161
2024,Hyundai,Sonata,Full-size,2.5,4,AM8,X,8.8,207
2024,Hyundai,Sonata,Full-size,2.5,4,AS8,X,8.2,193
2024,Hyundai,Sonata AWD,Full-size,2.5,4,AS8,X,8.6,203
2024,Hyundai,Sonata Hybrid,Full-size,2.0,4,AM6,X,5.0,117
2024,Hyundai,Tucson AWD,Sport utility vehicle: Small,2.5,4,AS8,X,9.1,213
2024,Hyundai,Tucson Hybrid,Sport utility vehicle: Small,1.6,4,AM6,X,6.4,152
2024,Hyundai,Venue,Sport utility vehicle: Small,1.6,4,AV1,X,7.5,177
2024,Infiniti,Q50 AWD,Mid-size,3.0,6,AS7,Z,10.8,254
2024,Infiniti,Q50 AWD Red Sport,Mid-size,3.0,6,AS7,Z,11.1,261
2024,Infiniti,QX50 AWD,Sport utility vehicle: Small,2.0,4,AV8,Z,9.7,228
2024,Infiniti,QX55 AWD,Sport utility vehicle: Small,2.0,4,AV8,Z,9.4,222
2024,Infiniti,QX60 AWD,Sport utility vehicle: Standard,3.5,6,AS9,Z,10.7,252
2024,Infiniti,QX80 4WD,Sport utility vehicle: Standard,5.6,8,AS7,Z,15.2,358
2024,Jaguar,E-PACE P250,Sport utility vehicle: Small,2.0,4,AS9,Z,10.4,247
2024,Jaguar,F-PACE P250,Sport utility vehicle: Small,2.0,4,AS8,Z,9.9,234
2024,Jaguar,F-PACE P400,Sport utility vehicle: Small,3.0,6,AS8,Z,11.1,261
2024,Jaguar,F-PACE P550 SVR,Sport utility vehicle: Small,5.0,8,AS8,Z,13.8,322
2024,Jaguar,F-TYPE P450 Convertible,Two-seater,5.0,8,AS8,Z,12.1,286
2024,Jaguar,F-TYPE P450 Convertible AWD,Two-seater,5.0,8,AS8,Z,12.7,299
2024,Jaguar,F-TYPE P450 Coupe,Two-seater,5.0,8,AS8,Z,12.1,286
2024,Jaguar,F-TYPE P450 Coupe AWD,Two-seater,5.0,8,AS8,Z,12.7,299
2024,Jaguar,F-TYPE P575 Convertible AWD,Two-seater,5.0,8,AS8,Z,12.7,299
2024,Jaguar,F-TYPE P575 Coupe AWD,Two-seater,5.0,8,AS8,Z,12.7,299
2024,Jaguar,XF P250,Mid-size,2.0,4,AS8,Z,9.1,215
2024,Jaguar,XF P300 AWD,Mid-size,2.0,4,AS8,Z,9.8,231
2024,Jeep,Compass 4X4,Sport utility vehicle: Small,2.0,4,A8,X,8.8,205
2024,Jeep,Gladiator 4X4,Pickup truck: Standard,3.6,6,A8,X,12.3,290
2024,Jeep,Gladiator 4X4,Pickup truck: Standard,3.6,6,M6,X,13.2,311
2024,Jeep,Grand Cherokee 4X4,Sport utility vehicle: Standard,3.6,6,A8,X,10.9,256
2024,Jeep,Grand Cherokee L 4X4,Sport utility vehicle: Standard,3.6,6,A8,X,11.3,266
2024,Jeep,Grand Cherokee L 4X4,Sport utility vehicle: Standard,5.7,8,A8,X,14.1,331
2024,Jeep,Grand Wagoneer 4X4 (High Output),Sport utility vehicle: Standard,3.0,6,A8,Z,14.3,334
2024,Jeep,Grand Wagoneer 4X4,Sport utility vehicle: Standard,6.4,8,A8,Z,16.0,374
2024,Jeep,Grand Wagoneer L 4X4 (High Output),Sport utility vehicle: Standard,3.0,6,A8,Z,14.3,334
2024,Jeep,Wagoneer 4X4,Sport utility vehicle: Standard,3.0,6,A8,X,12.5,293
2024,Jeep,Wagoneer L 4X4,Sport utility vehicle: Standard,3.0,6,A8,X,12.7,297
2024,Jeep,Wrangler JL 4X4,Sport utility vehicle: Small,2.0,4,A8,X,11.5,269
2024,Jeep,Wrangler JL 4X4,Sport utility vehicle: Small,3.6,6,A8,X,11.6,272
2024,Jeep,Wrangler JL 4X4 Rubicon,Sport utility vehicle: Small,3.6,6,A8,X,13.3,311
2024,Jeep,Wrangler JL 4X4,Sport utility vehicle: Small,3.6,6,M6,X,12.2,287
2024,Jeep,Wrangler JL Unlimited 4X4,Sport utility vehicle: Small,2.0,4,A8,X,11.7,271
2024,Jeep,Wrangler JL Unlimited 4X4,Sport utility vehicle: Small,3.6,6,A8,X,11.9,280
2024,Jeep,Wrangler JL Unlimited 4X4 Rubicon,Sport utility vehicle: Small,3.6,6,A8,X,13.7,322
2024,Jeep,Wrangler JL Unlimited 4X4,Sport utility vehicle: Small,3.6,6,M6,X,12.6,296
2024,Jeep,Wrangler JL Unlimited 4X4 392,Sport utility vehicle: Small,6.4,8,A8,Z,16.8,393
2024,Kia,Carnival,Minivan,3.5,6,AS8,X,10.7,253
2024,Kia,Forte,Mid-size,1.6,4,AM7,X,7.8,184
2024,Kia,Forte,Mid-size,2.0,4,AV,X,7.2,170
2024,Kia,Forte 5,Full-size,1.6,4,AM7,X,8.0,190
2024,Kia,Forte 5,Full-size,2.0,4,AV,X,7.7,182
2024,Kia,K5,Full-size,2.5,4,AM8,X,8.7,207
2024,Kia,K5 AWD,Full-size,1.6,4,AS8,X,8.3,196
2024,Kia,Niro,Sport utility vehicle: Small,1.6,4,AM6,X,4.8,112
2024,Kia,Niro FE,Sport utility vehicle: Small,1.6,4,AM6,X,4.4,104
2024,Kia,Seltos,Sport utility vehicle: Small,2.0,4,AV8,X,7.6,179
2024,Kia,Seltos AWD,Sport utility vehicle: Small,1.6,4,AS8,X,9.1,213
2024,Kia,Seltos AWD,Sport utility vehicle: Small,2.0,4,AV8,X,8.2,192
2024,Kia,Sorento AWD,Sport utility vehicle: Small,2.5,4,AM8,X,10.3,241
2024,Kia,Sorento AWD,Sport utility vehicle: Small,2.5,4,AS8,X,9.4,222
2024,Kia,Sorento Hybrid AWD,Sport utility vehicle: Small,1.6,4,AM6,X,6.8,160
2024,Kia,Soul,Station wagon: Small,2.0,4,AV,X,7.8,186
2024,Kia,Sportage,Sport utility vehicle: Small,2.5,4,AS8,X,8.3,195
2024,Kia,Sportage AWD,Sport utility vehicle: Small,2.5,4,AS8,X,9.5,222
2024,Kia,Sportage Hybrid AWD,Sport utility vehicle: Small,1.6,4,AM6,X,6.2,145
2024,Kia,Telluride AWD,Sport utility vehicle: Small,3.8,6,AS8,X,11.7,275
2024,Lamborghini,Hurac n EVO Spyder,Two-seater,5.2,10,AM7,Z,16.1,375
2024,Lamborghini,Hurac n Sterrato,Two-seater,5.2,10,AM7,Z,16.1,375
2024,Lamborghini,Hurac n STO,Two-seater,5.2,10,AM7,Z,15.9,370
2024,Lamborghini,Hurac n Tecnica,Two-seater,5.2,10,AM7,Z,15.9,370
2024,Lamborghini,Urus Performante,Mid-size,4.0,8,AS8,Z,14.8,345
2024,Lamborghini,Urus S,Sport utility vehicle: Standard,4.0,8,AS8,Z,14.8,345
2024,Land Rover,Defender 90 P300,Sport utility vehicle: Standard,2.0,4,AS8,Z,12.3,289
2024,Land Rover,Defender 90 P400,Sport utility vehicle: Standard,3.0,6,AS8,Z,12.0,281
2024,Land Rover,Defender 90 V8,Sport utility vehicle: Standard,5.0,8,AS8,Z,14.3,339
2024,Land Rover,Defender 110 P300,Sport utility vehicle: Standard,2.0,4,AS8,Z,12.6,294
2024,Land Rover,Defender 110 P400,Sport utility vehicle: Standard,3.0,6,AS8,Z,12.8,301
2024,Land Rover,Defender 110 V8 P500/P525,Sport utility vehicle: Standard,5.0,8,AS8,Z,14.7,350
2024,Land Rover,Defender 130 Outbound,Sport utility vehicle: Standard,3.0,6,AS8,Z,14.0,329
2024,Land Rover,Defender 130 P300,Sport utility vehicle: Standard,3.0,6,AS8,Z,12.9,304
2024,Land Rover,Defender 130 P400,Sport utility vehicle: Standard,3.0,6,AS8,Z,13.0,305
2024,Land Rover,Defender 130 V8 P500,Sport utility vehicle: Standard,5.0,8,AS8,Z,15.0,353
2024,Land Rover,Discovery P300,Sport utility vehicle: Standard,2.0,4,AS8,Z,11.1,262
2024,Land Rover,Discovery P360,Sport utility vehicle: Standard,3.0,6,AS8,Z,12.1,284
2024,Land Rover,Discovery Sport P250,Sport utility vehicle: Small,2.0,4,AS9,Z,11.5,271
2024,Land Rover,Range Rover P400,Sport utility vehicle: Standard,3.0,6,AS8,Z,11.7,276
2024,Land Rover,Range Rover P400 LWB,Sport utility vehicle: Standard,3.0,6,AS8,Z,11.7,276
2024,Land Rover,Range Rover P530,Sport utility vehicle: Standard,4.4,8,AS8,Z,12.6,296
2024,Land Rover,Range Rover P530 LWB,Sport utility vehicle: Standard,4.4,8,AS8,Z,13.2,311
2024,Land Rover,Range Rover SV P615,Sport utility vehicle: Standard,4.4,8,AS8,Z,13.2,311
2024,Land Rover,Range Rover SV P615 LWB,Sport utility vehicle: Standard,4.4,8,AS8,Z,13.2,311
2024,Land Rover,Range Rover Sport P360,Sport utility vehicle: Standard,3.0,6,AS8,Z,11.5,269
2024,Land Rover,Range Rover Sport P400,Sport utility vehicle: Standard,3.0,6,AS8,Z,11.1,262
2024,Land Rover,Range Rover Sport SV,Sport utility vehicle: Standard,4.4,8,AS8,Z,13.1,309
2024,Land Rover,Range Rover Evoque P250,Sport utility vehicle: Small,2.0,4,AS9,Z,10.5,247
2024,Land Rover,Range Rover Velar P250,Sport utility vehicle: Small,2.0,4,AS8,Z,10.0,237
2024,Land Rover,Range Rover Velar P340,Sport utility vehicle: Small,3.0,6,AS8,Z,10.7,253
2024,Land Rover,Range Rover Velar P400,Sport utility vehicle: Small,3.0,6,AS8,Z,11.1,261
2024,Lexus,ES 250 AWD,Mid-size,2.5,4,AS8,X,8.4,195
2024,Lexus,ES 300h,Mid-size,2.5,4,AV6,X,5.3,124
2024,Lexus,ES 350,Mid-size,3.5,6,AS8,X,9.2,214
2024,Lexus,ES 350 F SPORT,Mid-size,3.5,6,AS8,X,9.4,219
2024,Lexus,GX 550,Sport utility vehicle: Standard,3.4,6,AS10,Z,13.5,313
2024,Lexus,IS 300 AWD,Compact,3.5,6,AS6,Z,10.8,253
2024,Lexus,IS 350 AWD,Compact,3.5,6,AS6,Z,10.8,253
2024,Lexus,IS 500,Compact,5.0,8,AS8,Z,11.9,280
2024,Lexus,LC 500,Subcompact,5.0,8,AS10,Z,12.7,299
2024,Lexus,LC 500 Convertible,Minicompact,5.0,8,AS10,Z,13.0,304
2024,Lexus,LC 500h,Subcompact,3.5,6,AV10,Z,8.1,189
2024,Lexus,LS 500 AWD,Mid-size,3.4,6,AS10,Z,11.2,270
2024,Lexus,LS 500h AWD,Mid-size,3.5,6,AV10,Z,9.2,217
2024,Lexus,LX 600,Sport utility vehicle: Standard,3.4,6,AS10,Z,12.7,298
2024,Lexus,NX 250 AWD,Sport utility vehicle: Small,2.5,4,AS8,X,8.4,198
2024,Lexus,NX 350 AWD,Sport utility vehicle: Small,2.4,4,AS8,Z,9.8,228
2024,Lexus,NX 350 AWD F SPORT,Sport utility vehicle: Small,2.4,4,AS8,Z,9.7,230
2024,Lexus,NX 350h AWD,Sport utility vehicle: Small,2.5,4,AV6,Z,6.0,140
2024,Lexus,RC 300 AWD,Subcompact,3.5,6,AS6,Z,10.8,253
2024,Lexus,RC 350 AWD,Subcompact,3.5,6,AS6,Z,10.8,253
2024,Lexus,RC F,Subcompact,5.0,8,AS8,Z,12.2,285
2024,Lexus,RX 350 AWD,Sport utility vehicle: Small,2.4,4,AS8,Z,9.9,231
2024,Lexus,RX 350h AWD,Sport utility vehicle: Small,2.5,4,AV6,Z,6.5,151
2024,Lexus,RX 500h AWD,Sport utility vehicle: Small,2.4,4,AS6,Z,8.6,199
2024,Lexus,TX 350 AWD,Sport utility vehicle: Standard,2.4,4,AS8,Z,10.3,241
2024,Lexus,TX 500h AWD,Sport utility vehicle: Standard,2.4,4,AS6,Z,8.6,200
2024,Lexus,UX 250h AWD,Compact,2.0,4,AV6,X,6.0,140
2024,Lincoln,Aviator AWD,Sport utility vehicle: Standard,3.0,6,AS10,X,11.9,280
2024,Lincoln,Corsair AWD,Sport utility vehicle: Small,2.0,4,AS8,X,9.9,232
2024,Lincoln,Nautilus AWD,Sport utility vehicle: Small,2.0,4,A8,X,9.8,231
2024,Lincoln,Nautilus Hybrid AWD,Sport utility vehicle: Small,2.0,4,AV,X,7.7,180
2024,Lincoln,Navigator 4WD,Sport utility vehicle: Standard,3.5,6,AS10,X,13.2,310
2024,Maserati,Ghibli GT,Mid-size,3.0,6,A8,Z,11.6,271
2024,Maserati,Ghibli Modena,Mid-size,3.0,6,A8,Z,11.6,271
2024,Maserati,Ghibli Modena AWD,Mid-size,3.0,6,A8,Z,12.0,284
2024,Maserati,Ghibli Trofeo,Mid-size,3.8,8,A8,Z,14.9,348
2024,Maserati,Granturismo Modena,Subcompact,3.0,6,A8,Z,11.1,256
2024,Maserati,Granturismo Trofeo,Subcompact,3.0,6,A8,Z,11.1,256
2024,Maserati,Grecale GT,Sport utility vehicle: Small,2.0,4,A8,Z,9.4,218
2024,Maserati,Grecale Modena,Sport utility vehicle: Small,2.0,4,A8,Z,9.4,218
2024,Maserati,Grecale Trofeo,Sport utility vehicle: Small,3.0,6,A8,Z,11.6,268
2024,Maserati,Levante GT,Sport utility vehicle: Standard,3.0,6,A8,Z,13.2,308
2024,Maserati,Levante Modena,Sport utility vehicle: Standard,3.0,6,A8,Z,13.2,308
2024,Maserati,Levante Modena V8,Sport utility vehicle: Standard,3.8,8,A8,Z,15.0,349
2024,Maserati,Levante Trofeo,Sport utility vehicle: Standard,3.8,8,A8,Z,15.0,349
2024,Maserati,MC20,Two-seater,3.0,6,AS8,Z,12.8,295
2024,Maserati,MC20 Spyder,Two-seater,3.0,6,AS8,Z,12.8,299
2024,Maserati,Quattroporte GT,Full-size,3.0,6,A8,Z,12.1,281
2024,Maserati,Quattroporte Modena,Full-size,3.0,6,A8,Z,12.1,281
2024,Maserati,Quattroporte Modena AWD,Full-size,3.0,6,A8,Z,12.0,284
2024,Maserati,Quattroporte Trofeo,Full-size,3.8,8,A8,Z,14.9,348
2024,Mazda,CX-30 4WD,Sport utility vehicle: Small,2.5,4,AS6,X,8.2,192
2024,Mazda,CX-30 Turbo 4WD,Sport utility vehicle: Small,2.5,4,AS6,X,9.3,220
2024,Mazda,CX-5 4WD,Sport utility vehicle: Small,2.5,4,AS6,X,9.3,216
2024,Mazda,CX-5 4WD (Cylinder Deactivation),Sport utility vehicle: Small,2.5,4,AS6,X,8.5,199
2024,Mazda,CX-5 Turbo 4WD,Sport utility vehicle: Small,2.5,4,AS6,X,9.8,230
2024,Mazda,CX-50 4WD,Sport utility vehicle: Small,2.5,4,AS6,X,8.9,209
2024,Mazda,CX-50 Turbo 4WD,Sport utility vehicle: Small,2.5,4,AS6,X,9.4,221
2024,Mazda,CX-90 4WD,Sport utility vehicle: Standard,3.3,6,AS8,X,9.3,216
2024,Mazda,CX-90 4WD (High Power),Sport utility vehicle: Standard,3.3,6,AS8,Z,9.5,222
2024,Mazda,Mazda3 4-Door,Compact,2.5,4,AS6,X,7.5,175
2024,Mazda,Mazda3 4-Door 4WD,Compact,2.5,4,AS6,X,7.9,185
2024,Mazda,Mazda3 4-Door Turbo 4WD,Compact,2.5,4,AS6,X,8.8,207
2024,Mazda,Mazda3 5-Door,Mid-size,2.5,4,AS6,X,7.6,178
2024,Mazda,Mazda3 5-Door (SIL),Mid-size,2.5,4,M6,X,7.8,184
2024,Mazda,Mazda3 5-Door 4WD,Mid-size,2.5,4,AS6,X,8.1,191
2024,Mazda,Mazda3 5-Door Turbo 4WD,Mid-size,2.5,4,AS6,X,8.9,209
2024,Mazda,MX-5,Two-seater,2.0,4,AS6,Z,8.0,187
2024,Mazda,MX-5 (SIL),Two-seater,2.0,4,M6,Z,8.1,189
2024,Mercedes-Benz,AMG C 43 4MATIC Sedan,Compact,2.0,4,A9,Z,10.3,242
2024,Mercedes-Benz,AMG CLA 35 4MATIC Coupe,Compact,2.0,4,AM8,Z,9.6,225
2024,Mercedes-Benz,AMG CLA 45 S 4MATIC Coupe,Compact,2.0,4,AM8,Z,10.3,242
2024,Mercedes-Benz,AMG CLE 53 4MATIC+ Coupe,Subcompact,3.0,6,A9,Z,10.4,243
2024,Mercedes-Benz,AMG G 63 SUV,Sport utility vehicle: Standard,4.0,8,A9,Z,17.7,415
2024,Mercedes-Benz,AMG G 63 4x4 Squared SUV,Sport utility vehicle: Standard,4.0,8,A9,Z,21.7,508
2024,Mercedes-Benz,AMG GLA 35 4MATIC Coupe,Station wagon: Small,2.0,4,AM8,Z,9.9,230
2024,Mercedes-Benz,AMG GLB 35 4MATIC Coupe,Station wagon: Small,2.0,4,AM8,Z,10.4,238
2024,Mercedes-Benz,AMG GLC 43 4MATIC Coupe,Sport utility vehicle: Small,2.0,4,A9,Z,11.4,269
2024,Mercedes-Benz,AMG GLC 43 4MATIC+ SUV,Sport utility vehicle: Small,2.0,4,A9,Z,11.2,263
2024,Mercedes-Benz,AMG GLE 53 4MATIC+ SUV,Sport utility vehicle: Standard,3.0,6,A9,Z,11.7,273
2024,Mercedes-Benz,AMG GLE 53 4MATIC+ Coupe,Sport utility vehicle: Standard,3.0,6,A9,Z,11.6,273
2024,Mercedes-Benz,AMG GLE 63 S 4MATIC+ SUV,Sport utility vehicle: Standard,4.0,8,A9,Z,14.7,343
2024,Mercedes-Benz,AMG GLE 63 S 4MATIC+ Coupe,Sport utility vehicle: Standard,4.0,8,A9,Z,14.7,343
2024,Mercedes-Benz,AMG GLS 63 4MATIC+ SUV,Sport utility vehicle: Standard,4.0,8,A9,Z,15.2,357
2024,Mercedes-Benz,AMG GT 53 4MATIC+,Compact,3.0,6,A9,Z,11.2,262
2024,Mercedes-Benz,AMG GT 55 4MATIC+ Coupe,Subcompact,4.0,8,A9,Z,15.0,353
2024,Mercedes-Benz,AMG GT 63 4MATIC+,Compact,4.0,8,A9,Z,13.5,318
2024,Mercedes-Benz,AMG GT 63 4MATIC+ Coupe,Subcompact,4.0,8,A9,Z,15.0,353
2024,Mercedes-Benz,AMG SL 55 4MATIC+ Roadster,Minicompact,4.0,8,A9,Z,14.5,340
2024,Mercedes-Benz,AMG SL 63 4MATIC+ Roadster,Minicompact,4.0,8,A9,Z,14.5,340
2024,Mercedes-Benz,C 300 4MATIC Sedan,Compact,2.0,4,A9,Z,8.8,206
2024,Mercedes-Benz,CLA 250 4MATIC Coupe,Compact,2.0,4,AM8,Z,8.3,194
2024,Mercedes-Benz,CLE 300 4MATIC Cabriolet,Subcompact,2.0,4,A9,Z,8.9,209
2024,Mercedes-Benz,CLE 300 4MATIC Coupe,Subcompact,2.0,4,A9,Z,8.6,201
2024,Mercedes-Benz,E 350 4MATIC Sedan,Mid-size,2.0,4,A9,Z,8.6,203
2024,Mercedes-Benz,E 450 4MATIC Sedan,Mid-size,3.0,6,A9,Z,9.4,221
2024,Mercedes-Benz,G 550 SUV,Sport utility vehicle: Standard,4.0,8,A9,Z,16.3,383
2024,Mercedes-Benz,GLA 250 4MATIC SUV,Sport utility vehicle: Small,2.0,4,AM8,Z,8.6,202
2024,Mercedes-Benz,GLB 250 4MATIC SUV,Sport utility vehicle: Small,2.0,4,AM8,Z,8.7,205
2024,Mercedes-Benz,GLC 300 4MATIC SUV,Sport utility vehicle: Small,2.0,4,A9,Z,9.0,212
2024,Mercedes-Benz,GLC 300 4MATIC Coupe,Sport utility vehicle: Small,2.0,4,A9,Z,9.0,212
2024,Mercedes-Benz,GLE 350 4MATIC SUV,Sport utility vehicle: Standard,2.0,4,A9,Z,10.2,238
2024,Mercedes-Benz,GLE 450 4MATIC SUV,Sport utility vehicle: Standard,3.0,6,A9,Z,10.8,252
2024,Mercedes-Benz,GLE 450 4MATIC Coupe,Sport utility vehicle: Standard,3.0,6,A9,Z,10.8,252
2024,Mercedes-Benz,GLS 450 4MATIC SUV,Sport utility vehicle: Standard,3.0,6,A9,Z,11.3,266
2024,Mercedes-Benz,GLS 580 4MATIC SUV,Sport utility vehicle: Standard,4.0,8,A9,Z,14.6,344
2024,Mercedes-Benz,GLS 600 4MATIC Maybach SUV,Sport utility vehicle: Standard,4.0,8,A9,Z,15.6,364
2024,Mercedes-Benz,S 500 4MATIC Sedan,Full-size,3.0,6,A9,Z,9.7,226
2024,Mercedes-Benz,S 580 4MATIC Sedan,Full-size,4.0,8,A9,Z,11.0,260
2024,Mercedes-Benz,Maybach S 580 4MATIC Sedan,Full-size,4.0,8,A9,Z,11.3,266
2024,Mercedes-Benz,Maybach S 680 4MATIC Sedan,Full-size,6.0,12,A9,Z,16.1,379
2024,MINI,Cooper 3 Door,Subcompact,1.5,3,AM7,Z,7.3,170
2024,MINI,Cooper 3 Door,Subcompact,1.5,3,M6,Z,7.5,176
2024,MINI,Cooper 5 Door,Subcompact,1.5,3,AM7,Z,7.3,170
2024,MINI,Cooper 5 Door,Subcompact,1.5,3,M6,Z,7.5,176
2024,MINI,Cooper Convertible,Minicompact,1.5,3,AM7,Z,7.3,170
2024,MINI,Cooper Convertible,Minicompact,1.5,3,M6,Z,7.5,176
2024,MINI,Cooper Countryman ALL4,Mid-size,1.5,3,AS8,Z,9.0,209
2024,MINI,Cooper S 3 Door,Subcompact,2.0,4,AM7,Z,7.5,174
2024,MINI,Cooper S 3 Door,Subcompact,2.0,4,M6,Z,8.8,205
2024,MINI,Cooper S 5 Door,Subcompact,2.0,4,AM7,Z,7.5,174
2024,MINI,Cooper S 5 Door,Subcompact,2.0,4,M6,Z,8.8,205
2024,MINI,Cooper S Convertible,Minicompact,2.0,4,AM7,Z,7.8,182
2024,MINI,Cooper S Convertible,Minicompact,2.0,4,M6,Z,8.8,205
2024,MINI,Cooper S Countryman ALL4,Mid-size,2.0,4,AS8,Z,9.1,212
2024,MINI,John Cooper Works 3 Door,Subcompact,2.0,4,AS8,Z,8.0,186
2024,MINI,John Cooper Works 3 Door,Subcompact,2.0,4,M6,Z,9.2,215
2024,MINI,John Cooper Works Convertible,Minicompact,2.0,4,AS8,Z,8.5,197
2024,MINI,John Cooper Works Countryman ALL4,Mid-size,2.0,4,AS8,Z,9.0,210
2024,Mitsubishi,Eclipse Cross 4WD,Sport utility vehicle: Small,1.5,4,AV8,X,9.3,216
2024,Mitsubishi,Mirage,Compact,1.2,3,AV,X,6.2,143
2024,Mitsubishi,Outlander 4WD,Sport utility vehicle: Small,2.5,4,AV8,X,8.9,208
2024,Mitsubishi,RVR,Sport utility vehicle: Small,2.0,4,AV6,X,8.9,207
2024,Mitsubishi,RVR 4WD,Sport utility vehicle: Small,2.0,4,AV6,X,9.1,213
2024,Mitsubishi,RVR 4WD,Sport utility vehicle: Small,2.4,4,AV6,X,9.4,218
2024,Nissan,Altima AWD,Mid-size,2.5,4,AV,X,8.2,193
2024,Nissan,Altima AWD SR/Platinum,Mid-size,2.5,4,AV8,X,8.1,191
2024,Nissan,Armada 4WD,Sport utility vehicle: Standard,5.6,8,AS7,Z,15.4,363
2024,Nissan,Frontier,Pickup truck: Standard,3.8,6,AS9,X,11.1,260
2024,Nissan,Frontier 4WD,Pickup truck: Standard,3.8,6,AS9,X,12.0,281
2024,Nissan,Frontier 4WD PRO-4X,Pickup truck: Standard,3.8,6,AS9,X,12.4,291
2024,Nissan,GT-R,Subcompact,3.8,6,AM6,Z,12.8,300
2024,Nissan,Kicks,Mid-size,1.6,4,AV,X,7.2,169
2024,Nissan,Murano AWD,Station wagon: Mid-size,3.5,6,AV7,X,10.6,248
2024,Nissan,Pathfinder 4WD,Sport utility vehicle: Small,3.5,6,AS9,X,10.6,248
2024,Nissan,Pathfinder 4WD Rock Creek,Sport utility vehicle: Standard,3.5,6,AS9,Z,11.1,260
2024,Nissan,Rogue,Sport utility vehicle: Small,1.5,3,AV8,X,7.2,169
2024,Nissan,Rogue AWD,Sport utility vehicle: Small,1.5,3,AV8,X,7.6,179
2024,Nissan,Rogue AWD SL/Platinum,Sport utility vehicle: Small,1.5,3,AV8,X,7.7,181
2024,Nissan,Sentra,Mid-size,2.0,4,AV,X,6.7,157
2024,Nissan,Sentra SR,Mid-size,2.0,4,AV,X,6.8,161
2024,Nissan,Sentra,Mid-size,2.0,4,M6,X,8.0,189
2024,Nissan,Sentra SR,Mid-size,2.0,4,M6,X,8.2,194
2024,Nissan,Versa,Compact,1.6,4,AV,X,6.7,158
2024,Nissan,Versa,Compact,1.6,4,M5,X,7.7,181
2024,Nissan,Z,Two-seater,3.0,6,AS9,Z,10.6,250
2024,Nissan,Z,Two-seater,3.0,6,M6,Z,11.9,280
2024,Nissan,Z NISMO,Two-seater,3.0,6,AS9,Z,12.2,287
2024,Porsche,718 Boxster,Two-seater,2.0,4,AM7,Z,10.0,233
2024,Porsche,718 Boxster,Two-seater,2.0,4,M6,Z,10.9,254
2024,Porsche,718 Boxster S,Two-seater,2.5,4,AM7,Z,10.9,255
2024,Porsche,718 Boxster S,Two-seater,2.5,4,M6,Z,11.2,263
2024,Porsche,718 Boxster GTS 4.0,Two-seater,4.0,6,AM7,Z,11.1,260
2024,Porsche,718 Boxster GTS 4.0,Two-seater,4.0,6,M6,Z,12.2,284
2024,Porsche,718 Cayman,Two-seater,2.0,4,AM7,Z,10.0,233
2024,Porsche,718 Cayman,Two-seater,2.0,4,M6,Z,10.9,254
2024,Porsche,718 Cayman S,Two-seater,2.5,4,AM7,Z,10.9,255
2024,Porsche,718 Cayman S,Two-seater,2.5,4,M6,Z,11.2,263
2024,Porsche,718 Cayman GTS 4.0,Two-seater,4.0,6,AM7,Z,11.1,260
2024,Porsche,718 Cayman GTS 4.0,Two-seater,4.0,6,M6,Z,12.2,284
2024,Porsche,718 GT4 RS,Two-seater,4.0,6,AM7,Z,14.4,338
2024,Porsche,718 Spyder RS,Two-seater,4.0,6,AM7,Z,14.6,342
2024,Porsche,911 Carrera,Minicompact,3.0,6,AM8,Z,11.6,275
2024,Porsche,911 Carrera 4,Minicompact,3.0,6,AM8,Z,11.6,275
2024,Porsche,911 Carrera Cabriolet,Minicompact,3.0,6,AM8,Z,11.6,275
2024,Porsche,911 Carrera 4 Cabriolet,Minicompact,3.0,6,AM8,Z,11.6,275
2024,Porsche,911 Carrera T,Minicompact,3.0,6,AM8,Z,11.4,276
2024,Porsche,911 Carrera T,Minicompact,3.0,6,M7,Z,11.8,275
2024,Porsche,911 Carrera S,Minicompact,3.0,6,AM8,Z,11.7,274
2024,Porsche,911 Carrera S,Minicompact,3.0,6,M7,Z,11.3,264
2024,Porsche,911 Carrera 4S,Minicompact,3.0,6,AM8,Z,11.8,275
2024,Porsche,911 Carrera 4S,Minicompact,3.0,6,M7,Z,11.8,275
2024,Porsche,911 Carrera S Cabriolet,Minicompact,3.0,6,AM8,Z,11.7,273
2024,Porsche,911 Carrera S Cabriolet,Minicompact,3.0,6,M7,Z,11.8,275
2024,Porsche,911 Carrera 4S Cabriolet,Minicompact,3.0,6,AM8,Z,11.7,273
2024,Porsche,911 Carrera 4S Cabriolet,Minicompact,3.0,6,M7,Z,12.0,281
2024,Porsche,911 Carrera GTS,Minicompact,3.0,6,AM8,Z,12.1,289
2024,Porsche,911 Carrera GTS,Minicompact,3.0,6,M7,Z,11.9,276
2024,Porsche,911 Carrera 4 GTS,Minicompact,3.0,6,AM8,Z,12.1,288
2024,Porsche,911 Carrera 4 GTS,Minicompact,3.0,6,M7,Z,12.2,289
2024,Porsche,911 Carrera GTS Cabriolet,Minicompact,3.0,6,AM8,Z,12.2,289
2024,Porsche,911 Carrera GTS Cabriolet,Minicompact,3.0,6,M7,Z,11.9,278
2024,Porsche,911 Carrera 4 GTS Cabriolet,Minicompact,3.0,6,AM8,Z,12.3,288
2024,Porsche,911 Carrera 4 GTS Cabriolet,Minicompact,3.0,6,M7,Z,12.7,296
2024,Porsche,911 Dakar,Minicompact,3.0,6,AM8,Z,12.5,293
2024,Porsche,911 GT3,Two-seater,4.0,6,AM7,Z,15.1,355
2024,Porsche,911 GT3,Two-seater,4.0,6,M6,Z,15.3,356
2024,Porsche,911 GT3 RS,Two-seater,4.0,6,AM7,Z,15.1,354
2024,Porsche,911 GT3 Touring,Two-seater,4.0,6,AM7,Z,15.1,355
2024,Porsche,911 GT3 Touring,Two-seater,4.0,6,M6,Z,15.3,356
2024,Porsche,911 S/T,Two-seater,4.0,6,M6,Z,15.5,363
2024,Porsche,911 Targa 4,Minicompact,3.0,6,AM8,Z,11.6,275
2024,Porsche,911 Targa 4S,Minicompact,3.0,6,AM8,Z,11.8,274
2024,Porsche,911 Targa 4S,Minicompact,3.0,6,M7,Z,11.9,278
2024,Porsche,911 Targa 4 GTS,Minicompact,3.0,6,AM8,Z,12.3,286
2024,Porsche,911 Targa 4 GTS,Minicompact,3.0,6,M7,Z,12.7,296
2024,Porsche,911 Turbo,Minicompact,3.7,6,AM8,Z,14.2,332
2024,Porsche,911 Turbo Cabriolet,Minicompact,3.7,6,AM8,Z,14.5,339
2024,Porsche,911 Turbo S,Minicompact,3.7,6,AM8,Z,14.4,345
2024,Porsche,911 Turbo S Cabriolet,Minicompact,3.7,6,AM8,Z,14.5,341
2024,Porsche,Cayenne,Sport utility vehicle: Standard,3.0,6,AS8,Z,12.2,291
2024,Porsche,Cayenne Coupe,Sport utility vehicle: Standard,3.0,6,AS8,Z,12.2,291
2024,Porsche,Cayenne S,Sport utility vehicle: Standard,4.0,8,AS8,Z,13.5,324
2024,Porsche,Cayenne S Coupe,Sport utility vehicle: Standard,4.0,8,AS8,Z,13.6,324
2024,Porsche,Cayenne Turbo GT Coupe,Sport utility vehicle: Standard,4.0,8,AS8,Z,13.8,324
2024,Porsche,Macan,Sport utility vehicle: Small,2.0,4,AM7,Z,11.0,263
2024,Porsche,Macan T,Sport utility vehicle: Small,2.0,4,AM7,Z,11.0,259
2024,Porsche,Macan S,Sport utility vehicle: Small,2.9,6,AM7,Z,12.2,289
2024,Porsche,Macan GTS,Sport utility vehicle: Small,2.9,6,AM7,Z,12.2,290
2024,Porsche,Panamera 4,Full-size,2.9,6,AM8,Z,10.9,258
2024,Ram,1500 eTorque,Pickup truck: Standard,3.6,6,A8,X,10.8,253
2024,Ram,1500 eTorque,Pickup truck: Standard,5.7,8,A8,X,11.7,275
2024,Ram,1500 4X4 eTorque,Pickup truck: Standard,3.6,6,A8,X,11.0,259
2024,Ram,1500 4X4 eTorque,Pickup truck: Standard,5.7,8,A8,X,12.1,284
2024,Ram,1500 4X4 TRX,Pickup truck: Standard,6.2,8,A8,Z,19.8,465
2024,Ram,1500 Classic,Pickup truck: Standard,3.6,6,A8,X,11.9,280
2024,Ram,1500 Classic,Pickup truck: Standard,5.7,8,A8,X,13.8,325
2024,Ram,1500 Classic 4X4,Pickup truck: Standard,3.6,6,A8,X,12.5,294
2024,Ram,1500 Classic 4X4,Pickup truck: Standard,5.7,8,A8,X,14.1,330
2024,Rolls-Royce,Cullinan,Station wagon: Mid-size,6.7,12,AS8,Z,16.7,390
2024,Rolls-Royce,Cullinan Black Badge,Station wagon: Mid-size,6.7,12,AS8,Z,16.7,390
2024,Rolls-Royce,Ghost,Full-size,6.7,12,AS8,Z,16.7,388
2024,Rolls-Royce,Ghost Black Badge,Full-size,6.7,12,AS8,Z,16.7,388
2024,Rolls-Royce,Ghost Extended,Full-size,6.7,12,AS8,Z,16.7,388
2024,Rolls-Royce,Phantom,Full-size,6.7,12,AS8,Z,17.0,397
2024,Rolls-Royce,Phantom Extended,Full-size,6.7,12,AS8,Z,17.0,397
2024,Subaru,Ascent AWD,Sport utility vehicle: Standard,2.4,4,AV8,X,11.0,256
2024,Subaru,BRZ,Minicompact,2.4,4,AS6,Z,9.5,224
2024,Subaru,BRZ,Minicompact,2.4,4,M6,Z,10.5,247
2024,Subaru,Crosstrek AWD,Sport utility vehicle: Small,2.0,4,AV8,X,8.0,188
2024,Subaru,Crosstrek AWD,Sport utility vehicle: Small,2.5,4,AV8,X,8.1,190
2024,Subaru,Crosstrek Wilderness AWD,Sport utility vehicle: Small,2.5,4,AV8,X,8.8,206
2024,Subaru,Forester AWD,Sport utility vehicle: Small,2.5,4,AV8,X,8.2,192
2024,Subaru,Forester Wilderness AWD,Sport utility vehicle: Small,2.5,4,AV8,X,9.0,210
2024,Subaru,Impreza AWD,Station wagon: Small,2.0,4,AV8,X,8.0,185
2024,Subaru,Impreza AWD,Station wagon: Small,2.5,4,AV8,X,8.2,190
2024,Subaru,Legacy AWD,Mid-size,2.4,4,AV8,X,9.0,209
2024,Subaru,Outback AWD,Sport utility vehicle: Small,2.4,4,AV8,X,9.5,221
2024,Subaru,Outback AWD,Sport utility vehicle: Small,2.5,4,AV8,X,8.3,195
2024,Subaru,Outback Wilderness AWD,Sport utility vehicle: Small,2.4,4,AV8,X,10.1,235
2024,Subaru,WRX AWD,Mid-size,2.4,4,AV8,Z,11.2,262
2024,Subaru,WRX AWD,Mid-size,2.4,4,M6,Z,10.8,254
2024,Toyota,4Runner 4WD,Sport utility vehicle: Standard,4.0,6,AS5,X,13.8,323
2024,Toyota,4Runner 4WD (Part-Time 4WD),Sport utility vehicle: Standard,4.0,6,AS5,X,13.8,320
2024,Toyota,Camry SE,Mid-size,2.5,4,AS8,X,7.4,174
2024,Toyota,Camry XSE V6/TRD,Mid-size,3.5,6,AS8,X,9.2,215
2024,Toyota,Camry AWD SE,Mid-size,2.5,4,AS8,X,8.2,192
2024,Toyota,Camry AWD XSE,Mid-size,2.5,4,AS8,X,8.4,195
2024,Toyota,Camry Hybrid LE,Mid-size,2.5,4,AV6,X,4.9,113
2024,Toyota,Camry Hybrid SE/XLE/XSE,Mid-size,2.5,4,AV6,X,5.1,121
2024,Toyota,Corolla (1-mode),Compact,2.0,4,AV10,X,6.7,158
2024,Toyota,Corolla (3-mode),Compact,2.0,4,AV10,X,6.8,160
2024,Toyota,Corolla Hatchback,Compact,2.0,4,AV10,X,6.8,159
2024,Toyota,Corolla Hybrid,Compact,1.8,4,AV,X,4.7,110
2024,Toyota,Corolla Hybrid AWD (2-mode),Compact,1.8,4,AV,X,4.9,115
2024,Toyota,Corolla Hybrid AWD (3-mode),Compact,1.8,4,AV,X,5.3,124
2024,Toyota,Corolla Cross,Sport utility vehicle: Small,2.0,4,AV10,X,7.4,172
2024,Toyota,Corolla Cross AWD,Sport utility vehicle: Small,2.0,4,AV10,X,7.8,183
2024,Toyota,Corolla Cross Hybrid AWD,Sport utility vehicle: Small,2.0,4,AV6,X,5.6,130
2024,Toyota,Crown AWD,Mid-size,2.4,4,AS6,X,7.8,182
2024,Toyota,Crown AWD,Mid-size,2.5,4,AV,X,5.7,133
2024,Toyota,GR Corolla,Subcompact,1.6,3,M6,Z,9.8,229
2024,Toyota,GR Supra 2.0,Two-seater,2.0,4,AS8,Z,8.6,200
2024,Toyota,GR Supra 3.0,Two-seater,3.0,6,AS8,Z,9.1,212
2024,Toyota,GR Supra 3.0,Two-seater,3.0,6,M6,Z,10.9,255
2024,Toyota,GR86,Minicompact,2.4,4,AS6,Z,9.7,227
2024,Toyota,GR86,Minicompact,2.4,4,M6,Z,10.6,249
2024,Toyota,Grand Highlander AWD Limited,Sport utility vehicle: Standard,2.4,4,AS8,X,10.7,249
2024,Toyota,Grand Highlander AWD XLE,Sport utility vehicle: Standard,2.4,4,AS8,X,10.0,236
2024,Toyota,Grand Highlander Hybrid AWD Limited,Sport utility vehicle: Standard,2.5,4,AV6,X,7.0,161
2024,Toyota,Grand Highlander Hybrid AWD XLE,Sport utility vehicle: Standard,2.5,4,AV6,X,7.0,161
2024,Toyota,Grand Highlander Platinum Hybrid MAX AWD,Sport utility vehicle: Standard,2.4,4,AS6,X,8.8,206
2024,Toyota,Highlander AWD,Sport utility vehicle: Small,2.4,4,AS8,X,9.9,232
2024,Toyota,Highlander Hybrid AWD,Sport utility vehicle: Standard,2.5,4,AV,X,6.7,158
2024,Toyota,Highlander Hybrid AWD Limited/Platinum,Sport utility vehicle: Standard,2.5,4,AV,X,6.7,156
2024,Toyota,Land Cruiser,Sport utility vehicle: Standard,2.4,4,AS8,Z,10.1,236
2024,Toyota,Prius AWD,Mid-size,2.0,4,AV,X,4.8,111
2024,Toyota,RAV4 AWD,Sport utility vehicle: Small,2.5,4,AS8,X,8.5,199
2024,Toyota,RAV4 AWD (Stop/Start),Sport utility vehicle: Small,2.5,4,AS8,X,8.0,187
2024,Toyota,RAV4 AWD LE,Sport utility vehicle: Small,2.5,4,AS8,X,7.9,184
2024,Toyota,RAV4 Hybrid AWD,Sport utility vehicle: Small,2.5,4,AV,X,6.0,139
2024,Toyota,RAV4 Hybrid AWD Woodland Edition,Sport utility vehicle: Small,2.5,4,AV,X,6.4,149
2024,Toyota,Sequoia 4WD,Sport utility vehicle: Standard,3.4,6,AS10,X,11.7,273
2024,Toyota,Sienna,Minivan,2.5,4,AV,X,6.6,153
2024,Toyota,Sienna AWD,Minivan,2.5,4,AV,X,6.7,158
2024,Toyota,Tacoma 4WD (2-mode),Pickup truck: Small,2.4,4,AS8,X,11.2,264
2024,Toyota,Tacoma 4WD (3-mode),Pickup truck: Small,2.4,4,AS8,X,11.4,269
2024,Toyota,Tacoma 4WD,Pickup truck: Small,2.4,4,M6,X,11.9,279
2024,Toyota,Tacoma Hybrid 4WD,Pickup truck: Standard,2.4,4,AS8,X,10.3,241
2024,Toyota,Tacoma Hybrid 4WD Limited,Pickup truck: Standard,2.4,4,AS8,X,10.0,235
2024,Toyota,Tundra,Pickup truck: Standard,3.4,6,AS10,X,12.0,283
2024,Toyota,Tundra 4WD,Pickup truck: Standard,3.4,6,AS10,X,12.4,291
2024,Toyota,Tundra 4WD TRD,Pickup truck: Standard,3.4,6,AS10,X,12.2,286
2024,Toyota,Tundra Hybrid 4WD,Pickup truck: Standard,3.4,6,AS10,X,11.7,274
2024,Toyota,Tundra Hybrid 4WD TRD PRO,Pickup truck: Standard,3.4,6,AS10,X,12.3,287
2024,Toyota,Venza AWD,Sport utility vehicle: Small,2.5,4,AV,X,6.1,141
2024,Volkswagen,Atlas 4MOTION Comfortline,Sport utility vehicle: Small,2.0,4,AS8,X,10.8,253
2024,Volkswagen,Atlas 4MOTION Highline/Execline,Sport utility vehicle: Small,2.0,4,AS8,X,11.2,262
2024,Volkswagen,Atlas 4MOTION Peak Edition,Sport utility vehicle: Small,2.0,4,AS8,X,11.5,270
2024,Volkswagen,Atlas Cross Sport 4MOTION,Sport utility vehicle: Small,2.0,4,AS8,X,10.8,253
2024,Volkswagen,Golf GTI,Compact,2.0,4,AM7,X,8.8,205
2024,Volkswagen,Golf GTI,Compact,2.0,4,M6,X,8.7,203
2024,Volkswagen,Golf R,Compact,2.0,4,AM7,Z,9.3,217
2024,Volkswagen,Golf R,Compact,2.0,4,M6,Z,10.2,237
2024,Volkswagen,Jetta,Compact,1.5,4,AS8,X,6.9,162
2024,Volkswagen,Jetta Comfortline/Highline,Compact,1.5,4,AS8,X,7.1,168
2024,Volkswagen,Jetta,Compact,1.5,4,M6,X,7.0,165
2024,Volkswagen,Jetta GLI,Compact,2.0,4,AM7,X,7.9,185
2024,Volkswagen,Jetta GLI,Compact,2.0,4,M6,X,8.4,198
2024,Volkswagen,Taos,Sport utility vehicle: Small,1.5,4,AS8,X,7.5,178
2024,Volkswagen,Taos 4MOTION,Sport utility vehicle: Small,1.5,4,AM7,X,8.8,208
2024,Volkswagen,Tiguan 4MOTION,Sport utility vehicle: Small,2.0,4,AS8,X,9.4,222
2024,Volkswagen,Tiguan R-Line 4MOTION,Sport utility vehicle: Small,2.0,4,AS8,X,9.7,228
2024,Volvo,S60 B5 AWD,Compact,2.0,4,AS8,Z,8.4,196
2024,Volvo,S90 B6 AWD,Mid-size,2.0,4,AS8,Z,9.2,216
2024,Volvo,V60 CC B5 AWD,Station wagon: Small,2.0,4,AS8,Z,8.9,207
2024,Volvo,V90 CC B6 AWD,Station wagon: Mid-size,2.0,4,AS8,Z,9.5,223
2024,Volvo,XC40 B5 AWD,Sport utility vehicle: Small,2.0,4,AS8,Z,9.0,210
2024,Volvo,XC60 B5 AWD,Sport utility vehicle: Small,2.0,4,AS8,Z,9.6,226
2024,Volvo,XC90 B6 AWD,Sport utility vehicle: Standard,2.0,4,AS8,Z,9.8,230
