Model year,Make,Vehicle class,Engine size (L),Cylinders,Fuel type,Combined (L/100 km),CO2 emissions (g/km),Transmission type,Gears
2015,Acura,Compact,2.0,4,Z,8.3,191,AS,5
2015,Acura,Compact,2.4,4,Z,9.3,214,M,6
2015,Acura,Compact,1.5,4,Z,6.1,140,AV,7
2015,Acura,Sport utility vehicle: Small,3.5,6,Z,11.1,255,AS,6
2015,Acura,Sport utility vehicle: Small,3.5,6,Z,10.6,244,AS,6
2015,Acura,Mid-size,3.5,6,Z,10.0,230,AS,6
2015,Acura,Mid-size,3.5,6,Z,7.7,177,AM,7
2015,Acura,Compact,2.4,4,Z,8.3,191,AM,8
2015,Acura,Compact,3.5,6,Z,9.2,212,AS,9
2015,Acura,Compact,3.5,6,Z,9.6,221,AS,9
2015,Alfa Romeo,Two-seater,1.8,4,Z,8.4,193,AM,6
2015,Aston Martin,Minicompact,5.9,12,Z,15.6,359,A,6
2015,Aston Martin,Subcompact,6.0,12,Z,14.2,327,A,8
2015,Aston Martin,Two-seater,4.7,8,Z,14.7,338,AM,7
2015,Aston Martin,Two-seater,4.7,8,Z,15.5,356,M,6
2015,Aston Martin,Two-seater,4.7,8,Z,14.7,338,AM,7
2015,Aston Martin,Two-seater,4.7,8,Z,15.5,356,M,6
2015,Aston Martin,Two-seater,6.0,12,Z,16.5,379,AM,7
2015,Aston Martin,Two-seater,4.7,8,Z,14.7,338,AM,7
2015,Aston Martin,Two-seater,4.7,8,Z,15.5,356,M,6
2015,Aston Martin,Minicompact,6.0,12,Z,14.8,340,A,8
2015,Audi,Subcompact,1.8,4,Z,8.7,200,AM,6
2015,Audi,Subcompact,2.0,4,D,6.5,177,AM,6
2015,Audi,Subcompact,2.0,4,Z,8.6,198,AM,6
2015,Audi,Subcompact,2.0,4,Z,8.9,205,AM,6
2015,Audi,Compact,2.0,4,Z,8.9,205,AV,8
2015,Audi,Compact,2.0,4,Z,9.6,221,AS,8
2015,Audi,Compact,2.0,4,Z,9.1,209,M,6
2015,Audi,Station wagon: Small,2.0,4,Z,9.9,228,AS,8
2015,Audi,Subcompact,2.0,4,Z,9.6,221,AS,8
2015,Audi,Subcompact,2.0,4,Z,9.1,209,M,6
2015,Audi,Subcompact,2.0,4,Z,9.8,225,AS,8
2015,Audi,Mid-size,2.0,4,Z,10.3,237,AS,8
2015,Audi,Mid-size,3.0,6,Z,10.9,251,AS,8
2015,Audi,Mid-size,3.0,6,D,8.1,217,AS,8
2015,Audi,Mid-size,3.0,6,Z,11.0,253,AS,8
2015,Audi,Mid-size,3.0,6,D,8.1,217,AS,8
2015,Audi,Mid-size,3.0,6,Z,10.5,242,AS,8
2015,Audi,Mid-size,3.0,6,D,8.4,224,AS,8
2015,Audi,Mid-size,4.0,8,Z,10.7,246,AS,8
2015,Audi,Full-size,3.0,6,Z,10.5,242,AS,8
2015,Audi,Full-size,3.0,6,D,8.4,224,AS,8
2015,Audi,Full-size,4.0,8,Z,11.0,258,AS,8
2015,Audi,Full-size,6.3,12,Z,14.6,344,AS,8
2015,Audi,Compact,2.0,4,Z,10.3,237,AS,6
2015,Audi,Compact,2.0,4,Z,10.3,237,AS,6
2015,Audi,Sport utility vehicle: Small,2.0,4,Z,10.4,239,AS,8
2015,Audi,Sport utility vehicle: Small,3.0,6,Z,11.4,262,AS,8
2015,Audi,Sport utility vehicle: Small,3.0,6,D,9.0,244,AS,8
2015,Audi,Sport utility vehicle: Small,2.0,4,Z,8.9,205,AS,8
2015,Audi,Sport utility vehicle: Standard,3.0,6,Z,13.3,306,AS,8
2015,Audi,Sport utility vehicle: Standard,3.0,6,D,10.7,290,AS,8
2015,Audi,Two-seater,4.2,8,Z,14.2,327,AM,7
2015,Audi,Two-seater,4.2,8,Z,16.6,382,M,6
2015,Audi,Two-seater,5.2,10,Z,14.8,347,AM,7
2015,Audi,Two-seater,5.2,10,Z,16.4,377,M,6
2015,Audi,Two-seater,4.2,8,Z,14.2,327,AM,7
2015,Audi,Two-seater,4.2,8,Z,16.6,382,M,6
2015,Audi,Two-seater,5.2,10,Z,14.8,347,AM,7
2015,Audi,Two-seater,5.2,10,Z,16.4,377,M,6
2015,Audi,Subcompact,4.2,8,Z,12.8,294,AM,7
2015,Audi,Subcompact,4.2,8,Z,12.9,297,AM,7
2015,Audi,Mid-size,4.0,8,Z,13.3,313,AS,8
2015,Audi,Subcompact,2.0,4,Z,9.0,207,AM,6
2015,Audi,Compact,3.0,6,Z,11.0,253,AM,7
2015,Audi,Compact,3.0,6,Z,11.7,269,M,6
2015,Audi,Subcompact,3.0,6,Z,11.0,253,AM,7
2015,Audi,Subcompact,3.0,6,Z,11.7,269,M,6
2015,Audi,Subcompact,3.0,6,Z,11.4,262,AM,7
2015,Audi,Mid-size,4.0,8,Z,11.7,269,AM,7
2015,Audi,Mid-size,4.0,8,Z,11.7,269,AM,7
2015,Audi,Mid-size,4.0,8,Z,11.9,281,AS,8
2015,Audi,Sport utility vehicle: Small,3.0,6,Z,12.2,281,AS,8
2015,Audi,Subcompact,2.0,4,Z,9.1,209,AM,6
2015,Audi,Two-seater,2.0,4,Z,9.2,212,AM,6
2015,Audi,Subcompact,2.0,4,Z,10.2,235,AM,6
2015,Audi,Two-seater,2.0,4,Z,10.2,235,AM,6
2015,Bentley,Compact,4.0,8,Z,13.1,307,AS,8
2015,Bentley,Compact,6.0,12,Z,15.4,354,AS,8
2015,Bentley,Subcompact,4.0,8,Z,14.4,337,AS,8
2015,Bentley,Subcompact,6.0,12,Z,16.0,368,AS,8
2015,Bentley,Two-seater,4.0,8,Z,14.2,327,AS,8
2015,Bentley,Mid-size,4.0,8,Z,14.2,334,AS,8
2015,Bentley,Mid-size,6.0,12,Z,16.5,388,AS,8
2015,Bentley,Mid-size,6.8,8,Z,18.2,419,AS,8
2015,BMW,Subcompact,2.0,4,Z,8.9,205,AS,8
2015,BMW,Subcompact,2.0,4,Z,9.1,209,AS,8
2015,BMW,Subcompact,2.0,4,Z,8.4,193,AS,8
2015,BMW,Subcompact,2.0,4,Z,9.0,207,M,6
2015,BMW,Subcompact,2.0,4,Z,8.7,200,AS,8
2015,BMW,Compact,2.0,4,Z,8.4,193,AS,8
2015,BMW,Compact,2.0,4,Z,9.0,207,M,6
2015,BMW,Compact,2.0,4,Z,8.7,200,AS,8
2015,BMW,Compact,2.0,4,D,6.7,181,AS,8
2015,BMW,Station wagon: Small,2.0,4,D,6.7,181,AS,8
2015,BMW,Compact,2.0,4,Z,8.4,193,AS,8
2015,BMW,Compact,2.0,4,Z,9.0,207,M,6
2015,BMW,Compact,2.0,4,Z,9.1,209,AS,8
2015,BMW,Full-size,2.0,4,Z,9.1,209,AS,8
2015,BMW,Station wagon: Small,2.0,4,Z,9.1,209,AS,8
2015,BMW,Compact,3.0,6,Z,9.6,221,AS,8
2015,BMW,Compact,3.0,6,Z,9.8,225,M,6
2015,BMW,Compact,3.0,6,Z,10.0,230,AS,8
2015,BMW,Compact,3.0,6,Z,10.3,237,M,6
2015,BMW,Full-size,3.0,6,Z,10.0,230,AS,8
2015,BMW,Subcompact,2.0,4,Z,8.9,205,AS,8
2015,BMW,Subcompact,2.0,4,Z,9.6,221,AS,8
2015,BMW,Compact,2.0,4,Z,8.4,193,AS,8
2015,BMW,Compact,2.0,4,Z,9.0,207,M,6
2015,BMW,Compact,2.0,4,Z,9.1,209,AS,8
2015,BMW,Compact,2.0,4,Z,8.9,205,AS,8
2015,BMW,Compact,2.0,4,Z,9.0,207,M,6
2015,BMW,Compact,2.0,4,Z,9.1,209,AS,8
2015,BMW,Subcompact,3.0,6,Z,9.9,228,AS,8
2015,BMW,Subcompact,3.0,6,Z,10.3,237,AS,8
2015,BMW,Compact,3.0,6,Z,9.6,221,AS,8
2015,BMW,Compact,3.0,6,Z,9.8,225,M,6
2015,BMW,Compact,3.0,6,Z,10.0,230,AS,8
2015,BMW,Compact,3.0,6,Z,10.3,237,M,6
2015,BMW,Compact,3.0,6,Z,9.6,221,AS,8
2015,BMW,Compact,3.0,6,Z,10.0,230,AS,8
2015,BMW,Mid-size,2.0,4,Z,8.9,205,AS,8
2015,BMW,Mid-size,2.0,4,Z,9.1,209,AS,8
2015,BMW,Mid-size,3.0,6,D,7.9,213,AS,8
2015,BMW,Mid-size,3.0,6,Z,10.3,237,AS,8
2015,BMW,Full-size,3.0,6,Z,11.0,253,AS,8
2015,BMW,Mid-size,4.4,8,Z,12.3,283,AS,8
2015,BMW,Full-size,4.4,8,Z,12.8,294,AS,8
2015,BMW,Subcompact,3.0,6,Z,10.3,237,AS,8
2015,BMW,Compact,3.0,6,Z,10.3,237,AS,8
2015,BMW,Subcompact,4.4,8,Z,12.8,294,AS,8
2015,BMW,Compact,4.4,8,Z,12.3,283,AS,8
2015,BMW,Compact,4.4,8,Z,12.8,294,AS,8
2015,BMW,Full-size,3.0,6,D,8.8,238,AS,8
2015,BMW,Full-size,3.0,6,Z,10.3,237,AS,8
2015,BMW,Full-size,4.4,8,Z,12.8,294,AS,8
2015,BMW,Full-size,4.4,8,Z,12.8,294,AS,8
2015,BMW,Full-size,6.0,12,Z,15.5,356,AS,8
2015,BMW,Compact,3.0,6,Z,8.7,200,AS,8
2015,BMW,Mid-size,3.0,6,Z,9.4,216,AS,8
2015,BMW,Full-size,3.0,6,Z,9.3,214,AS,8
2015,BMW,Compact,4.4,8,Z,12.8,294,AS,8
2015,BMW,Full-size,4.4,8,Z,12.8,294,AS,8
2015,BMW,Full-size,4.4,8,Z,12.8,294,AS,8
2015,BMW,Subcompact,3.0,6,Z,10.2,235,AS,8
2015,BMW,Subcompact,3.0,6,Z,10.8,248,M,6
2015,BMW,Subcompact,3.0,6,Z,10.2,235,AS,8
2015,BMW,Subcompact,3.0,6,Z,10.4,239,M,6
2015,BMW,Subcompact,3.0,6,Z,10.0,230,AS,8
2015,BMW,Compact,3.0,6,Z,12.1,278,AM,7
2015,BMW,Compact,3.0,6,Z,11.6,267,M,6
2015,BMW,Subcompact,3.0,6,Z,12.1,278,AM,7
2015,BMW,Subcompact,3.0,6,Z,11.8,271,M,6
2015,BMW,Compact,3.0,6,Z,12.1,278,AM,7
2015,BMW,Compact,3.0,6,Z,11.6,267,M,6
2015,BMW,Mid-size,4.4,8,Z,14.7,338,AM,7
2015,BMW,Mid-size,4.4,8,Z,13.7,315,M,6
2015,BMW,Subcompact,4.4,8,Z,14.7,338,AM,7
2015,BMW,Subcompact,4.4,8,Z,13.7,315,M,6
2015,BMW,Compact,4.4,8,Z,14.7,338,AM,7
2015,BMW,Compact,4.4,8,Z,13.7,315,M,6
2015,BMW,Compact,4.4,8,Z,14.7,338,AM,7
2015,BMW,Compact,4.4,8,Z,13.7,315,M,6
2015,BMW,Sport utility vehicle: Small,2.0,4,Z,9.1,209,AS,8
2015,BMW,Sport utility vehicle: Small,3.0,6,Z,11.2,258,AS,6
2015,BMW,Sport utility vehicle: Small,2.0,4,D,7.9,213,AS,8
2015,BMW,Sport utility vehicle: Small,2.0,4,Z,9.9,228,AS,8
2015,BMW,Sport utility vehicle: Small,3.0,6,Z,10.9,251,AS,8
2015,BMW,Sport utility vehicle: Small,2.0,4,Z,10.2,235,AS,8
2015,BMW,Sport utility vehicle: Small,3.0,6,Z,10.9,251,AS,8
2015,BMW,Sport utility vehicle: Standard,3.0,6,D,8.7,235,AS,8
2015,BMW,Sport utility vehicle: Standard,3.0,6,Z,11.1,255,AS,8
2015,BMW,Sport utility vehicle: Standard,4.4,8,Z,13.8,317,AS,8
2015,BMW,Sport utility vehicle: Standard,4.4,8,Z,14.6,336,AS,8
2015,BMW,Sport utility vehicle: Standard,3.0,6,Z,11.1,255,AS,8
2015,BMW,Sport utility vehicle: Standard,4.4,8,Z,13.8,317,AS,8
2015,BMW,Sport utility vehicle: Standard,4.4,8,Z,14.6,336,AS,8
2015,BMW,Two-seater,2.0,4,Z,9.1,209,AS,8
2015,BMW,Two-seater,2.0,4,Z,9.0,207,M,6
2015,BMW,Two-seater,3.0,6,Z,12.1,278,AM,7
2015,BMW,Two-seater,3.0,6,Z,11.0,253,M,6
2015,BMW,Two-seater,3.0,6,Z,12.1,278,AM,7
2015,Buick,Sport utility vehicle: Standard,3.6,6,X,12.3,283,A,6
2015,Buick,Sport utility vehicle: Standard,3.6,6,X,12.6,290,A,6
2015,Buick,Sport utility vehicle: Small,1.4,4,X,8.5,196,AS,6
2015,Buick,Sport utility vehicle: Small,1.4,4,X,9.2,212,AS,6
2015,Buick,Mid-size,2.4,4,X,8.2,189,AS,6
2015,Buick,Mid-size,3.6,6,X,11.4,262,AS,6
2015,Buick,Mid-size,3.6,6,E,15.8,253,AS,6
2015,Buick,Mid-size,3.6,6,X,11.7,269,AS,6
2015,Buick,Mid-size,3.6,6,E,15.9,254,AS,6
2015,Buick,Mid-size,2.0,4,Z,9.8,225,AS,6
2015,Buick,Mid-size,2.0,4,Z,9.8,225,M,6
2015,Buick,Mid-size,2.4,4,X,8.2,189,AS,6
2015,Buick,Mid-size,2.0,4,Z,10.7,246,AS,6
2015,Buick,Compact,2.0,4,Z,9.8,225,AS,6
2015,Buick,Compact,2.0,4,Z,9.8,225,M,6
2015,Buick,Compact,2.4,4,X,9.4,216,AS,6
2015,Cadillac,Compact,2.0,4,Z,9.7,223,AS,6
2015,Cadillac,Compact,2.0,4,Z,10.3,237,M,6
2015,Cadillac,Compact,2.5,4,X,9.3,214,AS,6
2015,Cadillac,Compact,3.6,6,X,10.8,248,AS,6
2015,Cadillac,Compact,2.0,4,Z,10.2,235,AS,6
2015,Cadillac,Compact,3.6,6,X,11.0,253,AS,6
2015,Cadillac,Mid-size,2.0,4,Z,9.9,228,AS,6
2015,Cadillac,Mid-size,3.6,6,X,10.7,246,AS,8
2015,Cadillac,Mid-size,2.0,4,Z,10.6,244,AS,6
2015,Cadillac,Mid-size,3.6,6,X,11.0,253,AS,6
2015,Cadillac,Mid-size,3.6,6,Z,12.7,292,AS,8
2015,Cadillac,Sport utility vehicle: Standard,6.2,8,Z,14.0,322,A,6
2015,Cadillac,Sport utility vehicle: Standard,6.2,8,Z,13.8,317,A,8
2015,Cadillac,Sport utility vehicle: Standard,6.2,8,Z,14.5,334,A,6
2015,Cadillac,Sport utility vehicle: Standard,6.2,8,Z,14.3,329,A,8
2015,Cadillac,Sport utility vehicle: Standard,3.6,6,X,12.3,283,AS,6
2015,Cadillac,Sport utility vehicle: Standard,3.6,6,X,12.8,294,AS,6
2015,Cadillac,Full-size,3.6,6,X,11.3,260,AS,6
2015,Cadillac,Full-size,3.6,6,X,11.6,267,AS,6
2015,Cadillac,Full-size,3.6,6,Z,12.6,290,AS,6
2015,Chevrolet,Compact,3.6,6,X,11.3,260,AS,6
2015,Chevrolet,Compact,3.6,6,X,11.5,265,M,6
2015,Chevrolet,Compact,6.2,8,Z,12.8,294,AS,6
2015,Chevrolet,Compact,6.2,8,Z,12.7,292,M,6
2015,Chevrolet,Compact,3.6,6,X,10.5,242,AS,6
2015,Chevrolet,Compact,6.2,8,Z,15.5,357,M,6
2015,Chevrolet,Compact,6.2,8,Z,16.8,386,AS,6
2015,Chevrolet,Compact,6.2,8,Z,14.7,338,M,6
2015,Chevrolet,Special purpose vehicle,2.0,4,X,9.4,216,AV,0
2015,Chevrolet,Pickup truck: Small,2.5,4,X,10.5,242,A,6
2015,Chevrolet,Pickup truck: Small,2.5,4,X,10.8,248,M,6
2015,Chevrolet,Pickup truck: Small,3.6,6,X,11.3,260,A,6
2015,Chevrolet,Pickup truck: Small,2.5,4,X,11.3,260,A,6
2015,Chevrolet,Pickup truck: Small,3.6,6,X,11.8,271,A,6
2015,Chevrolet,Two-seater,6.2,8,Z,11.7,269,AS,8
2015,Chevrolet,Two-seater,6.2,8,Z,11.2,258,M,7
2015,Chevrolet,Two-seater,6.2,8,Z,14.3,329,AS,8
2015,Chevrolet,Two-seater,6.2,8,Z,13.4,308,M,7
2015,Chevrolet,Mid-size,1.4,4,X,7.8,179,AS,6
2015,Chevrolet,Mid-size,1.4,4,X,7.7,177,A,6
2015,Chevrolet,Mid-size,1.4,4,X,7.8,179,M,6
2015,Chevrolet,Mid-size,1.4,4,X,7.1,163,M,6
2015,Chevrolet,Mid-size,1.8,4,X,8.8,202,AS,6
2015,Chevrolet,Mid-size,1.8,4,X,8.1,186,M,6
2015,Chevrolet,Mid-size,2.0,4,D,7.1,192,AS,6
2015,Chevrolet,Sport utility vehicle: Small,2.4,4,X,9.1,209,A,6
2015,Chevrolet,Sport utility vehicle: Small,2.4,4,X,9.1,209,A,6
2015,Chevrolet,Sport utility vehicle: Small,2.4,4,E,13.4,214,A,6
2015,Chevrolet,Sport utility vehicle: Small,3.6,6,X,12.1,278,A,6
2015,Chevrolet,Sport utility vehicle: Small,2.4,4,X,10.0,230,A,6
2015,Chevrolet,Sport utility vehicle: Small,2.4,4,X,10.0,230,A,6
2015,Chevrolet,Sport utility vehicle: Small,2.4,4,E,14.2,227,A,6
2015,Chevrolet,Sport utility vehicle: Small,3.6,6,X,12.6,290,A,6
2015,Chevrolet,Van: Passenger,4.8,8,X,18.0,414,A,6
2015,Chevrolet,Van: Passenger,6.0,8,X,18.8,432,A,6
2015,Chevrolet,Van: Passenger,6.0,8,X,18.8,432,A,6
2015,Chevrolet,Van: Passenger,6.0,8,E,25.9,414,A,6
2015,Chevrolet,Van: Passenger,4.8,8,X,18.1,416,A,6
2015,Chevrolet,Van: Passenger,6.0,8,X,19.0,437,A,6
2015,Chevrolet,Van: Passenger,6.0,8,X,19.0,437,A,6
2015,Chevrolet,Van: Passenger,6.0,8,E,26.1,418,A,6
2015,Chevrolet,Full-size,2.5,4,X,9.2,212,AS,6
2015,Chevrolet,Full-size,3.6,6,X,10.6,244,AS,6
2015,Chevrolet,Full-size,3.6,6,E,14.5,232,AS,6
2015,Chevrolet,Mid-size,2.0,4,Z,9.8,225,AS,6
2015,Chevrolet,Mid-size,2.5,4,X,8.0,184,AS,6
2015,Chevrolet,Pickup truck: Standard,4.3,6,X,11.9,274,A,6
2015,Chevrolet,Pickup truck: Standard,4.3,6,E,17.1,274,A,6
2015,Chevrolet,Pickup truck: Standard,5.3,8,X,12.7,292,A,6
2015,Chevrolet,Pickup truck: Standard,5.3,8,E,17.2,275,A,6
2015,Chevrolet,Pickup truck: Standard,6.2,8,Z,14.0,322,A,8
2015,Chevrolet,Pickup truck: Standard,4.3,6,X,12.5,288,A,6
2015,Chevrolet,Pickup truck: Standard,4.3,6,E,18.0,288,A,6
2015,Chevrolet,Pickup truck: Standard,5.3,8,X,13.0,299,A,6
2015,Chevrolet,Pickup truck: Standard,5.3,8,E,17.5,280,A,6
2015,Chevrolet,Pickup truck: Standard,6.2,8,Z,14.2,327,A,8
2015,Chevrolet,Compact,1.4,4,X,8.0,184,AS,6
2015,Chevrolet,Compact,1.4,4,X,7.5,173,M,6
2015,Chevrolet,Compact,1.8,4,X,8.3,191,AS,6
2015,Chevrolet,Compact,1.8,4,X,8.0,184,M,5
2015,Chevrolet,Compact,1.4,4,X,8.3,191,AS,6
2015,Chevrolet,Compact,1.4,4,X,8.0,184,M,6
2015,Chevrolet,Mid-size,1.4,4,X,8.0,184,AS,6
2015,Chevrolet,Mid-size,1.4,4,X,7.5,173,M,6
2015,Chevrolet,Mid-size,1.8,4,X,8.3,191,AS,6
2015,Chevrolet,Mid-size,1.8,4,X,8.0,184,M,5
2015,Chevrolet,Mid-size,1.4,4,X,8.3,191,AS,6
2015,Chevrolet,Mid-size,1.4,4,X,8.0,184,M,6
2015,Chevrolet,Subcompact,1.2,4,X,7.0,161,AV,0
2015,Chevrolet,Subcompact,1.2,4,X,6.8,156,M,5
2015,Chevrolet,Sport utility vehicle: Standard,5.3,8,X,12.7,292,A,6
2015,Chevrolet,Sport utility vehicle: Standard,5.3,8,E,17.2,275,A,6
2015,Chevrolet,Sport utility vehicle: Standard,5.3,8,X,13.3,306,A,6
2015,Chevrolet,Sport utility vehicle: Standard,5.3,8,E,19.1,306,A,6
2015,Chevrolet,Sport utility vehicle: Standard,5.3,8,X,12.7,292,A,6
2015,Chevrolet,Sport utility vehicle: Standard,5.3,8,E,17.2,275,A,6
2015,Chevrolet,Sport utility vehicle: Standard,5.3,8,X,13.0,299,A,6
2015,Chevrolet,Sport utility vehicle: Standard,5.3,8,E,17.6,282,A,6
2015,Chevrolet,Sport utility vehicle: Standard,3.6,6,X,12.3,283,A,6
2015,Chevrolet,Sport utility vehicle: Standard,3.6,6,X,12.6,290,A,6
2015,Chevrolet,Sport utility vehicle: Small,1.4,4,X,8.2,189,AS,6
2015,Chevrolet,Sport utility vehicle: Small,1.4,4,X,8.1,186,M,6
2015,Chevrolet,Sport utility vehicle: Small,1.4,4,X,8.7,200,AS,6
2015,Chrysler,Mid-size,2.4,4,X,8.5,196,A,9
2015,Chrysler,Mid-size,2.4,4,X,8.5,196,A,9
2015,Chrysler,Mid-size,2.4,4,E,11.3,181,A,9
2015,Chrysler,Mid-size,3.6,6,X,10.2,235,A,9
2015,Chrysler,Mid-size,3.6,6,X,10.2,235,A,9
2015,Chrysler,Mid-size,3.6,6,E,13.6,218,A,9
2015,Chrysler,Mid-size,3.6,6,X,10.7,246,A,9
2015,Chrysler,Mid-size,3.6,6,X,10.7,246,A,9
2015,Chrysler,Mid-size,3.6,6,E,14.1,226,A,9
2015,Chrysler,Full-size,3.6,6,X,10.3,237,A,8
2015,Chrysler,Full-size,3.6,6,X,10.3,237,A,8
2015,Chrysler,Full-size,3.6,6,E,13.9,222,A,8
2015,Chrysler,Full-size,5.7,8,X,12.3,283,A,8
2015,Chrysler,Full-size,3.6,6,X,10.9,251,A,8
2015,Chrysler,Full-size,3.6,6,X,10.9,251,A,8
2015,Chrysler,Full-size,3.6,6,E,14.8,237,A,8
2015,Chrysler,Minivan,3.6,6,X,12.0,276,A,6
2015,Chrysler,Minivan,3.6,6,E,16.8,269,A,6
2015,Dodge,Mid-size,3.6,6,X,10.3,237,A,8
2015,Dodge,Mid-size,5.7,8,X,13.1,301,M,6
2015,Dodge,Mid-size,5.7,8,X,12.3,283,A,8
2015,Dodge,Mid-size,6.4,8,Z,13.9,320,M,6
2015,Dodge,Mid-size,6.4,8,Z,12.9,297,A,8
2015,Dodge,Mid-size,6.4,8,Z,13.9,320,M,6
2015,Dodge,Mid-size,6.4,8,Z,12.9,297,A,8
2015,Dodge,Mid-size,6.2,8,Z,14.7,338,A,8
2015,Dodge,Mid-size,6.2,8,Z,15.1,347,M,6
2015,Dodge,Full-size,3.6,6,X,11.5,264,A,5
2015,Dodge,Full-size,3.6,6,X,11.5,264,A,5
2015,Dodge,Full-size,3.6,6,E,15.9,254,A,5
2015,Dodge,Full-size,3.6,6,X,10.3,237,A,8
2015,Dodge,Full-size,3.6,6,X,10.3,237,A,8
2015,Dodge,Full-size,3.6,6,E,13.9,222,A,8
2015,Dodge,Full-size,5.7,8,X,12.9,297,A,5
2015,Dodge,Full-size,5.7,8,X,12.3,283,A,8
2015,Dodge,Full-size,3.6,6,X,10.9,251,A,8
2015,Dodge,Full-size,3.6,6,X,10.9,251,A,8
2015,Dodge,Full-size,3.6,6,E,14.8,237,A,8
2015,Dodge,Full-size,5.7,8,X,13.4,308,A,5
2015,Dodge,Full-size,6.4,8,Z,12.9,297,A,8
2015,Dodge,Full-size,6.2,8,Z,14.7,338,A,8
2015,Dodge,Mid-size,2.0,4,X,8.6,198,A,6
2015,Dodge,Mid-size,2.0,4,E,11.5,184,A,6
2015,Dodge,Mid-size,2.0,4,X,8.1,186,M,6
2015,Dodge,Mid-size,2.4,4,X,8.6,198,A,6
2015,Dodge,Mid-size,2.4,4,X,8.8,202,M,6
2015,Dodge,Mid-size,2.4,4,X,9.2,212,A,6
2015,Dodge,Mid-size,2.4,4,X,8.8,202,M,6
2015,Dodge,Mid-size,1.4,4,X,7.3,168,AM,6
2015,Dodge,Mid-size,1.4,4,X,7.3,168,M,6
2015,Dodge,Sport utility vehicle: Standard,3.6,6,X,12.1,278,A,8
2015,Dodge,Sport utility vehicle: Standard,3.6,6,E,15.6,250,A,8
2015,Dodge,Sport utility vehicle: Standard,5.7,8,X,14.7,338,A,8
2015,Dodge,Minivan,3.6,6,X,11.8,271,A,6
2015,Dodge,Minivan,3.6,6,E,16.4,262,A,6
2015,Dodge,Sport utility vehicle: Small,2.4,4,X,11.1,255,A,4
2015,Dodge,Sport utility vehicle: Small,3.6,6,X,12.1,278,A,6
2015,Dodge,Sport utility vehicle: Small,3.6,6,E,16.2,259,A,6
2015,Dodge,Sport utility vehicle: Small,3.6,6,X,12.4,285,A,6
2015,Dodge,Two-seater,8.4,10,Z,15.8,363,M,6
2015,FIAT,Minicompact,1.4,4,X,7.9,182,A,6
2015,FIAT,Minicompact,1.4,4,X,7.2,166,M,5
2015,FIAT,Minicompact,1.4,4,X,7.9,182,A,6
2015,FIAT,Minicompact,1.4,4,X,6.8,156,M,5
2015,FIAT,Minicompact,1.4,4,X,8.6,198,A,6
2015,FIAT,Minicompact,1.4,4,X,7.8,179,M,5
2015,FIAT,Minicompact,1.4,4,X,8.6,198,A,6
2015,FIAT,Minicompact,1.4,4,X,7.8,179,M,5
2015,FIAT,Minicompact,1.4,4,X,8.6,198,A,6
2015,FIAT,Minicompact,1.4,4,X,7.8,179,M,5
2015,FIAT,Station wagon: Small,1.4,4,X,9.4,216,A,6
2015,FIAT,Station wagon: Small,1.4,4,X,8.7,200,AM,6
2015,FIAT,Station wagon: Small,1.4,4,X,8.3,191,M,6
2015,Ford,Full-size,2.0,4,X,6.0,138,AV,0
2015,Ford,Sport utility vehicle: Small,2.0,4,X,9.8,225,AS,6
2015,Ford,Sport utility vehicle: Small,2.0,4,X,9.8,225,AS,6
2015,Ford,Sport utility vehicle: Small,3.5,6,X,11.3,260,AS,6
2015,Ford,Sport utility vehicle: Small,2.0,4,X,10.3,237,AS,6
2015,Ford,Sport utility vehicle: Small,3.5,6,X,11.8,271,AS,6
2015,Ford,Sport utility vehicle: Small,2.7,6,X,11.9,274,AS,6
2015,Ford,Sport utility vehicle: Small,1.6,4,X,9.0,207,AS,6
2015,Ford,Sport utility vehicle: Small,2.0,4,X,9.6,221,AS,6
2015,Ford,Sport utility vehicle: Small,2.5,4,X,9.5,218,AS,6
2015,Ford,Sport utility vehicle: Small,1.6,4,X,9.4,216,AS,6
2015,Ford,Sport utility vehicle: Small,2.0,4,X,10.1,232,AS,6
2015,Ford,Sport utility vehicle: Standard,3.5,6,X,14.2,327,AS,6
2015,Ford,Sport utility vehicle: Standard,3.5,6,X,14.4,331,AS,6
2015,Ford,Sport utility vehicle: Standard,2.0,4,X,10.4,239,A,6
2015,Ford,Sport utility vehicle: Standard,3.5,6,X,11.9,274,AS,6
2015,Ford,Sport utility vehicle: Standard,3.5,6,E,16.1,258,AS,6
2015,Ford,Sport utility vehicle: Standard,3.5,6,X,12.5,288,AS,6
2015,Ford,Sport utility vehicle: Standard,3.5,6,E,16.9,270,AS,6
2015,Ford,Sport utility vehicle: Standard,3.5,6,X,13.0,299,AS,6
2015,Ford,Pickup truck: Standard,2.7,6,X,10.8,248,AS,6
2015,Ford,Pickup truck: Standard,3.5,6,X,12.0,276,AS,6
2015,Ford,Pickup truck: Standard,3.5,6,X,11.5,264,A,6
2015,Ford,Pickup truck: Standard,3.5,6,E,15.7,251,A,6
2015,Ford,Pickup truck: Standard,5.0,8,X,13.3,306,AS,6
2015,Ford,Pickup truck: Standard,5.0,8,E,17.9,286,AS,6
2015,Ford,Pickup truck: Standard,2.7,6,X,12.0,276,AS,6
2015,Ford,Pickup truck: Standard,3.5,6,X,12.5,288,AS,6
2015,Ford,Pickup truck: Standard,3.5,6,X,12.4,285,A,6
2015,Ford,Pickup truck: Standard,3.5,6,E,16.8,269,A,6
2015,Ford,Pickup truck: Standard,5.0,8,X,13.9,320,AS,6
2015,Ford,Pickup truck: Standard,5.0,8,E,18.7,299,AS,6
2015,Ford,Subcompact,1.0,3,X,6.6,152,M,5
2015,Ford,Subcompact,1.6,4,X,7.6,175,AS,6
2015,Ford,Subcompact,1.6,4,X,7.4,170,AS,6
2015,Ford,Subcompact,1.6,4,X,7.6,175,M,5
2015,Ford,Subcompact,1.6,4,X,8.0,184,M,6
2015,Ford,Sport utility vehicle: Standard,3.5,6,X,11.6,267,AS,6
2015,Ford,Sport utility vehicle: Standard,3.5,6,X,12.1,278,AS,6
2015,Ford,Sport utility vehicle: Standard,3.5,6,X,12.8,294,AS,6
2015,Ford,Compact,1.0,3,X,7.1,163,M,6
2015,Ford,Compact,2.0,4,X,7.7,177,AM,6
2015,Ford,Compact,2.0,4,E,10.4,166,AM,6
2015,Ford,Compact,2.0,4,X,7.8,179,AS,6
2015,Ford,Compact,2.0,4,E,10.6,170,AS,6
2015,Ford,Compact,2.0,4,X,8.1,186,M,5
2015,Ford,Compact,2.0,4,E,10.9,174,M,5
2015,Ford,Compact,2.0,4,X,8.9,205,M,6
2015,Ford,Mid-size,1.5,4,X,8.4,193,AS,6
2015,Ford,Mid-size,1.5,4,X,8.0,184,AS,6
2015,Ford,Mid-size,2.0,4,X,8.9,205,AS,6
2015,Ford,Mid-size,2.5,4,X,8.9,205,AS,6
2015,Ford,Mid-size,2.0,4,X,9.3,214,AS,6
2015,Ford,Mid-size,2.0,4,X,5.5,126,AV,0
2015,Ford,Subcompact,2.3,4,X,9.4,216,AS,6
2015,Ford,Subcompact,2.3,4,X,9.2,212,M,6
2015,Ford,Subcompact,3.7,6,X,10.7,246,AS,6
2015,Ford,Subcompact,3.7,6,X,11.2,258,M,6
2015,Ford,Subcompact,5.0,8,X,12.4,285,AS,6
2015,Ford,Subcompact,5.0,8,X,12.5,288,M,6
2015,Ford,Subcompact,2.3,4,X,9.9,228,AS,6
2015,Ford,Subcompact,5.0,8,X,13.0,299,AS,6
2015,Ford,Van: Passenger,3.5,6,X,14.7,338,AS,6
2015,Ford,Van: Passenger,3.7,6,X,14.8,340,AS,6
2015,Ford,Van: Passenger,3.7,6,E,19.7,315,AS,6
2015,Ford,Full-size,2.0,4,X,9.1,209,AS,6
2015,Ford,Full-size,3.5,6,X,10.4,239,AS,6
2015,Ford,Full-size,3.5,6,E,14.7,235,AS,6
2015,Ford,Full-size,3.5,6,X,11.9,274,AS,6
2015,Ford,Full-size,3.5,6,X,11.3,260,AS,6
2015,Ford,Full-size,3.5,6,E,16.0,256,AS,6
2015,Ford,Special purpose vehicle,1.6,4,X,9.4,216,AS,6
2015,Ford,Special purpose vehicle,2.5,4,X,9.9,228,AS,6
2015,Ford,Special purpose vehicle,2.5,4,X,10.2,235,AS,6
2015,Ford,Special purpose vehicle,2.5,4,X,10.4,239,AS,6
2015,GMC,Sport utility vehicle: Standard,3.6,6,X,12.3,283,A,6
2015,GMC,Sport utility vehicle: Standard,3.6,6,X,12.6,290,A,6
2015,GMC,Pickup truck: Small,2.5,4,X,10.5,242,A,6
2015,GMC,Pickup truck: Small,2.5,4,X,10.8,248,M,6
2015,GMC,Pickup truck: Small,3.6,6,X,11.3,260,A,6
2015,GMC,Pickup truck: Small,2.5,4,X,11.3,260,A,6
2015,GMC,Pickup truck: Small,3.6,6,X,11.8,271,A,6
2015,GMC,Van: Passenger,4.8,8,X,18.0,414,A,6
2015,GMC,Van: Passenger,6.0,8,X,18.8,432,A,6
2015,GMC,Van: Passenger,6.0,8,X,18.8,432,A,6
2015,GMC,Van: Passenger,6.0,8,E,25.9,414,A,6
2015,GMC,Van: Passenger,4.8,8,X,18.1,416,A,6
2015,GMC,Van: Passenger,6.0,8,X,19.0,437,A,6
2015,GMC,Van: Passenger,6.0,8,X,19.0,437,A,6
2015,GMC,Van: Passenger,6.0,8,E,26.1,418,A,6
2015,GMC,Pickup truck: Standard,4.3,6,X,11.9,274,A,6
2015,GMC,Pickup truck: Standard,4.3,6,E,17.1,274,A,6
2015,GMC,Pickup truck: Standard,5.3,8,X,12.7,292,A,6
2015,GMC,Pickup truck: Standard,5.3,8,E,17.2,275,A,6
2015,GMC,Pickup truck: Standard,6.2,8,Z,14.0,322,A,8
2015,GMC,Pickup truck: Standard,4.3,6,X,12.5,288,A,6
2015,GMC,Pickup truck: Standard,4.3,6,E,18.0,288,A,6
2015,GMC,Pickup truck: Standard,5.3,8,X,13.0,299,A,6
2015,GMC,Pickup truck: Standard,5.3,8,E,17.5,280,A,6
2015,GMC,Pickup truck: Standard,6.2,8,Z,14.2,327,A,8
2015,GMC,Sport utility vehicle: Small,2.4,4,X,9.1,209,A,6
2015,GMC,Sport utility vehicle: Small,2.4,4,X,9.1,209,A,6
2015,GMC,Sport utility vehicle: Small,2.4,4,E,13.4,214,A,6
2015,GMC,Sport utility vehicle: Small,3.6,6,X,12.1,278,A,6
2015,GMC,Sport utility vehicle: Small,2.4,4,X,10.0,230,A,6
2015,GMC,Sport utility vehicle: Small,3.6,6,X,12.6,290,A,6
2015,GMC,Sport utility vehicle: Standard,5.3,8,X,12.7,292,A,6
2015,GMC,Sport utility vehicle: Standard,5.3,8,E,17.2,275,A,6
2015,GMC,Sport utility vehicle: Standard,5.3,8,X,13.0,299,A,6
2015,GMC,Sport utility vehicle: Standard,5.3,8,E,17.6,282,A,6
2015,GMC,Sport utility vehicle: Standard,6.2,8,Z,14.0,322,A,6
2015,GMC,Sport utility vehicle: Standard,6.2,8,Z,13.8,317,A,8
2015,GMC,Sport utility vehicle: Standard,5.3,8,X,12.7,292,A,6
2015,GMC,Sport utility vehicle: Standard,5.3,8,E,17.2,275,A,6
2015,GMC,Sport utility vehicle: Standard,5.3,8,X,13.3,306,A,6
2015,GMC,Sport utility vehicle: Standard,5.3,8,E,19.1,306,A,6
2015,GMC,Sport utility vehicle: Standard,6.2,8,Z,14.5,334,A,6
2015,GMC,Sport utility vehicle: Standard,6.2,8,Z,14.3,329,A,8
2015,Honda,Mid-size,2.4,4,X,7.8,179,AV,0
2015,Honda,Mid-size,2.4,4,X,8.0,184,AV,7
2015,Honda,Mid-size,2.4,4,X,8.7,200,M,6
2015,Honda,Mid-size,3.5,6,X,9.1,209,A,6
2015,Honda,Mid-size,3.5,6,X,9.5,219,AS,6
2015,Honda,Mid-size,3.5,6,X,10.9,251,M,6
2015,Honda,Mid-size,2.0,4,X,5.0,115,AV,0
2015,Honda,Compact,1.8,4,X,7.1,163,AV,0
2015,Honda,Compact,1.8,4,X,7.2,166,AV,7
2015,Honda,Compact,1.8,4,X,7.7,177,M,5
2015,Honda,Compact,2.4,4,Z,9.4,216,M,6
2015,Honda,Compact,1.5,4,X,5.2,120,AV,0
2015,Honda,Sport utility vehicle: Small,2.4,4,X,7.8,179,AV,0
2015,Honda,Sport utility vehicle: Small,2.4,4,X,8.3,191,AV,0
2015,Honda,Two-seater,1.5,4,X,6.3,145,AV,7
2015,Honda,Two-seater,1.5,4,X,6.9,159,M,6
2015,Honda,Station wagon: Small,1.5,4,X,6.4,147,AV,0
2015,Honda,Station wagon: Small,1.5,4,X,6.8,156,AV,7
2015,Honda,Station wagon: Small,1.5,4,X,7.3,168,M,6
2015,Honda,Minivan,3.5,6,X,10.6,244,A,6
2015,Honda,Sport utility vehicle: Small,3.5,6,X,11.5,264,A,5
2015,Honda,Sport utility vehicle: Small,3.5,6,X,12.0,276,A,5
2015,Hyundai,Compact,1.6,4,X,7.7,177,AS,6
2015,Hyundai,Compact,1.6,4,X,7.6,175,M,6
2015,Hyundai,Mid-size,1.8,4,X,7.5,172,AS,6
2015,Hyundai,Mid-size,1.8,4,X,7.7,177,M,6
2015,Hyundai,Mid-size,2.0,4,X,8.3,191,AS,6
2015,Hyundai,Mid-size,2.0,4,X,8.5,196,M,6
2015,Hyundai,Mid-size,2.0,4,X,8.3,191,AS,6
2015,Hyundai,Mid-size,2.0,4,X,8.3,191,M,6
2015,Hyundai,Mid-size,2.0,4,X,8.6,198,AS,6
2015,Hyundai,Mid-size,2.0,4,X,8.5,196,M,6
2015,Hyundai,Full-size,5.0,8,Z,13.3,306,AS,8
2015,Hyundai,Full-size,3.8,6,X,12.1,278,AS,8
2015,Hyundai,Full-size,5.0,8,Z,14.2,327,AS,8
2015,Hyundai,Subcompact,3.8,6,Z,12.3,283,AS,8
2015,Hyundai,Subcompact,3.8,6,Z,12.4,285,M,6
2015,Hyundai,Sport utility vehicle: Small,3.3,6,X,11.3,260,AS,6
2015,Hyundai,Sport utility vehicle: Small,3.3,6,X,11.5,264,AS,6
2015,Hyundai,Sport utility vehicle: Small,3.3,6,X,12.5,287,AS,6
2015,Hyundai,Sport utility vehicle: Small,2.4,4,X,10.3,237,AS,6
2015,Hyundai,Sport utility vehicle: Small,2.0,4,X,11.5,264,AS,6
2015,Hyundai,Sport utility vehicle: Small,2.4,4,X,11.1,255,AS,6
2015,Hyundai,Full-size,2.0,4,X,9.1,209,AS,6
2015,Hyundai,Full-size,2.4,4,X,8.4,193,AS,6
2015,Hyundai,Full-size,2.4,4,X,8.4,193,AS,6
2015,Hyundai,Mid-size,2.4,4,X,6.3,145,AS,6
2015,Hyundai,Mid-size,2.4,4,X,6.3,145,AS,6
2015,Hyundai,Sport utility vehicle: Small,2.0,4,X,9.3,214,AS,6
2015,Hyundai,Sport utility vehicle: Small,2.0,4,X,10.1,232,M,6
2015,Hyundai,Sport utility vehicle: Small,2.4,4,X,10.0,230,AS,6
2015,Hyundai,Sport utility vehicle: Small,2.0,4,X,10.4,239,AS,6
2015,Hyundai,Sport utility vehicle: Small,2.4,4,X,10.6,244,AS,6
2015,Hyundai,Compact,1.6,4,X,7.7,177,AM,6
2015,Hyundai,Compact,1.6,4,X,8.0,184,M,6
2015,Hyundai,Compact,1.6,4,X,8.8,202,AS,6
2015,Hyundai,Compact,1.6,4,X,8.5,196,M,6
2015,Infiniti,Mid-size,3.7,6,Z,10.3,237,AS,7
2015,Infiniti,Mid-size,3.7,6,Z,10.8,248,AS,7
2015,Infiniti,Compact,3.5,6,Z,7.5,172,AS,7
2015,Infiniti,Compact,3.5,6,Z,8.2,189,AS,7
2015,Infiniti,Subcompact,3.7,6,Z,10.7,246,AS,7
2015,Infiniti,Subcompact,3.7,6,Z,11.6,267,M,6
2015,Infiniti,Subcompact,3.7,6,Z,11.5,264,AS,7
2015,Infiniti,Subcompact,3.7,6,Z,11.7,269,AS,7
2015,Infiniti,Subcompact,3.7,6,Z,12.3,283,M,6
2015,Infiniti,Mid-size,3.7,6,Z,11.0,253,AS,7
2015,Infiniti,Mid-size,5.6,8,Z,12.4,285,AS,7
2015,Infiniti,Mid-size,3.7,6,Z,11.6,267,AS,7
2015,Infiniti,Mid-size,5.6,8,Z,12.9,297,AS,7
2015,Infiniti,Mid-size,3.5,6,Z,7.5,172,AS,7
2015,Infiniti,Station wagon: Small,3.7,6,Z,11.9,274,AS,7
2015,Infiniti,Sport utility vehicle: Small,3.5,6,Z,10.1,232,AV,7
2015,Infiniti,Sport utility vehicle: Small,3.5,6,Z,10.7,246,AV,7
2015,Infiniti,Sport utility vehicle: Standard,2.5,4,X,8.7,200,AV,0
2015,Infiniti,Sport utility vehicle: Small,3.7,6,Z,12.8,294,AS,7
2015,Infiniti,Sport utility vehicle: Standard,5.6,8,Z,14.7,338,AS,7
2015,Jaguar,Two-seater,3.0,6,Z,10.3,237,AS,8
2015,Jaguar,Two-seater,3.0,6,Z,10.3,237,AS,8
2015,Jaguar,Two-seater,3.0,6,Z,10.6,244,AS,8
2015,Jaguar,Two-seater,3.0,6,Z,10.6,244,AS,8
2015,Jaguar,Two-seater,5.0,8,Z,12.8,294,AS,8
2015,Jaguar,Two-seater,5.0,8,Z,12.8,294,AS,8
2015,Jaguar,Mid-size,2.0,4,Z,10.5,242,AS,8
2015,Jaguar,Mid-size,3.0,6,Z,11.6,267,AS,8
2015,Jaguar,Mid-size,5.0,8,Z,13.2,304,AS,8
2015,Jaguar,Mid-size,5.0,8,E,18.1,290,AS,8
2015,Jaguar,Mid-size,5.0,8,Z,13.2,304,AS,8
2015,Jaguar,Full-size,3.0,6,Z,12.4,285,AS,8
2015,Jaguar,Full-size,5.0,8,Z,13.3,306,AS,8
2015,Jaguar,Full-size,5.0,8,E,17.5,280,AS,8
2015,Jaguar,Full-size,3.0,6,Z,12.5,288,AS,8
2015,Jaguar,Full-size,5.0,8,Z,13.3,306,AS,8
2015,Jaguar,Full-size,5.0,8,E,17.5,280,AS,8
2015,Jaguar,Full-size,5.0,8,Z,13.3,306,AS,8
2015,Jaguar,Full-size,5.0,8,Z,13.3,306,AS,8
2015,Jaguar,Minicompact,5.0,8,Z,13.6,313,AS,6
2015,Jaguar,Minicompact,5.0,8,Z,13.4,308,AS,6
2015,Jaguar,Minicompact,5.0,8,Z,13.6,313,AS,6
2015,Jaguar,Minicompact,5.0,8,Z,13.4,308,AS,6
2015,Jeep,Sport utility vehicle: Small,2.4,4,X,9.5,218,A,9
2015,Jeep,Sport utility vehicle: Small,2.4,4,X,9.5,218,A,9
2015,Jeep,Sport utility vehicle: Small,2.4,4,E,12.9,206,A,9
2015,Jeep,Sport utility vehicle: Small,3.2,6,X,9.9,228,A,9
2015,Jeep,Sport utility vehicle: Small,2.4,4,X,10.0,230,A,9
2015,Jeep,Sport utility vehicle: Small,2.4,4,X,10.0,230,A,9
2015,Jeep,Sport utility vehicle: Small,2.4,4,E,13.7,219,A,9
2015,Jeep,Sport utility vehicle: Small,3.2,6,X,10.2,235,A,9
2015,Jeep,Sport utility vehicle: Small,2.4,4,X,10.1,232,A,9
2015,Jeep,Sport utility vehicle: Small,3.2,6,X,10.9,251,A,9
2015,Jeep,Sport utility vehicle: Small,2.4,4,X,10.9,251,A,9
2015,Jeep,Sport utility vehicle: Small,3.2,6,X,10.8,248,A,9
2015,Jeep,Sport utility vehicle: Small,2.0,4,X,9.9,228,AV,0
2015,Jeep,Sport utility vehicle: Small,2.0,4,X,9.2,212,M,5
2015,Jeep,Sport utility vehicle: Small,2.4,4,X,10.0,230,A,6
2015,Jeep,Sport utility vehicle: Small,2.4,4,X,9.3,214,M,5
2015,Jeep,Sport utility vehicle: Small,2.4,4,X,10.2,235,A,6
2015,Jeep,Sport utility vehicle: Small,2.4,4,X,9.7,223,M,5
2015,Jeep,Sport utility vehicle: Small,2.4,4,X,11.1,255,AV,0
2015,Jeep,Sport utility vehicle: Standard,3.6,6,X,12.1,278,A,8
2015,Jeep,Sport utility vehicle: Standard,3.6,6,E,15.6,250,A,8
2015,Jeep,Sport utility vehicle: Standard,5.7,8,X,14.7,338,A,8
2015,Jeep,Sport utility vehicle: Standard,6.4,8,Z,15.8,363,A,8
2015,Jeep,Sport utility vehicle: Small,2.0,4,X,9.9,228,AV,0
2015,Jeep,Sport utility vehicle: Small,2.0,4,X,9.2,212,M,5
2015,Jeep,Sport utility vehicle: Small,2.4,4,X,10.0,230,A,6
2015,Jeep,Sport utility vehicle: Small,2.4,4,X,9.3,214,M,5
2015,Jeep,Sport utility vehicle: Small,2.4,4,X,10.2,235,A,6
2015,Jeep,Sport utility vehicle: Small,2.4,4,X,9.7,223,M,5
2015,Jeep,Sport utility vehicle: Small,2.4,4,X,11.1,255,AV,0
2015,Jeep,Sport utility vehicle: Small,1.4,4,X,8.8,202,M,6
2015,Jeep,Sport utility vehicle: Small,2.4,4,X,9.4,216,A,9
2015,Jeep,Sport utility vehicle: Small,2.4,4,E,12.2,195,A,9
2015,Jeep,Sport utility vehicle: Small,1.4,4,X,8.8,202,M,6
2015,Jeep,Sport utility vehicle: Small,2.4,4,X,9.8,225,A,9
2015,Jeep,Sport utility vehicle: Small,3.6,6,X,12.8,294,A,5
2015,Jeep,Sport utility vehicle: Small,3.6,6,X,12.8,294,M,6
2015,Jeep,Sport utility vehicle: Small,3.6,6,X,13.4,308,A,5
2015,Jeep,Sport utility vehicle: Small,3.6,6,X,13.4,308,M,6
2015,Kia,Full-size,3.3,6,X,10.7,246,AS,6
2015,Kia,Mid-size,1.8,4,X,7.6,175,AS,6
2015,Kia,Mid-size,1.8,4,X,7.9,182,M,6
2015,Kia,Mid-size,2.0,4,X,8.3,191,AS,6
2015,Kia,Mid-size,2.0,4,X,8.5,196,M,6
2015,Kia,Full-size,1.6,4,X,9.7,223,AS,6
2015,Kia,Full-size,1.6,4,X,9.8,225,M,6
2015,Kia,Full-size,2.0,4,X,8.5,196,AS,6
2015,Kia,Full-size,2.0,4,X,8.4,193,M,6
2015,Kia,Compact,1.6,4,X,9.4,216,AS,6
2015,Kia,Compact,1.6,4,X,9.6,221,M,6
2015,Kia,Compact,2.0,4,X,8.6,198,AS,6
2015,Kia,Compact,2.0,4,X,8.8,202,M,6
2015,Kia,Full-size,3.8,6,X,11.3,260,AS,8
2015,Kia,Full-size,5.0,8,Z,13.3,306,AS,8
2015,Kia,Mid-size,2.0,4,X,9.9,228,AS,6
2015,Kia,Mid-size,2.4,4,X,8.7,200,AS,6
2015,Kia,Mid-size,2.4,4,X,6.3,145,AS,6
2015,Kia,Mid-size,2.4,4,X,6.4,147,AS,6
2015,Kia,Compact,1.6,4,X,7.7,177,AS,6
2015,Kia,Compact,1.6,4,X,7.6,175,AS,6
2015,Kia,Compact,1.6,4,X,7.7,177,M,6
2015,Kia,Station wagon: Mid-size,2.0,4,X,9.3,214,AS,6
2015,Kia,Station wagon: Mid-size,2.0,4,X,9.3,214,M,6
2015,Kia,Minivan,3.3,6,X,11.6,267,AS,6
2015,Kia,Minivan,3.3,6,X,11.4,262,AS,6
2015,Kia,Minivan,3.3,6,X,12.5,288,AS,6
2015,Kia,Sport utility vehicle: Small,2.4,4,X,10.4,239,AS,6
2015,Kia,Sport utility vehicle: Small,3.3,6,X,11.1,255,AS,6
2015,Kia,Sport utility vehicle: Small,2.4,4,X,10.9,251,AS,6
2015,Kia,Sport utility vehicle: Small,3.3,6,X,11.8,271,AS,6
2015,Kia,Station wagon: Small,1.6,4,X,8.9,205,AS,6
2015,Kia,Station wagon: Small,1.6,4,X,9.0,207,M,6
2015,Kia,Station wagon: Small,2.0,4,X,9.0,207,AS,6
2015,Kia,Station wagon: Small,2.0,4,X,8.8,202,AS,6
2015,Kia,Sport utility vehicle: Small,2.4,4,X,10.0,230,AS,6
2015,Kia,Sport utility vehicle: Small,2.4,4,X,11.3,260,M,6
2015,Kia,Sport utility vehicle: Small,2.0,4,X,11.3,260,AS,6
2015,Kia,Sport utility vehicle: Small,2.4,4,X,10.7,246,AS,6
2015,Lamborghini,Two-seater,6.5,12,Z,17.9,412,AM,7
2015,Lamborghini,Two-seater,6.5,12,Z,19.7,453,AM,7
2015,Lamborghini,Two-seater,5.2,10,Z,14.5,334,AM,7
2015,Lamborghini,Two-seater,6.5,12,Z,18.4,423,AM,7
2015,Land Rover,Sport utility vehicle: Small,2.0,4,Z,11.9,274,AS,6
2015,Land Rover,Sport utility vehicle: Standard,3.0,6,Z,14.3,329,AS,8
2015,Land Rover,Sport utility vehicle: Standard,3.0,6,Z,12.3,283,AS,8
2015,Land Rover,Sport utility vehicle: Standard,5.0,8,Z,15.1,347,AS,8
2015,Land Rover,Sport utility vehicle: Standard,5.0,8,E,21.4,342,AS,8
2015,Land Rover,Sport utility vehicle: Standard,5.0,8,Z,15.1,347,AS,8
2015,Land Rover,Sport utility vehicle: Standard,5.0,8,E,21.4,342,AS,8
2015,Land Rover,Sport utility vehicle: Standard,3.0,6,Z,12.4,285,AS,8
2015,Land Rover,Sport utility vehicle: Standard,5.0,8,Z,14.7,338,AS,8
2015,Land Rover,Sport utility vehicle: Standard,5.0,8,E,20.7,331,AS,8
2015,Land Rover,Sport utility vehicle: Small,2.0,4,Z,9.7,223,AS,9
2015,Land Rover,Sport utility vehicle: Small,2.0,4,Z,9.7,223,AS,9
2015,Lexus,Compact,1.8,4,X,5.7,131,AV,0
2015,Lexus,Mid-size,2.5,4,X,5.9,136,AV,6
2015,Lexus,Mid-size,3.5,6,X,9.6,221,AS,6
2015,Lexus,Mid-size,3.5,6,Z,10.6,244,AS,8
2015,Lexus,Mid-size,3.5,6,Z,11.0,253,AS,6
2015,Lexus,Mid-size,3.5,6,Z,7.5,172,AV,8
2015,Lexus,Sport utility vehicle: Standard,4.6,8,Z,13.9,320,AS,6
2015,Lexus,Compact,2.5,6,Z,9.6,221,AS,6
2015,Lexus,Compact,2.5,6,Z,10.4,239,AS,6
2015,Lexus,Subcompact,2.5,6,Z,9.6,221,AS,6
2015,Lexus,Compact,3.5,6,Z,10.6,244,AS,8
2015,Lexus,Compact,3.5,6,Z,11.0,253,AS,6
2015,Lexus,Subcompact,3.5,6,Z,10.6,244,AS,6
2015,Lexus,Mid-size,4.6,8,Z,12.3,283,AS,8
2015,Lexus,Mid-size,4.6,8,Z,12.9,297,AS,8
2015,Lexus,Mid-size,4.6,8,Z,12.9,297,AS,8
2015,Lexus,Mid-size,5.0,8,Z,11.5,264,AV,8
2015,Lexus,Sport utility vehicle: Standard,5.7,8,Z,16.6,382,AS,6
2015,Lexus,Sport utility vehicle: Small,2.0,4,Z,9.6,221,AS,6
2015,Lexus,Sport utility vehicle: Small,2.0,4,Z,9.9,228,AS,6
2015,Lexus,Sport utility vehicle: Small,2.5,4,X,7.4,170,AV,6
2015,Lexus,Subcompact,3.5,6,Z,10.6,244,AS,8
2015,Lexus,Subcompact,3.5,6,Z,11.0,253,AS,6
2015,Lexus,Subcompact,5.0,8,Z,12.6,290,AS,8
2015,Lexus,Sport utility vehicle: Small,3.5,6,X,11.7,269,AS,6
2015,Lexus,Sport utility vehicle: Small,3.5,6,X,11.1,255,AS,8
2015,Lexus,Sport utility vehicle: Small,3.5,6,Z,8.2,189,AV,6
2015,Lincoln,Sport utility vehicle: Small,2.0,4,X,10.9,251,AS,6
2015,Lincoln,Sport utility vehicle: Small,2.3,4,X,11.2,258,AS,6
2015,Lincoln,Full-size,3.5,6,X,11.9,274,AS,6
2015,Lincoln,Full-size,3.7,6,X,11.2,258,AS,6
2015,Lincoln,Sport utility vehicle: Standard,3.5,6,X,12.8,294,AS,6
2015,Lincoln,Special purpose vehicle,2.0,4,X,10.1,232,AS,6
2015,Lincoln,Special purpose vehicle,3.7,6,X,12.2,281,A,6
2015,Lincoln,Sport utility vehicle: Small,3.7,6,X,12.1,278,AS,6
2015,Lincoln,Mid-size,2.0,4,X,8.9,205,AS,6
2015,Lincoln,Mid-size,3.7,6,X,11.3,260,AS,6
2015,Lincoln,Mid-size,2.0,4,X,5.8,133,AV,0
2015,Lincoln,Sport utility vehicle: Standard,3.5,6,X,14.2,327,AS,6
2015,Lincoln,Sport utility vehicle: Standard,3.5,6,X,14.4,331,AS,6
2015,Maserati,Mid-size,3.0,6,Z,12.7,292,AS,8
2015,Maserati,Mid-size,3.0,6,Z,12.8,294,AS,8
2015,Maserati,Subcompact,4.7,8,Z,15.1,347,AS,6
2015,Maserati,Subcompact,4.7,8,Z,15.2,350,AS,6
2015,Maserati,Full-size,3.8,8,Z,14.5,334,AS,8
2015,Maserati,Full-size,3.0,6,Z,13.0,299,AS,8
2015,Mazda,Sport utility vehicle: Small,2.0,4,X,8.2,189,AS,6
2015,Mazda,Sport utility vehicle: Small,2.0,4,X,8.0,184,M,6
2015,Mazda,Sport utility vehicle: Small,2.5,4,X,8.6,198,AS,6
2015,Mazda,Sport utility vehicle: Small,2.0,4,X,8.5,196,AS,6
2015,Mazda,Sport utility vehicle: Small,2.5,4,X,9.0,207,AS,6
2015,Mazda,Sport utility vehicle: Small,3.7,6,X,12.3,283,AS,6
2015,Mazda,Sport utility vehicle: Small,3.7,6,X,12.7,292,AS,6
2015,Mazda,Compact,2.0,4,X,6.9,159,AS,6
2015,Mazda,Compact,2.0,4,X,7.0,161,M,6
2015,Mazda,Compact,2.5,4,X,7.4,170,AS,6
2015,Mazda,Compact,2.5,4,X,7.2,166,AS,6
2015,Mazda,Compact,2.5,4,X,8.0,184,M,6
2015,Mazda,Mid-size,2.0,4,X,7.0,161,AS,6
2015,Mazda,Mid-size,2.0,4,X,7.1,163,M,6
2015,Mazda,Mid-size,2.5,4,X,7.7,177,AS,6
2015,Mazda,Mid-size,2.5,4,X,7.2,166,AS,6
2015,Mazda,Mid-size,2.5,4,X,8.1,186,M,6
2015,Mazda,Minivan,2.5,4,X,9.6,221,AS,5
2015,Mazda,Minivan,2.5,4,X,9.8,225,M,6
2015,Mazda,Mid-size,2.5,4,X,7.6,175,AS,6
2015,Mazda,Mid-size,2.5,4,X,7.3,168,AS,6
2015,Mazda,Mid-size,2.5,4,X,8.1,186,M,6
2015,Mazda,Two-seater,2.0,4,Z,10.1,232,AS,6
2015,Mazda,Two-seater,2.0,4,Z,9.6,221,M,5
2015,Mazda,Two-seater,2.0,4,Z,9.9,228,M,6
2015,Mercedes-Benz,Station wagon: Small,2.0,4,Z,8.0,184,AS,7
2015,Mercedes-Benz,Station wagon: Small,2.0,4,Z,8.9,205,AS,7
2015,Mercedes-Benz,Subcompact,1.8,4,Z,9.4,216,AS,7
2015,Mercedes-Benz,Compact,2.0,4,Z,9.0,207,AS,7
2015,Mercedes-Benz,Subcompact,3.5,6,Z,10.6,244,AS,7
2015,Mercedes-Benz,Subcompact,3.5,6,Z,10.5,242,AS,7
2015,Mercedes-Benz,Compact,3.0,6,Z,9.9,228,AS,7
2015,Mercedes-Benz,Subcompact,6.2,8,Z,15.4,354,AS,7
2015,Mercedes-Benz,Subcompact,2.0,4,Z,8.1,186,AS,7
2015,Mercedes-Benz,Subcompact,2.0,4,Z,8.8,202,AS,7
2015,Mercedes-Benz,Compact,2.0,4,Z,9.1,209,AS,7
2015,Mercedes-Benz,Compact,3.0,6,Z,10.5,242,AS,7
2015,Mercedes-Benz,Compact,4.7,8,Z,12.5,288,AS,7
2015,Mercedes-Benz,Compact,5.5,8,Z,13.1,301,AS,7
2015,Mercedes-Benz,Mid-size,2.1,4,D,7.4,200,AS,7
2015,Mercedes-Benz,Mid-size,3.5,6,Z,10.2,235,AS,7
2015,Mercedes-Benz,Mid-size,3.0,6,Z,10.4,239,AS,7
2015,Mercedes-Benz,Station wagon: Mid-size,3.5,6,Z,10.8,248,AS,7
2015,Mercedes-Benz,Subcompact,3.5,6,Z,10.0,230,AS,7
2015,Mercedes-Benz,Subcompact,3.5,6,Z,10.2,235,AS,7
2015,Mercedes-Benz,Mid-size,4.7,8,Z,11.4,262,AS,7
2015,Mercedes-Benz,Subcompact,4.7,8,Z,11.7,269,AS,7
2015,Mercedes-Benz,Subcompact,4.7,8,Z,11.4,262,AS,7
2015,Mercedes-Benz,Mid-size,5.5,8,Z,13.3,306,AS,7
2015,Mercedes-Benz,Station wagon: Mid-size,5.5,8,Z,13.3,306,AS,7
2015,Mercedes-Benz,Sport utility vehicle: Standard,5.5,8,Z,18.2,419,AS,7
2015,Mercedes-Benz,Sport utility vehicle: Standard,5.5,8,Z,18.5,426,AS,7
2015,Mercedes-Benz,Sport utility vehicle: Standard,3.0,6,D,12.0,324,AS,7
2015,Mercedes-Benz,Sport utility vehicle: Standard,3.0,6,Z,14.0,322,AS,7
2015,Mercedes-Benz,Sport utility vehicle: Standard,4.7,8,Z,15.6,359,AS,7
2015,Mercedes-Benz,Sport utility vehicle: Standard,5.5,8,Z,16.3,375,AS,7
2015,Mercedes-Benz,Sport utility vehicle: Small,2.0,4,Z,8.7,200,AS,7
2015,Mercedes-Benz,Station wagon: Mid-size,2.0,4,Z,9.4,216,AS,7
2015,Mercedes-Benz,Sport utility vehicle: Small,2.1,4,D,8.5,230,AS,7
2015,Mercedes-Benz,Sport utility vehicle: Small,3.5,6,Z,11.2,258,AS,7
2015,Mercedes-Benz,Sport utility vehicle: Standard,3.0,6,D,10.3,278,AS,7
2015,Mercedes-Benz,Sport utility vehicle: Standard,3.0,6,Z,12.0,276,AS,7
2015,Mercedes-Benz,Sport utility vehicle: Standard,4.7,8,Z,14.2,327,AS,7
2015,Mercedes-Benz,Sport utility vehicle: Standard,5.5,8,Z,15.6,359,AS,7
2015,Mercedes-Benz,Mid-size,4.7,6,Z,10.8,248,AS,7
2015,Mercedes-Benz,Mid-size,4.7,8,Z,12.2,281,AS,7
2015,Mercedes-Benz,Full-size,4.7,8,Z,12.5,288,AS,7
2015,Mercedes-Benz,Compact,4.7,8,Z,12.3,283,AS,7
2015,Mercedes-Benz,Full-size,6.0,12,Z,14.9,343,AS,7
2015,Mercedes-Benz,Full-size,5.5,8,Z,13.2,304,AS,7
2015,Mercedes-Benz,Compact,5.5,8,Z,13.2,304,AS,7
2015,Mercedes-Benz,Full-size,6.0,12,Z,15.5,357,AS,7
2015,Mercedes-Benz,Compact,6.0,12,Z,15.0,345,AS,7
2015,Mercedes-Benz,Two-seater,4.7,8,Z,11.9,274,AS,7
2015,Mercedes-Benz,Two-seater,5.5,8,Z,12.4,285,AS,7
2015,Mercedes-Benz,Two-seater,6.0,12,Z,14.2,327,AS,7
2015,Mercedes-Benz,Two-seater,1.8,4,Z,9.0,207,AS,7
2015,Mercedes-Benz,Two-seater,1.8,4,Z,9.0,207,M,6
2015,Mercedes-Benz,Two-seater,3.5,6,Z,9.8,225,AS,7
2015,Mercedes-Benz,Two-seater,5.5,8,Z,10.6,244,AS,7
2015,Mercedes-Benz,Two-seater,6.2,8,Z,15.6,359,AM,7
2015,Mercedes-Benz,Two-seater,6.2,8,Z,15.6,359,AM,7
2015,MINI,Subcompact,1.5,3,Z,7.5,172,AS,6
2015,MINI,Subcompact,1.5,3,Z,7.1,163,M,6
2015,MINI,Subcompact,1.5,3,Z,7.5,172,AS,6
2015,MINI,Subcompact,1.5,3,Z,7.2,166,M,6
2015,MINI,Minicompact,1.6,4,Z,7.7,177,AS,6
2015,MINI,Minicompact,1.6,4,Z,7.5,172,M,6
2015,MINI,Compact,1.6,4,Z,8.7,200,AS,6
2015,MINI,Compact,1.6,4,Z,7.5,172,M,6
2015,MINI,Two-seater,1.6,4,Z,7.6,175,AS,6
2015,MINI,Two-seater,1.6,4,Z,7.3,168,M,6
2015,MINI,Compact,1.6,4,Z,8.7,200,AS,6
2015,MINI,Compact,1.6,4,Z,7.5,172,M,6
2015,MINI,Two-seater,1.6,4,Z,7.7,177,AS,6
2015,MINI,Two-seater,1.6,4,Z,7.5,172,M,6
2015,MINI,Subcompact,2.0,4,Z,8.2,189,AS,6
2015,MINI,Subcompact,2.0,4,Z,8.6,198,M,6
2015,MINI,Subcompact,2.0,4,Z,8.2,189,AS,6
2015,MINI,Subcompact,2.0,4,Z,8.6,198,M,6
2015,MINI,Minicompact,1.6,4,Z,8.1,186,AS,6
2015,MINI,Minicompact,1.6,4,Z,8.1,186,M,6
2015,MINI,Compact,1.6,4,Z,9.0,207,AS,6
2015,MINI,Compact,1.6,4,Z,8.7,200,M,6
2015,MINI,Two-seater,1.6,4,Z,8.1,186,AS,6
2015,MINI,Two-seater,1.6,4,Z,8.1,186,M,6
2015,MINI,Compact,1.6,4,Z,9.0,207,AS,6
2015,MINI,Compact,1.6,4,Z,8.7,200,M,6
2015,MINI,Two-seater,1.6,4,Z,8.1,186,AS,6
2015,MINI,Two-seater,1.6,4,Z,8.1,186,M,6
2015,MINI,Subcompact,2.0,4,Z,8.4,193,AS,6
2015,MINI,Subcompact,2.0,4,Z,9.2,212,M,6
2015,MINI,Minicompact,1.6,4,Z,8.1,186,AS,6
2015,MINI,Minicompact,1.6,4,Z,8.1,186,M,6
2015,MINI,Compact,1.6,4,Z,9.0,207,AS,6
2015,MINI,Compact,1.6,4,Z,8.7,200,M,6
2015,MINI,Two-seater,1.6,4,Z,8.1,186,AS,6
2015,MINI,Two-seater,1.6,4,Z,8.1,186,M,6
2015,MINI,Compact,1.6,4,Z,9.0,207,AS,6
2015,MINI,Compact,1.6,4,Z,8.7,200,M,6
2015,MINI,Two-seater,1.6,4,Z,8.1,186,AS,6
2015,MINI,Two-seater,1.6,4,Z,8.1,186,M,6
2015,Mitsubishi,Compact,2.0,4,X,8.2,189,AV,6
2015,Mitsubishi,Compact,2.0,4,X,8.4,193,M,5
2015,Mitsubishi,Compact,2.4,4,X,9.5,219,AV,6
2015,Mitsubishi,Compact,2.0,4,Z,12.5,288,AM,6
2015,Mitsubishi,Compact,2.0,4,Z,12.3,283,M,5
2015,Mitsubishi,Compact,2.0,4,Z,11.6,267,AM,6
2015,Mitsubishi,Station wagon: Small,2.0,4,X,8.6,198,AV,6
2015,Mitsubishi,Station wagon: Small,2.0,4,X,8.6,198,M,5
2015,Mitsubishi,Compact,1.2,3,X,5.9,136,AV,0
2015,Mitsubishi,Compact,1.2,3,X,6.4,147,M,5
2015,Mitsubishi,Sport utility vehicle: Small,2.4,4,X,8.6,198,AV,6
2015,Mitsubishi,Sport utility vehicle: Small,2.4,4,X,9.1,209,AV,6
2015,Mitsubishi,Sport utility vehicle: Small,3.0,6,Z,10.1,232,AS,6
2015,Mitsubishi,Sport utility vehicle: Small,2.0,4,X,8.4,193,AV,6
2015,Mitsubishi,Sport utility vehicle: Small,2.0,4,X,8.8,202,M,5
2015,Mitsubishi,Sport utility vehicle: Small,2.0,4,X,8.8,202,AV,6
2015,Mitsubishi,Sport utility vehicle: Small,2.4,4,X,9.6,221,AV,6
2015,Nissan,Two-seater,3.7,6,Z,11.1,255,AS,7
2015,Nissan,Two-seater,3.7,6,Z,11.5,264,M,6
2015,Nissan,Two-seater,3.7,6,Z,11.5,264,AS,7
2015,Nissan,Two-seater,3.7,6,Z,11.8,271,M,6
2015,Nissan,Mid-size,2.5,4,X,7.6,175,AV,0
2015,Nissan,Mid-size,3.5,6,X,9.0,207,AV,0
2015,Nissan,Sport utility vehicle: Standard,5.6,8,X,16.6,382,A,5
2015,Nissan,Pickup truck: Small,2.5,4,X,12.3,283,A,5
2015,Nissan,Pickup truck: Small,2.5,4,X,11.3,260,M,5
2015,Nissan,Pickup truck: Small,4.0,6,X,12.7,292,A,5
2015,Nissan,Pickup truck: Small,4.0,6,X,13.7,315,A,5
2015,Nissan,Pickup truck: Small,4.0,6,X,13.3,306,M,6
2015,Nissan,Subcompact,3.8,6,Z,12.6,290,AM,6
2015,Nissan,Station wagon: Small,1.6,4,X,7.9,182,AV,7
2015,Nissan,Station wagon: Small,1.6,4,X,7.7,177,M,6
2015,Nissan,Station wagon: Small,1.6,4,X,8.2,189,AV,7
2015,Nissan,Station wagon: Small,1.6,4,Z,8.3,191,M,6
2015,Nissan,Station wagon: Small,1.6,4,Z,8.8,202,AV,8
2015,Nissan,Compact,1.6,4,X,7.8,179,A,4
2015,Nissan,Compact,1.6,4,X,7.7,177,M,5
2015,Nissan,Station wagon: Mid-size,3.5,6,X,9.8,225,AV,7
2015,Nissan,Station wagon: Mid-size,3.5,6,X,9.9,228,AV,7
2015,Nissan,Special purpose vehicle,2.0,4,X,9.4,216,AV,0
2015,Nissan,Sport utility vehicle: Small,3.5,6,X,10.4,239,AV,0
2015,Nissan,Sport utility vehicle: Small,3.5,6,X,10.7,246,AV,0
2015,Nissan,Sport utility vehicle: Small,3.5,6,X,11.0,253,AV,0
2015,Nissan,Sport utility vehicle: Standard,2.5,4,X,8.8,202,AV,0
2015,Nissan,Minivan,3.5,6,X,10.5,242,AV,0
2015,Nissan,Sport utility vehicle: Small,2.5,4,X,8.3,191,AV,0
2015,Nissan,Sport utility vehicle: Small,2.5,4,X,8.5,196,AV,0
2015,Nissan,Mid-size,1.8,4,X,7.2,166,AV,0
2015,Nissan,Mid-size,1.8,4,X,7.9,182,M,6
2015,Nissan,Pickup truck: Standard,5.6,8,X,16.1,370,A,5
2015,Nissan,Pickup truck: Standard,5.6,8,X,17.2,396,A,5
2015,Nissan,Compact,1.6,4,X,6.8,156,AV,0
2015,Nissan,Compact,1.6,4,X,7.7,177,M,5
2015,Nissan,Sport utility vehicle: Small,4.0,6,X,14.2,327,A,5
2015,Nissan,Sport utility vehicle: Small,4.0,6,X,14.4,331,M,6
2015,Porsche,Minicompact,3.4,6,Z,10.1,232,AM,7
2015,Porsche,Minicompact,3.4,6,Z,10.6,244,M,7
2015,Porsche,Minicompact,3.4,6,Z,10.2,235,AM,7
2015,Porsche,Minicompact,3.4,6,Z,10.7,246,M,7
2015,Porsche,Minicompact,3.4,6,Z,10.1,232,AM,7
2015,Porsche,Minicompact,3.4,6,Z,10.7,246,M,7
2015,Porsche,Minicompact,3.4,6,Z,10.5,242,AM,7
2015,Porsche,Minicompact,3.4,6,Z,10.9,251,M,7
2015,Porsche,Minicompact,3.8,6,Z,10.5,242,AM,7
2015,Porsche,Minicompact,3.8,6,Z,10.7,246,M,7
2015,Porsche,Minicompact,3.8,6,Z,10.7,246,AM,7
2015,Porsche,Minicompact,3.8,6,Z,11.0,253,M,7
2015,Porsche,Minicompact,3.8,6,Z,10.6,244,AM,7
2015,Porsche,Minicompact,3.8,6,Z,10.9,251,M,7
2015,Porsche,Minicompact,3.8,6,Z,11.0,253,AM,7
2015,Porsche,Minicompact,3.8,6,Z,11.2,258,M,7
2015,Porsche,Minicompact,3.8,6,Z,11.0,253,AM,7
2015,Porsche,Minicompact,3.8,6,Z,11.2,258,M,7
2015,Porsche,Minicompact,3.8,6,Z,11.1,255,AM,7
2015,Porsche,Minicompact,3.8,6,Z,11.3,260,M,7
2015,Porsche,Minicompact,3.8,6,Z,11.1,255,AM,7
2015,Porsche,Minicompact,3.8,6,Z,11.6,267,M,7
2015,Porsche,Minicompact,3.8,6,Z,11.4,262,AM,7
2015,Porsche,Minicompact,3.8,6,Z,11.6,267,M,7
2015,Porsche,Two-seater,3.8,6,Z,14.0,322,AM,7
2015,Porsche,Minicompact,3.4,6,Z,10.8,248,AM,7
2015,Porsche,Minicompact,3.4,6,Z,11.1,255,M,7
2015,Porsche,Minicompact,3.8,6,Z,11.2,258,AM,7
2015,Porsche,Minicompact,3.8,6,Z,11.4,262,M,7
2015,Porsche,Minicompact,3.8,6,Z,11.9,274,AM,7
2015,Porsche,Minicompact,3.8,6,Z,11.9,274,AM,7
2015,Porsche,Minicompact,3.8,6,Z,11.9,274,AM,7
2015,Porsche,Minicompact,3.8,6,Z,11.9,274,AM,7
2015,Porsche,Two-seater,2.7,6,Z,9.2,212,AM,7
2015,Porsche,Two-seater,2.7,6,Z,9.9,228,M,6
2015,Porsche,Two-seater,3.4,6,Z,9.8,225,AM,7
2015,Porsche,Two-seater,3.4,6,Z,10.4,239,M,6
2015,Porsche,Two-seater,3.4,6,Z,9.5,218,AM,7
2015,Porsche,Two-seater,3.4,6,Z,10.7,246,M,6
2015,Porsche,Sport utility vehicle: Standard,3.0,6,D,10.2,277,A,8
2015,Porsche,Sport utility vehicle: Standard,3.6,6,Z,12.2,286,A,8
2015,Porsche,Sport utility vehicle: Standard,4.8,8,Z,14.2,327,A,8
2015,Porsche,Two-seater,2.7,6,Z,9.2,212,AM,7
2015,Porsche,Two-seater,2.7,6,Z,9.9,228,M,6
2015,Porsche,Two-seater,3.4,6,Z,9.8,225,AM,7
2015,Porsche,Two-seater,3.4,6,Z,10.4,239,M,6
2015,Porsche,Two-seater,3.4,6,Z,9.5,218,AM,7
2015,Porsche,Two-seater,3.4,6,Z,10.7,246,M,6
2015,Porsche,Sport utility vehicle: Small,3.0,6,Z,12.2,281,A,7
2015,Porsche,Sport utility vehicle: Small,3.6,6,Z,12.3,283,A,7
2015,Porsche,Full-size,3.6,6,Z,10.9,251,AM,7
2015,Porsche,Full-size,3.6,6,Z,11.1,255,AM,7
2015,Porsche,Full-size,3.0,6,Z,11.4,262,AM,7
2015,Porsche,Full-size,3.0,6,Z,11.4,262,AM,7
2015,Porsche,Full-size,3.0,6,Z,11.5,264,AM,7
2015,Porsche,Full-size,4.8,8,Z,12.7,292,AM,7
2015,Porsche,Full-size,4.8,8,Z,12.8,294,AM,7
2015,Porsche,Full-size,4.8,8,Z,12.9,297,AM,7
2015,Porsche,Full-size,4.8,8,Z,12.8,294,AM,7
2015,Porsche,Full-size,4.8,8,Z,12.9,297,AM,7
2015,Ram,Pickup truck: Standard,3.6,6,X,11.9,274,A,8
2015,Ram,Pickup truck: Standard,3.6,6,X,11.9,274,A,8
2015,Ram,Pickup truck: Standard,3.6,6,E,16.8,269,A,8
2015,Ram,Pickup truck: Standard,3.6,6,X,11.3,260,A,8
2015,Ram,Pickup truck: Standard,5.7,8,X,14.8,340,A,6
2015,Ram,Pickup truck: Standard,5.7,8,X,13.6,313,A,8
2015,Ram,Pickup truck: Standard,3.6,6,X,12.6,290,A,8
2015,Ram,Pickup truck: Standard,3.6,6,X,12.6,290,A,8
2015,Ram,Pickup truck: Standard,3.6,6,E,17.8,285,A,8
2015,Ram,Pickup truck: Standard,5.7,8,X,15.4,354,A,6
2015,Ram,Pickup truck: Standard,5.7,8,X,14.1,324,A,8
2015,Ram,Minivan,3.6,6,X,11.4,262,A,6
2015,Ram,Minivan,3.6,6,E,15.9,254,A,6
2015,Ram,Special purpose vehicle,2.4,4,X,9.8,225,A,9
2015,Rolls-Royce,Full-size,6.6,12,Z,16.1,370,AS,8
2015,Rolls-Royce,Full-size,6.6,12,Z,16.1,370,AS,8
2015,Rolls-Royce,Full-size,6.7,12,Z,17.2,396,AS,8
2015,Rolls-Royce,Full-size,6.7,12,Z,17.2,396,AS,8
2015,Rolls-Royce,Compact,6.7,12,Z,17.2,396,AS,8
2015,Rolls-Royce,Compact,6.7,12,Z,17.2,396,AS,8
2015,Rolls-Royce,Mid-size,6.6,12,Z,15.6,359,AS,8
2015,Scion,Minicompact,2.0,4,Z,8.4,193,AS,6
2015,Scion,Minicompact,2.0,4,Z,9.6,221,M,6
2015,Scion,Minicompact,1.3,4,X,6.4,147,AV,0
2015,Scion,Compact,2.5,4,X,9.0,207,AS,6
2015,Scion,Compact,2.5,4,X,9.0,207,M,6
2015,Scion,Station wagon: Small,2.4,4,X,9.8,225,AS,4
2015,Scion,Station wagon: Small,2.4,4,X,9.8,225,M,5
2015,smart,Two-seater,1.0,3,Z,6.5,150,AM,5
2015,smart,Two-seater,1.0,3,Z,6.5,150,AM,5
2015,Subaru,Minicompact,2.0,4,Z,8.4,193,AS,6
2015,Subaru,Minicompact,2.0,4,Z,9.6,221,M,6
2015,Subaru,Sport utility vehicle: Small,2.0,4,Z,9.4,216,AV,8
2015,Subaru,Sport utility vehicle: Small,2.5,4,X,8.7,200,AV,6
2015,Subaru,Sport utility vehicle: Small,2.5,4,X,9.6,221,M,6
2015,Subaru,Compact,2.0,4,X,7.6,175,AV,6
2015,Subaru,Compact,2.0,4,X,8.4,193,M,5
2015,Subaru,Station wagon: Small,2.0,4,X,7.6,175,AV,6
2015,Subaru,Station wagon: Small,2.0,4,X,8.4,193,M,5
2015,Subaru,Mid-size,2.5,4,X,7.9,182,AV,6
2015,Subaru,Mid-size,2.5,4,X,9.4,216,M,6
2015,Subaru,Mid-size,3.6,6,X,10.2,235,AV,6
2015,Subaru,Sport utility vehicle: Small,2.5,4,X,8.3,191,AV,6
2015,Subaru,Sport utility vehicle: Small,2.5,4,X,9.7,223,M,6
2015,Subaru,Sport utility vehicle: Small,3.6,6,X,10.5,242,AV,6
2015,Subaru,Compact,2.0,4,Z,11.1,255,AV,8
2015,Subaru,Compact,2.0,4,Z,9.8,225,M,6
2015,Subaru,Compact,2.5,4,Z,12.2,281,M,6
2015,Subaru,Sport utility vehicle: Small,2.0,4,X,8.1,186,AV,6
2015,Subaru,Sport utility vehicle: Small,2.0,4,X,9.1,209,M,5
2015,Subaru,Sport utility vehicle: Small,2.0,4,X,7.5,173,AV,6
2015,Toyota,Sport utility vehicle: Standard,4.0,6,X,12.8,294,AS,5
2015,Toyota,Sport utility vehicle: Standard,4.0,6,X,12.8,294,AS,5
2015,Toyota,Mid-size,3.5,6,X,9.6,221,AS,6
2015,Toyota,Mid-size,2.5,4,X,8.4,193,AS,6
2015,Toyota,Mid-size,3.5,6,X,9.5,218,AS,6
2015,Toyota,Mid-size,2.5,4,X,5.7,131,AV,0
2015,Toyota,Mid-size,2.5,4,X,5.9,136,AV,0
2015,Toyota,Mid-size,1.8,4,X,7.6,175,A,4
2015,Toyota,Mid-size,1.8,4,X,7.3,168,AV,0
2015,Toyota,Mid-size,1.8,4,X,6.8,156,AV,0
2015,Toyota,Mid-size,1.8,4,X,6.9,159,AV,0
2015,Toyota,Mid-size,1.8,4,X,7.1,163,AV,7
2015,Toyota,Mid-size,1.8,4,X,7.4,170,M,6
2015,Toyota,Sport utility vehicle: Small,2.7,4,X,10.7,246,AS,6
2015,Toyota,Sport utility vehicle: Small,3.5,6,X,11.1,255,AS,6
2015,Toyota,Sport utility vehicle: Standard,3.5,6,X,11.6,267,AS,6
2015,Toyota,Sport utility vehicle: Standard,3.5,6,X,8.5,196,AV,6
2015,Toyota,Sport utility vehicle: Standard,3.5,6,X,8.4,193,AV,6
2015,Toyota,Mid-size,1.8,4,X,4.7,108,AV,0
2015,Toyota,Compact,1.5,4,X,4.8,110,AV,0
2015,Toyota,Station wagon: Mid-size,1.8,4,X,5.6,129,AV,0
2015,Toyota,Sport utility vehicle: Small,2.5,4,X,8.9,205,AS,6
2015,Toyota,Sport utility vehicle: Small,2.5,4,X,9.5,218,AS,6
2015,Toyota,Sport utility vehicle: Small,2.5,4,X,8.9,205,AS,6
2015,Toyota,Sport utility vehicle: Small,2.5,4,X,9.6,221,AS,6
2015,Toyota,Sport utility vehicle: Standard,5.7,8,X,16.6,382,AS,6
2015,Toyota,Minivan,3.5,6,X,11.4,262,AS,6
2015,Toyota,Minivan,3.5,6,X,12.5,288,AS,6
2015,Toyota,Pickup truck: Small,2.7,4,X,11.2,258,A,4
2015,Toyota,Pickup truck: Small,2.7,4,X,10.5,242,M,5
2015,Toyota,Pickup truck: Small,4.0,6,X,13.1,301,M,6
2015,Toyota,Pickup truck: Small,2.7,4,X,12.3,283,A,4
2015,Toyota,Pickup truck: Small,2.7,4,X,12.3,283,M,5
2015,Toyota,Pickup truck: Small,4.0,6,X,13.4,308,A,5
2015,Toyota,Pickup truck: Small,4.0,6,X,14.0,322,M,6
2015,Toyota,Pickup truck: Standard,4.6,8,X,14.3,329,AS,6
2015,Toyota,Pickup truck: Standard,5.7,8,X,15.2,350,AS,6
2015,Toyota,Pickup truck: Standard,4.6,8,X,15.1,347,AS,6
2015,Toyota,Pickup truck: Standard,5.7,8,X,16.6,382,AS,6
2015,Toyota,Sport utility vehicle: Small,2.7,4,X,10.4,239,AS,6
2015,Toyota,Sport utility vehicle: Small,3.5,6,X,10.9,251,AS,6
2015,Toyota,Sport utility vehicle: Small,2.7,4,X,10.5,242,AS,6
2015,Toyota,Sport utility vehicle: Small,3.5,6,X,11.3,260,AS,6
2015,Toyota,Compact,1.5,4,X,7.3,168,A,4
2015,Toyota,Compact,1.5,4,X,7.1,163,M,5
2015,Volkswagen,Compact,1.8,4,X,8.5,196,AS,6
2015,Volkswagen,Compact,1.8,4,X,8.7,200,M,5
2015,Volkswagen,Compact,2.0,4,Z,9.1,209,AM,6
2015,Volkswagen,Compact,2.0,4,Z,9.2,212,M,6
2015,Volkswagen,Compact,2.0,4,D,6.9,183,AM,6
2015,Volkswagen,Compact,2.0,4,D,6.9,184,M,6
2015,Volkswagen,Subcompact,1.8,4,X,8.7,200,AS,6
2015,Volkswagen,Subcompact,2.0,4,Z,9.4,216,AM,6
2015,Volkswagen,Subcompact,2.0,4,Z,9.2,212,M,6
2015,Volkswagen,Compact,2.0,4,Z,9.3,214,AM,6
2015,Volkswagen,Compact,2.0,4,Z,9.6,221,M,6
2015,Volkswagen,Compact,3.6,6,Z,11.8,271,AS,6
2015,Volkswagen,Subcompact,2.0,4,Z,9.5,219,AM,6
2015,Volkswagen,Compact,1.8,4,X,8.1,186,AS,6
2015,Volkswagen,Compact,1.8,4,X,8.0,184,M,5
2015,Volkswagen,Compact,2.0,4,D,6.5,177,AM,6
2015,Volkswagen,Compact,2.0,4,D,6.5,178,M,6
2015,Volkswagen,Compact,2.0,4,Z,8.5,196,AM,6
2015,Volkswagen,Compact,2.0,4,Z,8.3,191,M,6
2015,Volkswagen,Station wagon: Small,1.8,4,X,8.2,193,AS,6
2015,Volkswagen,Station wagon: Small,1.8,4,X,8.2,189,M,5
2015,Volkswagen,Station wagon: Small,2.0,4,D,6.7,180,AM,6
2015,Volkswagen,Station wagon: Small,2.0,4,D,6.7,179,M,6
2015,Volkswagen,Compact,1.8,4,X,7.9,182,AS,6
2015,Volkswagen,Compact,1.8,4,X,8.0,184,M,5
2015,Volkswagen,Compact,2.0,4,X,8.9,205,AS,6
2015,Volkswagen,Compact,2.0,4,X,8.4,193,M,5
2015,Volkswagen,Compact,2.0,4,D,6.5,175,AM,6
2015,Volkswagen,Compact,2.0,4,D,6.5,176,M,6
2015,Volkswagen,Compact,2.0,4,Z,8.8,202,AM,6
2015,Volkswagen,Compact,2.0,4,Z,8.9,205,M,6
2015,Volkswagen,Compact,1.4,4,Z,5.3,122,AM,7
2015,Volkswagen,Mid-size,1.8,4,X,8.3,191,AS,6
2015,Volkswagen,Mid-size,1.8,4,X,8.4,193,M,5
2015,Volkswagen,Mid-size,2.0,4,D,6.9,185,AM,6
2015,Volkswagen,Mid-size,2.0,4,D,6.7,182,M,6
2015,Volkswagen,Mid-size,3.6,6,Z,10.4,239,AM,6
2015,Volkswagen,Sport utility vehicle: Small,2.0,4,Z,10.5,242,AS,6
2015,Volkswagen,Sport utility vehicle: Small,2.0,4,Z,11.2,258,M,6
2015,Volkswagen,Sport utility vehicle: Small,2.0,4,Z,10.7,246,AS,6
2015,Volkswagen,Sport utility vehicle: Standard,3.0,6,D,10.2,277,AS,8
2015,Volkswagen,Sport utility vehicle: Standard,3.6,6,Z,12.4,292,AS,8
2015,Volvo,Compact,2.0,4,X,8.4,193,AS,8
2015,Volvo,Compact,2.5,5,X,10.1,232,AS,6
2015,Volvo,Compact,2.0,4,Z,8.9,205,AS,8
2015,Volvo,Compact,3.0,6,X,11.2,258,AS,6
2015,Volvo,Compact,3.0,6,X,11.0,253,AS,6
2015,Volvo,Mid-size,2.0,4,X,8.4,193,AS,8
2015,Volvo,Mid-size,3.0,6,X,11.2,258,AS,6
2015,Volvo,Station wagon: Small,2.0,4,X,8.4,193,AS,8
2015,Volvo,Station wagon: Small,2.5,5,X,10.1,232,AS,6
2015,Volvo,Station wagon: Small,3.0,6,X,11.2,258,AS,6
2015,Volvo,Station wagon: Small,3.0,6,X,11.0,253,AS,6
2015,Volvo,Sport utility vehicle: Small,2.0,4,X,8.8,202,AS,8
2015,Volvo,Sport utility vehicle: Small,2.5,5,X,10.3,237,AS,6
2015,Volvo,Sport utility vehicle: Small,2.0,4,X,8.8,202,AS,8
2015,Volvo,Sport utility vehicle: Small,2.5,5,X,11.4,262,AS,6
2015,Volvo,Sport utility vehicle: Small,2.0,4,Z,9.4,216,AS,8
2015,Volvo,Sport utility vehicle: Small,3.0,6,X,11.9,274,AS,6
2015,Volvo,Sport utility vehicle: Small,3.2,6,X,11.5,264,AS,6
2015,Volvo,Sport utility vehicle: Small,2.0,4,X,8.8,202,AS,8
2015,Volvo,Sport utility vehicle: Small,3.0,6,X,11.9,274,AS,6
2015,Volvo,Sport utility vehicle: Small,3.2,6,X,11.3,260,AS,6
2016,Acura,Compact,2.4,4,Z,8.1,189,AM,8
2016,Acura,Sport utility vehicle: Small,3.5,6,Z,11.1,254,AS,9
2016,Acura,Sport utility vehicle: Small,3.5,6,Z,10.7,251,AS,9
2016,Acura,Sport utility vehicle: Small,3.5,6,Z,10.7,249,AS,6
2016,Acura,Mid-size,3.5,6,Z,10.0,235,AS,6
2016,Acura,Mid-size,3.5,6,Z,7.7,180,AM,7
2016,Acura,Compact,2.4,4,Z,8.3,196,AM,8
2016,Acura,Compact,3.5,6,Z,9.6,226,AS,9
2016,Alfa Romeo,Two-seater,1.8,4,Z,8.4,197,AM,6
2016,Aston Martin,Minicompact,5.9,12,Z,15.6,365,A,6
2016,Aston Martin,Subcompact,6.0,12,Z,14.2,332,A,8
2016,Aston Martin,Minicompact,6.0,12,Z,14.8,346,A,8
2016,Aston Martin,Two-seater,4.7,8,Z,14.7,343,AM,7
2016,Aston Martin,Two-seater,4.7,8,Z,15.5,362,M,6
2016,Aston Martin,Two-seater,4.7,8,Z,14.7,343,AM,7
2016,Aston Martin,Two-seater,4.7,8,Z,15.5,362,M,6
2016,Aston Martin,Two-seater,6.0,12,Z,16.5,390,AM,7
2016,Aston Martin,Two-seater,4.7,8,Z,14.7,343,AM,7
2016,Aston Martin,Two-seater,4.7,8,Z,15.5,362,M,6
2016,Audi,Subcompact,1.8,4,X,8.7,204,AM,6
2016,Audi,Subcompact,2.0,4,X,8.6,201,AM,6
2016,Audi,Subcompact,2.0,4,X,8.9,208,AM,6
2016,Audi,Compact,2.0,4,Z,8.9,212,AV,8
2016,Audi,Compact,2.0,4,Z,9.6,224,AS,8
2016,Audi,Compact,2.0,4,Z,9.1,214,M,6
2016,Audi,Station wagon: Small,2.0,4,Z,9.9,232,AS,8
2016,Audi,Subcompact,2.0,4,Z,9.6,224,AS,8
2016,Audi,Subcompact,2.0,4,Z,9.1,214,M,6
2016,Audi,Subcompact,2.0,4,Z,9.8,230,AS,8
2016,Audi,Mid-size,2.0,4,Z,9.2,211,AS,8
2016,Audi,Mid-size,3.0,6,Z,9.9,232,AS,8
2016,Audi,Mid-size,3.0,6,D,7.8,213,AS,8
2016,Audi,Mid-size,3.0,6,Z,9.9,232,AS,8
2016,Audi,Mid-size,3.0,6,D,7.8,213,AS,8
2016,Audi,Mid-size,3.0,6,Z,10.5,247,AS,8
2016,Audi,Mid-size,3.0,6,D,8.4,224,AS,8
2016,Audi,Mid-size,4.0,8,Z,10.7,249,AS,8
2016,Audi,Full-size,4.0,8,Z,10.9,255,AS,8
2016,Audi,Full-size,6.3,12,Z,14.6,344,AS,8
2016,Audi,Compact,2.0,4,Z,10.3,242,AS,6
2016,Audi,Compact,2.0,4,Z,10.3,240,AS,6
2016,Audi,Sport utility vehicle: Small,2.0,4,Z,10.4,244,AS,8
2016,Audi,Sport utility vehicle: Small,3.0,6,Z,11.4,267,AS,8
2016,Audi,Sport utility vehicle: Small,3.0,6,D,9.0,244,AS,8
2016,Audi,Sport utility vehicle: Small,2.0,4,Z,8.9,209,AS,8
2016,Audi,Mid-size,4.0,8,Z,13.3,313,AS,8
2016,Audi,Subcompact,2.0,4,Z,9.0,211,AM,6
2016,Audi,Compact,3.0,6,Z,11.0,257,AM,7
2016,Audi,Compact,3.0,6,Z,11.7,273,M,6
2016,Audi,Subcompact,3.0,6,Z,11.0,257,AM,7
2016,Audi,Subcompact,3.0,6,Z,11.7,273,M,6
2016,Audi,Subcompact,3.0,6,Z,11.4,266,AM,7
2016,Audi,Mid-size,4.0,8,Z,11.3,263,AM,7
2016,Audi,Mid-size,4.0,8,Z,11.4,265,AM,7
2016,Audi,Mid-size,4.0,8,Z,12.8,300,AS,8
2016,Audi,Sport utility vehicle: Small,3.0,6,Z,12.2,285,AS,8
2016,Audi,Subcompact,2.0,4,X,9.1,209,AM,6
2016,Audi,Two-seater,2.0,4,X,9.1,209,AM,6
2016,Audi,Subcompact,2.0,4,Z,9.5,222,AM,6
2016,Bentley,Compact,4.0,8,Z,13.1,307,AS,8
2016,Bentley,Compact,6.0,12,Z,15.4,360,AS,8
2016,Bentley,Subcompact,4.0,8,Z,14.4,337,AS,8
2016,Bentley,Subcompact,6.0,12,Z,16.0,375,AS,8
2016,Bentley,Mid-size,4.0,8,Z,14.2,334,AS,8
2016,Bentley,Mid-size,6.0,12,Z,16.5,388,AS,8
2016,Bentley,Mid-size,6.8,8,Z,17.5,408,AS,8
2016,BMW,Subcompact,2.0,4,Z,8.4,197,AS,8
2016,BMW,Subcompact,2.0,4,Z,9.0,211,M,6
2016,BMW,Subcompact,2.0,4,Z,8.8,207,AS,8
2016,BMW,Subcompact,2.0,4,Z,8.9,209,AS,8
2016,BMW,Compact,2.0,4,Z,8.4,197,AS,8
2016,BMW,Compact,2.0,4,Z,9.0,211,M,6
2016,BMW,Compact,2.0,4,Z,8.8,207,AS,8
2016,BMW,Compact,2.0,4,D,6.8,183,AS,8
2016,BMW,Station wagon: Small,2.0,4,D,6.8,183,AS,8
2016,BMW,Compact,2.0,4,Z,8.9,209,AS,8
2016,BMW,Full-size,2.0,4,Z,8.9,209,AS,8
2016,BMW,Station wagon: Small,2.0,4,Z,8.9,209,AS,8
2016,BMW,Full-size,3.0,6,Z,10.2,238,AS,8
2016,BMW,Compact,3.0,6,Z,9.3,217,AS,8
2016,BMW,Compact,3.0,6,Z,9.9,231,M,6
2016,BMW,Compact,3.0,6,Z,9.3,216,AS,8
2016,BMW,Compact,3.0,6,Z,10.3,241,M,6
2016,BMW,Subcompact,2.0,4,Z,8.9,211,AS,8
2016,BMW,Subcompact,2.0,4,Z,9.4,221,AS,8
2016,BMW,Compact,2.0,4,Z,8.4,197,AS,8
2016,BMW,Compact,2.0,4,Z,9.0,211,M,6
2016,BMW,Compact,2.0,4,Z,8.9,209,AS,8
2016,BMW,Compact,2.0,4,Z,8.9,211,AS,8
2016,BMW,Compact,2.0,4,Z,9.0,210,M,6
2016,BMW,Compact,2.0,4,Z,8.9,209,AS,8
2016,BMW,Subcompact,3.0,6,Z,9.9,232,AS,8
2016,BMW,Subcompact,3.0,6,Z,10.2,238,AS,8
2016,BMW,Compact,3.0,6,Z,9.9,232,AS,8
2016,BMW,Compact,3.0,6,Z,10.5,246,M,6
2016,BMW,Compact,3.0,6,Z,10.2,238,AS,8
2016,BMW,Compact,3.0,6,Z,10.5,247,M,6
2016,BMW,Compact,3.0,6,Z,10.2,238,AS,8
2016,BMW,Mid-size,2.0,4,Z,8.9,209,AS,8
2016,BMW,Mid-size,3.0,6,D,7.9,212,AS,8
2016,BMW,Mid-size,3.0,6,Z,10.2,238,AS,8
2016,BMW,Full-size,3.0,6,Z,11.2,263,AS,8
2016,BMW,Mid-size,4.4,8,Z,12.3,288,AS,8
2016,BMW,Full-size,4.4,8,Z,12.1,283,AS,8
2016,BMW,Subcompact,3.0,6,Z,10.2,238,AS,8
2016,BMW,Compact,3.0,6,Z,10.2,238,AS,8
2016,BMW,Subcompact,4.4,8,Z,12.1,283,AS,8
2016,BMW,Compact,4.4,8,Z,12.3,288,AS,8
2016,BMW,Compact,4.4,8,Z,12.1,283,AS,8
2016,BMW,Full-size,4.4,8,Z,12.1,283,AS,8
2016,BMW,Full-size,4.4,8,Z,12.1,283,AS,8
2016,BMW,Mid-size,3.0,6,Z,9.4,219,AS,8
2016,BMW,Compact,4.4,8,Z,12.1,283,AS,8
2016,BMW,Subcompact,3.0,6,Z,10.4,244,AM,7
2016,BMW,Subcompact,3.0,6,Z,11.1,260,M,6
2016,BMW,Subcompact,3.0,6,Z,9.9,232,AS,8
2016,BMW,Subcompact,3.0,6,Z,10.4,245,M,6
2016,BMW,Subcompact,3.0,6,Z,10.2,238,AS,8
2016,BMW,Subcompact,3.0,6,Z,9.9,232,AS,8
2016,BMW,Subcompact,3.0,6,Z,10.5,246,M,6
2016,BMW,Subcompact,3.0,6,Z,10.2,238,AS,8
2016,BMW,Compact,3.0,6,Z,12.1,284,AM,7
2016,BMW,Compact,3.0,6,Z,11.6,271,M,6
2016,BMW,Subcompact,3.0,6,Z,12.1,282,AM,7
2016,BMW,Subcompact,3.0,6,Z,11.8,278,M,6
2016,BMW,Compact,3.0,6,Z,12.1,284,AM,7
2016,BMW,Compact,3.0,6,Z,11.6,271,M,6
2016,BMW,Mid-size,4.4,8,Z,14.7,344,AM,7
2016,BMW,Mid-size,4.4,8,Z,13.7,321,M,6
2016,BMW,Compact,4.4,8,Z,14.7,344,AM,7
2016,BMW,Compact,4.4,8,Z,13.7,321,M,6
2016,BMW,Subcompact,4.4,8,Z,14.7,344,AM,7
2016,BMW,Subcompact,4.4,8,Z,13.7,321,M,6
2016,BMW,Compact,4.4,8,Z,14.7,344,AM,7
2016,BMW,Compact,4.4,8,Z,13.7,321,M,6
2016,BMW,Sport utility vehicle: Small,2.0,4,Z,9.2,215,AS,8
2016,BMW,Sport utility vehicle: Small,2.0,4,D,7.9,211,AS,8
2016,BMW,Sport utility vehicle: Small,2.0,4,Z,9.9,231,AS,8
2016,BMW,Sport utility vehicle: Small,3.0,6,Z,10.9,257,AS,8
2016,BMW,Sport utility vehicle: Small,2.0,4,Z,10.2,238,AS,8
2016,BMW,Sport utility vehicle: Small,3.0,6,Z,10.9,257,AS,8
2016,BMW,Sport utility vehicle: Small,3.0,6,Z,11.3,264,AS,8
2016,BMW,Sport utility vehicle: Standard,3.0,6,D,8.9,233,AS,8
2016,BMW,Sport utility vehicle: Standard,3.0,6,Z,11.5,269,AS,8
2016,BMW,Sport utility vehicle: Standard,4.4,8,Z,13.8,322,AS,8
2016,BMW,Sport utility vehicle: Standard,4.4,8,Z,14.6,343,AS,8
2016,BMW,Sport utility vehicle: Standard,3.0,6,Z,11.5,269,AS,8
2016,BMW,Sport utility vehicle: Standard,4.4,8,Z,13.8,322,AS,8
2016,BMW,Sport utility vehicle: Standard,4.4,8,Z,14.6,343,AS,8
2016,BMW,Two-seater,2.0,4,Z,9.1,212,AS,8
2016,BMW,Two-seater,2.0,4,Z,9.0,211,M,6
2016,BMW,Two-seater,3.0,6,Z,12.1,282,AM,7
2016,BMW,Two-seater,3.0,6,Z,12.1,282,AM,7
2016,Buick,Sport utility vehicle: Standard,3.6,6,X,13.4,315,A,6
2016,Buick,Sport utility vehicle: Standard,3.6,6,X,13.7,323,A,6
2016,Buick,Sport utility vehicle: Small,1.4,4,X,8.5,199,AS,6
2016,Buick,Sport utility vehicle: Small,1.4,4,X,9.2,215,AS,6
2016,Buick,Sport utility vehicle: Small,1.4,4,X,7.8,182,AS,6
2016,Buick,Sport utility vehicle: Small,1.4,4,X,8.2,192,AS,6
2016,Buick,Sport utility vehicle: Small,2.0,4,Z,10.6,248,A,6
2016,Buick,Mid-size,2.4,4,X,8.2,193,AS,6
2016,Buick,Mid-size,3.6,6,X,11.4,268,AS,6
2016,Buick,Mid-size,3.6,6,E,15.8,260,AS,6
2016,Buick,Mid-size,3.6,6,X,11.7,274,AS,6
2016,Buick,Mid-size,3.6,6,E,15.8,263,AS,6
2016,Buick,Mid-size,2.0,4,Z,9.8,231,AS,6
2016,Buick,Mid-size,2.0,4,Z,9.8,230,M,6
2016,Buick,Mid-size,2.4,4,X,8.2,193,AS,6
2016,Buick,Mid-size,2.0,4,Z,10.7,252,AS,6
2016,Buick,Compact,2.0,4,Z,9.8,231,AS,6
2016,Buick,Compact,2.0,4,Z,9.8,230,M,6
2016,Buick,Compact,2.4,4,X,9.6,224,AS,6
2016,Cadillac,Compact,2.0,4,Z,9.2,215,AS,8
2016,Cadillac,Compact,2.0,4,Z,10.3,240,M,6
2016,Cadillac,Compact,2.5,4,X,9.1,214,AS,8
2016,Cadillac,Compact,3.6,6,X,9.9,233,AS,8
2016,Cadillac,Compact,2.0,4,Z,9.4,221,AS,8
2016,Cadillac,Compact,3.6,6,X,10.5,247,AS,8
2016,Cadillac,Compact,3.6,6,Z,12.5,293,AS,8
2016,Cadillac,Compact,3.6,6,Z,12.4,289,M,6
2016,Cadillac,Full-size,2.0,4,Z,9.5,222,AS,8
2016,Cadillac,Full-size,3.0,6,Z,11.2,263,AS,8
2016,Cadillac,Full-size,3.6,6,X,11.0,257,AS,8
2016,Cadillac,Mid-size,2.0,4,Z,9.5,221,AS,8
2016,Cadillac,Mid-size,3.6,6,X,9.9,233,AS,8
2016,Cadillac,Mid-size,2.0,4,Z,9.8,229,AS,8
2016,Cadillac,Mid-size,3.6,6,X,10.5,247,AS,8
2016,Cadillac,Mid-size,3.6,6,Z,12.5,293,AS,8
2016,Cadillac,Mid-size,6.2,8,Z,14.1,332,AS,8
2016,Cadillac,Sport utility vehicle: Standard,6.2,8,Z,13.9,325,A,8
2016,Cadillac,Sport utility vehicle: Standard,3.6,6,X,12.3,287,AS,6
2016,Cadillac,Sport utility vehicle: Standard,3.6,6,X,12.8,300,AS,6
2016,Cadillac,Full-size,3.6,6,X,11.3,263,AS,6
2016,Cadillac,Full-size,3.6,6,X,11.6,273,AS,6
2016,Cadillac,Full-size,3.6,6,Z,12.8,302,AS,6
2016,Chevrolet,Compact,2.0,4,Z,9.3,218,AS,8
2016,Chevrolet,Compact,2.0,4,Z,9.8,229,M,6
2016,Chevrolet,Compact,3.6,6,X,10.6,248,AS,8
2016,Chevrolet,Compact,3.6,6,X,11.2,261,M,6
2016,Chevrolet,Compact,6.2,8,Z,11.6,272,AS,8
2016,Chevrolet,Compact,6.2,8,Z,12.1,284,M,6
2016,Chevrolet,Special purpose vehicle,2.0,4,X,9.4,220,AV,0
2016,Chevrolet,Pickup truck: Small,2.5,4,X,10.5,247,A,6
2016,Chevrolet,Pickup truck: Small,2.5,4,X,10.8,253,M,6
2016,Chevrolet,Pickup truck: Small,2.8,4,D,9.4,252,A,6
2016,Chevrolet,Pickup truck: Small,3.6,6,X,11.3,265,A,6
2016,Chevrolet,Pickup truck: Small,2.5,4,X,11.3,265,A,6
2016,Chevrolet,Pickup truck: Small,2.8,4,D,10.3,277,A,6
2016,Chevrolet,Pickup truck: Small,3.6,6,X,11.9,279,A,6
2016,Chevrolet,Two-seater,6.2,8,Z,11.7,275,AS,8
2016,Chevrolet,Two-seater,6.2,8,Z,11.2,263,M,7
2016,Chevrolet,Two-seater,6.2,8,Z,14.3,335,AS,8
2016,Chevrolet,Two-seater,6.2,8,Z,13.4,313,M,7
2016,Chevrolet,Compact,1.4,4,X,6.8,159,AS,6
2016,Chevrolet,Compact,1.4,4,X,7.1,167,M,6
2016,Chevrolet,Compact,1.4,4,X,6.9,160,AS,6
2016,Chevrolet,Mid-size,1.4,4,X,7.8,184,AS,6
2016,Chevrolet,Mid-size,1.4,4,X,7.8,182,M,6
2016,Chevrolet,Mid-size,1.4,4,X,7.7,181,A,6
2016,Chevrolet,Mid-size,1.4,4,X,7.1,167,M,6
2016,Chevrolet,Mid-size,1.8,4,X,8.8,207,AS,6
2016,Chevrolet,Mid-size,1.8,4,X,8.1,190,M,6
2016,Chevrolet,Sport utility vehicle: Small,2.4,4,X,9.1,214,A,6
2016,Chevrolet,Sport utility vehicle: Small,2.4,4,X,9.1,214,A,6
2016,Chevrolet,Sport utility vehicle: Small,2.4,4,E,13.4,221,A,6
2016,Chevrolet,Sport utility vehicle: Small,3.6,6,X,12.1,285,A,6
2016,Chevrolet,Sport utility vehicle: Small,2.4,4,X,10.0,235,A,6
2016,Chevrolet,Sport utility vehicle: Small,2.4,4,X,10.0,235,A,6
2016,Chevrolet,Sport utility vehicle: Small,2.4,4,E,14.2,236,A,6
2016,Chevrolet,Sport utility vehicle: Small,3.6,6,X,12.8,300,A,6
2016,Chevrolet,Van: Passenger,6.0,8,X,18.8,441,A,6
2016,Chevrolet,Van: Passenger,6.0,8,X,19.8,465,A,6
2016,Chevrolet,Full-size,2.5,4,X,9.2,215,AS,6
2016,Chevrolet,Full-size,3.6,6,X,10.6,248,AS,6
2016,Chevrolet,Full-size,3.6,6,E,14.5,239,AS,6
2016,Chevrolet,Mid-size,3.6,6,X,11.9,272,AS,6
2016,Chevrolet,Mid-size,3.6,6,N,12.7,213,AS,6
2016,Chevrolet,Mid-size,1.5,4,X,7.6,179,A,6
2016,Chevrolet,Mid-size,2.0,4,Z,9.0,211,AS,8
2016,Chevrolet,Mid-size,2.5,4,X,8.6,202,AS,6
2016,Chevrolet,Mid-size,1.8,4,X,5.1,122,AV,0
2016,Chevrolet,Pickup truck: Standard,4.3,6,X,11.9,280,A,6
2016,Chevrolet,Pickup truck: Standard,4.3,6,E,17.1,284,A,6
2016,Chevrolet,Pickup truck: Standard,5.3,8,X,12.7,298,A,6
2016,Chevrolet,Pickup truck: Standard,5.3,8,X,12.7,298,A,6
2016,Chevrolet,Pickup truck: Standard,5.3,8,E,17.2,286,A,6
2016,Chevrolet,Pickup truck: Standard,6.2,8,Z,14.0,328,A,8
2016,Chevrolet,Pickup truck: Standard,4.3,6,X,12.6,296,A,6
2016,Chevrolet,Pickup truck: Standard,4.3,6,E,18.1,301,A,6
2016,Chevrolet,Pickup truck: Standard,5.3,8,X,13.1,307,A,6
2016,Chevrolet,Pickup truck: Standard,5.3,8,X,13.1,306,A,6
2016,Chevrolet,Pickup truck: Standard,5.3,8,E,17.8,295,A,6
2016,Chevrolet,Pickup truck: Standard,5.3,8,X,13.0,304,A,8
2016,Chevrolet,Pickup truck: Standard,6.2,8,Z,14.2,332,A,8
2016,Chevrolet,Compact,1.4,4,X,8.0,188,AS,6
2016,Chevrolet,Compact,1.4,4,X,7.5,175,M,6
2016,Chevrolet,Compact,1.8,4,X,8.3,195,AS,6
2016,Chevrolet,Compact,1.8,4,X,8.0,187,M,5
2016,Chevrolet,Compact,1.4,4,X,8.4,195,AS,6
2016,Chevrolet,Compact,1.4,4,X,8.0,189,M,6
2016,Chevrolet,Station wagon: Small,1.4,4,X,8.0,188,AS,6
2016,Chevrolet,Station wagon: Small,1.4,4,X,7.5,175,M,6
2016,Chevrolet,Station wagon: Small,1.8,4,X,8.3,195,AS,6
2016,Chevrolet,Station wagon: Small,1.8,4,X,8.0,187,M,5
2016,Chevrolet,Station wagon: Small,1.4,4,X,8.4,195,AS,6
2016,Chevrolet,Station wagon: Small,1.4,4,X,8.0,189,M,6
2016,Chevrolet,Subcompact,1.4,4,X,6.7,157,AV,0
2016,Chevrolet,Subcompact,1.4,4,X,6.9,162,M,5
2016,Chevrolet,Sport utility vehicle: Standard,5.3,8,X,13.0,304,A,6
2016,Chevrolet,Sport utility vehicle: Standard,5.3,8,X,13.0,304,A,6
2016,Chevrolet,Sport utility vehicle: Standard,5.3,8,E,17.6,288,A,6
2016,Chevrolet,Sport utility vehicle: Standard,5.3,8,X,13.3,312,A,6
2016,Chevrolet,Sport utility vehicle: Standard,5.3,8,X,13.3,312,A,6
2016,Chevrolet,Sport utility vehicle: Standard,5.3,8,E,19.1,317,A,6
2016,Chevrolet,Sport utility vehicle: Standard,5.3,8,X,13.0,304,A,6
2016,Chevrolet,Sport utility vehicle: Standard,5.3,8,X,13.0,304,A,6
2016,Chevrolet,Sport utility vehicle: Standard,5.3,8,E,17.6,288,A,6
2016,Chevrolet,Sport utility vehicle: Standard,5.3,8,X,13.2,310,A,6
2016,Chevrolet,Sport utility vehicle: Standard,5.3,8,X,13.2,310,A,6
2016,Chevrolet,Sport utility vehicle: Standard,5.3,8,E,18.0,300,A,6
2016,Chevrolet,Sport utility vehicle: Standard,3.6,6,X,13.4,315,A,6
2016,Chevrolet,Sport utility vehicle: Standard,3.6,6,X,13.7,323,A,6
2016,Chevrolet,Sport utility vehicle: Small,1.4,4,X,8.2,193,AS,6
2016,Chevrolet,Sport utility vehicle: Small,1.4,4,X,8.1,190,M,6
2016,Chevrolet,Sport utility vehicle: Small,1.4,4,X,8.7,205,AS,6
2016,Chrysler,Mid-size,2.4,4,X,8.5,198,A,9
2016,Chrysler,Mid-size,2.4,4,E,11.3,186,A,9
2016,Chrysler,Mid-size,3.6,6,X,10.2,239,A,9
2016,Chrysler,Mid-size,3.6,6,E,13.6,225,A,9
2016,Chrysler,Mid-size,3.6,6,X,10.7,250,A,9
2016,Chrysler,Mid-size,3.6,6,E,14.1,232,A,9
2016,Chrysler,Full-size,3.6,6,X,10.3,240,A,8
2016,Chrysler,Full-size,3.6,6,X,10.3,240,A,8
2016,Chrysler,Full-size,3.6,6,E,13.9,229,A,8
2016,Chrysler,Full-size,5.7,8,X,12.3,289,A,8
2016,Chrysler,Full-size,3.6,6,X,10.9,257,A,8
2016,Chrysler,Full-size,3.6,6,X,10.9,257,A,8
2016,Chrysler,Full-size,3.6,6,E,14.8,243,A,8
2016,Chrysler,Minivan,3.6,6,X,12.0,282,A,6
2016,Chrysler,Minivan,3.6,6,E,16.8,279,A,6
2016,Dodge,Mid-size,3.6,6,X,10.3,242,A,8
2016,Dodge,Mid-size,5.7,8,X,12.3,289,A,8
2016,Dodge,Mid-size,5.7,8,X,13.1,307,M,6
2016,Dodge,Mid-size,6.4,8,Z,12.9,302,A,8
2016,Dodge,Mid-size,6.4,8,Z,13.9,326,M,6
2016,Dodge,Mid-size,6.4,8,Z,12.9,302,A,8
2016,Dodge,Mid-size,6.4,8,Z,13.9,326,M,6
2016,Dodge,Mid-size,6.2,8,Z,14.5,339,A,8
2016,Dodge,Mid-size,6.2,8,Z,15.1,353,M,6
2016,Dodge,Full-size,3.6,6,X,11.5,271,A,5
2016,Dodge,Full-size,3.6,6,X,11.5,271,A,5
2016,Dodge,Full-size,3.6,6,E,15.9,264,A,5
2016,Dodge,Full-size,3.6,6,X,10.3,240,A,8
2016,Dodge,Full-size,3.6,6,X,10.3,240,A,8
2016,Dodge,Full-size,3.6,6,E,13.9,229,A,8
2016,Dodge,Full-size,5.7,8,X,12.9,302,A,5
2016,Dodge,Full-size,5.7,8,X,12.3,289,A,8
2016,Dodge,Full-size,6.4,8,Z,12.9,302,A,8
2016,Dodge,Full-size,3.6,6,X,10.9,257,A,8
2016,Dodge,Full-size,3.6,6,X,10.9,257,A,8
2016,Dodge,Full-size,3.6,6,E,14.8,243,A,8
2016,Dodge,Full-size,5.7,8,X,13.4,313,A,5
2016,Dodge,Full-size,6.4,8,Z,12.9,302,A,8
2016,Dodge,Full-size,6.2,8,Z,14.5,339,A,8
2016,Dodge,Mid-size,2.0,4,X,8.6,201,A,6
2016,Dodge,Mid-size,2.0,4,E,11.5,187,A,6
2016,Dodge,Mid-size,2.0,4,X,8.1,189,M,6
2016,Dodge,Mid-size,2.4,4,X,8.6,202,A,6
2016,Dodge,Mid-size,2.4,4,X,8.8,205,M,6
2016,Dodge,Mid-size,2.4,4,X,9.2,215,A,6
2016,Dodge,Mid-size,2.4,4,X,8.8,207,M,6
2016,Dodge,Mid-size,1.4,4,X,7.3,171,AM,6
2016,Dodge,Mid-size,1.4,4,X,7.3,171,M,6
2016,Dodge,Sport utility vehicle: Standard,3.6,6,X,11.3,265,A,8
2016,Dodge,Sport utility vehicle: Standard,5.7,8,X,14.0,329,A,8
2016,Dodge,Minivan,3.6,6,X,11.8,276,A,6
2016,Dodge,Minivan,3.6,6,E,16.4,269,A,6
2016,Dodge,Sport utility vehicle: Small,2.4,4,X,11.1,260,A,4
2016,Dodge,Sport utility vehicle: Small,3.6,6,X,12.1,283,A,6
2016,Dodge,Sport utility vehicle: Small,3.6,6,E,16.2,270,A,6
2016,Dodge,Sport utility vehicle: Small,3.6,6,X,12.4,292,A,6
2016,Dodge,Two-seater,8.4,10,Z,15.6,364,M,6
2016,FIAT,Minicompact,1.4,4,X,7.9,183,A,6
2016,FIAT,Minicompact,1.4,4,X,7.2,168,M,5
2016,FIAT,Minicompact,1.4,4,X,7.9,183,A,6
2016,FIAT,Minicompact,1.4,4,X,6.8,160,M,5
2016,FIAT,Minicompact,1.4,4,X,8.6,200,A,6
2016,FIAT,Minicompact,1.4,4,X,7.8,183,M,5
2016,FIAT,Minicompact,1.4,4,X,8.6,200,A,6
2016,FIAT,Minicompact,1.4,4,X,7.8,183,M,5
2016,FIAT,Minicompact,1.4,4,X,8.6,200,A,6
2016,FIAT,Minicompact,1.4,4,X,7.8,183,M,5
2016,FIAT,Station wagon: Small,1.4,4,X,9.4,218,A,6
2016,FIAT,Station wagon: Small,1.4,4,X,8.7,203,AM,6
2016,FIAT,Station wagon: Small,1.4,4,X,8.3,194,M,6
2016,FIAT,Sport utility vehicle: Small,1.4,4,X,8.3,194,M,6
2016,FIAT,Sport utility vehicle: Small,2.4,4,X,9.3,217,A,9
2016,FIAT,Sport utility vehicle: Small,2.4,4,X,9.6,224,A,9
2016,Ford,Full-size,2.0,4,X,6.0,140,AV,0
2016,Ford,Sport utility vehicle: Small,2.0,4,X,9.8,231,AS,6
2016,Ford,Sport utility vehicle: Small,2.0,4,X,9.8,228,AS,6
2016,Ford,Sport utility vehicle: Small,3.5,6,X,11.4,268,AS,6
2016,Ford,Sport utility vehicle: Small,2.0,4,X,10.3,240,AS,6
2016,Ford,Sport utility vehicle: Small,2.7,6,X,11.9,278,AS,6
2016,Ford,Sport utility vehicle: Small,3.5,6,X,11.8,278,AS,6
2016,Ford,Sport utility vehicle: Small,1.6,4,X,8.9,208,AS,6
2016,Ford,Sport utility vehicle: Small,2.0,4,X,9.6,224,AS,6
2016,Ford,Sport utility vehicle: Small,2.5,4,X,9.4,220,AS,6
2016,Ford,Sport utility vehicle: Small,1.6,4,X,9.4,220,AS,6
2016,Ford,Sport utility vehicle: Small,2.0,4,X,10.0,236,AS,6
2016,Ford,Sport utility vehicle: Standard,3.5,6,X,14.3,334,AS,6
2016,Ford,Sport utility vehicle: Standard,3.5,6,X,14.4,338,AS,6
2016,Ford,Sport utility vehicle: Standard,2.3,4,X,10.8,253,AS,6
2016,Ford,Sport utility vehicle: Standard,3.5,6,X,12.0,280,AS,6
2016,Ford,Sport utility vehicle: Standard,3.5,6,E,16.1,264,AS,6
2016,Ford,Sport utility vehicle: Standard,2.3,4,X,11.3,265,AS,6
2016,Ford,Sport utility vehicle: Standard,3.5,6,X,13.0,305,AS,6
2016,Ford,Sport utility vehicle: Standard,3.5,6,X,12.6,295,AS,6
2016,Ford,Sport utility vehicle: Standard,3.5,6,E,17.2,282,AS,6
2016,Ford,Pickup truck: Standard,2.7,6,X,10.9,256,AS,6
2016,Ford,Pickup truck: Standard,2.7,6,X,11.2,263,AS,6
2016,Ford,Pickup truck: Standard,3.5,6,X,11.9,278,AS,6
2016,Ford,Pickup truck: Standard,3.5,6,X,11.6,272,A,6
2016,Ford,Pickup truck: Standard,3.5,6,E,15.7,261,A,6
2016,Ford,Pickup truck: Standard,3.5,6,X,12.9,303,AS,6
2016,Ford,Pickup truck: Standard,5.0,8,X,13.2,309,AS,6
2016,Ford,Pickup truck: Standard,5.0,8,E,17.8,292,AS,6
2016,Ford,Pickup truck: Standard,5.0,8,X,14.5,341,AS,6
2016,Ford,Pickup truck: Standard,5.0,8,E,17.8,293,AS,6
2016,Ford,Pickup truck: Standard,2.7,6,X,11.7,275,AS,6
2016,Ford,Pickup truck: Standard,2.7,6,X,12.3,288,AS,6
2016,Ford,Pickup truck: Standard,3.5,6,X,12.9,303,AS,6
2016,Ford,Pickup truck: Standard,3.5,6,X,12.5,292,A,6
2016,Ford,Pickup truck: Standard,3.5,6,E,16.9,278,A,6
2016,Ford,Pickup truck: Standard,3.5,6,X,13.8,324,AS,6
2016,Ford,Pickup truck: Standard,5.0,8,X,13.8,324,AS,6
2016,Ford,Pickup truck: Standard,5.0,8,E,18.7,306,AS,6
2016,Ford,Pickup truck: Standard,5.0,8,X,14.8,347,AS,6
2016,Ford,Pickup truck: Standard,5.0,8,E,18.8,310,AS,6
2016,Ford,Subcompact,1.0,3,X,6.6,153,M,5
2016,Ford,Subcompact,1.6,4,X,7.6,180,AS,6
2016,Ford,Subcompact,1.6,4,X,7.6,179,M,5
2016,Ford,Compact,1.6,4,X,8.1,191,M,6
2016,Ford,Sport utility vehicle: Standard,3.5,6,X,12.7,298,AS,6
2016,Ford,Sport utility vehicle: Standard,3.5,6,X,12.9,303,AS,6
2016,Ford,Sport utility vehicle: Standard,3.5,6,X,13.7,322,AS,6
2016,Ford,Compact,1.0,3,X,7.3,171,AS,6
2016,Ford,Compact,1.0,3,X,6.8,160,M,6
2016,Ford,Compact,2.0,4,X,7.6,178,AM,6
2016,Ford,Compact,2.0,4,E,10.3,170,AM,6
2016,Ford,Compact,2.0,4,X,7.8,183,AS,6
2016,Ford,Compact,2.0,4,E,10.5,175,AS,6
2016,Ford,Compact,2.0,4,X,8.0,188,M,5
2016,Ford,Compact,2.0,4,E,10.8,179,M,5
2016,Ford,Mid-size,2.3,4,Z,10.9,255,M,6
2016,Ford,Mid-size,2.0,4,X,9.2,217,M,6
2016,Ford,Mid-size,1.5,4,X,8.4,197,AS,6
2016,Ford,Mid-size,1.5,4,X,8.0,188,AS,6
2016,Ford,Mid-size,2.0,4,X,8.9,210,AS,6
2016,Ford,Mid-size,2.5,4,X,8.9,209,AS,6
2016,Ford,Mid-size,2.0,4,X,9.3,220,AS,6
2016,Ford,Mid-size,2.0,4,X,5.5,130,AV,0
2016,Ford,Subcompact,2.3,4,X,9.4,219,AS,6
2016,Ford,Subcompact,2.3,4,X,9.2,217,M,6
2016,Ford,Subcompact,3.7,6,X,10.7,253,AS,6
2016,Ford,Subcompact,3.7,6,X,11.2,264,M,6
2016,Ford,Subcompact,5.0,8,X,12.4,292,AS,6
2016,Ford,Subcompact,5.0,8,X,12.7,298,M,6
2016,Ford,Subcompact,2.3,4,X,10.0,234,AS,6
2016,Ford,Subcompact,5.0,8,X,13.0,304,AS,6
2016,Ford,Subcompact,5.2,8,Z,14.2,334,M,6
2016,Ford,Van: Passenger,3.5,6,X,14.6,342,AS,6
2016,Ford,Van: Passenger,3.7,6,X,15.2,356,AS,6
2016,Ford,Van: Passenger,3.7,6,E,21.0,345,AS,6
2016,Ford,Full-size,2.0,4,X,10.1,237,AS,6
2016,Ford,Full-size,3.5,6,X,11.1,260,AS,6
2016,Ford,Full-size,3.5,6,E,14.9,248,AS,6
2016,Ford,Full-size,3.5,6,X,12.5,293,AS,6
2016,Ford,Full-size,3.5,6,X,12.4,291,AS,6
2016,Ford,Full-size,3.5,6,E,16.3,271,AS,6
2016,Ford,Special purpose vehicle,1.6,4,X,9.5,223,AS,6
2016,Ford,Special purpose vehicle,2.5,4,X,10.4,243,AS,6
2016,Ford,Special purpose vehicle,2.5,4,X,10.4,243,AS,6
2016,Ford,Special purpose vehicle,2.5,4,E,14.2,233,AS,6
2016,Ford,Special purpose vehicle,2.5,4,X,10.7,252,AS,6
2016,Ford,Special purpose vehicle,2.5,4,X,10.7,252,AS,6
2016,Ford,Special purpose vehicle,2.5,4,E,14.6,240,AS,6
2016,Ford,Special purpose vehicle,2.5,4,X,10.7,252,AS,6
2016,Ford,Special purpose vehicle,2.5,4,X,10.7,252,AS,6
2016,Ford,Special purpose vehicle,2.5,4,E,14.6,240,AS,6
2016,GMC,Sport utility vehicle: Standard,3.6,6,X,13.4,315,A,6
2016,GMC,Sport utility vehicle: Standard,3.6,6,X,13.7,323,A,6
2016,GMC,Pickup truck: Small,2.5,4,X,10.5,247,A,6
2016,GMC,Pickup truck: Small,2.5,4,X,10.8,253,M,6
2016,GMC,Pickup truck: Small,2.8,4,D,9.4,252,A,6
2016,GMC,Pickup truck: Small,3.6,6,X,11.3,265,A,6
2016,GMC,Pickup truck: Small,2.5,4,X,11.3,265,A,6
2016,GMC,Pickup truck: Small,2.8,4,D,10.3,277,A,6
2016,GMC,Pickup truck: Small,3.6,6,X,11.9,279,A,6
2016,GMC,Van: Passenger,6.0,8,X,18.8,441,A,6
2016,GMC,Van: Passenger,6.0,8,X,19.8,465,A,6
2016,GMC,Pickup truck: Standard,4.3,6,X,11.9,280,A,6
2016,GMC,Pickup truck: Standard,4.3,6,E,17.1,284,A,6
2016,GMC,Pickup truck: Standard,5.3,8,X,12.7,298,A,6
2016,GMC,Pickup truck: Standard,5.3,8,X,12.7,298,A,6
2016,GMC,Pickup truck: Standard,5.3,8,E,17.2,286,A,6
2016,GMC,Pickup truck: Standard,6.2,8,Z,14.0,327,A,8
2016,GMC,Pickup truck: Standard,4.3,6,X,12.6,296,A,6
2016,GMC,Pickup truck: Standard,4.3,6,E,18.1,301,A,6
2016,GMC,Pickup truck: Standard,5.3,8,X,13.1,307,A,6
2016,GMC,Pickup truck: Standard,5.3,8,X,13.1,306,A,6
2016,GMC,Pickup truck: Standard,5.3,8,E,17.8,295,A,6
2016,GMC,Pickup truck: Standard,5.3,8,X,13.0,304,A,8
2016,GMC,Pickup truck: Standard,6.2,8,Z,14.2,332,A,8
2016,GMC,Sport utility vehicle: Small,2.4,4,X,9.1,214,A,6
2016,GMC,Sport utility vehicle: Small,2.4,4,X,9.1,214,A,6
2016,GMC,Sport utility vehicle: Small,2.4,4,E,13.4,221,A,6
2016,GMC,Sport utility vehicle: Small,3.6,6,X,12.1,285,A,6
2016,GMC,Sport utility vehicle: Small,2.4,4,X,10.0,235,A,6
2016,GMC,Sport utility vehicle: Small,3.6,6,X,12.8,300,A,6
2016,GMC,Sport utility vehicle: Standard,5.3,8,X,13.0,304,A,6
2016,GMC,Sport utility vehicle: Standard,5.3,8,X,13.0,304,A,6
2016,GMC,Sport utility vehicle: Standard,5.3,8,E,17.6,288,A,6
2016,GMC,Sport utility vehicle: Standard,5.3,8,X,13.2,310,A,6
2016,GMC,Sport utility vehicle: Standard,5.3,8,X,13.2,310,A,6
2016,GMC,Sport utility vehicle: Standard,5.3,8,E,18.0,300,A,6
2016,GMC,Sport utility vehicle: Standard,6.2,8,Z,13.8,323,A,8
2016,GMC,Sport utility vehicle: Standard,5.3,8,X,13.0,304,A,6
2016,GMC,Sport utility vehicle: Standard,5.3,8,X,13.0,304,A,6
2016,GMC,Sport utility vehicle: Standard,5.3,8,E,17.6,288,A,6
2016,GMC,Sport utility vehicle: Standard,5.3,8,X,13.3,312,A,6
2016,GMC,Sport utility vehicle: Standard,5.3,8,X,13.3,312,A,6
2016,GMC,Sport utility vehicle: Standard,5.3,8,E,19.1,317,A,6
2016,GMC,Sport utility vehicle: Standard,6.2,8,Z,14.3,334,A,8
2016,Honda,Mid-size,2.4,4,X,8.9,207,M,6
2016,Honda,Mid-size,3.5,6,X,9.5,223,AS,6
2016,Honda,Mid-size,3.5,6,X,10.9,253,M,6
2016,Honda,Mid-size,2.4,4,X,7.6,177,AV,0
2016,Honda,Mid-size,3.5,6,X,9.4,219,A,6
2016,Honda,Mid-size,2.4,4,X,8.0,187,AV,7
2016,Honda,Compact,1.5,4,X,6.7,155,AV,0
2016,Honda,Compact,2.0,4,X,6.9,162,AV,0
2016,Honda,Compact,2.0,4,X,7.7,179,M,6
2016,Honda,Mid-size,1.5,4,X,6.7,157,AV,0
2016,Honda,Mid-size,2.0,4,X,6.9,162,AV,0
2016,Honda,Mid-size,2.0,4,X,7.5,176,M,6
2016,Honda,Sport utility vehicle: Small,2.4,4,X,7.9,186,AV,0
2016,Honda,Sport utility vehicle: Small,2.4,4,X,8.6,202,AV,0
2016,Honda,Two-seater,1.5,4,X,6.8,157,AV,7
2016,Honda,Two-seater,1.5,4,X,7.3,169,M,6
2016,Honda,Station wagon: Small,1.5,4,X,6.4,150,AV,0
2016,Honda,Station wagon: Small,1.5,4,X,6.8,158,AV,7
2016,Honda,Station wagon: Small,1.5,4,X,7.3,171,M,6
2016,Honda,Sport utility vehicle: Small,1.8,4,X,7.6,177,AV,0
2016,Honda,Sport utility vehicle: Small,1.8,4,X,7.6,177,AV,7
2016,Honda,Sport utility vehicle: Small,1.8,4,X,8.3,193,M,6
2016,Honda,Sport utility vehicle: Small,1.8,4,X,8.1,190,AV,0
2016,Honda,Sport utility vehicle: Small,1.8,4,X,8.1,190,AV,7
2016,Honda,Minivan,3.5,6,X,10.6,250,A,6
2016,Honda,Sport utility vehicle: Small,3.5,6,X,10.8,253,A,6
2016,Honda,Sport utility vehicle: Small,3.5,6,X,11.3,265,A,6
2016,Honda,Sport utility vehicle: Small,3.5,6,X,11.0,257,AS,9
2016,Hyundai,Compact,1.6,4,X,7.7,179,AS,6
2016,Hyundai,Compact,1.6,4,X,7.6,176,M,6
2016,Hyundai,Mid-size,1.8,4,X,7.5,176,AS,6
2016,Hyundai,Mid-size,1.8,4,X,7.7,180,M,6
2016,Hyundai,Mid-size,2.0,4,X,8.3,194,AS,6
2016,Hyundai,Mid-size,2.0,4,X,8.5,198,M,6
2016,Hyundai,Mid-size,2.0,4,X,8.6,203,AS,6
2016,Hyundai,Mid-size,2.0,4,X,8.6,202,M,6
2016,Hyundai,Full-size,5.0,8,Z,13.3,312,AS,8
2016,Hyundai,Full-size,3.8,6,X,12.1,285,AS,8
2016,Hyundai,Full-size,5.0,8,Z,14.2,332,AS,8
2016,Hyundai,Subcompact,3.8,6,Z,12.2,284,AS,8
2016,Hyundai,Subcompact,3.8,6,Z,12.1,283,M,6
2016,Hyundai,Sport utility vehicle: Small,3.3,6,X,11.3,265,AS,6
2016,Hyundai,Sport utility vehicle: Small,3.3,6,X,11.5,269,AS,6
2016,Hyundai,Sport utility vehicle: Small,3.3,6,X,12.5,295,AS,6
2016,Hyundai,Sport utility vehicle: Small,2.4,4,X,10.3,239,AS,6
2016,Hyundai,Sport utility vehicle: Small,2.0,4,X,11.5,266,AS,6
2016,Hyundai,Sport utility vehicle: Small,2.4,4,X,11.1,257,AS,6
2016,Hyundai,Full-size,2.0,4,X,9.1,214,AS,6
2016,Hyundai,Full-size,2.4,4,X,8.1,191,AS,6
2016,Hyundai,Full-size,2.4,4,X,8.6,204,AS,6
2016,Hyundai,Mid-size,2.0,4,X,5.6,133,AM,6
2016,Hyundai,Mid-size,2.0,4,X,5.8,136,AM,6
2016,Hyundai,Sport utility vehicle: Small,2.0,4,X,9.0,211,AS,6
2016,Hyundai,Sport utility vehicle: Small,1.6,4,X,9.2,219,AM,7
2016,Hyundai,Sport utility vehicle: Small,2.0,4,X,10.1,240,AS,6
2016,Hyundai,Compact,1.6,4,X,7.5,177,AM,6
2016,Hyundai,Compact,1.6,4,X,7.8,186,M,6
2016,Hyundai,Compact,1.6,4,X,8.1,191,AM,6
2016,Hyundai,Compact,1.6,4,X,8.3,197,M,6
2016,Infiniti,Mid-size,2.0,4,Z,9.1,214,AS,7
2016,Infiniti,Mid-size,3.0,6,Z,10.3,242,AS,7
2016,Infiniti,Mid-size,2.0,4,Z,9.6,226,AS,7
2016,Infiniti,Mid-size,3.0,6,Z,10.6,249,AS,7
2016,Infiniti,Compact,3.5,6,Z,7.7,181,AS,7
2016,Infiniti,Compact,3.5,6,Z,8.2,193,AS,7
2016,Infiniti,Mid-size,3.0,6,Z,11.1,262,AS,7
2016,Infiniti,Mid-size,3.0,6,Z,10.5,247,AS,7
2016,Infiniti,Mid-size,3.0,6,Z,10.8,256,AS,7
2016,Infiniti,Mid-size,3.7,6,Z,11.6,274,AS,7
2016,Infiniti,Mid-size,5.6,8,Z,12.8,300,AS,7
2016,Infiniti,Mid-size,3.5,6,Z,7.5,177,AS,7
2016,Infiniti,Station wagon: Small,3.7,6,Z,11.9,279,AS,7
2016,Infiniti,Sport utility vehicle: Small,3.5,6,Z,10.3,242,AV,7
2016,Infiniti,Sport utility vehicle: Small,3.5,6,Z,10.7,252,AV,7
2016,Infiniti,Sport utility vehicle: Standard,2.5,4,X,8.7,204,AV,7
2016,Infiniti,Sport utility vehicle: Small,3.7,6,Z,12.8,301,AS,7
2016,Infiniti,Sport utility vehicle: Standard,5.6,8,Z,15.1,354,AS,7
2016,Jaguar,Two-seater,3.0,6,Z,10.5,246,AS,8
2016,Jaguar,Two-seater,3.0,6,Z,12.6,296,M,6
2016,Jaguar,Two-seater,3.0,6,Z,10.5,246,AS,8
2016,Jaguar,Two-seater,3.0,6,Z,12.6,296,M,6
2016,Jaguar,Two-seater,5.0,8,Z,12.8,302,AS,8
2016,Jaguar,Two-seater,5.0,8,Z,13.3,311,AS,8
2016,Jaguar,Two-seater,5.0,8,Z,13.3,311,AS,6
2016,Jaguar,Two-seater,3.0,6,Z,10.8,254,AS,8
2016,Jaguar,Two-seater,3.0,6,Z,12.9,302,M,6
2016,Jaguar,Two-seater,3.0,6,Z,11.3,264,AS,8
2016,Jaguar,Two-seater,3.0,6,Z,10.8,254,AS,8
2016,Jaguar,Two-seater,3.0,6,Z,12.9,302,M,6
2016,Jaguar,Two-seater,3.0,6,Z,11.3,264,AS,8
2016,Jaguar,Mid-size,3.0,6,Z,10.3,241,AS,8
2016,Jaguar,Full-size,3.0,6,Z,11.7,275,AS,8
2016,Jaguar,Full-size,3.0,6,Z,11.9,279,AS,8
2016,Jaguar,Full-size,5.0,8,Z,13.3,313,AS,8
2016,Jaguar,Full-size,5.0,8,Z,13.3,313,AS,8
2016,Jeep,Sport utility vehicle: Small,2.4,4,X,9.5,223,A,9
2016,Jeep,Sport utility vehicle: Small,2.4,4,X,9.5,223,A,9
2016,Jeep,Sport utility vehicle: Small,2.4,4,E,12.9,213,A,9
2016,Jeep,Sport utility vehicle: Small,3.2,6,X,9.9,233,A,9
2016,Jeep,Sport utility vehicle: Small,2.4,4,X,10.0,233,A,9
2016,Jeep,Sport utility vehicle: Small,2.4,4,X,10.0,233,A,9
2016,Jeep,Sport utility vehicle: Small,2.4,4,E,13.7,226,A,9
2016,Jeep,Sport utility vehicle: Small,3.2,6,X,10.2,240,A,9
2016,Jeep,Sport utility vehicle: Small,2.4,4,X,10.1,238,A,9
2016,Jeep,Sport utility vehicle: Small,3.2,6,X,10.9,256,A,9
2016,Jeep,Sport utility vehicle: Small,2.4,4,X,10.9,255,A,9
2016,Jeep,Sport utility vehicle: Small,3.2,6,X,10.8,253,A,9
2016,Jeep,Sport utility vehicle: Small,2.0,4,X,10.0,234,AV,0
2016,Jeep,Sport utility vehicle: Small,2.0,4,X,9.2,214,M,5
2016,Jeep,Sport utility vehicle: Small,2.4,4,X,10.0,235,A,6
2016,Jeep,Sport utility vehicle: Small,2.4,4,X,9.3,218,M,5
2016,Jeep,Sport utility vehicle: Small,2.4,4,X,10.5,248,A,6
2016,Jeep,Sport utility vehicle: Small,2.4,4,X,9.7,228,M,5
2016,Jeep,Sport utility vehicle: Small,2.4,4,X,11.1,259,AV,0
2016,Jeep,Sport utility vehicle: Standard,3.6,6,X,11.3,265,A,8
2016,Jeep,Sport utility vehicle: Standard,5.7,8,X,14.0,329,A,8
2016,Jeep,Sport utility vehicle: Standard,6.4,8,Z,15.8,370,A,8
2016,Jeep,Sport utility vehicle: Small,2.0,4,X,10.0,234,AV,0
2016,Jeep,Sport utility vehicle: Small,2.0,4,X,9.2,214,M,5
2016,Jeep,Sport utility vehicle: Small,2.4,4,X,10.0,235,A,6
2016,Jeep,Sport utility vehicle: Small,2.4,4,X,9.3,218,M,5
2016,Jeep,Sport utility vehicle: Small,2.4,4,X,10.5,248,A,6
2016,Jeep,Sport utility vehicle: Small,2.4,4,X,9.7,228,M,5
2016,Jeep,Sport utility vehicle: Small,2.4,4,X,11.1,259,AV,0
2016,Jeep,Sport utility vehicle: Small,1.4,4,X,8.8,207,M,6
2016,Jeep,Sport utility vehicle: Small,2.4,4,X,9.4,220,A,9
2016,Jeep,Sport utility vehicle: Small,2.4,4,E,12.2,201,A,9
2016,Jeep,Sport utility vehicle: Small,1.4,4,X,8.8,203,M,6
2016,Jeep,Sport utility vehicle: Small,2.4,4,X,9.8,229,A,9
2016,Jeep,Sport utility vehicle: Small,3.6,6,X,12.8,299,A,5
2016,Jeep,Sport utility vehicle: Small,3.6,6,X,12.8,299,M,6
2016,Jeep,Sport utility vehicle: Small,3.6,6,X,13.4,314,A,5
2016,Jeep,Sport utility vehicle: Small,3.6,6,X,13.4,312,M,6
2016,Kia,Full-size,3.3,6,X,10.7,251,AS,6
2016,Kia,Mid-size,1.8,4,X,7.6,179,AS,6
2016,Kia,Mid-size,1.8,4,X,7.9,186,M,6
2016,Kia,Mid-size,2.0,4,X,8.3,196,AS,6
2016,Kia,Mid-size,2.0,4,X,8.5,198,M,6
2016,Kia,Full-size,1.6,4,X,9.7,228,AS,6
2016,Kia,Full-size,1.6,4,X,9.8,227,M,6
2016,Kia,Full-size,2.0,4,X,8.5,199,AS,6
2016,Kia,Full-size,2.0,4,X,8.4,197,M,6
2016,Kia,Compact,1.6,4,X,9.4,218,AS,6
2016,Kia,Compact,1.6,4,X,9.6,222,M,6
2016,Kia,Compact,2.0,4,X,8.6,200,AS,6
2016,Kia,Compact,2.0,4,X,8.8,206,M,6
2016,Kia,Full-size,3.8,6,X,11.8,278,AS,8
2016,Kia,Full-size,5.0,8,X,13.4,318,AS,8
2016,Kia,Full-size,1.6,4,X,7.4,175,AM,7
2016,Kia,Full-size,2.0,4,X,9.3,222,AS,6
2016,Kia,Full-size,2.4,4,X,8.1,193,AS,6
2016,Kia,Mid-size,2.4,4,X,6.3,147,AM,6
2016,Kia,Mid-size,2.4,4,X,6.4,150,AM,6
2016,Kia,Compact,1.6,4,X,7.7,178,AS,6
2016,Kia,Compact,1.6,4,X,7.7,179,M,6
2016,Kia,Compact,1.6,4,X,7.6,175,AS,6
2016,Kia,Station wagon: Mid-size,2.0,4,X,9.0,214,AS,6
2016,Kia,Station wagon: Mid-size,2.0,4,X,9.3,220,M,6
2016,Kia,Minivan,3.3,6,X,11.6,275,AS,6
2016,Kia,Minivan,3.3,6,X,11.4,269,AS,6
2016,Kia,Minivan,3.3,6,X,12.5,296,AS,6
2016,Kia,Sport utility vehicle: Small,2.0,4,X,10.3,245,AS,6
2016,Kia,Sport utility vehicle: Small,2.4,4,X,9.8,233,AS,6
2016,Kia,Sport utility vehicle: Small,2.0,4,X,10.9,259,AS,6
2016,Kia,Sport utility vehicle: Small,2.4,4,X,10.4,245,AS,6
2016,Kia,Sport utility vehicle: Small,3.3,6,X,11.6,275,AS,6
2016,Kia,Station wagon: Small,1.6,4,X,8.9,206,AS,6
2016,Kia,Station wagon: Small,1.6,4,X,9.0,208,M,6
2016,Kia,Station wagon: Small,2.0,4,X,8.8,208,AS,6
2016,Kia,Station wagon: Small,2.0,4,X,8.8,208,AS,6
2016,Kia,Sport utility vehicle: Small,2.4,4,X,10.0,231,AS,6
2016,Kia,Sport utility vehicle: Small,2.4,4,X,11.3,261,M,6
2016,Kia,Sport utility vehicle: Small,2.0,4,X,11.3,261,AS,6
2016,Kia,Sport utility vehicle: Small,2.4,4,X,10.8,251,AS,6
2016,Lamborghini,Two-seater,6.5,12,Z,17.9,420,AM,7
2016,Lamborghini,Two-seater,6.5,12,Z,19.3,452,AM,7
2016,Lamborghini,Two-seater,5.2,10,Z,14.2,331,AM,7
2016,Lamborghini,Two-seater,5.2,10,Z,14.6,340,AM,7
2016,Land Rover,Sport utility vehicle: Small,2.0,4,Z,10.6,248,AS,9
2016,Land Rover,Sport utility vehicle: Standard,3.0,6,Z,14.3,336,AS,8
2016,Land Rover,Sport utility vehicle: Standard,3.0,6,Z,12.4,291,AS,8
2016,Land Rover,Sport utility vehicle: Standard,3.0,6,D,9.4,254,AS,8
2016,Land Rover,Sport utility vehicle: Standard,5.0,8,Z,15.1,356,AS,8
2016,Land Rover,Sport utility vehicle: Standard,5.0,8,Z,15.1,356,AS,8
2016,Land Rover,Sport utility vehicle: Standard,3.0,6,Z,12.4,291,AS,8
2016,Land Rover,Sport utility vehicle: Standard,3.0,6,D,9.4,254,AS,8
2016,Land Rover,Sport utility vehicle: Standard,5.0,8,Z,14.7,344,AS,8
2016,Land Rover,Sport utility vehicle: Small,2.0,4,Z,9.7,229,AS,9
2016,Lexus,Compact,1.8,4,X,5.7,132,AV,0
2016,Lexus,Mid-size,2.5,4,X,5.9,139,AV,6
2016,Lexus,Mid-size,3.5,6,X,9.7,225,AS,6
2016,Lexus,Mid-size,2.0,4,Z,9.0,212,AS,8
2016,Lexus,Mid-size,2.0,4,Z,9.7,227,AS,8
2016,Lexus,Mid-size,3.5,6,Z,10.2,237,AS,8
2016,Lexus,Mid-size,3.5,6,Z,10.9,254,AS,6
2016,Lexus,Mid-size,3.5,6,Z,10.7,251,AS,8
2016,Lexus,Mid-size,3.5,6,Z,7.6,177,AV,8
2016,Lexus,Compact,5.0,8,Z,12.5,293,AS,8
2016,Lexus,Sport utility vehicle: Standard,4.6,8,Z,13.9,322,AS,6
2016,Lexus,Compact,2.0,4,Z,9.0,212,AS,8
2016,Lexus,Compact,3.5,6,Z,11.1,258,AS,6
2016,Lexus,Compact,3.5,6,Z,10.6,246,AS,8
2016,Lexus,Compact,3.5,6,Z,11.1,258,AS,6
2016,Lexus,Mid-size,4.6,8,Z,12.3,286,AS,8
2016,Lexus,Mid-size,4.6,8,Z,12.9,303,AS,8
2016,Lexus,Mid-size,4.6,8,Z,12.9,303,AS,8
2016,Lexus,Mid-size,5.0,8,Z,11.5,268,AV,8
2016,Lexus,Sport utility vehicle: Standard,5.7,8,Z,15.9,371,AS,8
2016,Lexus,Sport utility vehicle: Small,2.0,4,Z,9.6,225,AS,6
2016,Lexus,Sport utility vehicle: Small,2.0,4,Z,9.9,231,AS,6
2016,Lexus,Sport utility vehicle: Small,2.5,4,X,7.4,172,AV,6
2016,Lexus,Subcompact,2.0,4,Z,9.0,214,AS,8
2016,Lexus,Subcompact,3.5,6,Z,11.1,258,AS,6
2016,Lexus,Subcompact,3.5,6,Z,10.6,246,AS,8
2016,Lexus,Subcompact,3.5,6,Z,11.1,258,AS,6
2016,Lexus,Subcompact,5.0,8,Z,12.6,289,AS,8
2016,Lexus,Sport utility vehicle: Small,3.5,6,X,10.7,251,AS,8
2016,Lexus,Sport utility vehicle: Standard,3.5,6,Z,8.0,186,AV,6
2016,Lincoln,Sport utility vehicle: Small,2.0,4,X,10.9,256,AS,6
2016,Lincoln,Sport utility vehicle: Small,2.3,4,X,11.1,261,AS,6
2016,Lincoln,Full-size,3.5,6,X,12.5,293,AS,6
2016,Lincoln,Full-size,3.7,6,X,12.2,287,AS,6
2016,Lincoln,Sport utility vehicle: Standard,3.5,6,X,13.7,322,AS,6
2016,Lincoln,Special purpose vehicle,2.0,4,X,11.4,268,AS,6
2016,Lincoln,Special purpose vehicle,3.7,6,X,12.7,298,A,6
2016,Lincoln,Sport utility vehicle: Small,2.7,6,X,12.1,283,AS,6
2016,Lincoln,Sport utility vehicle: Small,3.7,6,X,12.5,293,AS,6
2016,Lincoln,Mid-size,2.0,4,X,8.9,210,AS,6
2016,Lincoln,Mid-size,3.7,6,X,10.9,257,AS,6
2016,Lincoln,Mid-size,2.0,4,X,9.3,220,AS,6
2016,Lincoln,Mid-size,3.7,6,X,11.9,279,AS,6
2016,Lincoln,Mid-size,2.0,4,X,5.8,136,AV,0
2016,Lincoln,Sport utility vehicle: Standard,3.5,6,X,14.3,334,AS,6
2016,Lincoln,Sport utility vehicle: Standard,3.5,6,X,14.4,339,AS,6
2016,Maserati,Mid-size,3.0,6,Z,12.2,286,AS,8
2016,Maserati,Mid-size,3.0,6,Z,12.5,293,AS,8
2016,Maserati,Mid-size,3.0,6,Z,12.6,295,AS,8
2016,Maserati,Subcompact,4.7,8,Z,15.1,357,AS,6
2016,Maserati,Subcompact,4.7,8,Z,15.2,360,AS,6
2016,Maserati,Full-size,3.0,6,Z,12.9,300,AS,8
2016,Maserati,Full-size,3.0,6,Z,12.9,302,AS,8
2016,Maserati,Full-size,3.8,8,Z,14.0,322,AS,8
2016,Mazda,Compact,2.0,4,X,7.6,179,AS,6
2016,Mazda,Compact,2.0,4,X,8.1,189,AS,6
2016,Mazda,Sport utility vehicle: Small,2.0,4,X,8.2,192,AS,6
2016,Mazda,Sport utility vehicle: Small,2.0,4,X,8.0,188,M,6
2016,Mazda,Sport utility vehicle: Small,2.5,4,X,8.1,190,AS,6
2016,Mazda,Sport utility vehicle: Small,2.0,4,X,8.5,199,AS,6
2016,Mazda,Sport utility vehicle: Small,2.5,4,X,9.0,210,AS,6
2016,Mazda,Compact,2.0,4,X,6.9,162,AS,6
2016,Mazda,Compact,2.0,4,X,7.0,165,M,6
2016,Mazda,Compact,2.5,4,X,7.4,173,AS,6
2016,Mazda,Compact,2.5,4,X,7.2,169,AS,6
2016,Mazda,Compact,2.5,4,X,8.0,189,M,6
2016,Mazda,Mid-size,2.0,4,X,7.0,165,AS,6
2016,Mazda,Mid-size,2.0,4,X,7.1,167,M,6
2016,Mazda,Mid-size,2.5,4,X,7.7,182,AS,6
2016,Mazda,Mid-size,2.5,4,X,7.2,170,AS,6
2016,Mazda,Mid-size,2.5,4,X,8.1,190,M,6
2016,Mazda,Minivan,2.5,4,X,9.7,226,AS,5
2016,Mazda,Minivan,2.5,4,X,9.8,229,M,6
2016,Mazda,Mid-size,2.5,4,X,7.6,178,AS,6
2016,Mazda,Mid-size,2.5,4,X,7.3,171,AS,6
2016,Mazda,Mid-size,2.5,4,X,8.1,188,M,6
2016,Mazda,Two-seater,2.0,4,Z,7.8,183,AS,6
2016,Mazda,Two-seater,2.0,4,Z,7.8,183,M,6
2016,Mercedes-Benz,Compact,4.0,8,Z,11.7,268,AS,7
2016,Mercedes-Benz,Compact,4.0,8,Z,11.7,268,AS,7
2016,Mercedes-Benz,Compact,2.0,4,Z,9.1,214,AS,7
2016,Mercedes-Benz,Compact,5.5,8,Z,13.1,308,AS,7
2016,Mercedes-Benz,Mid-size,5.5,8,Z,13.3,310,AS,7
2016,Mercedes-Benz,Station wagon: Mid-size,5.5,8,Z,13.3,310,AS,7
2016,Mercedes-Benz,Sport utility vehicle: Standard,5.5,8,Z,18.5,417,AS,7
2016,Mercedes-Benz,Sport utility vehicle: Standard,6.0,12,Z,21.4,476,AS,7
2016,Mercedes-Benz,Sport utility vehicle: Standard,5.5,8,Z,16.3,369,AS,7
2016,Mercedes-Benz,Sport utility vehicle: Small,2.0,4,Z,9.3,216,AS,7
2016,Mercedes-Benz,Sport utility vehicle: Standard,5.5,8,Z,15.6,366,AS,7
2016,Mercedes-Benz,Sport utility vehicle: Standard,5.5,8,Z,15.2,363,AS,7
2016,Mercedes-Benz,Two-seater,4.0,8,Z,12.8,303,AM,7
2016,Mercedes-Benz,Full-size,5.5,8,Z,13.2,313,AS,7
2016,Mercedes-Benz,Compact,5.5,8,Z,13.0,313,AS,7
2016,Mercedes-Benz,Full-size,6.0,12,Z,15.5,361,AS,7
2016,Mercedes-Benz,Compact,6.0,12,Z,15.0,355,AS,7
2016,Mercedes-Benz,Two-seater,5.5,8,Z,12.4,298,AS,7
2016,Mercedes-Benz,Two-seater,6.0,12,Z,14.2,335,AS,7
2016,Mercedes-Benz,Two-seater,5.5,8,Z,10.6,252,AS,7
2016,Mercedes-Benz,Mid-size,2.0,4,Z,8.0,188,AS,7
2016,Mercedes-Benz,Mid-size,2.0,4,Z,8.9,206,AS,7
2016,Mercedes-Benz,Compact,2.0,4,Z,9.0,212,AS,7
2016,Mercedes-Benz,Compact,3.0,6,Z,10.4,231,AS,7
2016,Mercedes-Benz,Compact,2.0,4,Z,8.1,188,AS,7
2016,Mercedes-Benz,Compact,2.0,4,Z,8.6,198,AS,7
2016,Mercedes-Benz,Compact,2.0,4,E,11.6,198,AS,7
2016,Mercedes-Benz,Compact,3.0,6,Z,10.7,252,AS,7
2016,Mercedes-Benz,Compact,4.7,8,Z,11.7,277,AS,7
2016,Mercedes-Benz,Mid-size,2.1,4,D,7.4,200,AS,7
2016,Mercedes-Benz,Mid-size,3.5,6,Z,10.2,240,AS,7
2016,Mercedes-Benz,Mid-size,3.0,6,Z,10.4,244,AS,7
2016,Mercedes-Benz,Subcompact,3.0,6,Z,10.2,239,AS,7
2016,Mercedes-Benz,Station wagon: Mid-size,3.0,6,Z,10.8,253,AS,7
2016,Mercedes-Benz,Subcompact,3.0,6,Z,10.0,233,AS,7
2016,Mercedes-Benz,Mid-size,4.7,8,Z,11.4,270,AS,7
2016,Mercedes-Benz,Subcompact,4.7,8,Z,11.7,275,AS,7
2016,Mercedes-Benz,Subcompact,4.7,8,Z,11.4,268,AS,7
2016,Mercedes-Benz,Sport utility vehicle: Standard,5.5,8,Z,17.9,401,AS,7
2016,Mercedes-Benz,Sport utility vehicle: Standard,3.0,6,D,12.0,322,AS,7
2016,Mercedes-Benz,Sport utility vehicle: Standard,3.0,6,Z,14.0,298,AS,7
2016,Mercedes-Benz,Sport utility vehicle: Standard,4.7,8,Z,15.5,365,AS,7
2016,Mercedes-Benz,Sport utility vehicle: Small,2.0,4,Z,8.7,203,AS,7
2016,Mercedes-Benz,Sport utility vehicle: Standard,3.0,6,D,9.2,246,A,9
2016,Mercedes-Benz,Sport utility vehicle: Standard,3.0,6,D,9.4,253,A,9
2016,Mercedes-Benz,Sport utility vehicle: Standard,3.0,6,Z,12.0,282,AS,7
2016,Mercedes-Benz,Sport utility vehicle: Standard,3.0,6,Z,12.0,281,A,9
2016,Mercedes-Benz,Sport utility vehicle: Standard,4.7,8,Z,14.2,335,AS,7
2016,Mercedes-Benz,Full-size,6.0,12,Z,15.3,359,AS,7
2016,Mercedes-Benz,Special purpose vehicle,2.0,4,Z,10.2,233,AS,7
2016,Mercedes-Benz,Special purpose vehicle,2.0,4,Z,10.9,248,AS,7
2016,Mercedes-Benz,Mid-size,3.0,6,Z,10.8,253,AS,7
2016,Mercedes-Benz,Mid-size,4.7,8,Z,12.2,294,AS,7
2016,Mercedes-Benz,Full-size,4.7,8,Z,12.5,287,AS,7
2016,Mercedes-Benz,Compact,4.7,8,Z,12.3,289,AS,7
2016,Mercedes-Benz,Full-size,6.0,12,Z,14.5,340,AS,7
2016,Mercedes-Benz,Two-seater,4.7,8,Z,12.3,289,AS,7
2016,Mercedes-Benz,Two-seater,2.0,4,Z,8.5,199,A,9
2016,Mercedes-Benz,Two-seater,3.5,6,Z,9.8,229,AS,7
2016,MINI,Subcompact,1.5,3,Z,7.7,181,AS,6
2016,MINI,Subcompact,1.5,3,Z,7.3,172,M,6
2016,MINI,Subcompact,1.5,3,Z,7.7,181,AS,6
2016,MINI,Subcompact,1.5,3,Z,7.2,170,M,6
2016,MINI,Mid-size,1.5,3,Z,8.3,195,AS,6
2016,MINI,Mid-size,1.5,3,Z,8.2,194,M,6
2016,MINI,Minicompact,1.5,3,Z,7.7,181,AS,6
2016,MINI,Minicompact,1.5,3,Z,7.2,170,M,6
2016,MINI,Subcompact,2.0,4,Z,8.2,193,AS,6
2016,MINI,Subcompact,2.0,4,Z,8.7,203,M,6
2016,MINI,Subcompact,2.0,4,Z,8.2,193,AS,6
2016,MINI,Subcompact,2.0,4,Z,8.7,203,M,6
2016,MINI,Mid-size,2.0,4,Z,8.5,198,AS,6
2016,MINI,Mid-size,2.0,4,Z,9.2,215,M,6
2016,MINI,Minicompact,2.0,4,Z,8.5,198,AS,6
2016,MINI,Minicompact,2.0,4,Z,8.7,203,M,6
2016,MINI,Compact,1.6,4,Z,9.0,212,AS,6
2016,MINI,Compact,1.6,4,Z,8.6,201,M,6
2016,MINI,Compact,1.6,4,Z,9.0,212,AS,6
2016,MINI,Compact,1.6,4,Z,8.6,201,M,6
2016,MINI,Subcompact,2.0,4,Z,8.5,199,AS,6
2016,MINI,Subcompact,2.0,4,Z,9.2,214,M,6
2016,MINI,Compact,1.6,4,Z,9.0,212,AS,6
2016,MINI,Compact,1.6,4,Z,8.6,201,M,6
2016,MINI,Compact,1.6,4,Z,9.0,212,AS,6
2016,MINI,Compact,1.6,4,Z,8.6,201,M,6
2016,Mitsubishi,Compact,2.0,4,X,7.8,181,AV,6
2016,Mitsubishi,Compact,2.0,4,X,8.4,198,M,5
2016,Mitsubishi,Compact,2.4,4,X,8.8,204,AV,6
2016,Mitsubishi,Compact,2.4,4,X,9.2,217,M,5
2016,Mitsubishi,Compact,2.4,4,X,9.1,210,AV,6
2016,Mitsubishi,Station wagon: Small,2.0,4,X,8.3,191,AV,6
2016,Mitsubishi,Station wagon: Small,2.0,4,X,8.7,203,M,5
2016,Mitsubishi,Compact,1.2,3,X,5.9,139,AV,0
2016,Mitsubishi,Compact,1.2,3,X,6.3,147,M,5
2016,Mitsubishi,Sport utility vehicle: Small,2.4,4,X,8.4,193,AV,6
2016,Mitsubishi,Sport utility vehicle: Small,2.4,4,X,9.0,207,AV,6
2016,Mitsubishi,Sport utility vehicle: Small,3.0,6,Z,10.4,238,AS,6
2016,Mitsubishi,Sport utility vehicle: Small,2.0,4,X,8.7,202,AV,6
2016,Mitsubishi,Sport utility vehicle: Small,2.0,4,X,9.3,214,M,5
2016,Mitsubishi,Sport utility vehicle: Small,2.4,4,X,9.6,223,AV,6
2016,Nissan,Two-seater,3.7,6,Z,11.1,260,AS,7
2016,Nissan,Two-seater,3.7,6,Z,11.5,269,M,6
2016,Nissan,Two-seater,3.7,6,Z,11.5,270,AS,7
2016,Nissan,Two-seater,3.7,6,Z,11.8,278,M,6
2016,Nissan,Mid-size,2.5,4,X,7.5,176,AV,0
2016,Nissan,Mid-size,2.5,4,X,7.7,181,AV,7
2016,Nissan,Mid-size,3.5,6,X,9.0,212,AV,7
2016,Nissan,Pickup truck: Small,2.5,4,X,12.1,285,A,5
2016,Nissan,Pickup truck: Small,2.5,4,X,11.3,266,M,5
2016,Nissan,Pickup truck: Small,4.0,6,X,12.7,300,A,5
2016,Nissan,Pickup truck: Small,4.0,6,X,13.7,322,A,5
2016,Nissan,Pickup truck: Small,4.0,6,X,13.3,313,M,6
2016,Nissan,Subcompact,3.8,6,Z,12.6,294,AM,6
2016,Nissan,Station wagon: Small,1.6,4,Z,7.9,186,AV,7
2016,Nissan,Station wagon: Small,1.6,4,Z,7.8,183,M,6
2016,Nissan,Station wagon: Small,1.6,4,Z,8.2,194,AV,7
2016,Nissan,Station wagon: Small,1.6,4,Z,8.3,194,M,6
2016,Nissan,Station wagon: Small,1.6,4,Z,8.8,208,AV,8
2016,Nissan,Mid-size,3.5,6,Z,9.5,223,AV,7
2016,Nissan,Compact,1.6,4,X,7.8,184,A,4
2016,Nissan,Compact,1.6,4,X,7.7,182,M,5
2016,Nissan,Station wagon: Mid-size,3.5,6,X,9.8,230,AV,7
2016,Nissan,Station wagon: Mid-size,3.5,6,X,9.9,232,AV,7
2016,Nissan,Special purpose vehicle,2.0,4,X,9.4,220,AV,0
2016,Nissan,Sport utility vehicle: Small,3.5,6,X,10.4,245,AV,0
2016,Nissan,Sport utility vehicle: Small,3.5,6,X,10.7,251,AV,0
2016,Nissan,Sport utility vehicle: Small,3.5,6,X,11.0,258,AV,0
2016,Nissan,Sport utility vehicle: Small,2.5,4,X,8.2,194,AV,0
2016,Nissan,Sport utility vehicle: Small,2.5,4,X,8.6,201,AV,0
2016,Nissan,Mid-size,1.8,4,X,7.2,167,AV,0
2016,Nissan,Mid-size,1.8,4,X,7.9,184,M,6
2016,Nissan,Mid-size,1.6,4,X,6.8,161,AV,0
2016,Nissan,Mid-size,1.6,4,X,7.6,179,M,5
2016,Porsche,Minicompact,3.4,6,Z,10.1,238,AM,7
2016,Porsche,Minicompact,3.4,6,Z,10.6,249,M,7
2016,Porsche,Minicompact,3.4,6,Z,10.2,240,AM,7
2016,Porsche,Minicompact,3.4,6,Z,10.7,251,M,7
2016,Porsche,Minicompact,3.4,6,Z,10.1,236,AM,7
2016,Porsche,Minicompact,3.4,6,Z,10.7,251,M,7
2016,Porsche,Minicompact,3.4,6,Z,10.5,246,AM,7
2016,Porsche,Minicompact,3.4,6,Z,10.9,257,M,7
2016,Porsche,Minicompact,3.8,6,Z,10.5,245,AM,7
2016,Porsche,Minicompact,3.8,6,Z,10.7,252,M,7
2016,Porsche,Minicompact,3.8,6,Z,10.7,251,AM,7
2016,Porsche,Minicompact,3.8,6,Z,11.0,258,M,7
2016,Porsche,Minicompact,3.8,6,Z,10.6,250,AM,7
2016,Porsche,Minicompact,3.8,6,Z,10.9,255,M,7
2016,Porsche,Minicompact,3.8,6,Z,11.0,257,AM,7
2016,Porsche,Minicompact,3.8,6,Z,11.2,262,M,7
2016,Porsche,Minicompact,3.8,6,Z,11.0,259,AM,7
2016,Porsche,Minicompact,3.8,6,Z,11.2,262,M,7
2016,Porsche,Minicompact,3.8,6,Z,11.1,260,AM,7
2016,Porsche,Minicompact,3.8,6,Z,11.3,265,M,7
2016,Porsche,Minicompact,3.8,6,Z,11.1,260,AM,7
2016,Porsche,Minicompact,3.8,6,Z,11.6,272,M,7
2016,Porsche,Minicompact,3.8,6,Z,11.4,268,AM,7
2016,Porsche,Minicompact,3.8,6,Z,11.6,272,M,7
2016,Porsche,Two-seater,3.8,6,Z,14.0,329,AM,7
2016,Porsche,Two-seater,4.0,6,Z,14.3,334,AM,7
2016,Porsche,Minicompact,3.4,6,Z,10.8,253,AM,7
2016,Porsche,Minicompact,3.4,6,Z,11.1,261,M,7
2016,Porsche,Minicompact,3.8,6,Z,11.2,260,AM,7
2016,Porsche,Minicompact,3.8,6,Z,11.4,267,M,7
2016,Porsche,Minicompact,3.8,6,Z,11.9,278,AM,7
2016,Porsche,Minicompact,3.8,6,Z,11.9,278,AM,7
2016,Porsche,Minicompact,3.8,6,Z,11.9,278,AM,7
2016,Porsche,Minicompact,3.8,6,Z,11.9,278,AM,7
2016,Porsche,Two-seater,2.7,6,Z,9.2,217,AM,7
2016,Porsche,Two-seater,2.7,6,Z,9.9,232,M,6
2016,Porsche,Two-seater,3.4,6,Z,9.8,230,AM,7
2016,Porsche,Two-seater,3.4,6,Z,10.4,245,M,6
2016,Porsche,Two-seater,3.4,6,Z,9.5,222,AM,7
2016,Porsche,Two-seater,3.4,6,Z,10.7,250,M,6
2016,Porsche,Two-seater,3.8,6,Z,11.6,272,M,6
2016,Porsche,Sport utility vehicle: Standard,3.0,6,D,9.8,270,A,8
2016,Porsche,Sport utility vehicle: Standard,3.6,6,Z,11.8,277,A,8
2016,Porsche,Sport utility vehicle: Standard,3.6,6,Z,12.2,286,A,8
2016,Porsche,Sport utility vehicle: Standard,3.6,6,Z,12.8,300,A,8
2016,Porsche,Sport utility vehicle: Standard,4.8,8,Z,14.2,334,A,8
2016,Porsche,Sport utility vehicle: Standard,4.8,8,Z,14.3,336,A,8
2016,Porsche,Two-seater,2.7,6,Z,9.2,217,AM,7
2016,Porsche,Two-seater,2.7,6,Z,9.9,232,M,6
2016,Porsche,Two-seater,3.4,6,Z,9.8,230,AM,7
2016,Porsche,Two-seater,3.4,6,Z,10.4,245,M,6
2016,Porsche,Two-seater,3.4,6,Z,9.5,222,AM,7
2016,Porsche,Two-seater,3.4,6,Z,10.7,250,M,6
2016,Porsche,Two-seater,3.8,6,Z,11.8,277,M,6
2016,Porsche,Sport utility vehicle: Small,3.0,6,Z,12.2,285,A,7
2016,Porsche,Sport utility vehicle: Small,3.6,6,Z,12.3,287,A,7
2016,Porsche,Full-size,3.6,6,Z,10.9,255,AM,7
2016,Porsche,Full-size,3.6,6,Z,11.1,262,AM,7
2016,Porsche,Full-size,3.0,6,Z,11.4,267,AM,7
2016,Porsche,Full-size,3.0,6,Z,11.4,267,AM,7
2016,Porsche,Full-size,3.0,6,Z,11.5,271,AM,7
2016,Porsche,Full-size,4.8,8,Z,12.7,298,AM,7
2016,Porsche,Full-size,4.8,8,Z,12.8,300,AM,7
2016,Porsche,Full-size,4.8,8,Z,12.9,303,AM,7
2016,Porsche,Full-size,4.8,8,Z,12.8,300,AM,7
2016,Porsche,Full-size,4.8,8,Z,12.9,303,AM,7
2016,Ram,Pickup truck: Standard,3.6,6,X,11.9,279,A,8
2016,Ram,Pickup truck: Standard,3.6,6,E,16.8,279,A,8
2016,Ram,Pickup truck: Standard,3.6,6,X,11.3,264,A,8
2016,Ram,Pickup truck: Standard,5.7,8,X,14.8,348,A,6
2016,Ram,Pickup truck: Standard,5.7,8,X,13.6,319,A,8
2016,Ram,Pickup truck: Standard,3.6,6,X,12.6,294,A,8
2016,Ram,Pickup truck: Standard,3.6,6,E,17.8,296,A,8
2016,Ram,Pickup truck: Standard,5.7,8,X,15.4,362,A,6
2016,Ram,Pickup truck: Standard,5.7,8,X,14.1,330,A,8
2016,Ram,Special purpose vehicle,2.4,4,X,9.8,231,A,9
2016,Rolls-Royce,Full-size,6.6,12,Z,16.1,373,AS,8
2016,Rolls-Royce,Full-size,6.6,12,Z,16.1,373,AS,8
2016,Rolls-Royce,Full-size,6.7,12,Z,17.2,403,AS,8
2016,Rolls-Royce,Full-size,6.7,12,Z,17.2,404,AS,8
2016,Rolls-Royce,Compact,6.7,12,Z,17.2,403,AS,8
2016,Rolls-Royce,Compact,6.7,12,Z,17.2,404,AS,8
2016,Rolls-Royce,Mid-size,6.6,12,Z,15.6,367,AS,8
2016,Scion,Minicompact,2.0,4,Z,8.4,197,AS,6
2016,Scion,Minicompact,2.0,4,Z,9.6,224,M,6
2016,Scion,Mid-size,1.8,4,X,7.4,173,AV,7
2016,Scion,Mid-size,1.8,4,X,7.7,180,M,6
2016,Scion,Compact,2.5,4,X,9.0,211,AS,6
2016,Scion,Compact,2.5,4,X,9.0,210,M,6
2016,smart,Two-seater,0.9,3,Z,6.9,157,AM,6
2016,smart,Two-seater,0.9,3,Z,6.9,157,AM,6
2016,Subaru,Minicompact,2.0,4,Z,8.4,197,AS,6
2016,Subaru,Minicompact,2.0,4,Z,9.6,224,M,6
2016,Subaru,Sport utility vehicle: Small,2.0,4,Z,9.4,222,AV,8
2016,Subaru,Sport utility vehicle: Small,2.5,4,X,8.7,204,AV,6
2016,Subaru,Sport utility vehicle: Small,2.5,4,X,9.6,227,M,6
2016,Subaru,Compact,2.0,4,X,7.6,177,AV,6
2016,Subaru,Compact,2.0,4,X,8.4,197,M,5
2016,Subaru,Station wagon: Small,2.0,4,X,7.6,177,AV,6
2016,Subaru,Station wagon: Small,2.0,4,X,8.4,197,M,5
2016,Subaru,Mid-size,2.5,4,X,7.9,185,AV,6
2016,Subaru,Mid-size,2.5,4,X,9.4,220,M,6
2016,Subaru,Mid-size,3.6,6,X,10.2,239,AV,6
2016,Subaru,Sport utility vehicle: Small,2.5,4,X,8.3,196,AV,6
2016,Subaru,Sport utility vehicle: Small,2.5,4,X,9.7,228,M,6
2016,Subaru,Sport utility vehicle: Small,3.6,6,X,10.5,246,AV,6
2016,Subaru,Compact,2.0,4,Z,11.2,254,AV,8
2016,Subaru,Compact,2.0,4,Z,10.0,233,M,6
2016,Subaru,Compact,2.5,4,Z,12.2,285,M,6
2016,Subaru,Sport utility vehicle: Small,2.0,4,X,8.1,191,AV,6
2016,Subaru,Sport utility vehicle: Small,2.0,4,X,9.1,214,M,5
2016,Subaru,Sport utility vehicle: Small,2.0,4,X,7.5,175,AV,6
2016,Toyota,Sport utility vehicle: Standard,4.0,6,X,12.8,298,AS,5
2016,Toyota,Sport utility vehicle: Standard,4.0,6,X,12.8,298,AS,5
2016,Toyota,Mid-size,3.5,6,X,9.7,225,AS,6
2016,Toyota,Mid-size,2.5,4,X,8.2,192,AS,6
2016,Toyota,Mid-size,3.5,6,X,9.5,222,AS,6
2016,Toyota,Mid-size,2.5,4,X,5.7,134,AV,0
2016,Toyota,Mid-size,2.5,4,X,5.9,137,AV,0
2016,Toyota,Mid-size,1.8,4,X,7.6,179,A,4
2016,Toyota,Mid-size,1.8,4,X,7.3,171,AV,0
2016,Toyota,Mid-size,1.8,4,X,6.8,160,AV,0
2016,Toyota,Mid-size,1.8,4,X,6.9,162,AV,0
2016,Toyota,Mid-size,1.8,4,X,7.1,166,AV,7
2016,Toyota,Mid-size,1.8,4,X,7.5,174,M,6
2016,Toyota,Sport utility vehicle: Small,3.5,6,X,11.1,260,AS,6
2016,Toyota,Sport utility vehicle: Standard,3.5,6,X,11.6,272,AS,6
2016,Toyota,Sport utility vehicle: Standard,3.5,6,X,8.5,198,AV,6
2016,Toyota,Sport utility vehicle: Standard,3.5,6,X,8.4,195,AV,6
2016,Toyota,Mid-size,1.8,4,X,4.5,104,AV,0
2016,Toyota,Compact,1.5,4,X,4.7,111,AV,0
2016,Toyota,Station wagon: Mid-size,1.8,4,X,5.6,131,AV,0
2016,Toyota,Sport utility vehicle: Small,2.5,4,X,9.0,212,AS,6
2016,Toyota,Sport utility vehicle: Small,2.5,4,X,8.9,208,AS,6
2016,Toyota,Sport utility vehicle: Small,2.5,4,X,9.5,220,AS,6
2016,Toyota,Sport utility vehicle: Small,2.5,4,X,9.4,220,AS,6
2016,Toyota,Sport utility vehicle: Small,2.5,4,X,7.2,169,AV,6
2016,Toyota,Sport utility vehicle: Standard,5.7,8,X,16.6,382,AS,6
2016,Toyota,Minivan,3.5,6,X,11.4,267,AS,6
2016,Toyota,Minivan,3.5,6,X,12.5,290,AS,6
2016,Toyota,Pickup truck: Small,2.7,4,X,11.1,261,AS,6
2016,Toyota,Pickup truck: Small,3.5,6,X,11.4,267,AS,6
2016,Toyota,Pickup truck: Small,2.7,4,X,11.7,274,AS,6
2016,Toyota,Pickup truck: Small,2.7,4,X,11.9,279,M,5
2016,Toyota,Pickup truck: Small,3.5,6,X,11.9,280,AS,6
2016,Toyota,Pickup truck: Small,3.5,6,X,12.5,292,M,6
2016,Toyota,Pickup truck: Small,3.5,6,X,12.9,300,M,6
2016,Toyota,Pickup truck: Standard,4.6,8,X,14.3,335,AS,6
2016,Toyota,Pickup truck: Standard,5.7,8,X,15.4,360,AS,6
2016,Toyota,Pickup truck: Standard,4.6,8,X,15.1,351,AS,6
2016,Toyota,Pickup truck: Standard,5.7,8,X,16.3,380,AS,6
2016,Toyota,Sport utility vehicle: Small,2.7,4,X,10.4,244,AS,6
2016,Toyota,Sport utility vehicle: Small,3.5,6,X,10.9,256,AS,6
2016,Toyota,Sport utility vehicle: Small,2.7,4,X,10.5,241,AS,6
2016,Toyota,Sport utility vehicle: Small,3.5,6,X,11.3,263,AS,6
2016,Toyota,Compact,1.5,4,X,6.4,151,AS,6
2016,Toyota,Compact,1.5,4,X,6.7,157,M,6
2016,Toyota,Compact,1.5,4,X,7.3,170,A,4
2016,Toyota,Compact,1.5,4,X,7.1,165,M,5
2016,Volkswagen,Compact,1.8,4,X,8.4,196,AS,6
2016,Volkswagen,Compact,1.8,4,X,8.4,196,M,5
2016,Volkswagen,Compact,1.8,4,X,8.7,203,AS,6
2016,Volkswagen,Subcompact,1.8,4,X,8.4,196,AS,6
2016,Volkswagen,Compact,2.0,4,Z,9.3,217,AM,6
2016,Volkswagen,Compact,1.8,4,X,8.1,189,AS,6
2016,Volkswagen,Compact,1.8,4,X,8.0,187,M,5
2016,Volkswagen,Compact,2.0,4,X,8.5,198,AM,6
2016,Volkswagen,Compact,2.0,4,X,8.3,193,M,6
2016,Volkswagen,Compact,2.0,4,Z,9.3,216,AM,6
2016,Volkswagen,Compact,2.0,4,Z,9.4,220,M,6
2016,Volkswagen,Station wagon: Small,1.8,4,X,8.2,193,AS,6
2016,Volkswagen,Station wagon: Small,1.8,4,X,8.2,192,M,5
2016,Volkswagen,Compact,1.4,4,X,7.3,173,AS,6
2016,Volkswagen,Compact,1.4,4,X,7.2,168,M,5
2016,Volkswagen,Compact,1.8,4,X,8.0,186,AS,6
2016,Volkswagen,Compact,1.8,4,X,8.1,189,M,5
2016,Volkswagen,Compact,2.0,4,X,8.6,201,AM,6
2016,Volkswagen,Compact,2.0,4,X,8.8,207,M,6
2016,Volkswagen,Compact,1.4,4,Z,5.3,124,AM,7
2016,Volkswagen,Mid-size,1.8,4,X,8.0,187,AS,6
2016,Volkswagen,Mid-size,1.8,4,X,8.1,189,M,6
2016,Volkswagen,Mid-size,3.6,6,X,10.4,243,AM,6
2016,Volkswagen,Sport utility vehicle: Small,2.0,4,Z,10.7,251,AS,6
2016,Volkswagen,Sport utility vehicle: Small,2.0,4,Z,11.2,259,M,6
2016,Volkswagen,Sport utility vehicle: Small,2.0,4,Z,10.6,248,AS,6
2016,Volkswagen,Sport utility vehicle: Standard,3.0,6,D,9.8,270,AS,8
2016,Volkswagen,Sport utility vehicle: Standard,3.6,6,X,12.4,292,AS,8
2016,Volvo,Compact,2.0,4,X,8.3,193,AS,8
2016,Volvo,Compact,2.5,5,X,10.1,233,AS,6
2016,Volvo,Compact,2.0,4,X,8.3,193,AS,8
2016,Volvo,Compact,2.5,5,X,10.1,233,AS,6
2016,Volvo,Compact,2.0,4,Z,9.3,218,AS,8
2016,Volvo,Compact,2.0,4,Z,9.9,231,AS,8
2016,Volvo,Compact,3.0,6,X,11.2,259,AS,6
2016,Volvo,Compact,3.0,6,X,11.2,259,AS,6
2016,Volvo,Compact,2.5,5,X,10.3,239,AS,6
2016,Volvo,Mid-size,2.0,4,X,8.3,193,AS,8
2016,Volvo,Station wagon: Small,2.0,4,X,8.3,193,AS,8
2016,Volvo,Station wagon: Small,2.5,5,X,10.1,233,AS,6
2016,Volvo,Station wagon: Small,2.0,4,Z,9.9,231,AS,8
2016,Volvo,Station wagon: Small,3.0,6,X,11.2,259,AS,6
2016,Volvo,Station wagon: Small,3.0,6,X,11.2,259,AS,6
2016,Volvo,Station wagon: Small,2.5,5,X,10.3,239,AS,6
2016,Volvo,Sport utility vehicle: Small,2.0,4,X,9.1,213,AS,8
2016,Volvo,Sport utility vehicle: Small,2.5,5,X,11.0,254,AS,6
2016,Volvo,Sport utility vehicle: Small,2.0,4,Z,9.7,226,AS,8
2016,Volvo,Sport utility vehicle: Small,2.0,4,Z,10.6,247,AS,8
2016,Volvo,Sport utility vehicle: Small,3.0,6,X,12.0,276,AS,6
2016,Volvo,Sport utility vehicle: Small,2.0,4,X,9.1,213,AS,8
2016,Volvo,Sport utility vehicle: Small,2.5,5,X,11.0,254,AS,6
2016,Volvo,Sport utility vehicle: Standard,2.0,4,Z,10.0,232,AS,8
2016,Volvo,Sport utility vehicle: Standard,2.0,4,Z,10.2,239,AS,8
2016,Volvo,Sport utility vehicle: Standard,2.0,4,Z,10.6,247,AS,8
2017,Acura,Compact,2.4,4,Z,8.2,192,AM,8
2017,Acura,Sport utility vehicle: Small,3.0,6,Z,9.0,210,AM,7
2017,Acura,Sport utility vehicle: Small,3.5,6,Z,11.0,259,AS,9
2017,Acura,Sport utility vehicle: Small,3.5,6,Z,10.7,251,AS,9
2017,Acura,Two-seater,3.5,6,Z,11.0,261,AM,9
2017,Acura,Sport utility vehicle: Small,3.5,6,Z,10.7,250,AS,6
2017,Acura,Mid-size,3.5,6,Z,8.1,190,AM,7
2017,Acura,Compact,2.4,4,Z,8.3,197,AM,8
2017,Acura,Compact,3.5,6,Z,9.6,226,AS,9
2017,Alfa Romeo,Two-seater,1.8,4,Z,8.4,197,AM,6
2017,Alfa Romeo,Two-seater,1.8,4,Z,8.4,197,AM,6
2017,Alfa Romeo,Mid-size,2.0,4,Z,8.7,205,A,8
2017,Alfa Romeo,Mid-size,2.0,4,Z,9.2,217,A,8
2017,Alfa Romeo,Mid-size,2.9,6,Z,11.9,280,A,8
2017,Aston Martin,Minicompact,5.2,12,Z,13.7,322,A,8
2017,Aston Martin,Subcompact,6.0,12,Z,14.1,331,A,8
2017,Aston Martin,Minicompact,6.0,12,Z,14.7,345,A,8
2017,Aston Martin,Two-seater,6.0,12,Z,16.4,388,AM,7
2017,Aston Martin,Two-seater,6.0,12,Z,19.2,450,M,7
2017,Audi,Subcompact,2.0,4,X,8.0,188,AM,7
2017,Audi,Subcompact,2.0,4,X,8.7,205,AM,6
2017,Audi,Subcompact,2.0,4,X,9.5,223,AM,6
2017,Audi,Compact,2.0,4,Z,7.6,177,AM,7
2017,Audi,Compact,2.0,4,Z,8.8,205,AM,7
2017,Audi,Compact,2.0,4,Z,8.6,204,M,6
2017,Audi,Station wagon: Small,2.0,4,Z,9.3,217,AM,7
2017,Audi,Subcompact,2.0,4,Z,9.7,226,AS,8
2017,Audi,Subcompact,2.0,4,Z,9.0,210,M,6
2017,Audi,Subcompact,2.0,4,Z,9.9,231,AS,8
2017,Audi,Mid-size,2.0,4,Z,9.4,220,AS,8
2017,Audi,Mid-size,3.0,6,Z,10.0,238,AS,8
2017,Audi,Mid-size,3.0,6,Z,10.0,238,AS,8
2017,Audi,Mid-size,3.0,6,Z,10.5,246,AS,8
2017,Audi,Mid-size,4.0,8,Z,10.7,249,AS,8
2017,Audi,Full-size,4.0,8,Z,10.9,255,AS,8
2017,Audi,Compact,2.0,4,Z,10.3,243,AS,6
2017,Audi,Compact,2.0,4,Z,10.3,241,AS,6
2017,Audi,Sport utility vehicle: Small,2.0,4,Z,10.5,246,AS,8
2017,Audi,Sport utility vehicle: Small,3.0,6,Z,11.4,267,AS,8
2017,Audi,Sport utility vehicle: Standard,2.0,4,Z,10.8,253,AS,8
2017,Audi,Sport utility vehicle: Standard,3.0,6,Z,11.1,260,AS,8
2017,Audi,Two-seater,5.2,10,Z,14.1,330,AM,7
2017,Audi,Two-seater,5.2,10,Z,14.1,330,AM,7
2017,Audi,Mid-size,4.0,8,Z,13.1,309,AS,8
2017,Audi,Subcompact,2.0,4,Z,9.9,232,AM,6
2017,Audi,Subcompact,3.0,6,Z,11.0,259,AM,7
2017,Audi,Subcompact,3.0,6,Z,11.7,273,M,6
2017,Audi,Subcompact,3.0,6,Z,11.4,266,AM,7
2017,Audi,Mid-size,4.0,8,Z,11.3,263,AM,7
2017,Audi,Mid-size,4.0,8,Z,11.4,265,AM,7
2017,Audi,Mid-size,4.0,8,Z,13.4,312,AS,8
2017,Audi,Sport utility vehicle: Small,3.0,6,Z,12.2,285,AS,8
2017,Audi,Subcompact,2.0,4,X,9.1,209,AM,6
2017,Audi,Two-seater,2.0,4,X,9.1,209,AM,6
2017,Audi,Subcompact,2.0,4,Z,9.5,222,AM,6
2017,Bentley,Sport utility vehicle: Standard,6.0,12,Z,15.9,370,AS,8
2017,Bentley,Compact,4.0,8,Z,13.1,307,AS,8
2017,Bentley,Compact,6.0,12,Z,15.4,360,AS,8
2017,Bentley,Subcompact,4.0,8,Z,14.4,337,AS,8
2017,Bentley,Subcompact,6.0,12,Z,16.0,375,AS,8
2017,Bentley,Mid-size,4.0,8,Z,13.8,321,AS,8
2017,Bentley,Mid-size,6.0,12,Z,16.0,375,AS,8
2017,Bentley,Mid-size,6.8,8,Z,17.5,407,AS,8
2017,Bentley,Mid-size,6.8,8,Z,18.3,430,AS,8
2017,BMW,Subcompact,2.0,4,Z,8.7,207,AS,8
2017,BMW,Subcompact,2.0,4,Z,9.1,213,AS,8
2017,BMW,Subcompact,2.0,4,Z,8.4,197,AS,8
2017,BMW,Subcompact,2.0,4,Z,9.4,219,M,6
2017,BMW,Subcompact,2.0,4,Z,9.0,210,AS,8
2017,BMW,Compact,2.0,4,Z,8.4,200,AS,8
2017,BMW,Compact,2.0,4,Z,8.6,202,M,6
2017,BMW,Compact,2.0,4,Z,8.8,206,AS,8
2017,BMW,Compact,2.0,4,D,7.0,189,AS,8
2017,BMW,Station wagon: Small,2.0,4,D,7.0,189,AS,8
2017,BMW,Compact,2.0,4,Z,9.1,213,AS,8
2017,BMW,Full-size,2.0,4,Z,9.1,213,AS,8
2017,BMW,Station wagon: Small,2.0,4,Z,9.1,213,AS,8
2017,BMW,Compact,3.0,6,Z,9.6,224,AS,8
2017,BMW,Compact,3.0,6,Z,10.4,242,M,6
2017,BMW,Compact,3.0,6,Z,9.8,228,AS,8
2017,BMW,Compact,3.0,6,Z,10.5,246,M,6
2017,BMW,Full-size,3.0,6,Z,10.2,238,AS,8
2017,BMW,Subcompact,2.0,4,Z,9.1,211,AS,8
2017,BMW,Compact,2.0,4,Z,9.1,213,AS,8
2017,BMW,Compact,2.0,4,Z,9.1,213,AS,8
2017,BMW,Subcompact,3.0,6,Z,10.2,238,AS,8
2017,BMW,Compact,3.0,6,Z,9.6,224,AS,8
2017,BMW,Compact,3.0,6,Z,10.4,242,M,6
2017,BMW,Compact,3.0,6,Z,9.8,228,AS,8
2017,BMW,Compact,3.0,6,Z,10.5,246,M,6
2017,BMW,Compact,3.0,6,Z,9.8,228,AS,8
2017,BMW,Mid-size,2.0,4,Z,9.1,213,AS,8
2017,BMW,Mid-size,3.0,6,Z,9.8,228,AS,8
2017,BMW,Subcompact,3.0,6,Z,10.6,249,AS,8
2017,BMW,Compact,3.0,6,Z,10.6,249,AS,8
2017,BMW,Subcompact,4.4,8,Z,12.5,292,AS,8
2017,BMW,Compact,4.4,8,Z,11.7,273,AS,8
2017,BMW,Compact,4.4,8,Z,12.5,292,AS,8
2017,BMW,Full-size,3.0,6,Z,10.2,238,AS,8
2017,BMW,Full-size,4.4,8,Z,11.7,273,AS,8
2017,BMW,Full-size,4.4,8,Z,12.5,292,AS,8
2017,BMW,Compact,4.4,8,Z,12.5,292,AS,8
2017,BMW,Full-size,4.4,8,Z,12.5,292,AS,8
2017,BMW,Subcompact,3.0,6,Z,10.5,245,AM,7
2017,BMW,Subcompact,3.0,6,Z,11.4,267,M,6
2017,BMW,Subcompact,3.0,6,Z,9.6,224,AS,8
2017,BMW,Subcompact,3.0,6,Z,10.4,242,M,6
2017,BMW,Subcompact,3.0,6,Z,9.8,228,AS,8
2017,BMW,Subcompact,3.0,6,Z,9.6,224,AS,8
2017,BMW,Subcompact,3.0,6,Z,10.7,250,M,6
2017,BMW,Subcompact,3.0,6,Z,9.8,228,AS,8
2017,BMW,Compact,3.0,6,Z,12.1,284,AM,7
2017,BMW,Compact,3.0,6,Z,11.7,273,M,6
2017,BMW,Subcompact,3.0,6,Z,12.1,283,AM,7
2017,BMW,Subcompact,3.0,6,Z,11.7,273,M,6
2017,BMW,Compact,3.0,6,Z,12.1,284,AM,7
2017,BMW,Compact,3.0,6,Z,11.7,273,M,6
2017,BMW,Compact,4.4,8,Z,14.7,343,AM,7
2017,BMW,Compact,4.4,8,Z,13.8,324,M,6
2017,BMW,Subcompact,4.4,8,Z,14.7,343,AM,7
2017,BMW,Subcompact,4.4,8,Z,13.8,324,M,6
2017,BMW,Compact,4.4,8,Z,14.7,343,AM,7
2017,BMW,Compact,4.4,8,Z,13.8,324,M,6
2017,BMW,Full-size,6.6,12,Z,15.1,355,AS,8
2017,BMW,Sport utility vehicle: Small,2.0,4,Z,9.1,213,AS,8
2017,BMW,Sport utility vehicle: Small,2.0,4,D,8.0,211,AS,8
2017,BMW,Sport utility vehicle: Small,2.0,4,Z,10.0,233,AS,8
2017,BMW,Sport utility vehicle: Small,3.0,6,Z,11.1,260,AS,8
2017,BMW,Sport utility vehicle: Small,2.0,4,Z,10.3,240,AS,8
2017,BMW,Sport utility vehicle: Small,3.0,6,Z,11.1,260,AS,8
2017,BMW,Sport utility vehicle: Standard,3.0,6,D,9.3,249,AS,8
2017,BMW,Sport utility vehicle: Standard,3.0,6,Z,11.5,270,AS,8
2017,BMW,Sport utility vehicle: Standard,4.4,8,Z,13.7,320,AS,8
2017,BMW,Sport utility vehicle: Standard,4.4,8,Z,14.6,341,AS,8
2017,BMW,Sport utility vehicle: Standard,3.0,6,Z,11.5,270,AS,8
2017,BMW,Sport utility vehicle: Standard,4.4,8,Z,13.7,320,AS,8
2017,BMW,Sport utility vehicle: Standard,4.4,8,Z,14.6,341,AS,8
2017,Buick,Sport utility vehicle: Standard,3.6,6,X,13.4,315,A,6
2017,Buick,Sport utility vehicle: Standard,3.6,6,X,13.7,322,A,6
2017,Buick,Sport utility vehicle: Small,1.4,4,X,7.9,185,AS,6
2017,Buick,Sport utility vehicle: Small,1.4,4,X,8.3,194,AS,6
2017,Buick,Sport utility vehicle: Small,1.4,4,X,8.3,196,AS,6
2017,Buick,Sport utility vehicle: Small,1.4,4,X,8.8,208,AS,6
2017,Buick,Sport utility vehicle: Small,2.0,4,Z,10.6,248,A,6
2017,Buick,Sport utility vehicle: Small,2.5,4,X,9.9,232,A,6
2017,Buick,Mid-size,3.6,6,X,9.5,224,AS,8
2017,Buick,Mid-size,3.6,6,X,10.0,235,AS,8
2017,Buick,Mid-size,2.0,4,Z,9.9,233,AS,6
2017,Buick,Mid-size,2.0,4,Z,10.7,250,AS,6
2017,Buick,Compact,2.4,4,X,9.7,226,AS,6
2017,Cadillac,Compact,2.0,4,Z,9.3,217,AS,8
2017,Cadillac,Compact,2.0,4,Z,10.1,236,M,6
2017,Cadillac,Compact,2.5,4,X,9.2,216,AS,8
2017,Cadillac,Compact,3.6,6,X,10.0,234,AS,8
2017,Cadillac,Compact,2.0,4,Z,9.5,222,AS,8
2017,Cadillac,Compact,3.6,6,X,10.6,248,AS,8
2017,Cadillac,Compact,3.6,6,Z,11.9,279,AS,8
2017,Cadillac,Compact,3.6,6,Z,12.6,295,M,6
2017,Cadillac,Full-size,2.0,4,Z,9.5,223,AS,8
2017,Cadillac,Full-size,3.0,6,Z,11.2,263,AS,8
2017,Cadillac,Full-size,3.6,6,X,11.0,259,AS,8
2017,Cadillac,Mid-size,2.0,4,Z,9.5,223,AS,8
2017,Cadillac,Mid-size,3.6,6,X,10.0,234,AS,8
2017,Cadillac,Mid-size,2.0,4,Z,9.8,229,AS,8
2017,Cadillac,Mid-size,3.6,6,X,10.6,248,AS,8
2017,Cadillac,Mid-size,3.6,6,Z,12.7,299,AS,8
2017,Cadillac,Mid-size,6.2,8,Z,14.0,329,AS,8
2017,Cadillac,Sport utility vehicle: Standard,6.2,8,Z,14.1,331,A,8
2017,Cadillac,Sport utility vehicle: Small,3.6,6,X,10.5,245,AS,8
2017,Cadillac,Sport utility vehicle: Small,3.6,6,X,11.1,260,AS,8
2017,Cadillac,Full-size,3.6,6,X,11.1,260,AS,6
2017,Cadillac,Full-size,3.6,6,X,11.6,272,AS,6
2017,Cadillac,Full-size,3.6,6,Z,12.8,299,AS,6
2017,Chevrolet,Subcompact,2.0,4,Z,9.5,222,AS,8
2017,Chevrolet,Subcompact,2.0,4,Z,10.1,236,M,6
2017,Chevrolet,Subcompact,3.6,6,X,10.6,249,AS,8
2017,Chevrolet,Subcompact,3.6,6,X,11.7,274,M,6
2017,Chevrolet,Subcompact,6.2,8,Z,11.7,273,AS,8
2017,Chevrolet,Subcompact,6.2,8,Z,12.1,284,M,6
2017,Chevrolet,Subcompact,6.2,8,Z,15.6,367,AS,10
2017,Chevrolet,Subcompact,6.2,8,Z,14.9,349,M,6
2017,Chevrolet,Special purpose vehicle,2.0,4,X,9.4,220,AV,0
2017,Chevrolet,Pickup truck: Small,2.5,4,X,10.7,252,A,6
2017,Chevrolet,Pickup truck: Small,2.5,4,X,10.9,254,M,6
2017,Chevrolet,Pickup truck: Small,2.8,4,D,9.5,255,A,6
2017,Chevrolet,Pickup truck: Small,3.6,6,X,11.7,274,A,8
2017,Chevrolet,Pickup truck: Small,2.5,4,X,11.3,263,A,6
2017,Chevrolet,Pickup truck: Small,2.8,4,D,10.4,280,A,6
2017,Chevrolet,Pickup truck: Small,3.6,6,X,12.2,286,A,8
2017,Chevrolet,Pickup truck: Small,2.8,4,D,11.7,315,A,6
2017,Chevrolet,Pickup truck: Small,3.6,6,X,14.1,331,A,8
2017,Chevrolet,Two-seater,6.2,8,Z,12.4,290,AS,8
2017,Chevrolet,Two-seater,6.2,8,Z,11.9,278,M,7
2017,Chevrolet,Two-seater,6.2,8,Z,14.3,336,AS,8
2017,Chevrolet,Two-seater,6.2,8,Z,13.4,312,M,7
2017,Chevrolet,Compact,1.4,4,X,7.0,165,AS,6
2017,Chevrolet,Compact,1.4,4,X,7.2,169,AS,6
2017,Chevrolet,Compact,1.4,4,X,7.3,170,M,6
2017,Chevrolet,Compact,1.6,4,D,6.4,172,A,9
2017,Chevrolet,Compact,1.6,4,D,6.3,169,M,6
2017,Chevrolet,Compact,1.4,4,X,7.3,172,AS,6
2017,Chevrolet,Compact,1.4,4,X,7.5,176,AS,6
2017,Chevrolet,Compact,1.4,4,X,7.4,173,M,6
2017,Chevrolet,Sport utility vehicle: Small,2.4,4,X,9.4,221,A,6
2017,Chevrolet,Sport utility vehicle: Small,2.4,4,X,9.4,221,A,6
2017,Chevrolet,Sport utility vehicle: Small,2.4,4,E,13.6,223,A,6
2017,Chevrolet,Sport utility vehicle: Small,3.6,6,X,12.1,285,A,6
2017,Chevrolet,Sport utility vehicle: Small,2.4,4,X,10.1,237,A,6
2017,Chevrolet,Sport utility vehicle: Small,2.4,4,X,10.1,237,A,6
2017,Chevrolet,Sport utility vehicle: Small,2.4,4,E,14.2,234,A,6
2017,Chevrolet,Sport utility vehicle: Small,3.6,6,X,13.0,304,A,6
2017,Chevrolet,Van: Passenger,6.0,8,X,18.6,438,A,6
2017,Chevrolet,Van: Passenger,6.0,8,X,19.0,445,A,6
2017,Chevrolet,Full-size,2.5,4,X,9.5,224,AS,6
2017,Chevrolet,Full-size,3.6,6,X,10.6,249,AS,6
2017,Chevrolet,Full-size,3.6,6,E,14.6,240,AS,6
2017,Chevrolet,Mid-size,1.5,4,X,7.8,182,A,6
2017,Chevrolet,Mid-size,2.0,4,Z,9.1,212,A,9
2017,Chevrolet,Mid-size,1.8,4,X,5.1,121,AV,0
2017,Chevrolet,Pickup truck: Standard,4.3,6,X,11.9,279,A,6
2017,Chevrolet,Pickup truck: Standard,4.3,6,E,17.1,284,A,6
2017,Chevrolet,Pickup truck: Standard,5.3,8,X,12.7,297,A,6
2017,Chevrolet,Pickup truck: Standard,5.3,8,X,12.7,298,A,6
2017,Chevrolet,Pickup truck: Standard,5.3,8,E,17.1,284,A,6
2017,Chevrolet,Pickup truck: Standard,5.3,8,X,13.1,309,A,8
2017,Chevrolet,Pickup truck: Standard,6.2,8,Z,13.8,324,A,8
2017,Chevrolet,Pickup truck: Standard,4.3,6,X,12.5,294,A,6
2017,Chevrolet,Pickup truck: Standard,4.3,6,E,18.0,294,A,6
2017,Chevrolet,Pickup truck: Standard,5.3,8,X,13.1,307,A,6
2017,Chevrolet,Pickup truck: Standard,5.3,8,X,13.1,307,A,6
2017,Chevrolet,Pickup truck: Standard,5.3,8,E,17.9,315,A,6
2017,Chevrolet,Pickup truck: Standard,5.3,8,X,13.9,327,A,8
2017,Chevrolet,Pickup truck: Standard,5.3,8,X,13.0,303,A,8
2017,Chevrolet,Pickup truck: Standard,6.2,8,Z,14.1,330,A,8
2017,Chevrolet,Compact,1.4,4,X,7.8,184,AS,6
2017,Chevrolet,Compact,1.4,4,X,7.4,174,M,6
2017,Chevrolet,Compact,1.8,4,X,8.4,197,AS,6
2017,Chevrolet,Compact,1.8,4,X,8.3,194,M,5
2017,Chevrolet,Station wagon: Small,1.4,4,X,7.8,184,AS,6
2017,Chevrolet,Station wagon: Small,1.4,4,X,7.4,174,M,6
2017,Chevrolet,Station wagon: Small,1.8,4,X,8.4,197,AS,6
2017,Chevrolet,Station wagon: Small,1.8,4,X,8.3,194,M,5
2017,Chevrolet,Subcompact,1.4,4,X,7.1,167,AV,0
2017,Chevrolet,Subcompact,1.4,4,X,7.2,168,M,5
2017,Chevrolet,Sport utility vehicle: Standard,5.3,8,X,13.0,305,A,6
2017,Chevrolet,Sport utility vehicle: Standard,5.3,8,X,13.0,305,A,6
2017,Chevrolet,Sport utility vehicle: Standard,5.3,8,E,17.1,284,A,6
2017,Chevrolet,Sport utility vehicle: Standard,5.3,8,X,13.3,312,A,6
2017,Chevrolet,Sport utility vehicle: Standard,5.3,8,X,13.3,312,A,6
2017,Chevrolet,Sport utility vehicle: Standard,5.3,8,E,19.1,317,A,6
2017,Chevrolet,Sport utility vehicle: Standard,5.3,8,X,13.0,305,A,6
2017,Chevrolet,Sport utility vehicle: Standard,5.3,8,X,13.0,305,A,6
2017,Chevrolet,Sport utility vehicle: Standard,5.3,8,E,17.1,284,A,6
2017,Chevrolet,Sport utility vehicle: Standard,5.3,8,X,13.2,310,A,6
2017,Chevrolet,Sport utility vehicle: Standard,5.3,8,X,13.2,310,A,6
2017,Chevrolet,Sport utility vehicle: Standard,5.3,8,E,18.0,299,A,6
2017,Chevrolet,Sport utility vehicle: Standard,3.6,6,X,13.4,315,A,6
2017,Chevrolet,Sport utility vehicle: Standard,3.6,6,X,13.7,322,A,6
2017,Chevrolet,Sport utility vehicle: Small,1.4,4,X,8.3,194,AS,6
2017,Chevrolet,Sport utility vehicle: Small,1.4,4,X,8.2,194,M,6
2017,Chevrolet,Sport utility vehicle: Small,1.4,4,X,8.8,208,AS,6
2017,Chrysler,Mid-size,2.4,4,X,8.6,201,A,9
2017,Chrysler,Mid-size,2.4,4,E,11.7,192,A,9
2017,Chrysler,Mid-size,3.6,6,X,10.2,241,A,9
2017,Chrysler,Mid-size,3.6,6,E,13.9,230,A,9
2017,Chrysler,Mid-size,3.6,6,X,10.8,252,A,9
2017,Chrysler,Mid-size,3.6,6,E,14.4,237,A,9
2017,Chrysler,Full-size,3.6,6,X,10.3,242,A,8
2017,Chrysler,Full-size,5.7,8,X,12.3,289,A,8
2017,Chrysler,Full-size,3.6,6,X,11.0,258,A,8
2017,Chrysler,Full-size,3.6,6,X,11.0,258,A,8
2017,Chrysler,Full-size,3.6,6,E,15.0,248,A,8
2017,Chrysler,Minivan,3.6,6,X,10.9,257,A,9
2017,Chrysler,Minivan,3.6,6,X,10.6,249,A,9
2017,Dodge,Mid-size,3.6,6,X,10.3,242,A,8
2017,Dodge,Mid-size,5.7,8,X,12.3,289,A,8
2017,Dodge,Mid-size,5.7,8,Z,13.1,307,M,6
2017,Dodge,Mid-size,6.4,8,Z,12.9,302,A,8
2017,Dodge,Mid-size,6.4,8,Z,13.9,325,M,6
2017,Dodge,Mid-size,3.6,6,X,11.0,258,A,8
2017,Dodge,Mid-size,6.4,8,Z,12.9,302,A,8
2017,Dodge,Mid-size,6.4,8,Z,13.9,325,M,6
2017,Dodge,Mid-size,6.2,8,Z,14.5,339,A,8
2017,Dodge,Mid-size,6.2,8,Z,15.1,352,M,6
2017,Dodge,Full-size,3.6,6,X,11.6,271,A,5
2017,Dodge,Full-size,3.6,6,X,10.3,242,A,8
2017,Dodge,Full-size,5.7,8,X,12.9,302,A,5
2017,Dodge,Full-size,5.7,8,X,12.3,289,A,8
2017,Dodge,Full-size,6.4,8,Z,12.9,302,A,8
2017,Dodge,Full-size,3.6,6,X,11.0,258,A,8
2017,Dodge,Full-size,3.6,6,X,11.0,258,A,8
2017,Dodge,Full-size,3.6,6,E,15.0,248,A,8
2017,Dodge,Full-size,5.7,8,X,13.3,312,A,5
2017,Dodge,Full-size,6.4,8,Z,12.9,302,A,8
2017,Dodge,Full-size,6.2,8,Z,14.5,339,A,8
2017,Dodge,Sport utility vehicle: Standard,3.6,6,X,11.3,265,A,8
2017,Dodge,Sport utility vehicle: Standard,5.7,8,X,14.0,328,A,8
2017,Dodge,Minivan,3.6,6,X,11.8,276,A,6
2017,Dodge,Minivan,3.6,6,E,16.7,274,A,6
2017,Dodge,Sport utility vehicle: Small,2.4,4,X,11.1,261,A,4
2017,Dodge,Sport utility vehicle: Small,3.6,6,X,12.1,284,A,6
2017,Dodge,Sport utility vehicle: Small,3.6,6,E,16.4,274,A,6
2017,Dodge,Sport utility vehicle: Small,3.6,6,X,12.4,292,A,6
2017,Dodge,Two-seater,8.4,10,Z,16.6,387,M,6
2017,FIAT,Two-seater,1.4,4,X,8.0,187,A,6
2017,FIAT,Two-seater,1.4,4,X,7.9,185,M,6
2017,FIAT,Minicompact,1.4,4,X,8.0,186,A,6
2017,FIAT,Minicompact,1.4,4,X,7.3,171,M,5
2017,FIAT,Minicompact,1.4,4,X,8.0,186,A,6
2017,FIAT,Minicompact,1.4,4,X,7.0,163,M,5
2017,FIAT,Minicompact,1.4,4,X,8.7,202,A,6
2017,FIAT,Minicompact,1.4,4,X,7.9,186,M,5
2017,FIAT,Minicompact,1.4,4,X,8.7,202,A,6
2017,FIAT,Minicompact,1.4,4,X,7.9,186,M,5
2017,FIAT,Station wagon: Small,1.4,4,X,9.4,221,A,6
2017,FIAT,Sport utility vehicle: Small,1.4,4,X,8.4,197,M,6
2017,FIAT,Sport utility vehicle: Small,2.4,4,X,9.3,219,A,9
2017,FIAT,Sport utility vehicle: Small,2.4,4,X,9.7,226,A,9
2017,Ford,Full-size,2.0,4,X,5.9,138,AV,0
2017,Ford,Sport utility vehicle: Small,2.0,4,X,9.9,233,AS,6
2017,Ford,Sport utility vehicle: Small,2.0,4,X,9.8,230,AS,6
2017,Ford,Sport utility vehicle: Small,3.5,6,X,11.5,270,AS,6
2017,Ford,Sport utility vehicle: Small,2.0,4,X,10.4,244,AS,6
2017,Ford,Sport utility vehicle: Small,2.7,6,X,12.0,281,AS,6
2017,Ford,Sport utility vehicle: Small,3.5,6,X,12.1,284,AS,6
2017,Ford,Sport utility vehicle: Small,1.5,4,X,9.1,214,AS,6
2017,Ford,Sport utility vehicle: Small,2.0,4,X,9.5,222,AS,6
2017,Ford,Sport utility vehicle: Small,2.5,4,X,9.7,229,AS,6
2017,Ford,Sport utility vehicle: Small,2.5,4,E,13.3,219,AS,6
2017,Ford,Sport utility vehicle: Small,1.5,4,X,9.6,226,AS,6
2017,Ford,Sport utility vehicle: Small,2.0,4,X,10.2,239,AS,6
2017,Ford,Sport utility vehicle: Standard,3.5,6,X,14.2,333,AS,6
2017,Ford,Sport utility vehicle: Standard,3.5,6,X,14.3,337,AS,6
2017,Ford,Sport utility vehicle: Standard,2.3,4,X,10.8,254,AS,6
2017,Ford,Sport utility vehicle: Standard,3.5,6,X,12.0,281,AS,6
2017,Ford,Sport utility vehicle: Standard,3.5,6,E,16.1,264,AS,6
2017,Ford,Sport utility vehicle: Standard,2.3,4,X,11.3,266,AS,6
2017,Ford,Sport utility vehicle: Standard,3.5,6,X,13.0,305,AS,6
2017,Ford,Sport utility vehicle: Standard,3.5,6,X,12.6,296,AS,6
2017,Ford,Sport utility vehicle: Standard,3.5,6,E,17.2,284,AS,6
2017,Ford,Pickup truck: Standard,2.7,6,X,10.9,256,AS,6
2017,Ford,Pickup truck: Standard,2.7,6,X,11.2,263,AS,6
2017,Ford,Pickup truck: Standard,2.7,6,X,11.6,272,AS,6
2017,Ford,Pickup truck: Standard,3.5,6,X,11.3,264,AS,10
2017,Ford,Pickup truck: Standard,3.5,6,X,11.6,272,A,6
2017,Ford,Pickup truck: Standard,3.5,6,E,15.8,258,A,6
2017,Ford,Pickup truck: Standard,3.5,6,X,11.7,274,AS,10
2017,Ford,Pickup truck: Standard,3.5,6,X,12.4,290,AS,10
2017,Ford,Pickup truck: Standard,5.0,8,X,13.2,310,AS,6
2017,Ford,Pickup truck: Standard,5.0,8,E,17.7,291,AS,6
2017,Ford,Pickup truck: Standard,5.0,8,X,14.5,340,AS,6
2017,Ford,Pickup truck: Standard,5.0,8,E,17.7,291,AS,6
2017,Ford,Pickup truck: Standard,2.7,6,X,11.8,276,AS,6
2017,Ford,Pickup truck: Standard,2.7,6,X,12.5,293,AS,6
2017,Ford,Pickup truck: Standard,2.7,6,X,12.3,288,AS,6
2017,Ford,Pickup truck: Standard,3.5,6,X,12.1,284,AS,10
2017,Ford,Pickup truck: Standard,3.5,6,X,12.5,293,A,6
2017,Ford,Pickup truck: Standard,3.5,6,E,16.9,281,A,6
2017,Ford,Pickup truck: Standard,3.5,6,X,12.3,288,AS,10
2017,Ford,Pickup truck: Standard,3.5,6,X,12.7,298,AS,10
2017,Ford,Pickup truck: Standard,5.0,8,X,13.8,323,AS,6
2017,Ford,Pickup truck: Standard,5.0,8,E,18.6,305,AS,6
2017,Ford,Pickup truck: Standard,5.0,8,X,14.1,330,AS,6
2017,Ford,Pickup truck: Standard,5.0,8,E,18.6,306,AS,6
2017,Ford,Pickup truck: Standard,5.0,8,X,14.8,347,AS,6
2017,Ford,Pickup truck: Standard,5.0,8,E,19.6,326,AS,6
2017,Ford,Pickup truck: Standard,3.5,6,X,14.5,339,AS,10
2017,Ford,Subcompact,1.0,3,X,6.8,158,M,5
2017,Ford,Subcompact,1.6,4,X,7.6,178,AS,6
2017,Ford,Subcompact,1.6,4,X,7.8,182,M,5
2017,Ford,Compact,1.6,4,X,8.2,192,M,6
2017,Ford,Sport utility vehicle: Standard,3.5,6,X,12.7,298,AS,6
2017,Ford,Sport utility vehicle: Standard,3.5,6,X,12.9,303,AS,6
2017,Ford,Sport utility vehicle: Standard,3.5,6,X,13.7,321,AS,6
2017,Ford,Compact,1.0,3,X,7.5,176,AS,6
2017,Ford,Compact,1.0,3,X,7.0,164,M,6
2017,Ford,Compact,2.0,4,X,7.9,185,AM,6
2017,Ford,Compact,2.0,4,E,10.6,177,AM,6
2017,Ford,Compact,2.0,4,X,8.0,189,AS,6
2017,Ford,Compact,2.0,4,E,10.9,182,AS,6
2017,Ford,Compact,2.0,4,X,8.3,195,M,5
2017,Ford,Compact,2.0,4,E,11.4,188,M,5
2017,Ford,Mid-size,2.0,4,X,9.3,219,M,6
2017,Ford,Mid-size,2.3,4,Z,10.9,256,M,6
2017,Ford,Mid-size,1.5,4,X,8.7,204,AS,6
2017,Ford,Mid-size,2.0,4,X,9.6,225,AS,6
2017,Ford,Mid-size,2.5,4,X,9.6,224,A,6
2017,Ford,Mid-size,2.0,4,X,10.1,238,AS,6
2017,Ford,Mid-size,2.7,6,X,11.5,270,AS,6
2017,Ford,Mid-size,2.0,4,X,5.6,131,AV,0
2017,Ford,Two-seater,3.5,6,Z,17.3,406,AM,7
2017,Ford,Subcompact,2.3,4,X,9.6,226,AS,6
2017,Ford,Subcompact,2.3,4,X,10.2,239,AS,6
2017,Ford,Subcompact,2.3,4,X,9.8,230,M,6
2017,Ford,Subcompact,2.3,4,X,9.8,230,M,6
2017,Ford,Subcompact,3.7,6,X,11.1,259,AS,6
2017,Ford,Subcompact,3.7,6,X,11.5,271,M,6
2017,Ford,Subcompact,5.0,8,X,12.9,303,AS,6
2017,Ford,Subcompact,5.0,8,X,13.1,307,M,6
2017,Ford,Subcompact,5.0,8,X,13.8,324,M,6
2017,Ford,Subcompact,2.3,4,X,10.2,239,AS,6
2017,Ford,Subcompact,2.3,4,X,10.1,237,M,6
2017,Ford,Subcompact,5.0,8,X,13.2,309,AS,6
2017,Ford,Subcompact,5.0,8,X,13.8,324,M,6
2017,Ford,Subcompact,5.2,8,Z,14.6,341,M,6
2017,Ford,Van: Passenger,3.5,6,X,14.6,344,AS,6
2017,Ford,Van: Passenger,3.7,6,X,15.1,354,AS,6
2017,Ford,Van: Passenger,3.7,6,E,20.9,343,AS,6
2017,Ford,Full-size,2.0,4,X,10.1,238,AS,6
2017,Ford,Full-size,3.5,6,X,11.1,260,AS,6
2017,Ford,Full-size,3.5,6,E,15.0,249,AS,6
2017,Ford,Full-size,3.5,6,X,12.5,293,AS,6
2017,Ford,Full-size,3.5,6,X,12.4,291,AS,6
2017,Ford,Full-size,3.5,6,E,16.3,271,AS,6
2017,Ford,Special purpose vehicle,2.5,4,X,10.4,244,AS,6
2017,Ford,Special purpose vehicle,2.5,4,E,14.2,234,AS,6
2017,Ford,Special purpose vehicle,2.5,4,X,10.8,253,AS,6
2017,Ford,Special purpose vehicle,2.5,4,E,14.7,242,AS,6
2017,Genesis,Full-size,3.8,6,X,12.1,286,AS,8
2017,Genesis,Full-size,5.0,8,Z,14.2,332,AS,8
2017,Genesis,Full-size,3.3,6,Z,11.9,279,AS,8
2017,Genesis,Full-size,5.0,8,Z,13.0,306,AS,8
2017,GMC,Sport utility vehicle: Standard,2.5,4,X,10.2,239,A,6
2017,GMC,Sport utility vehicle: Standard,3.6,6,X,11.3,265,A,6
2017,GMC,Sport utility vehicle: Standard,2.5,4,X,10.4,243,A,6
2017,GMC,Sport utility vehicle: Standard,3.6,6,X,11.6,271,A,6
2017,GMC,Pickup truck: Small,2.5,4,X,10.7,252,A,6
2017,GMC,Pickup truck: Small,2.5,4,X,10.9,254,M,6
2017,GMC,Pickup truck: Small,2.8,4,D,9.5,255,A,6
2017,GMC,Pickup truck: Small,3.6,6,X,11.7,274,A,8
2017,GMC,Pickup truck: Small,2.5,4,X,11.3,263,A,6
2017,GMC,Pickup truck: Small,2.8,4,D,10.4,280,A,6
2017,GMC,Pickup truck: Small,3.6,6,X,12.2,286,A,8
2017,GMC,Van: Passenger,6.0,8,X,18.6,438,A,6
2017,GMC,Van: Passenger,6.0,8,X,19.0,445,A,6
2017,GMC,Pickup truck: Standard,4.3,6,X,11.9,279,A,6
2017,GMC,Pickup truck: Standard,4.3,6,E,17.1,284,A,6
2017,GMC,Pickup truck: Standard,5.3,8,X,12.7,297,A,6
2017,GMC,Pickup truck: Standard,5.3,8,X,12.7,298,A,6
2017,GMC,Pickup truck: Standard,5.3,8,E,17.1,284,A,6
2017,GMC,Pickup truck: Standard,5.3,8,X,13.1,309,A,8
2017,GMC,Pickup truck: Standard,5.3,8,X,13.0,303,A,8
2017,GMC,Pickup truck: Standard,6.2,8,Z,13.8,323,A,8
2017,GMC,Pickup truck: Standard,4.3,6,X,12.5,294,A,6
2017,GMC,Pickup truck: Standard,4.3,6,E,18.0,294,A,6
2017,GMC,Pickup truck: Standard,5.3,8,X,13.1,307,A,6
2017,GMC,Pickup truck: Standard,5.3,8,X,13.1,307,A,6
2017,GMC,Pickup truck: Standard,5.3,8,E,17.9,317,A,6
2017,GMC,Pickup truck: Standard,5.3,8,X,13.9,327,A,8
2017,GMC,Pickup truck: Standard,6.2,8,Z,14.1,330,A,8
2017,GMC,Sport utility vehicle: Small,2.4,4,X,9.4,221,A,6
2017,GMC,Sport utility vehicle: Small,2.4,4,X,9.4,221,A,6
2017,GMC,Sport utility vehicle: Small,2.4,4,E,13.6,223,A,6
2017,GMC,Sport utility vehicle: Small,3.6,6,X,12.1,285,A,6
2017,GMC,Sport utility vehicle: Small,2.4,4,X,10.1,237,A,6
2017,GMC,Sport utility vehicle: Small,3.6,6,X,13.0,304,A,6
2017,GMC,Sport utility vehicle: Standard,5.3,8,X,13.0,305,A,6
2017,GMC,Sport utility vehicle: Standard,5.3,8,X,13.0,305,A,6
2017,GMC,Sport utility vehicle: Standard,5.3,8,E,17.1,284,A,6
2017,GMC,Sport utility vehicle: Standard,5.3,8,X,13.2,310,A,6
2017,GMC,Sport utility vehicle: Standard,5.3,8,X,13.2,310,A,6
2017,GMC,Sport utility vehicle: Standard,5.3,8,E,18.0,299,A,6
2017,GMC,Sport utility vehicle: Standard,6.2,8,Z,14.1,330,A,8
2017,GMC,Sport utility vehicle: Standard,5.3,8,X,13.0,305,A,6
2017,GMC,Sport utility vehicle: Standard,5.3,8,X,13.0,305,A,6
2017,GMC,Sport utility vehicle: Standard,5.3,8,E,17.1,284,A,6
2017,GMC,Sport utility vehicle: Standard,5.3,8,X,13.3,312,A,6
2017,GMC,Sport utility vehicle: Standard,5.3,8,X,13.3,312,A,6
2017,GMC,Sport utility vehicle: Standard,5.3,8,E,19.1,317,A,6
2017,GMC,Sport utility vehicle: Standard,6.2,8,Z,14.2,333,A,8
2017,Honda,Mid-size,2.4,4,X,8.2,190,AV,7
2017,Honda,Mid-size,2.4,4,X,9.0,210,M,6
2017,Honda,Mid-size,3.5,6,X,9.6,225,AS,6
2017,Honda,Mid-size,3.5,6,X,10.9,254,M,6
2017,Honda,Mid-size,2.4,4,X,7.8,180,AV,0
2017,Honda,Mid-size,3.5,6,X,9.5,223,A,6
2017,Honda,Mid-size,2.0,4,X,5.0,114,AV,0
2017,Honda,Compact,1.5,4,X,6.8,158,AV,7
2017,Honda,Compact,1.5,4,X,6.8,159,M,6
2017,Honda,Compact,2.0,4,X,7.0,163,AV,0
2017,Honda,Compact,2.0,4,X,7.4,173,M,6
2017,Honda,Full-size,1.5,4,X,6.9,162,AV,0
2017,Honda,Full-size,1.5,4,Z,7.3,170,AV,7
2017,Honda,Full-size,1.5,4,X,7.3,170,AV,7
2017,Honda,Full-size,1.5,4,Z,7.2,167,M,6
2017,Honda,Full-size,1.5,4,X,7.2,167,M,6
2017,Honda,Mid-size,1.5,4,X,6.6,153,AV,0
2017,Honda,Mid-size,2.0,4,X,7.0,163,AV,0
2017,Honda,Mid-size,2.0,4,X,7.4,172,M,6
2017,Honda,Sport utility vehicle: Small,1.5,4,X,7.8,181,AV,0
2017,Honda,Sport utility vehicle: Small,1.5,4,X,8.0,188,AV,0
2017,Honda,Station wagon: Small,1.5,4,X,6.5,154,AV,0
2017,Honda,Station wagon: Small,1.5,4,X,7.0,164,AV,7
2017,Honda,Station wagon: Small,1.5,4,X,7.4,174,M,6
2017,Honda,Station wagon: Small,1.8,4,X,7.7,180,AV,0
2017,Honda,Station wagon: Small,1.8,4,X,7.7,180,AV,7
2017,Honda,Station wagon: Small,1.8,4,X,8.4,195,M,6
2017,Honda,Station wagon: Small,1.8,4,X,8.2,194,AV,0
2017,Honda,Station wagon: Small,1.8,4,X,8.2,194,AV,7
2017,Honda,Minivan,3.5,6,X,10.7,251,A,6
2017,Honda,Sport utility vehicle: Small,3.5,6,X,10.8,254,A,6
2017,Honda,Sport utility vehicle: Small,3.5,6,X,11.3,266,A,6
2017,Honda,Sport utility vehicle: Small,3.5,6,X,11.0,256,AS,9
2017,Honda,Pickup truck: Standard,3.5,6,X,11.3,264,A,6
2017,Hyundai,Compact,1.6,4,X,7.9,182,AS,6
2017,Hyundai,Compact,1.6,4,X,7.8,184,M,6
2017,Hyundai,Mid-size,2.0,4,X,7.4,174,AS,6
2017,Hyundai,Mid-size,2.0,4,X,8.0,187,M,6
2017,Hyundai,Mid-size,2.0,4,X,8.7,206,AS,6
2017,Hyundai,Mid-size,2.0,4,X,8.7,204,M,6
2017,Hyundai,Full-size,1.6,4,X,4.4,103,AM,6
2017,Hyundai,Full-size,1.6,4,X,4.1,96,AM,6
2017,Hyundai,Sport utility vehicle: Small,3.3,6,X,11.3,265,AS,6
2017,Hyundai,Sport utility vehicle: Small,3.3,6,X,11.5,269,AS,6
2017,Hyundai,Sport utility vehicle: Small,3.3,6,X,12.5,295,AS,6
2017,Hyundai,Sport utility vehicle: Small,2.4,4,X,10.0,235,AS,6
2017,Hyundai,Sport utility vehicle: Small,2.0,4,X,11.2,264,AS,6
2017,Hyundai,Sport utility vehicle: Small,2.4,4,X,10.7,253,AS,6
2017,Hyundai,Full-size,2.0,4,X,9.2,216,AS,6
2017,Hyundai,Full-size,2.4,4,X,8.2,194,AS,6
2017,Hyundai,Full-size,2.4,4,X,8.7,207,AS,6
2017,Hyundai,Mid-size,2.0,4,X,6.0,143,AS,6
2017,Hyundai,Mid-size,2.0,4,X,5.7,137,AS,6
2017,Hyundai,Sport utility vehicle: Small,1.6,4,X,9.3,221,AM,7
2017,Hyundai,Sport utility vehicle: Small,2.0,4,X,9.0,213,AS,6
2017,Hyundai,Sport utility vehicle: Small,2.0,4,X,10.2,241,AS,6
2017,Hyundai,Compact,1.6,4,X,7.6,180,AM,6
2017,Hyundai,Compact,1.6,4,X,8.0,188,M,6
2017,Hyundai,Compact,1.6,4,X,8.2,193,AS,6
2017,Hyundai,Compact,1.6,4,X,8.4,200,M,6
2017,Infiniti,Mid-size,2.0,4,Z,9.6,226,AS,7
2017,Infiniti,Mid-size,3.0,6,Z,10.9,256,AS,7
2017,Infiniti,Compact,3.5,6,Z,8.5,200,AS,7
2017,Infiniti,Mid-size,3.0,6,Z,10.9,257,AS,7
2017,Infiniti,Subcompact,2.0,4,Z,10.0,233,AS,7
2017,Infiniti,Subcompact,3.0,6,Z,10.8,253,AS,7
2017,Infiniti,Subcompact,3.0,6,Z,11.0,259,AS,7
2017,Infiniti,Mid-size,3.7,6,Z,11.7,274,AS,7
2017,Infiniti,Mid-size,5.6,8,Z,12.8,300,AS,7
2017,Infiniti,Mid-size,3.5,6,Z,7.8,184,AS,7
2017,Infiniti,Compact,2.0,4,Z,8.5,200,AM,7
2017,Infiniti,Compact,2.0,4,Z,9.4,221,AM,7
2017,Infiniti,Station wagon: Small,3.7,6,Z,11.9,280,AS,7
2017,Infiniti,Sport utility vehicle: Small,3.5,6,Z,10.5,246,AV,7
2017,Infiniti,Sport utility vehicle: Small,3.5,6,Z,10.9,257,AV,7
2017,Infiniti,Sport utility vehicle: Standard,2.5,4,X,9.1,214,AV,7
2017,Infiniti,Sport utility vehicle: Small,3.7,6,Z,12.8,301,AS,7
2017,Infiniti,Sport utility vehicle: Standard,5.6,8,Z,15.1,355,AS,7
2017,Jaguar,Sport utility vehicle: Small,3.0,6,Z,11.8,277,AS,8
2017,Jaguar,Two-seater,3.0,6,Z,10.4,242,AS,8
2017,Jaguar,Two-seater,3.0,6,Z,12.6,296,M,6
2017,Jaguar,Two-seater,3.0,6,Z,10.4,242,AS,8
2017,Jaguar,Two-seater,3.0,6,Z,12.6,296,M,6
2017,Jaguar,Two-seater,5.0,8,Z,13.3,311,AS,8
2017,Jaguar,Two-seater,5.0,8,Z,13.3,311,AS,6
2017,Jaguar,Two-seater,3.0,6,Z,10.8,253,AS,8
2017,Jaguar,Two-seater,3.0,6,Z,12.9,302,M,6
2017,Jaguar,Two-seater,3.0,6,Z,11.3,265,AS,8
2017,Jaguar,Two-seater,3.0,6,Z,10.8,253,AS,8
2017,Jaguar,Two-seater,3.0,6,Z,12.9,302,M,6
2017,Jaguar,Two-seater,3.0,6,Z,11.3,265,AS,8
2017,Jaguar,Compact,2.0,4,D,6.9,186,AS,8
2017,Jaguar,Compact,3.0,6,Z,10.2,238,AS,8
2017,Jaguar,Mid-size,2.0,4,D,6.9,186,AS,8
2017,Jaguar,Mid-size,3.0,6,Z,10.4,243,AS,8
2017,Jaguar,Full-size,3.0,6,Z,11.8,276,AS,8
2017,Jaguar,Full-size,3.0,6,Z,11.9,280,AS,8
2017,Jaguar,Full-size,5.0,8,Z,13.3,313,AS,8
2017,Jaguar,Full-size,5.0,8,Z,13.3,313,AS,8
2017,Jeep,Sport utility vehicle: Small,2.4,4,X,9.6,225,A,9
2017,Jeep,Sport utility vehicle: Small,3.2,6,X,10.0,234,A,9
2017,Jeep,Sport utility vehicle: Small,2.4,4,X,10.0,235,A,9
2017,Jeep,Sport utility vehicle: Small,3.2,6,X,10.3,241,A,9
2017,Jeep,Sport utility vehicle: Small,2.4,4,X,10.2,240,A,9
2017,Jeep,Sport utility vehicle: Small,3.2,6,X,11.1,259,A,9
2017,Jeep,Sport utility vehicle: Small,2.4,4,X,10.9,256,A,9
2017,Jeep,Sport utility vehicle: Small,3.2,6,X,11.6,269,A,9
2017,Jeep,Sport utility vehicle: Small,2.0,4,X,10.0,235,AV,0
2017,Jeep,Sport utility vehicle: Small,2.0,4,X,9.3,216,M,5
2017,Jeep,Sport utility vehicle: Small,2.4,4,X,10.1,238,A,6
2017,Jeep,Sport utility vehicle: Small,2.4,4,X,9.3,219,M,5
2017,Jeep,Sport utility vehicle: Small,2.4,4,X,10.6,249,A,6
2017,Jeep,Sport utility vehicle: Small,2.4,4,X,11.1,259,AV,0
2017,Jeep,Sport utility vehicle: Small,2.4,4,X,9.8,230,M,5
2017,Jeep,Sport utility vehicle: Standard,3.6,6,X,11.3,265,A,8
2017,Jeep,Sport utility vehicle: Standard,5.7,8,X,14.0,328,A,8
2017,Jeep,Sport utility vehicle: Standard,6.4,8,Z,15.7,368,A,8
2017,Jeep,Sport utility vehicle: Small,2.4,4,X,9.3,218,A,6
2017,Jeep,Sport utility vehicle: Small,2.4,4,X,9.0,211,M,6
2017,Jeep,Sport utility vehicle: Small,2.4,4,X,9.5,222,A,9
2017,Jeep,Sport utility vehicle: Small,2.4,4,X,9.4,221,M,6
2017,Jeep,Sport utility vehicle: Small,2.0,4,X,10.0,235,AV,0
2017,Jeep,Sport utility vehicle: Small,2.0,4,X,9.3,216,M,5
2017,Jeep,Sport utility vehicle: Small,2.4,4,X,10.1,238,A,6
2017,Jeep,Sport utility vehicle: Small,2.4,4,X,9.3,219,M,5
2017,Jeep,Sport utility vehicle: Small,2.4,4,X,10.6,249,A,6
2017,Jeep,Sport utility vehicle: Small,2.4,4,X,11.1,259,AV,0
2017,Jeep,Sport utility vehicle: Small,2.4,4,X,9.8,230,M,5
2017,Jeep,Sport utility vehicle: Small,1.4,4,X,8.9,209,M,6
2017,Jeep,Sport utility vehicle: Small,2.4,4,X,9.5,222,A,9
2017,Jeep,Sport utility vehicle: Small,2.4,4,E,12.5,206,A,9
2017,Jeep,Sport utility vehicle: Small,1.4,4,X,8.9,211,M,6
2017,Jeep,Sport utility vehicle: Small,2.4,4,X,9.8,230,A,9
2017,Jeep,Sport utility vehicle: Small,3.6,6,X,12.8,299,A,5
2017,Jeep,Sport utility vehicle: Small,3.6,6,X,12.8,298,M,6
2017,Jeep,Sport utility vehicle: Small,3.6,6,X,13.4,313,A,5
2017,Jeep,Sport utility vehicle: Small,3.6,6,X,13.3,312,M,6
2017,Kia,Full-size,3.3,6,X,10.2,237,AS,8
2017,Kia,Mid-size,2.0,4,X,8.3,198,AS,6
2017,Kia,Mid-size,2.0,4,X,7.2,170,AS,6
2017,Kia,Mid-size,2.0,4,X,8.3,195,M,6
2017,Kia,Full-size,1.6,4,X,8.7,207,AM,7
2017,Kia,Full-size,2.0,4,X,8.3,197,AS,6
2017,Kia,Full-size,2.0,4,X,8.7,204,M,6
2017,Kia,Compact,1.6,4,X,8.6,204,AM,7
2017,Kia,Compact,1.6,4,X,9.2,216,M,6
2017,Kia,Compact,2.0,4,X,8.6,203,AS,6
2017,Kia,Compact,2.0,4,X,8.8,209,M,6
2017,Kia,Full-size,3.8,6,X,11.8,279,AS,8
2017,Kia,Full-size,5.0,8,Z,13.3,317,AS,8
2017,Kia,Station wagon: Small,1.6,4,X,4.8,114,AM,6
2017,Kia,Station wagon: Small,1.6,4,X,4.7,110,AM,6
2017,Kia,Station wagon: Small,1.6,4,X,5.4,129,AM,6
2017,Kia,Full-size,2.4,4,X,8.4,198,AS,6
2017,Kia,Full-size,2.4,4,X,8.0,190,AS,6
2017,Kia,Full-size,2.0,4,X,9.4,224,AS,6
2017,Kia,Mid-size,2.0,4,X,5.6,132,AS,6
2017,Kia,Compact,1.6,4,X,7.8,181,AS,6
2017,Kia,Compact,1.6,4,X,7.8,181,M,6
2017,Kia,Station wagon: Mid-size,2.0,4,X,8.9,210,AS,6
2017,Kia,Minivan,3.3,6,X,11.6,275,AS,6
2017,Kia,Minivan,3.3,6,X,11.4,269,AS,6
2017,Kia,Minivan,3.3,6,X,12.5,296,AS,6
2017,Kia,Sport utility vehicle: Small,2.4,4,X,9.9,234,AS,6
2017,Kia,Sport utility vehicle: Small,2.0,4,X,11.0,259,AS,6
2017,Kia,Sport utility vehicle: Small,2.4,4,X,10.5,246,AS,6
2017,Kia,Sport utility vehicle: Small,3.3,6,X,12.2,289,AS,6
2017,Kia,Sport utility vehicle: Small,3.3,6,X,11.4,270,AS,6
2017,Kia,Station wagon: Small,1.6,4,X,8.7,205,AS,6
2017,Kia,Station wagon: Small,1.6,4,X,8.8,208,M,6
2017,Kia,Station wagon: Small,2.0,4,X,8.7,206,AS,6
2017,Kia,Station wagon: Small,1.6,4,X,8.5,199,AM,7
2017,Kia,Sport utility vehicle: Small,2.4,4,X,9.3,220,AS,6
2017,Kia,Sport utility vehicle: Small,2.0,4,X,11.1,263,AS,6
2017,Kia,Sport utility vehicle: Small,2.4,4,X,10.5,247,AS,6
2017,Lamborghini,Two-seater,6.5,12,Z,17.9,428,AM,7
2017,Lamborghini,Two-seater,6.5,12,Z,19.7,461,AM,7
2017,Lamborghini,Two-seater,6.5,12,Z,18.7,438,AM,7
2017,Lamborghini,Two-seater,6.5,12,Z,19.7,461,AM,7
2017,Lamborghini,Two-seater,5.2,10,Z,14.2,331,AM,7
2017,Lamborghini,Two-seater,5.2,10,Z,14.6,340,AM,7
2017,Land Rover,Sport utility vehicle: Small,2.0,4,Z,10.7,252,AS,9
2017,Land Rover,Sport utility vehicle: Small,2.0,4,Z,9.8,231,AS,9
2017,Land Rover,Sport utility vehicle: Small,2.0,4,Z,10.4,243,AS,9
2017,Lexus,Compact,1.8,4,X,5.7,132,AV,0
2017,Lexus,Mid-size,2.5,4,X,5.9,139,AV,6
2017,Lexus,Mid-size,3.5,6,X,9.7,226,AS,6
2017,Lexus,Mid-size,3.5,6,Z,11.0,257,AS,6
2017,Lexus,Mid-size,3.5,6,Z,7.5,176,AV,8
2017,Lexus,Compact,5.0,8,Z,12.5,293,AS,8
2017,Lexus,Sport utility vehicle: Standard,4.6,8,Z,14.6,341,AS,6
2017,Lexus,Compact,2.0,4,Z,9.1,214,AS,8
2017,Lexus,Compact,3.5,6,Z,11.0,258,AS,6
2017,Lexus,Compact,3.5,6,Z,11.0,258,AS,6
2017,Lexus,Mid-size,4.6,8,Z,12.9,303,AS,8
2017,Lexus,Mid-size,4.6,8,Z,12.9,303,AS,8
2017,Lexus,Sport utility vehicle: Standard,5.7,8,Z,15.8,372,AS,8
2017,Lexus,Sport utility vehicle: Small,2.0,4,Z,9.7,226,AS,6
2017,Lexus,Sport utility vehicle: Small,2.0,4,Z,9.9,232,AS,6
2017,Lexus,Sport utility vehicle: Small,2.5,4,X,7.5,176,AV,6
2017,Lexus,Subcompact,3.5,6,Z,11.0,258,AS,6
2017,Lexus,Subcompact,3.5,6,Z,11.0,258,AS,6
2017,Lexus,Subcompact,5.0,8,Z,12.6,289,AS,8
2017,Lexus,Sport utility vehicle: Small,3.5,6,X,10.8,252,AS,8
2017,Lexus,Sport utility vehicle: Standard,3.5,6,Z,7.9,185,AV,6
2017,Lincoln,Full-size,2.7,6,X,12.0,281,AS,6
2017,Lincoln,Full-size,3.0,6,X,12.3,288,AS,6
2017,Lincoln,Full-size,3.7,6,X,12.2,287,AS,6
2017,Lincoln,Sport utility vehicle: Small,2.0,4,X,10.9,256,AS,6
2017,Lincoln,Sport utility vehicle: Small,2.0,4,X,10.8,254,AS,6
2017,Lincoln,Sport utility vehicle: Small,2.3,4,X,11.4,268,AS,6
2017,Lincoln,Sport utility vehicle: Standard,3.5,6,X,13.7,321,AS,6
2017,Lincoln,Special purpose vehicle,3.7,6,X,12.7,298,A,6
2017,Lincoln,Sport utility vehicle: Small,2.7,6,X,12.1,284,AS,6
2017,Lincoln,Sport utility vehicle: Small,3.7,6,X,12.5,293,AS,6
2017,Lincoln,Mid-size,2.0,4,X,9.8,230,AS,6
2017,Lincoln,Mid-size,3.0,6,X,11.2,264,AS,6
2017,Lincoln,Mid-size,2.0,4,X,10.2,239,AS,6
2017,Lincoln,Mid-size,3.0,6,X,11.8,278,AS,6
2017,Lincoln,Mid-size,2.0,4,X,5.9,139,AV,0
2017,Lincoln,Sport utility vehicle: Standard,3.5,6,X,14.2,333,AS,6
2017,Lincoln,Sport utility vehicle: Standard,3.5,6,X,14.5,339,AS,6
2017,Maserati,Mid-size,3.0,6,Z,12.4,286,AS,8
2017,Maserati,Mid-size,3.0,6,Z,12.4,293,AS,8
2017,Maserati,Mid-size,3.0,6,Z,12.6,295,AS,8
2017,Maserati,Subcompact,4.7,8,Z,15.1,355,AS,6
2017,Maserati,Subcompact,4.7,8,Z,15.2,358,AS,6
2017,Maserati,Sport utility vehicle: Standard,3.0,6,Z,14.7,340,AS,8
2017,Maserati,Sport utility vehicle: Standard,3.0,6,Z,14.7,346,AS,8
2017,Maserati,Full-size,3.0,6,Z,13.1,300,AS,8
2017,Maserati,Full-size,3.0,6,Z,13.1,301,AS,8
2017,Maserati,Full-size,3.8,8,Z,13.8,321,AS,8
2017,Mazda,Compact,2.0,4,X,7.6,179,AS,6
2017,Mazda,Compact,2.0,4,X,8.2,192,AS,6
2017,Mazda,Sport utility vehicle: Small,2.0,4,X,8.5,199,M,6
2017,Mazda,Sport utility vehicle: Small,2.5,4,X,8.6,204,AS,6
2017,Mazda,Sport utility vehicle: Small,2.5,4,X,9.2,221,AS,6
2017,Mazda,Sport utility vehicle: Small,2.5,4,X,9.6,225,AS,6
2017,Mazda,Sport utility vehicle: Small,2.5,4,X,10.4,242,AS,6
2017,Mazda,Compact,2.0,4,X,7.5,176,AS,6
2017,Mazda,Compact,2.0,4,X,7.5,175,M,6
2017,Mazda,Compact,2.0,4,X,7.5,175,M,6
2017,Mazda,Compact,2.5,4,X,7.8,182,AS,6
2017,Mazda,Compact,2.5,4,X,7.6,176,AS,6
2017,Mazda,Compact,2.5,4,X,8.2,194,M,6
2017,Mazda,Mid-size,2.0,4,X,7.5,174,AS,6
2017,Mazda,Mid-size,2.0,4,X,7.6,178,M,6
2017,Mazda,Mid-size,2.5,4,X,7.8,183,AS,6
2017,Mazda,Mid-size,2.5,4,X,7.8,181,AS,6
2017,Mazda,Mid-size,2.5,4,X,8.4,198,M,6
2017,Mazda,Minivan,2.5,4,X,9.6,226,AS,5
2017,Mazda,Minivan,2.5,4,X,9.8,230,M,6
2017,Mazda,Mid-size,2.5,4,X,8.0,187,AS,6
2017,Mazda,Mid-size,2.5,4,X,7.9,186,AS,6
2017,Mazda,Mid-size,2.5,4,X,8.4,196,M,6
2017,Mazda,Two-seater,2.0,4,Z,8.0,187,AS,6
2017,Mazda,Two-seater,2.0,4,Z,8.1,190,M,6
2017,Mercedes-Benz,Compact,4.0,8,Z,11.7,273,AS,7
2017,Mercedes-Benz,Subcompact,4.0,8,Z,12.2,291,AS,7
2017,Mercedes-Benz,Subcompact,4.0,8,Z,12.1,285,AS,7
2017,Mercedes-Benz,Compact,4.0,8,Z,11.7,273,AS,7
2017,Mercedes-Benz,Subcompact,4.0,8,Z,12.2,291,AS,7
2017,Mercedes-Benz,Subcompact,4.0,8,Z,12.1,285,AS,7
2017,Mercedes-Benz,Compact,2.0,4,Z,9.3,221,AS,7
2017,Mercedes-Benz,Compact,5.5,8,Z,13.1,308,AS,7
2017,Mercedes-Benz,Sport utility vehicle: Standard,5.5,8,Z,18.5,413,AS,7
2017,Mercedes-Benz,Sport utility vehicle: Standard,6.0,12,Z,20.3,467,AS,7
2017,Mercedes-Benz,Sport utility vehicle: Small,2.0,4,Z,10.0,233,AS,7
2017,Mercedes-Benz,Sport utility vehicle: Small,3.0,6,Z,14.6,353,A,9
2017,Mercedes-Benz,Sport utility vehicle: Standard,3.0,6,Z,12.0,281,A,9
2017,Mercedes-Benz,Sport utility vehicle: Standard,3.0,6,Z,12.0,281,A,9
2017,Mercedes-Benz,Sport utility vehicle: Standard,5.5,8,Z,15.6,363,AS,7
2017,Mercedes-Benz,Sport utility vehicle: Standard,5.5,8,Z,15.2,363,AS,7
2017,Mercedes-Benz,Sport utility vehicle: Standard,5.5,8,Z,16.3,369,AS,7
2017,Mercedes-Benz,Two-seater,4.0,8,Z,12.8,303,AS,7
2017,Mercedes-Benz,Two-seater,4.0,8,Z,12.8,303,AS,7
2017,Mercedes-Benz,Full-size,5.5,8,Z,13.2,313,AS,7
2017,Mercedes-Benz,Compact,5.5,8,Z,13.8,322,AS,7
2017,Mercedes-Benz,Compact,5.5,8,Z,13.0,305,AS,7
2017,Mercedes-Benz,Full-size,6.0,12,Z,14.6,349,AS,7
2017,Mercedes-Benz,Compact,6.0,12,Z,14.3,348,AS,7
2017,Mercedes-Benz,Compact,6.0,12,Z,15.5,365,AS,7
2017,Mercedes-Benz,Two-seater,5.5,8,Z,12.4,298,AS,7
2017,Mercedes-Benz,Two-seater,6.0,12,Z,14.5,340,AS,7
2017,Mercedes-Benz,Two-seater,3.0,6,Z,10.1,234,A,9
2017,Mercedes-Benz,Mid-size,2.0,4,Z,8.3,179,AS,7
2017,Mercedes-Benz,Compact,2.0,4,Z,9.0,212,AS,7
2017,Mercedes-Benz,Subcompact,2.0,4,Z,9.5,222,A,9
2017,Mercedes-Benz,Subcompact,2.0,4,Z,9.3,218,AS,7
2017,Mercedes-Benz,Compact,2.0,4,Z,8.1,190,AS,7
2017,Mercedes-Benz,Compact,4.7,8,Z,11.7,275,A,9
2017,Mercedes-Benz,Mid-size,2.0,4,Z,9.5,246,A,9
2017,Mercedes-Benz,Mid-size,3.0,6,Z,10.4,245,A,9
2017,Mercedes-Benz,Station wagon: Mid-size,3.0,6,Z,11.0,259,A,9
2017,Mercedes-Benz,Subcompact,3.0,6,Z,10.0,233,AS,7
2017,Mercedes-Benz,Subcompact,3.0,6,Z,10.2,239,AS,7
2017,Mercedes-Benz,Subcompact,4.7,8,Z,11.7,275,AS,7
2017,Mercedes-Benz,Subcompact,4.7,8,Z,11.4,268,AS,7
2017,Mercedes-Benz,Sport utility vehicle: Standard,4.0,8,Z,17.9,401,AS,7
2017,Mercedes-Benz,Sport utility vehicle: Small,2.0,4,Z,9.1,212,AS,7
2017,Mercedes-Benz,Sport utility vehicle: Small,2.0,4,E,12.0,128,AS,7
2017,Mercedes-Benz,Sport utility vehicle: Small,2.0,4,Z,10.0,233,A,9
2017,Mercedes-Benz,Sport utility vehicle: Standard,3.0,6,Z,11.7,276,A,9
2017,Mercedes-Benz,Sport utility vehicle: Standard,4.7,8,Z,13.5,318,A,9
2017,Mercedes-Benz,Sport utility vehicle: Standard,3.0,6,Z,13.0,306,A,9
2017,Mercedes-Benz,Sport utility vehicle: Standard,4.7,8,Z,15.0,347,A,9
2017,Mercedes-Benz,Full-size,6.0,12,Z,15.0,359,AS,7
2017,Mercedes-Benz,Special purpose vehicle,2.0,4,Z,10.2,240,AS,7
2017,Mercedes-Benz,Special purpose vehicle,2.0,4,Z,10.5,248,AS,7
2017,Mercedes-Benz,Mid-size,3.0,6,Z,10.8,253,AS,7
2017,Mercedes-Benz,Mid-size,4.7,8,Z,12.0,280,A,9
2017,Mercedes-Benz,Full-size,4.7,8,Z,12.0,280,A,9
2017,Mercedes-Benz,Compact,4.7,8,Z,11.8,276,A,9
2017,Mercedes-Benz,Compact,4.7,8,Z,11.9,278,A,9
2017,Mercedes-Benz,Full-size,6.0,12,Z,14.5,350,AS,7
2017,Mercedes-Benz,Two-seater,3.0,6,Z,10.1,237,A,9
2017,Mercedes-Benz,Two-seater,4.7,8,Z,11.7,275,A,9
2017,Mercedes-Benz,Two-seater,2.0,4,Z,8.5,200,A,9
2017,MINI,Subcompact,1.5,3,Z,7.9,184,AS,6
2017,MINI,Subcompact,1.5,3,Z,7.5,175,M,6
2017,MINI,Subcompact,1.5,3,Z,7.9,184,AS,6
2017,MINI,Subcompact,1.5,3,Z,7.5,175,M,6
2017,MINI,Mid-size,1.5,3,Z,8.4,197,AS,6
2017,MINI,Mid-size,1.5,3,Z,8.4,197,M,6
2017,MINI,Mid-size,1.5,3,Z,9.1,213,AS,8
2017,MINI,Mid-size,1.5,3,Z,9.1,214,M,6
2017,MINI,Minicompact,1.5,3,Z,7.9,184,AS,6
2017,MINI,Minicompact,1.5,3,Z,7.5,175,M,6
2017,MINI,Mid-size,1.5,3,Z,8.4,197,AS,6
2017,MINI,Mid-size,1.5,3,Z,8.4,197,M,6
2017,MINI,Mid-size,1.5,3,Z,9.2,215,AS,8
2017,MINI,Mid-size,1.5,3,Z,9.1,214,M,6
2017,MINI,Subcompact,2.0,4,Z,8.3,196,AS,6
2017,MINI,Subcompact,2.0,4,Z,8.9,210,M,6
2017,MINI,Subcompact,2.0,4,Z,8.3,196,AS,6
2017,MINI,Subcompact,2.0,4,Z,8.9,210,M,6
2017,MINI,Mid-size,2.0,4,Z,8.7,205,AS,8
2017,MINI,Mid-size,2.0,4,Z,9.4,220,M,6
2017,MINI,Mid-size,2.0,4,Z,9.0,210,AS,8
2017,MINI,Mid-size,2.0,4,Z,9.7,227,M,6
2017,MINI,Minicompact,2.0,4,Z,8.4,196,AS,6
2017,MINI,Minicompact,2.0,4,Z,8.9,210,M,6
2017,MINI,Mid-size,2.0,4,Z,9.1,213,AS,8
2017,MINI,Mid-size,2.0,4,Z,9.7,227,M,6
2017,MINI,Subcompact,2.0,4,Z,8.3,196,AS,6
2017,MINI,Subcompact,2.0,4,Z,8.9,210,M,6
2017,MINI,Mid-size,2.0,4,Z,9.0,210,AS,8
2017,MINI,Mid-size,2.0,4,Z,9.7,227,M,6
2017,MINI,Minicompact,2.0,4,Z,8.4,196,AS,6
2017,MINI,Minicompact,2.0,4,Z,9.4,220,M,6
2017,Mitsubishi,Compact,2.0,4,X,7.9,183,AV,6
2017,Mitsubishi,Compact,2.0,4,X,8.5,200,M,5
2017,Mitsubishi,Compact,2.4,4,X,8.9,206,AV,6
2017,Mitsubishi,Compact,2.4,4,X,9.3,218,M,5
2017,Mitsubishi,Compact,2.4,4,X,9.2,212,AV,6
2017,Mitsubishi,Station wagon: Small,2.0,4,X,8.4,194,AV,6
2017,Mitsubishi,Station wagon: Small,2.0,4,X,8.7,205,M,5
2017,Mitsubishi,Compact,1.2,3,X,6.0,141,AV,0
2017,Mitsubishi,Compact,1.2,3,X,6.5,150,M,5
2017,Mitsubishi,Compact,1.2,3,X,6.4,149,AV,0
2017,Mitsubishi,Compact,1.2,3,X,6.6,155,M,5
2017,Mitsubishi,Sport utility vehicle: Small,2.4,4,X,8.4,197,AV,6
2017,Mitsubishi,Sport utility vehicle: Small,2.4,4,X,9.0,211,AV,6
2017,Mitsubishi,Sport utility vehicle: Small,3.0,6,Z,10.4,242,AS,6
2017,Mitsubishi,Sport utility vehicle: Small,2.0,4,X,8.8,204,AV,6
2017,Mitsubishi,Sport utility vehicle: Small,2.0,4,X,9.3,216,M,5
2017,Mitsubishi,Sport utility vehicle: Small,2.0,4,X,9.2,213,AV,6
2017,Nissan,Two-seater,3.7,6,Z,11.1,261,AS,7
2017,Nissan,Two-seater,3.7,6,Z,11.5,269,M,6
2017,Nissan,Two-seater,3.7,6,Z,11.5,270,AS,7
2017,Nissan,Two-seater,3.7,6,Z,11.8,278,M,6
2017,Nissan,Mid-size,2.5,4,X,7.5,176,AV,0
2017,Nissan,Mid-size,2.5,4,X,7.8,183,AV,7
2017,Nissan,Mid-size,3.5,6,X,9.1,214,AV,7
2017,Nissan,Sport utility vehicle: Standard,5.6,8,X,15.4,362,AS,7
2017,Nissan,Pickup truck: Small,2.5,4,X,12.2,286,A,5
2017,Nissan,Pickup truck: Small,2.5,4,X,11.4,268,M,5
2017,Nissan,Pickup truck: Small,4.0,6,X,12.9,304,A,5
2017,Nissan,Pickup truck: Small,4.0,6,X,13.8,326,A,5
2017,Nissan,Pickup truck: Small,4.0,6,X,13.5,317,M,6
2017,Nissan,Subcompact,3.8,6,Z,12.8,300,AM,6
2017,Nissan,Station wagon: Small,1.6,4,Z,8.0,189,AV,7
2017,Nissan,Station wagon: Small,1.6,4,Z,8.0,188,M,6
2017,Nissan,Station wagon: Small,1.6,4,Z,8.4,199,AV,7
2017,Nissan,Station wagon: Small,1.6,4,Z,8.4,197,M,6
2017,Nissan,Station wagon: Small,1.6,4,Z,8.9,209,AV,8
2017,Nissan,Mid-size,3.5,6,Z,9.6,225,AV,7
2017,Nissan,Compact,1.6,4,X,7.9,186,A,4
2017,Nissan,Compact,1.6,4,X,7.9,185,M,5
2017,Nissan,Station wagon: Mid-size,3.5,6,X,9.8,230,AV,7
2017,Nissan,Station wagon: Mid-size,3.5,6,X,9.9,232,AV,7
2017,Nissan,Special purpose vehicle,2.0,4,X,9.4,220,AV,0
2017,Nissan,Sport utility vehicle: Small,3.5,6,X,10.2,240,AV,0
2017,Nissan,Sport utility vehicle: Small,3.5,6,X,10.7,250,AV,0
2017,Nissan,Sport utility vehicle: Small,3.5,6,X,11.0,258,AV,0
2017,Nissan,Station wagon: Small,2.0,4,X,8.4,196,AV,0
2017,Nissan,Station wagon: Small,2.0,4,X,9.2,216,M,6
2017,Nissan,Station wagon: Small,2.0,4,X,8.5,200,AV,0
2017,Nissan,Sport utility vehicle: Small,2.5,4,X,8.2,192,AV,0
2017,Nissan,Sport utility vehicle: Small,2.5,4,X,8.6,203,AV,0
2017,Nissan,Mid-size,1.6,4,Z,8.2,193,AV,7
2017,Nissan,Mid-size,1.6,4,Z,8.3,195,M,6
2017,Nissan,Mid-size,1.8,4,X,7.3,171,AV,0
2017,Nissan,Mid-size,1.8,4,X,8.0,187,M,6
2017,Nissan,Mid-size,1.6,4,Z,8.7,205,AV,7
2017,Nissan,Mid-size,1.6,4,Z,8.7,204,M,6
2017,Nissan,Pickup truck: Standard,5.6,8,X,13.3,312,AS,7
2017,Nissan,Pickup truck: Standard,5.6,8,X,13.4,315,AS,7
2017,Nissan,Pickup truck: Standard,5.6,8,X,14.2,333,AS,7
2017,Nissan,Mid-size,1.6,4,X,7.0,164,AV,0
2017,Nissan,Mid-size,1.6,4,X,7.7,180,M,5
2017,Porsche,Minicompact,3.0,6,Z,9.4,221,AM,7
2017,Porsche,Minicompact,3.0,6,Z,10.1,237,M,7
2017,Porsche,Minicompact,3.0,6,Z,9.6,225,AM,7
2017,Porsche,Minicompact,3.0,6,Z,10.4,242,M,7
2017,Porsche,Minicompact,3.0,6,Z,9.7,227,AM,7
2017,Porsche,Minicompact,3.0,6,Z,10.3,241,M,7
2017,Porsche,Minicompact,3.0,6,Z,9.8,230,AM,7
2017,Porsche,Minicompact,3.0,6,Z,10.5,246,M,7
2017,Porsche,Minicompact,3.0,6,Z,9.7,226,AM,7
2017,Porsche,Minicompact,3.0,6,Z,10.4,242,M,7
2017,Porsche,Minicompact,3.0,6,Z,9.9,232,AM,7
2017,Porsche,Minicompact,3.0,6,Z,10.4,243,M,7
2017,Porsche,Minicompact,3.0,6,Z,9.7,228,AM,7
2017,Porsche,Minicompact,3.0,6,Z,10.4,243,M,7
2017,Porsche,Minicompact,3.0,6,Z,9.9,231,AM,7
2017,Porsche,Minicompact,3.0,6,Z,10.5,246,M,7
2017,Porsche,Minicompact,3.0,6,Z,9.8,228,AM,7
2017,Porsche,Minicompact,3.0,6,Z,10.5,246,M,7
2017,Porsche,Minicompact,3.0,6,Z,10.0,233,AM,7
2017,Porsche,Minicompact,3.0,6,Z,10.5,246,M,7
2017,Porsche,Minicompact,3.8,6,Z,11.4,266,AM,7
2017,Porsche,Minicompact,3.8,6,Z,11.4,267,AM,7
2017,Porsche,Minicompact,3.8,6,Z,11.4,266,AM,7
2017,Porsche,Minicompact,3.8,6,Z,11.4,267,AM,7
2017,Porsche,Two-seater,2.0,4,Z,9.4,219,AM,7
2017,Porsche,Two-seater,2.0,4,Z,9.8,229,M,6
2017,Porsche,Two-seater,2.5,4,Z,9.9,230,AM,7
2017,Porsche,Two-seater,2.5,4,Z,10.7,249,M,6
2017,Porsche,Sport utility vehicle: Standard,3.6,6,Z,11.5,268,A,8
2017,Porsche,Sport utility vehicle: Standard,3.6,6,Z,12.1,281,A,8
2017,Porsche,Sport utility vehicle: Standard,3.6,6,Z,12.0,281,A,8
2017,Porsche,Sport utility vehicle: Standard,3.6,6,Z,12.6,296,A,8
2017,Porsche,Sport utility vehicle: Standard,4.8,8,Z,14.2,334,A,8
2017,Porsche,Sport utility vehicle: Standard,4.8,8,Z,14.2,334,A,8
2017,Porsche,Two-seater,2.0,4,Z,9.4,219,AM,7
2017,Porsche,Two-seater,2.0,4,Z,9.8,229,M,6
2017,Porsche,Two-seater,2.5,4,Z,9.9,230,AM,7
2017,Porsche,Two-seater,2.5,4,Z,10.7,249,M,6
2017,Porsche,Sport utility vehicle: Small,2.0,4,Z,10.6,248,A,7
2017,Porsche,Sport utility vehicle: Small,3.0,6,Z,12.2,285,A,7
2017,Porsche,Sport utility vehicle: Small,3.0,6,Z,12.3,287,A,7
2017,Porsche,Sport utility vehicle: Small,3.6,6,Z,12.3,287,A,7
2017,Ram,Pickup truck: Standard,3.0,6,D,10.4,278,A,8
2017,Ram,Pickup truck: Standard,3.6,6,X,11.9,280,A,8
2017,Ram,Pickup truck: Standard,3.6,6,E,17.0,283,A,8
2017,Ram,Pickup truck: Standard,5.7,8,X,14.8,346,A,6
2017,Ram,Pickup truck: Standard,5.7,8,X,13.6,319,A,8
2017,Ram,Pickup truck: Standard,3.0,6,D,10.8,289,A,8
2017,Ram,Pickup truck: Standard,3.6,6,X,12.6,294,A,8
2017,Ram,Pickup truck: Standard,3.6,6,E,18.0,300,A,8
2017,Ram,Pickup truck: Standard,5.7,8,X,15.4,361,A,6
2017,Ram,Pickup truck: Standard,5.7,8,X,14.0,328,A,8
2017,Ram,Special purpose vehicle,2.4,4,X,9.9,232,A,9
2017,Rolls-Royce,Compact,6.6,12,Z,16.7,390,AS,8
2017,Rolls-Royce,Full-size,6.6,12,Z,16.7,390,AS,8
2017,Rolls-Royce,Full-size,6.6,12,Z,16.7,390,AS,8
2017,Rolls-Royce,Full-size,6.7,12,Z,17.1,400,AS,8
2017,Rolls-Royce,Full-size,6.7,12,Z,17.1,400,AS,8
2017,Rolls-Royce,Compact,6.7,12,Z,17.1,400,AS,8
2017,Rolls-Royce,Compact,6.7,12,Z,17.1,401,AS,8
2017,Rolls-Royce,Mid-size,6.6,12,Z,16.1,375,AS,8
2017,smart,Two-seater,0.9,3,Z,6.7,152,AM,6
2017,Subaru,Minicompact,2.0,4,Z,8.6,200,AS,6
2017,Subaru,Minicompact,2.0,4,Z,9.7,228,M,6
2017,Subaru,Sport utility vehicle: Small,2.0,4,X,8.2,193,AV,6
2017,Subaru,Sport utility vehicle: Small,2.0,4,X,9.2,216,M,5
2017,Subaru,Sport utility vehicle: Small,2.0,4,Z,9.5,223,AV,8
2017,Subaru,Sport utility vehicle: Small,2.5,4,X,8.4,196,AV,6
2017,Subaru,Sport utility vehicle: Small,2.5,4,X,9.7,228,M,6
2017,Subaru,Mid-size,2.0,4,X,7.5,174,AV,7
2017,Subaru,Mid-size,2.0,4,X,8.9,208,M,5
2017,Subaru,Station wagon: Small,2.0,4,X,7.5,176,AV,7
2017,Subaru,Station wagon: Small,2.0,4,X,9.0,211,M,5
2017,Subaru,Mid-size,2.5,4,X,8.3,194,AV,6
2017,Subaru,Mid-size,2.5,4,X,9.5,222,M,6
2017,Subaru,Mid-size,3.6,6,X,10.3,241,AV,6
2017,Subaru,Sport utility vehicle: Small,2.5,4,X,8.4,198,AV,6
2017,Subaru,Sport utility vehicle: Small,2.5,4,X,9.8,229,M,6
2017,Subaru,Sport utility vehicle: Small,3.6,6,X,10.5,247,AV,6
2017,Subaru,Compact,2.0,4,Z,11.2,255,AV,8
2017,Subaru,Compact,2.0,4,Z,10.0,235,M,6
2017,Subaru,Compact,2.5,4,Z,12.2,285,M,6
2017,Toyota,Sport utility vehicle: Standard,4.0,6,X,13.3,310,AS,5
2017,Toyota,Sport utility vehicle: Standard,4.0,6,X,13.3,310,AS,5
2017,Toyota,Minicompact,2.0,4,Z,8.7,204,AS,6
2017,Toyota,Minicompact,2.0,4,Z,9.9,232,M,6
2017,Toyota,Mid-size,3.5,6,X,9.7,226,AS,6
2017,Toyota,Mid-size,2.5,4,X,8.6,199,AS,6
2017,Toyota,Mid-size,3.5,6,X,9.6,224,AS,6
2017,Toyota,Mid-size,2.5,4,X,5.9,137,AV,0
2017,Toyota,Mid-size,2.5,4,X,6.0,141,AV,0
2017,Toyota,Mid-size,1.8,4,X,7.5,174,AV,0
2017,Toyota,Mid-size,1.8,4,X,6.9,163,AV,0
2017,Toyota,Mid-size,1.8,4,X,7.2,168,AV,0
2017,Toyota,Mid-size,1.8,4,X,7.5,178,AV,7
2017,Toyota,Mid-size,1.8,4,X,7.5,176,M,6
2017,Toyota,Mid-size,1.8,4,X,7.5,176,AV,7
2017,Toyota,Mid-size,1.8,4,X,7.9,185,M,6
2017,Toyota,Sport utility vehicle: Small,3.5,6,X,10.3,243,AS,8
2017,Toyota,Sport utility vehicle: Standard,3.5,6,X,10.6,251,AS,8
2017,Toyota,Sport utility vehicle: Standard,3.5,6,X,10.6,247,AS,8
2017,Toyota,Sport utility vehicle: Standard,3.5,6,X,10.4,242,AS,8
2017,Toyota,Sport utility vehicle: Standard,3.5,6,X,8.3,193,AV,6
2017,Toyota,Mid-size,1.8,4,X,4.5,105,AV,0
2017,Toyota,Compact,1.5,4,X,5.1,120,AV,0
2017,Toyota,Station wagon: Mid-size,1.8,4,X,5.8,135,AV,0
2017,Toyota,Sport utility vehicle: Small,2.5,4,X,9.2,217,AS,6
2017,Toyota,Sport utility vehicle: Small,2.5,4,X,9.0,210,AS,6
2017,Toyota,Sport utility vehicle: Small,2.5,4,X,9.5,222,AS,6
2017,Toyota,Sport utility vehicle: Small,2.5,4,X,9.7,226,AS,6
2017,Toyota,Sport utility vehicle: Small,2.5,4,X,7.3,170,AV,6
2017,Toyota,Sport utility vehicle: Standard,5.7,8,X,16.5,380,AS,6
2017,Toyota,Minivan,3.5,6,X,10.9,255,AS,8
2017,Toyota,Minivan,3.5,6,X,11.7,274,AS,8
2017,Toyota,Pickup truck: Small,2.7,4,X,11.2,263,AS,6
2017,Toyota,Pickup truck: Small,3.5,6,X,11.4,268,AS,6
2017,Toyota,Pickup truck: Small,2.7,4,X,11.7,274,AS,6
2017,Toyota,Pickup truck: Small,2.7,4,X,11.9,279,M,5
2017,Toyota,Pickup truck: Small,3.5,6,X,12.0,283,AS,6
2017,Toyota,Pickup truck: Small,3.5,6,X,12.8,301,M,6
2017,Toyota,Pickup truck: Small,3.5,6,X,12.9,300,M,6
2017,Toyota,Pickup truck: Standard,4.6,8,X,14.2,334,AS,6
2017,Toyota,Pickup truck: Standard,5.7,8,X,15.3,358,AS,6
2017,Toyota,Pickup truck: Standard,4.6,8,X,14.9,349,AS,6
2017,Toyota,Pickup truck: Standard,5.7,8,X,16.2,378,AS,6
2017,Toyota,Compact,1.5,4,X,6.6,155,AS,6
2017,Toyota,Compact,1.5,4,X,6.8,164,M,6
2017,Toyota,Compact,1.5,4,X,7.4,173,A,4
2017,Toyota,Compact,1.5,4,X,7.2,168,M,5
2017,Volkswagen,Compact,1.8,4,X,8.5,199,AS,6
2017,Volkswagen,Compact,1.8,4,X,8.4,198,M,5
2017,Volkswagen,Compact,1.8,4,X,8.6,201,AS,6
2017,Volkswagen,Subcompact,1.8,4,X,8.5,199,AS,6
2017,Volkswagen,Compact,3.6,6,X,11.8,277,AS,6
2017,Volkswagen,Compact,1.8,4,X,8.2,192,AS,6
2017,Volkswagen,Compact,1.8,4,X,8.1,190,M,5
2017,Volkswagen,Compact,2.0,4,X,8.5,199,AM,6
2017,Volkswagen,Compact,2.0,4,X,8.5,198,M,6
2017,Volkswagen,Compact,2.0,4,Z,9.3,216,AM,6
2017,Volkswagen,Compact,2.0,4,Z,9.4,220,M,6
2017,Volkswagen,Station wagon: Small,1.8,4,X,9.4,220,AM,6
2017,Volkswagen,Station wagon: Small,1.8,4,X,8.2,192,AS,6
2017,Volkswagen,Station wagon: Small,1.8,4,X,8.3,194,M,5
2017,Volkswagen,Station wagon: Small,1.8,4,X,9.4,220,AM,6
2017,Volkswagen,Compact,1.4,4,X,7.4,175,AS,6
2017,Volkswagen,Compact,1.4,4,X,7.2,168,M,5
2017,Volkswagen,Compact,1.8,4,X,8.2,193,AM,6
2017,Volkswagen,Compact,2.0,4,X,8.7,205,AS,6
2017,Volkswagen,Compact,2.0,4,X,8.9,208,M,6
2017,Volkswagen,Mid-size,1.8,4,X,8.7,204,AS,6
2017,Volkswagen,Mid-size,3.6,6,X,10.4,242,AM,6
2017,Volkswagen,Sport utility vehicle: Small,2.0,4,Z,10.7,256,AS,6
2017,Volkswagen,Sport utility vehicle: Small,2.0,4,Z,11.1,263,AS,6
2017,Volkswagen,Sport utility vehicle: Standard,3.6,6,X,12.2,287,AS,8
2017,Volvo,Compact,2.0,4,X,8.4,198,AS,8
2017,Volvo,Compact,2.0,4,X,9.4,219,AS,8
2017,Volvo,Compact,2.0,4,X,8.4,198,AS,8
2017,Volvo,Compact,2.0,4,X,9.4,219,AS,8
2017,Volvo,Compact,2.0,4,Z,9.5,221,AS,8
2017,Volvo,Compact,2.0,4,Z,10.3,241,AS,8
2017,Volvo,Compact,2.0,4,X,9.4,220,AS,8
2017,Volvo,Mid-size,2.0,4,Z,8.7,204,AS,8
2017,Volvo,Mid-size,2.0,4,Z,9.4,219,AS,8
2017,Volvo,Station wagon: Small,2.0,4,X,8.4,198,AS,8
2017,Volvo,Station wagon: Small,2.0,4,X,9.4,219,AS,8
2017,Volvo,Station wagon: Small,2.0,4,Z,9.5,221,AS,8
2017,Volvo,Station wagon: Small,2.0,4,Z,10.3,241,AS,8
2017,Volvo,Station wagon: Small,2.0,4,X,9.4,220,AS,8
2017,Volvo,Station wagon: Mid-size,2.0,4,Z,8.7,204,AS,8
2017,Volvo,Station wagon: Mid-size,2.0,4,Z,9.4,219,AS,8
2017,Volvo,Station wagon: Mid-size,2.0,4,Z,9.4,221,AS,8
2017,Volvo,Sport utility vehicle: Small,2.0,4,X,9.2,216,AS,8
2017,Volvo,Sport utility vehicle: Small,2.0,4,X,10.0,233,AS,8
2017,Volvo,Sport utility vehicle: Small,2.0,4,Z,10.4,244,AS,8
2017,Volvo,Sport utility vehicle: Standard,2.0,4,Z,10.0,232,AS,8
2017,Volvo,Sport utility vehicle: Standard,2.0,4,Z,10.2,239,AS,8
2017,Volvo,Sport utility vehicle: Standard,2.0,4,Z,10.6,249,AS,8
2018,Acura,Compact,2.4,4,Z,8.2,192,AM,8
2018,Acura,Sport utility vehicle: Small,3.5,6,Z,11.0,259,AS,9
2018,Acura,Sport utility vehicle: Small,3.5,6,Z,10.7,251,AS,9
2018,Acura,Sport utility vehicle: Small,3.0,6,Z,9.0,210,AM,7
2018,Acura,Two-seater,3.5,6,Z,11.0,261,AM,9
2018,Acura,Sport utility vehicle: Small,3.5,6,Z,10.7,250,AS,6
2018,Acura,Mid-size,3.5,6,Z,8.4,196,AM,7
2018,Acura,Compact,2.4,4,Z,8.7,205,AM,8
2018,Acura,Compact,2.4,4,Z,8.9,209,AM,8
2018,Acura,Compact,3.5,6,Z,9.8,228,AS,9
2018,Acura,Compact,3.5,6,Z,10.3,240,AS,9
2018,Alfa Romeo,Two-seater,1.8,4,Z,8.4,197,AM,6
2018,Alfa Romeo,Two-seater,1.8,4,Z,8.4,197,AM,6
2018,Alfa Romeo,Mid-size,2.0,4,Z,8.7,205,A,8
2018,Alfa Romeo,Mid-size,2.0,4,Z,9.2,217,A,8
2018,Alfa Romeo,Mid-size,2.9,6,Z,11.9,280,A,8
2018,Alfa Romeo,Sport utility vehicle: Small,2.0,4,Z,9.6,226,A,8
2018,Alfa Romeo,Sport utility vehicle: Small,2.9,6,Z,12.4,292,A,8
2018,Aston Martin,Minicompact,4.0,8,Z,11.5,271,A,8
2018,Aston Martin,Minicompact,5.2,12,Z,13.7,322,A,8
2018,Aston Martin,Subcompact,6.0,12,Z,14.1,332,A,8
2018,Aston Martin,Minicompact,6.0,12,Z,14.7,346,A,8
2018,Audi,Subcompact,2.0,4,X,8.0,188,AM,7
2018,Audi,Subcompact,2.0,4,X,8.7,205,AM,6
2018,Audi,Subcompact,2.0,4,X,9.5,223,AM,6
2018,Audi,Compact,2.0,4,Z,7.6,177,AM,7
2018,Audi,Compact,2.0,4,Z,8.7,203,AM,7
2018,Audi,Compact,2.0,4,Z,8.7,204,M,6
2018,Audi,Station wagon: Small,2.0,4,Z,9.3,217,AM,7
2018,Audi,Subcompact,2.0,4,Z,8.7,203,AM,7
2018,Audi,Subcompact,2.0,4,Z,8.7,204,M,6
2018,Audi,Subcompact,2.0,4,Z,8.7,203,AM,7
2018,Audi,Mid-size,2.0,4,Z,8.7,203,AM,7
2018,Audi,Mid-size,2.0,4,Z,9.2,216,AS,8
2018,Audi,Mid-size,3.0,6,Z,10.0,235,AS,8
2018,Audi,Mid-size,3.0,6,Z,10.0,235,AS,8
2018,Audi,Full-size,3.0,6,Z,10.5,247,AS,8
2018,Audi,Full-size,4.0,8,Z,12.4,290,AS,8
2018,Audi,Full-size,4.0,8,Z,12.4,290,AS,8
2018,Audi,Compact,2.0,4,Z,10.1,236,AS,6
2018,Audi,Compact,2.0,4,Z,10.3,240,AS,6
2018,Audi,Sport utility vehicle: Small,2.0,4,Z,9.6,226,AS,7
2018,Audi,Sport utility vehicle: Standard,2.0,4,Z,11.0,258,AS,8
2018,Audi,Sport utility vehicle: Standard,3.0,6,Z,11.1,260,AS,8
2018,Audi,Two-seater,5.2,10,Z,13.1,304,AM,7
2018,Audi,Two-seater,5.2,10,Z,14.5,338,AM,7
2018,Audi,Two-seater,5.2,10,Z,14.5,338,AM,7
2018,Audi,Subcompact,2.5,5,Z,10.5,248,AM,7
2018,Audi,Subcompact,2.9,6,Z,11.1,260,AM,8
2018,Audi,Mid-size,4.0,8,Z,13.7,318,AS,8
2018,Audi,Subcompact,2.0,4,Z,9.6,223,AM,7
2018,Audi,Compact,3.0,6,Z,9.9,232,AM,8
2018,Audi,Subcompact,3.0,6,Z,9.9,232,AM,8
2018,Audi,Subcompact,3.0,6,Z,10.2,239,AM,8
2018,Audi,Mid-size,3.0,6,Z,9.9,232,AM,8
2018,Audi,Mid-size,4.0,8,Z,12.8,298,AM,7
2018,Audi,Mid-size,4.0,8,Z,12.8,298,AM,7
2018,Audi,Mid-size,4.0,8,Z,13.4,313,AS,8
2018,Audi,Sport utility vehicle: Small,3.0,6,Z,11.5,270,AM,8
2018,Audi,Subcompact,2.0,4,X,9.1,209,AM,6
2018,Audi,Two-seater,2.0,4,X,9.1,209,AM,6
2018,Audi,Subcompact,2.5,5,Z,10.5,245,AM,7
2018,Audi,Subcompact,2.0,4,Z,9.5,222,AM,6
2018,Bentley,Sport utility vehicle: Standard,6.0,12,Z,15.9,370,AS,8
2018,Bentley,Compact,6.0,12,Z,16.6,389,AS,8
2018,Bentley,Compact,6.0,12,Z,16.6,389,AS,8
2018,Bentley,Mid-size,4.0,8,Z,15.1,353,AS,8
2018,Bentley,Mid-size,6.0,12,Z,16.6,389,AS,8
2018,Bentley,Mid-size,6.8,8,Z,17.3,405,AS,8
2018,BMW,Subcompact,2.0,4,Z,8.9,208,AS,8
2018,BMW,Subcompact,2.0,4,Z,8.4,197,AS,8
2018,BMW,Subcompact,2.0,4,Z,9.4,219,M,6
2018,BMW,Subcompact,2.0,4,Z,8.6,202,AS,8
2018,BMW,Compact,2.0,4,D,7.0,184,AS,8
2018,BMW,Station wagon: Small,2.0,4,D,7.0,184,AS,8
2018,BMW,Compact,2.0,4,Z,8.9,208,AS,8
2018,BMW,Full-size,2.0,4,Z,8.9,208,AS,8
2018,BMW,Station wagon: Small,2.0,4,Z,8.9,208,AS,8
2018,BMW,Compact,3.0,6,Z,7.8,183,AS,8
2018,BMW,Compact,3.0,6,Z,10.3,240,M,6
2018,BMW,Compact,3.0,6,Z,9.5,223,AS,8
2018,BMW,Compact,3.0,6,Z,10.5,245,M,6
2018,BMW,Full-size,3.0,6,Z,10.0,235,AS,8
2018,BMW,Subcompact,2.0,4,Z,9.1,214,AS,8
2018,BMW,Compact,2.0,4,Z,8.9,208,AS,8
2018,BMW,Compact,2.0,4,Z,8.9,208,AS,8
2018,BMW,Subcompact,3.0,6,Z,10.0,235,AS,8
2018,BMW,Compact,3.0,6,Z,7.8,183,AS,8
2018,BMW,Compact,3.0,6,Z,10.3,240,M,6
2018,BMW,Compact,3.0,6,Z,9.5,223,AS,8
2018,BMW,Compact,3.0,6,Z,10.5,245,M,6
2018,BMW,Compact,3.0,6,Z,9.5,223,AS,8
2018,BMW,Mid-size,2.0,4,Z,8.9,208,AS,8
2018,BMW,Mid-size,3.0,6,Z,10.0,236,AS,8
2018,BMW,Subcompact,3.0,6,Z,10.5,248,AS,8
2018,BMW,Compact,3.0,6,Z,10.5,248,AS,8
2018,BMW,Full-size,3.0,6,Z,10.3,241,AS,8
2018,BMW,Subcompact,4.4,8,Z,12.4,292,AS,8
2018,BMW,Subcompact,4.4,8,Z,12.2,286,AS,8
2018,BMW,Compact,4.4,8,Z,12.4,292,AS,8
2018,BMW,Full-size,4.4,8,Z,12.4,292,AS,8
2018,BMW,Full-size,4.4,8,Z,12.1,283,AS,8
2018,BMW,Compact,4.4,8,Z,12.4,292,AS,8
2018,BMW,Subcompact,3.0,6,Z,10.5,245,AM,7
2018,BMW,Subcompact,3.0,6,Z,11.4,267,M,6
2018,BMW,Subcompact,3.0,6,Z,9.5,222,AS,8
2018,BMW,Subcompact,3.0,6,Z,10.9,255,M,6
2018,BMW,Subcompact,3.0,6,Z,9.7,227,AS,8
2018,BMW,Subcompact,3.0,6,Z,9.5,222,AS,8
2018,BMW,Subcompact,3.0,6,Z,10.7,249,M,6
2018,BMW,Subcompact,3.0,6,Z,9.7,227,AS,8
2018,BMW,Compact,3.0,6,Z,11.9,280,AM,7
2018,BMW,Compact,3.0,6,Z,11.6,273,M,6
2018,BMW,Subcompact,3.0,6,Z,12.7,299,AM,7
2018,BMW,Subcompact,3.0,6,Z,11.9,280,M,6
2018,BMW,Compact,3.0,6,Z,11.9,280,AM,7
2018,BMW,Compact,3.0,6,Z,11.6,273,M,6
2018,BMW,Mid-size,4.4,8,Z,12.1,283,AS,8
2018,BMW,Subcompact,4.4,8,Z,14.7,344,AM,7
2018,BMW,Subcompact,4.4,8,Z,13.8,324,M,6
2018,BMW,Subcompact,4.4,8,Z,14.7,344,AM,7
2018,BMW,Subcompact,4.4,8,Z,13.8,324,M,6
2018,BMW,Compact,4.4,8,Z,14.7,344,AM,7
2018,BMW,Compact,4.4,8,Z,13.8,324,M,6
2018,BMW,Full-size,6.6,12,Z,15.1,355,AS,8
2018,BMW,Sport utility vehicle: Small,2.0,4,Z,9.3,217,AS,8
2018,BMW,Sport utility vehicle: Small,2.0,4,Z,9.5,222,AS,8
2018,BMW,Sport utility vehicle: Small,2.0,4,Z,9.5,223,AS,8
2018,BMW,Sport utility vehicle: Small,3.0,6,Z,10.3,241,AS,8
2018,BMW,Sport utility vehicle: Small,2.0,4,Z,10.3,240,AS,8
2018,BMW,Sport utility vehicle: Small,3.0,6,Z,11.4,266,AS,8
2018,BMW,Sport utility vehicle: Standard,3.0,6,D,9.3,246,AS,8
2018,BMW,Sport utility vehicle: Standard,3.0,6,Z,11.5,270,AS,8
2018,BMW,Sport utility vehicle: Standard,4.4,8,Z,13.5,317,AS,8
2018,BMW,Sport utility vehicle: Standard,4.4,8,Z,14.6,341,AS,8
2018,BMW,Sport utility vehicle: Standard,3.0,6,Z,11.5,270,AS,8
2018,BMW,Sport utility vehicle: Standard,4.4,8,Z,13.5,317,AS,8
2018,BMW,Sport utility vehicle: Standard,4.4,8,Z,14.6,341,AS,8
2018,Bugatti,Two-seater,8.0,16,Z,22.2,522,AM,7
2018,Buick,Sport utility vehicle: Standard,3.6,6,X,11.2,263,AS,9
2018,Buick,Sport utility vehicle: Standard,3.6,6,X,11.8,277,AS,9
2018,Buick,Sport utility vehicle: Small,1.4,4,X,8.3,194,AS,6
2018,Buick,Sport utility vehicle: Small,1.4,4,X,7.9,185,AS,6
2018,Buick,Sport utility vehicle: Small,1.4,4,X,8.9,210,AS,6
2018,Buick,Sport utility vehicle: Small,1.4,4,X,8.3,196,AS,6
2018,Buick,Sport utility vehicle: Small,2.0,4,Z,10.6,248,A,6
2018,Buick,Sport utility vehicle: Small,2.5,4,X,10.0,234,A,6
2018,Buick,Mid-size,2.5,4,X,8.1,190,A,6
2018,Buick,Mid-size,3.6,6,X,9.7,228,AS,9
2018,Buick,Mid-size,3.6,6,X,10.1,237,AS,9
2018,Buick,Full-size,2.0,4,Z,9.2,217,AS,9
2018,Buick,Full-size,2.0,4,Z,9.6,227,AS,8
2018,Buick,Full-size,3.6,6,X,10.7,250,AS,9
2018,Cadillac,Compact,2.0,4,Z,9.2,216,AS,8
2018,Cadillac,Compact,2.0,4,Z,10.3,240,M,6
2018,Cadillac,Compact,3.6,6,X,10.0,234,AS,8
2018,Cadillac,Compact,2.0,4,Z,9.5,222,AS,8
2018,Cadillac,Compact,3.6,6,X,10.5,247,AS,8
2018,Cadillac,Compact,3.6,6,Z,11.9,291,AS,8
2018,Cadillac,Compact,3.6,6,Z,12.6,295,M,6
2018,Cadillac,Full-size,2.0,4,Z,9.5,224,AS,8
2018,Cadillac,Full-size,3.0,6,Z,11.2,263,AS,8
2018,Cadillac,Full-size,3.6,6,X,11.1,261,AS,8
2018,Cadillac,Mid-size,2.0,4,Z,9.5,224,AS,8
2018,Cadillac,Mid-size,3.6,6,X,10.0,234,AS,8
2018,Cadillac,Mid-size,2.0,4,Z,9.8,229,AS,8
2018,Cadillac,Mid-size,3.6,6,X,10.5,247,AS,8
2018,Cadillac,Mid-size,3.6,6,Z,12.7,311,AS,8
2018,Cadillac,Mid-size,6.2,8,Z,14.0,329,AS,8
2018,Cadillac,Sport utility vehicle: Standard,6.2,8,Z,14.0,329,A,10
2018,Cadillac,Sport utility vehicle: Small,3.6,6,X,10.6,250,AS,8
2018,Cadillac,Sport utility vehicle: Small,3.6,6,X,11.2,263,AS,8
2018,Cadillac,Full-size,3.6,6,X,11.1,260,AS,6
2018,Cadillac,Full-size,3.6,6,X,11.6,272,AS,6
2018,Cadillac,Full-size,3.6,6,Z,12.8,302,AS,6
2018,Chevrolet,Subcompact,2.0,4,Z,9.4,220,AS,8
2018,Chevrolet,Subcompact,2.0,4,Z,10.1,235,M,6
2018,Chevrolet,Subcompact,3.6,6,X,10.4,246,AS,8
2018,Chevrolet,Subcompact,3.6,6,X,11.7,274,M,6
2018,Chevrolet,Subcompact,6.2,8,Z,11.7,273,AS,8
2018,Chevrolet,Subcompact,6.2,8,Z,12.1,284,M,6
2018,Chevrolet,Subcompact,6.2,8,Z,15.4,361,AS,10
2018,Chevrolet,Subcompact,6.2,8,Z,14.8,348,M,6
2018,Chevrolet,Special purpose vehicle,2.0,4,X,9.3,218,AV,0
2018,Chevrolet,Pickup truck: Small,2.5,4,X,10.8,253,A,6
2018,Chevrolet,Pickup truck: Small,2.5,4,X,10.7,251,M,6
2018,Chevrolet,Pickup truck: Small,2.8,4,D,9.6,257,A,6
2018,Chevrolet,Pickup truck: Small,3.6,6,X,11.7,274,A,8
2018,Chevrolet,Pickup truck: Small,2.5,4,X,11.3,266,A,6
2018,Chevrolet,Pickup truck: Small,2.8,4,D,10.4,279,A,6
2018,Chevrolet,Pickup truck: Small,3.6,6,X,12.2,288,A,8
2018,Chevrolet,Pickup truck: Small,2.8,4,D,11.7,315,A,6
2018,Chevrolet,Pickup truck: Small,3.6,6,X,14.1,331,A,8
2018,Chevrolet,Two-seater,6.2,8,Z,12.7,297,AS,8
2018,Chevrolet,Two-seater,6.2,8,Z,11.9,278,M,7
2018,Chevrolet,Two-seater,6.2,8,Z,14.3,336,AS,8
2018,Chevrolet,Two-seater,6.2,8,Z,13.4,312,M,7
2018,Chevrolet,Compact,1.4,4,X,7.1,166,AS,6
2018,Chevrolet,Compact,1.4,4,X,7.2,169,AS,6
2018,Chevrolet,Compact,1.4,4,X,7.4,172,M,6
2018,Chevrolet,Compact,1.6,4,D,6.5,175,A,9
2018,Chevrolet,Compact,1.6,4,D,6.3,170,M,6
2018,Chevrolet,Mid-size,1.4,4,X,7.3,172,AS,6
2018,Chevrolet,Mid-size,1.4,4,X,7.5,176,AS,6
2018,Chevrolet,Mid-size,1.4,4,X,7.5,175,M,6
2018,Chevrolet,Mid-size,1.6,4,D,6.6,178,A,9
2018,Chevrolet,Mid-size,1.6,4,D,6.7,180,M,6
2018,Chevrolet,Sport utility vehicle: Small,1.5,4,X,8.3,195,A,6
2018,Chevrolet,Sport utility vehicle: Small,1.6,4,D,7.4,198,A,6
2018,Chevrolet,Sport utility vehicle: Small,1.5,4,X,8.9,209,A,6
2018,Chevrolet,Sport utility vehicle: Small,1.6,4,D,7.4,198,A,6
2018,Chevrolet,Sport utility vehicle: Small,2.0,4,Z,9.7,228,A,9
2018,Chevrolet,Full-size,2.5,4,X,9.5,224,AS,6
2018,Chevrolet,Full-size,3.6,6,X,10.8,254,AS,6
2018,Chevrolet,Full-size,3.6,6,E,14.6,245,AS,6
2018,Chevrolet,Mid-size,1.5,4,X,7.8,181,A,6
2018,Chevrolet,Mid-size,2.0,4,Z,9.1,213,A,9
2018,Chevrolet,Mid-size,1.8,4,X,5.1,121,AV,0
2018,Chevrolet,Pickup truck: Standard,4.3,6,X,11.8,278,A,6
2018,Chevrolet,Pickup truck: Standard,4.3,6,E,17.1,284,A,6
2018,Chevrolet,Pickup truck: Standard,5.3,8,X,12.7,298,A,6
2018,Chevrolet,Pickup truck: Standard,5.3,8,X,12.7,298,A,6
2018,Chevrolet,Pickup truck: Standard,5.3,8,E,17.1,283,A,6
2018,Chevrolet,Pickup truck: Standard,5.3,8,X,13.1,307,A,8
2018,Chevrolet,Pickup truck: Standard,5.3,8,X,11.8,278,A,8
2018,Chevrolet,Pickup truck: Standard,6.2,8,Z,13.8,324,A,8
2018,Chevrolet,Pickup truck: Standard,4.3,6,X,12.5,294,A,6
2018,Chevrolet,Pickup truck: Standard,4.3,6,E,18.0,296,A,6
2018,Chevrolet,Pickup truck: Standard,5.3,8,X,13.1,307,A,6
2018,Chevrolet,Pickup truck: Standard,5.3,8,X,13.1,307,A,6
2018,Chevrolet,Pickup truck: Standard,5.3,8,E,18.3,309,A,6
2018,Chevrolet,Pickup truck: Standard,5.3,8,X,13.8,324,A,8
2018,Chevrolet,Pickup truck: Standard,5.3,8,X,13.0,304,A,8
2018,Chevrolet,Pickup truck: Standard,6.2,8,Z,14.1,331,A,8
2018,Chevrolet,Compact,1.4,4,X,7.8,184,AS,6
2018,Chevrolet,Compact,1.4,4,X,7.4,174,M,6
2018,Chevrolet,Compact,1.8,4,X,8.3,193,AS,6
2018,Chevrolet,Compact,1.8,4,X,8.1,190,M,5
2018,Chevrolet,Station wagon: Small,1.4,4,X,7.8,184,AS,6
2018,Chevrolet,Station wagon: Small,1.4,4,X,7.4,174,M,6
2018,Chevrolet,Station wagon: Small,1.8,4,X,8.3,193,AS,6
2018,Chevrolet,Station wagon: Small,1.8,4,X,8.1,190,M,5
2018,Chevrolet,Subcompact,1.4,4,X,7.1,167,AV,0
2018,Chevrolet,Subcompact,1.4,4,X,7.1,166,M,5
2018,Chevrolet,Sport utility vehicle: Standard,5.3,8,X,13.0,305,A,6
2018,Chevrolet,Sport utility vehicle: Standard,5.3,8,X,13.0,305,A,6
2018,Chevrolet,Sport utility vehicle: Standard,5.3,8,E,17.2,285,A,6
2018,Chevrolet,Sport utility vehicle: Standard,5.3,8,X,13.3,313,A,6
2018,Chevrolet,Sport utility vehicle: Standard,5.3,8,X,13.3,312,A,6
2018,Chevrolet,Sport utility vehicle: Standard,5.3,8,E,19.3,321,A,6
2018,Chevrolet,Sport utility vehicle: Standard,5.3,8,X,13.0,305,A,6
2018,Chevrolet,Sport utility vehicle: Standard,5.3,8,X,13.0,305,A,6
2018,Chevrolet,Sport utility vehicle: Standard,5.3,8,E,17.2,285,A,6
2018,Chevrolet,Sport utility vehicle: Standard,5.3,8,X,13.2,310,A,6
2018,Chevrolet,Sport utility vehicle: Standard,5.3,8,X,13.2,310,A,6
2018,Chevrolet,Sport utility vehicle: Standard,5.3,8,E,18.0,299,A,6
2018,Chevrolet,Sport utility vehicle: Standard,6.2,8,Z,13.8,325,A,10
2018,Chevrolet,Sport utility vehicle: Standard,2.0,4,Z,10.5,246,A,9
2018,Chevrolet,Sport utility vehicle: Standard,3.6,6,X,11.0,258,AS,9
2018,Chevrolet,Sport utility vehicle: Standard,3.6,6,X,11.8,276,AS,9
2018,Chevrolet,Sport utility vehicle: Small,1.4,4,X,8.3,194,AS,6
2018,Chevrolet,Sport utility vehicle: Small,1.4,4,X,8.2,194,M,6
2018,Chevrolet,Sport utility vehicle: Small,1.4,4,X,8.9,210,AS,6
2018,Chrysler,Full-size,3.6,6,X,10.3,242,A,8
2018,Chrysler,Full-size,3.6,6,X,10.3,242,A,8
2018,Chrysler,Full-size,3.6,6,E,14.2,234,A,8
2018,Chrysler,Full-size,5.7,8,X,12.3,289,A,8
2018,Chrysler,Full-size,3.6,6,X,11.0,258,A,8
2018,Chrysler,Full-size,3.6,6,X,11.0,258,A,8
2018,Chrysler,Full-size,3.6,6,E,15.0,248,A,8
2018,Chrysler,Minivan,3.6,6,X,10.9,259,A,9
2018,Chrysler,Minivan,3.6,6,X,10.6,249,A,9
2018,Dodge,Mid-size,3.6,6,X,10.3,242,A,8
2018,Dodge,Mid-size,5.7,8,X,12.3,289,A,8
2018,Dodge,Mid-size,5.7,8,Z,13.1,307,M,6
2018,Dodge,Mid-size,6.4,8,Z,12.9,302,A,8
2018,Dodge,Mid-size,6.4,8,Z,13.9,325,M,6
2018,Dodge,Mid-size,3.6,6,X,11.0,258,A,8
2018,Dodge,Mid-size,3.6,6,X,11.0,258,A,8
2018,Dodge,Mid-size,3.6,6,E,15.0,248,A,8
2018,Dodge,Mid-size,6.4,8,Z,13.9,325,M,6
2018,Dodge,Mid-size,6.4,8,Z,12.9,302,A,8
2018,Dodge,Mid-size,6.2,8,Z,14.5,339,A,8
2018,Dodge,Mid-size,6.2,8,Z,14.5,339,A,8
2018,Dodge,Mid-size,6.2,8,Z,15.1,352,M,6
2018,Dodge,Full-size,3.6,6,X,11.6,271,A,5
2018,Dodge,Full-size,3.6,6,X,11.6,271,A,5
2018,Dodge,Full-size,3.6,6,E,16.1,268,A,5
2018,Dodge,Full-size,3.6,6,X,10.3,242,A,8
2018,Dodge,Full-size,3.6,6,X,10.3,242,A,8
2018,Dodge,Full-size,3.6,6,E,14.2,234,A,8
2018,Dodge,Full-size,5.7,8,X,12.9,302,A,5
2018,Dodge,Full-size,5.7,8,X,12.3,289,A,8
2018,Dodge,Full-size,6.4,8,Z,12.9,302,A,8
2018,Dodge,Full-size,3.6,6,X,11.0,258,A,8
2018,Dodge,Full-size,3.6,6,X,11.0,258,A,8
2018,Dodge,Full-size,3.6,6,E,15.0,248,A,8
2018,Dodge,Full-size,5.7,8,X,13.3,312,A,5
2018,Dodge,Full-size,6.4,8,Z,12.9,302,A,8
2018,Dodge,Full-size,6.2,8,Z,14.5,339,A,8
2018,Dodge,Sport utility vehicle: Standard,3.6,6,X,11.3,265,A,8
2018,Dodge,Sport utility vehicle: Standard,5.7,8,X,14.1,331,A,8
2018,Dodge,Sport utility vehicle: Standard,6.4,8,Z,15.6,363,A,8
2018,Dodge,Minivan,3.6,6,X,11.8,276,A,6
2018,Dodge,Minivan,3.6,6,E,16.7,274,A,6
2018,Dodge,Sport utility vehicle: Small,2.4,4,X,11.1,261,A,4
2018,Dodge,Sport utility vehicle: Small,3.6,6,X,12.1,284,A,6
2018,Dodge,Sport utility vehicle: Small,3.6,6,E,16.4,274,A,6
2018,Dodge,Sport utility vehicle: Small,3.6,6,X,12.4,292,A,6
2018,FIAT,Two-seater,1.4,4,X,8.0,187,A,6
2018,FIAT,Two-seater,1.4,4,X,7.9,185,M,6
2018,FIAT,Minicompact,1.4,4,X,8.7,202,A,6
2018,FIAT,Minicompact,1.4,4,X,7.8,182,M,5
2018,FIAT,Minicompact,1.4,4,X,8.7,202,A,6
2018,FIAT,Minicompact,1.4,4,X,7.8,182,M,5
2018,FIAT,Station wagon: Small,1.4,4,X,9.4,221,A,6
2018,FIAT,Sport utility vehicle: Small,1.4,4,X,8.4,197,M,6
2018,FIAT,Sport utility vehicle: Small,2.4,4,X,9.4,220,A,9
2018,FIAT,Sport utility vehicle: Small,2.4,4,X,9.7,226,A,9
2018,Ford,Full-size,2.0,4,X,5.9,138,AV,0
2018,Ford,Sport utility vehicle: Small,1.0,3,X,8.4,195,AS,6
2018,Ford,Sport utility vehicle: Small,2.0,4,X,9.3,217,AS,6
2018,Ford,Sport utility vehicle: Small,2.0,4,X,9.9,233,AS,6
2018,Ford,Sport utility vehicle: Small,2.0,4,X,9.9,231,AS,6
2018,Ford,Sport utility vehicle: Small,3.5,6,X,11.5,270,AS,6
2018,Ford,Sport utility vehicle: Small,2.0,4,X,10.5,246,AS,6
2018,Ford,Sport utility vehicle: Small,2.7,6,X,12.0,282,AS,6
2018,Ford,Sport utility vehicle: Small,3.5,6,X,12.4,291,AS,6
2018,Ford,Sport utility vehicle: Small,1.5,4,X,9.1,214,AS,6
2018,Ford,Sport utility vehicle: Small,2.5,4,X,9.7,229,AS,6
2018,Ford,Sport utility vehicle: Small,2.5,4,E,13.3,219,AS,6
2018,Ford,Sport utility vehicle: Small,1.5,4,X,9.6,226,AS,6
2018,Ford,Sport utility vehicle: Small,2.0,4,X,10.3,241,AS,6
2018,Ford,Sport utility vehicle: Standard,3.5,6,X,12.4,291,AS,10
2018,Ford,Sport utility vehicle: Standard,3.5,6,X,13.2,311,AS,10
2018,Ford,Sport utility vehicle: Standard,2.3,4,X,10.8,254,AS,6
2018,Ford,Sport utility vehicle: Standard,3.5,6,X,12.1,283,AS,6
2018,Ford,Sport utility vehicle: Standard,3.5,6,E,16.2,269,AS,6
2018,Ford,Sport utility vehicle: Standard,2.3,4,X,11.4,267,AS,6
2018,Ford,Sport utility vehicle: Standard,3.5,6,X,13.0,305,AS,6
2018,Ford,Sport utility vehicle: Standard,3.5,6,X,12.7,299,AS,6
2018,Ford,Sport utility vehicle: Standard,3.5,6,E,17.3,288,AS,6
2018,Ford,Pickup truck: Standard,2.7,6,X,10.6,249,AS,10
2018,Ford,Pickup truck: Standard,2.7,6,X,10.8,253,AS,10
2018,Ford,Pickup truck: Standard,2.7,6,X,11.0,258,AS,10
2018,Ford,Pickup truck: Standard,3.0,6,D,9.5,256,AS,10
2018,Ford,Pickup truck: Standard,3.0,6,D,9.7,260,AS,10
2018,Ford,Pickup truck: Standard,3.3,6,X,11.0,259,AS,6
2018,Ford,Pickup truck: Standard,3.3,6,X,10.9,257,AS,6
2018,Ford,Pickup truck: Standard,3.3,6,E,14.9,248,AS,6
2018,Ford,Pickup truck: Standard,3.3,6,X,11.2,263,AS,6
2018,Ford,Pickup truck: Standard,3.3,6,X,11.2,263,AS,6
2018,Ford,Pickup truck: Standard,3.3,6,E,14.9,248,AS,6
2018,Ford,Pickup truck: Standard,3.5,6,X,12.0,282,AS,10
2018,Ford,Pickup truck: Standard,3.5,6,X,12.3,288,AS,10
2018,Ford,Pickup truck: Standard,3.5,6,X,12.5,293,AS,10
2018,Ford,Pickup truck: Standard,5.0,8,X,12.4,292,AS,10
2018,Ford,Pickup truck: Standard,5.0,8,X,12.2,286,AS,10
2018,Ford,Pickup truck: Standard,5.0,8,E,17.4,288,AS,10
2018,Ford,Pickup truck: Standard,5.0,8,X,13.1,308,AS,10
2018,Ford,Pickup truck: Standard,5.0,8,X,13.1,307,AS,10
2018,Ford,Pickup truck: Standard,5.0,8,E,17.4,288,AS,10
2018,Ford,Pickup truck: Standard,5.0,8,X,13.8,324,AS,10
2018,Ford,Pickup truck: Standard,5.0,8,X,13.8,323,AS,10
2018,Ford,Pickup truck: Standard,5.0,8,E,17.4,288,AS,10
2018,Ford,Pickup truck: Standard,2.7,6,X,11.3,265,AS,10
2018,Ford,Pickup truck: Standard,2.7,6,X,11.8,277,AS,10
2018,Ford,Pickup truck: Standard,2.7,6,X,11.6,272,AS,10
2018,Ford,Pickup truck: Standard,3.0,6,D,10.7,288,AS,10
2018,Ford,Pickup truck: Standard,3.0,6,D,10.7,288,AS,10
2018,Ford,Pickup truck: Standard,3.0,6,D,9.9,266,AS,10
2018,Ford,Pickup truck: Standard,3.3,6,X,11.8,277,AS,6
2018,Ford,Pickup truck: Standard,3.3,6,X,11.7,273,AS,6
2018,Ford,Pickup truck: Standard,3.3,6,E,15.8,263,AS,6
2018,Ford,Pickup truck: Standard,3.3,6,X,12.4,291,AS,6
2018,Ford,Pickup truck: Standard,3.3,6,X,12.4,291,AS,6
2018,Ford,Pickup truck: Standard,3.3,6,E,15.8,262,AS,6
2018,Ford,Pickup truck: Standard,3.5,6,X,12.6,295,AS,10
2018,Ford,Pickup truck: Standard,3.5,6,X,12.7,297,AS,10
2018,Ford,Pickup truck: Standard,3.5,6,X,13.0,305,AS,10
2018,Ford,Pickup truck: Standard,5.0,8,X,13.0,304,AS,10
2018,Ford,Pickup truck: Standard,5.0,8,X,13.3,311,AS,10
2018,Ford,Pickup truck: Standard,5.0,8,E,18.0,300,AS,10
2018,Ford,Pickup truck: Standard,5.0,8,X,13.8,324,AS,10
2018,Ford,Pickup truck: Standard,5.0,8,X,13.8,324,AS,10
2018,Ford,Pickup truck: Standard,5.0,8,E,18.0,300,AS,10
2018,Ford,Pickup truck: Standard,5.0,8,X,14.2,334,AS,10
2018,Ford,Pickup truck: Standard,5.0,8,X,14.5,339,AS,10
2018,Ford,Pickup truck: Standard,5.0,8,E,19.5,325,AS,10
2018,Ford,Pickup truck: Standard,3.5,6,X,14.5,339,AS,10
2018,Ford,Subcompact,1.6,4,X,7.6,179,AM,6
2018,Ford,Subcompact,1.6,4,X,7.8,182,M,5
2018,Ford,Subcompact,1.6,4,X,8.2,192,M,6
2018,Ford,Sport utility vehicle: Standard,3.5,6,X,12.7,298,AS,6
2018,Ford,Sport utility vehicle: Standard,3.5,6,X,12.9,303,AS,6
2018,Ford,Sport utility vehicle: Standard,3.5,6,X,13.7,322,AS,6
2018,Ford,Compact,1.0,3,X,7.5,176,AS,6
2018,Ford,Compact,1.0,3,X,7.0,164,M,6
2018,Ford,Compact,2.0,4,X,7.7,179,AM,6
2018,Ford,Compact,2.0,4,X,8.5,200,AS,6
2018,Ford,Compact,2.0,4,X,8.3,196,M,5
2018,Ford,Mid-size,2.0,4,X,9.3,219,M,6
2018,Ford,Mid-size,2.3,4,Z,10.8,252,M,6
2018,Ford,Mid-size,1.5,4,X,8.7,203,AS,6
2018,Ford,Mid-size,2.0,4,X,9.6,225,AS,6
2018,Ford,Mid-size,2.5,4,X,9.5,223,A,6
2018,Ford,Mid-size,2.0,4,X,10.2,238,AS,6
2018,Ford,Mid-size,2.7,6,X,11.8,277,AS,6
2018,Ford,Mid-size,2.0,4,X,5.6,131,AV,0
2018,Ford,Two-seater,3.5,6,Z,17.1,403,AM,7
2018,Ford,Subcompact,2.3,4,X,9.4,219,AS,10
2018,Ford,Subcompact,2.3,4,X,10.1,236,AS,10
2018,Ford,Subcompact,2.3,4,X,9.5,222,M,6
2018,Ford,Subcompact,2.3,4,X,10.3,240,M,6
2018,Ford,Subcompact,5.0,8,X,12.5,291,AS,10
2018,Ford,Subcompact,5.0,8,X,12.8,300,M,6
2018,Ford,Subcompact,2.3,4,X,10.2,238,AS,10
2018,Ford,Subcompact,2.3,4,X,10.3,240,M,6
2018,Ford,Subcompact,5.0,8,X,13.1,305,AS,10
2018,Ford,Subcompact,5.2,8,Z,14.6,341,M,6
2018,Ford,Van: Passenger,3.5,6,X,14.7,345,AS,6
2018,Ford,Van: Passenger,3.7,6,X,15.1,354,AS,6
2018,Ford,Full-size,3.5,6,X,11.1,260,AS,6
2018,Ford,Full-size,3.5,6,E,15.0,249,AS,6
2018,Ford,Full-size,3.5,6,X,12.5,294,AS,6
2018,Ford,Full-size,3.5,6,X,12.4,291,AS,6
2018,Ford,Full-size,3.5,6,E,16.3,271,AS,6
2018,Ford,Special purpose vehicle,2.5,4,X,10.4,244,AS,6
2018,Ford,Special purpose vehicle,2.5,4,E,14.3,234,AS,6
2018,Ford,Special purpose vehicle,2.5,4,X,10.7,251,AS,6
2018,Ford,Special purpose vehicle,2.5,4,E,14.7,241,AS,6
2018,Genesis,Full-size,3.3,6,Z,11.9,282,AS,8
2018,Genesis,Full-size,3.8,6,X,11.7,276,AS,8
2018,Genesis,Full-size,5.0,8,Z,13.2,312,AS,8
2018,Genesis,Full-size,3.3,6,Z,11.9,279,AS,8
2018,Genesis,Full-size,5.0,8,Z,13.0,306,AS,8
2018,GMC,Sport utility vehicle: Standard,2.5,4,X,10.2,239,A,6
2018,GMC,Sport utility vehicle: Standard,3.6,6,X,11.4,268,A,6
2018,GMC,Sport utility vehicle: Standard,2.5,4,X,10.4,243,A,6
2018,GMC,Sport utility vehicle: Standard,3.6,6,X,11.7,275,A,6
2018,GMC,Pickup truck: Small,2.5,4,X,10.8,253,A,6
2018,GMC,Pickup truck: Small,2.5,4,X,10.7,251,M,6
2018,GMC,Pickup truck: Small,2.8,4,D,9.6,257,A,6
2018,GMC,Pickup truck: Small,3.6,6,X,11.7,274,A,8
2018,GMC,Pickup truck: Small,2.5,4,X,11.3,266,A,6
2018,GMC,Pickup truck: Small,2.8,4,D,10.4,279,A,6
2018,GMC,Pickup truck: Small,3.6,6,X,12.2,288,A,8
2018,GMC,Pickup truck: Standard,4.3,6,X,11.8,278,A,6
2018,GMC,Pickup truck: Standard,4.3,6,E,17.1,284,A,6
2018,GMC,Pickup truck: Standard,5.3,8,X,12.7,298,A,6
2018,GMC,Pickup truck: Standard,5.3,8,X,12.7,298,A,6
2018,GMC,Pickup truck: Standard,5.3,8,E,17.0,283,A,6
2018,GMC,Pickup truck: Standard,5.3,8,X,13.1,307,A,8
2018,GMC,Pickup truck: Standard,5.3,8,X,11.8,278,A,8
2018,GMC,Pickup truck: Standard,6.2,8,Z,13.8,323,A,8
2018,GMC,Pickup truck: Standard,4.3,6,X,12.5,294,A,6
2018,GMC,Pickup truck: Standard,4.3,6,E,18.0,296,A,6
2018,GMC,Pickup truck: Standard,5.3,8,X,13.1,307,A,6
2018,GMC,Pickup truck: Standard,5.3,8,X,13.1,307,A,6
2018,GMC,Pickup truck: Standard,5.3,8,E,18.3,309,A,6
2018,GMC,Pickup truck: Standard,5.3,8,X,13.8,324,A,8
2018,GMC,Pickup truck: Standard,5.3,8,X,13.0,304,A,8
2018,GMC,Pickup truck: Standard,6.2,8,Z,14.1,331,A,8
2018,GMC,Sport utility vehicle: Small,1.5,4,X,8.6,201,A,9
2018,GMC,Sport utility vehicle: Small,1.6,4,D,7.4,198,A,6
2018,GMC,Sport utility vehicle: Small,1.5,4,X,9.0,210,A,9
2018,GMC,Sport utility vehicle: Small,1.6,4,D,7.4,198,A,6
2018,GMC,Sport utility vehicle: Small,2.0,4,Z,10.2,239,A,9
2018,GMC,Sport utility vehicle: Standard,5.3,8,X,13.0,305,A,6
2018,GMC,Sport utility vehicle: Standard,5.3,8,X,13.0,305,A,6
2018,GMC,Sport utility vehicle: Standard,5.3,8,E,17.2,285,A,6
2018,GMC,Sport utility vehicle: Standard,5.3,8,X,13.2,310,A,6
2018,GMC,Sport utility vehicle: Standard,5.3,8,X,13.2,310,A,6
2018,GMC,Sport utility vehicle: Standard,5.3,8,E,18.0,299,A,6
2018,GMC,Sport utility vehicle: Standard,6.2,8,Z,13.8,325,A,10
2018,GMC,Sport utility vehicle: Standard,5.3,8,X,13.0,305,A,6
2018,GMC,Sport utility vehicle: Standard,5.3,8,X,13.0,305,A,6
2018,GMC,Sport utility vehicle: Standard,5.3,8,E,17.2,285,A,6
2018,GMC,Sport utility vehicle: Standard,5.3,8,X,13.3,313,A,6
2018,GMC,Sport utility vehicle: Standard,5.3,8,X,13.3,312,A,6
2018,GMC,Sport utility vehicle: Standard,5.3,8,E,19.3,321,A,6
2018,GMC,Sport utility vehicle: Standard,6.2,8,Z,14.5,340,A,10
2018,Honda,Full-size,1.5,4,X,7.2,168,AV,0
2018,Honda,Full-size,1.5,4,X,7.6,177,AV,7
2018,Honda,Full-size,1.5,4,X,7.9,185,M,6
2018,Honda,Full-size,2.0,4,X,9.2,214,M,6
2018,Honda,Mid-size,2.0,4,X,9.1,211,AS,10
2018,Honda,Full-size,2.0,4,X,5.1,118,AV,0
2018,Honda,Compact,1.5,4,X,6.8,158,AV,0
2018,Honda,Compact,1.5,4,X,6.8,158,M,6
2018,Honda,Compact,2.0,4,X,7.0,163,AV,0
2018,Honda,Compact,2.0,4,X,7.4,173,M,6
2018,Honda,Compact,1.5,4,Z,7.4,173,M,6
2018,Honda,Full-size,1.5,4,X,6.9,162,AV,0
2018,Honda,Full-size,1.5,4,X,7.3,170,AV,7
2018,Honda,Full-size,1.5,4,X,7.2,167,M,6
2018,Honda,Full-size,1.5,4,Z,7.3,170,AV,7
2018,Honda,Full-size,1.5,4,Z,7.2,167,M,6
2018,Honda,Mid-size,1.5,4,X,6.6,153,AV,0
2018,Honda,Mid-size,2.0,4,X,7.0,163,AV,0
2018,Honda,Mid-size,2.0,4,X,7.4,172,M,6
2018,Honda,Mid-size,1.5,4,Z,7.4,173,M,6
2018,Honda,Full-size,2.0,4,Z,9.6,224,M,6
2018,Honda,Sport utility vehicle: Small,1.5,4,X,7.8,181,AV,0
2018,Honda,Sport utility vehicle: Small,1.5,4,X,8.0,188,AV,0
2018,Honda,Station wagon: Small,1.5,4,X,6.5,151,AV,0
2018,Honda,Station wagon: Small,1.5,4,X,7.0,166,AV,7
2018,Honda,Station wagon: Small,1.5,4,X,7.4,174,M,6
2018,Honda,Station wagon: Small,1.8,4,X,7.7,180,AV,0
2018,Honda,Station wagon: Small,1.8,4,X,7.7,180,AV,7
2018,Honda,Station wagon: Small,1.8,4,X,8.4,195,M,6
2018,Honda,Station wagon: Small,1.8,4,X,8.2,194,AV,0
2018,Honda,Station wagon: Small,1.8,4,X,8.2,194,AV,7
2018,Honda,Minivan,3.5,6,X,10.7,252,AS,9
2018,Honda,Minivan,3.5,6,X,10.6,247,AS,10
2018,Honda,Sport utility vehicle: Small,3.5,6,X,11.3,266,A,6
2018,Honda,Sport utility vehicle: Small,3.5,6,X,11.0,256,AS,9
2018,Honda,Pickup truck: Standard,3.5,6,X,11.3,264,A,6
2018,Hyundai,Compact,1.6,4,X,7.4,173,AS,6
2018,Hyundai,Compact,1.6,4,X,7.3,173,M,6
2018,Hyundai,Mid-size,1.6,4,X,8.1,189,AM,7
2018,Hyundai,Mid-size,1.6,4,X,9.4,221,M,6
2018,Hyundai,Mid-size,2.0,4,X,7.4,174,AS,6
2018,Hyundai,Mid-size,2.0,4,X,8.0,188,M,6
2018,Hyundai,Full-size,1.6,4,X,8.3,194,AM,7
2018,Hyundai,Full-size,1.6,4,X,9.6,226,M,6
2018,Hyundai,Full-size,2.0,4,X,8.4,198,AS,6
2018,Hyundai,Full-size,2.0,4,X,8.7,205,M,6
2018,Hyundai,Full-size,1.6,4,X,4.3,102,AM,6
2018,Hyundai,Full-size,1.6,4,X,4.1,96,AM,6
2018,Hyundai,Sport utility vehicle: Small,2.0,4,X,7.9,186,AS,6
2018,Hyundai,Sport utility vehicle: Small,1.6,4,X,8.6,201,AM,7
2018,Hyundai,Sport utility vehicle: Small,2.0,4,X,8.6,202,AS,6
2018,Hyundai,Sport utility vehicle: Small,3.3,6,X,11.3,265,AS,6
2018,Hyundai,Sport utility vehicle: Small,3.3,6,X,11.5,269,AS,6
2018,Hyundai,Sport utility vehicle: Small,3.3,6,X,12.5,295,AS,6
2018,Hyundai,Sport utility vehicle: Small,2.4,4,X,10.0,235,AS,6
2018,Hyundai,Sport utility vehicle: Small,2.4,4,X,10.7,253,AS,6
2018,Hyundai,Sport utility vehicle: Small,2.0,4,X,11.2,264,AS,6
2018,Hyundai,Full-size,2.0,4,X,9.1,212,AS,8
2018,Hyundai,Full-size,2.4,4,X,8.5,202,AS,6
2018,Hyundai,Mid-size,2.0,4,X,5.7,135,AM,6
2018,Hyundai,Mid-size,2.0,4,X,5.6,132,AM,6
2018,Hyundai,Sport utility vehicle: Small,2.0,4,X,9.0,213,AS,6
2018,Hyundai,Sport utility vehicle: Small,1.6,4,X,9.3,221,AM,7
2018,Hyundai,Sport utility vehicle: Small,2.0,4,X,10.2,241,AS,6
2018,Infiniti,Mid-size,2.0,4,Z,9.7,228,AS,7
2018,Infiniti,Mid-size,3.0,6,Z,10.8,253,AS,7
2018,Infiniti,Mid-size,3.0,6,Z,11.1,260,AS,7
2018,Infiniti,Compact,3.5,6,Z,8.5,200,AS,7
2018,Infiniti,Subcompact,2.0,4,Z,10.0,233,AS,7
2018,Infiniti,Subcompact,3.0,6,Z,10.7,251,AS,7
2018,Infiniti,Subcompact,3.0,6,Z,11.0,259,AS,7
2018,Infiniti,Mid-size,3.7,6,Z,11.7,274,AS,7
2018,Infiniti,Mid-size,5.6,8,Z,12.8,301,AS,7
2018,Infiniti,Compact,2.0,4,Z,8.5,200,AM,7
2018,Infiniti,Compact,2.0,4,Z,9.4,221,AM,7
2018,Infiniti,Sport utility vehicle: Small,3.5,6,Z,10.9,257,AV,7
2018,Infiniti,Sport utility vehicle: Standard,5.6,8,Z,15.1,354,AS,7
2018,Jaguar,Sport utility vehicle: Small,2.0,4,D,8.1,218,AS,8
2018,Jaguar,Sport utility vehicle: Small,2.0,4,Z,9.9,227,AS,8
2018,Jaguar,Sport utility vehicle: Small,3.0,6,Z,11.8,277,AS,8
2018,Jaguar,Two-seater,2.0,4,Z,9.2,215,AS,8
2018,Jaguar,Two-seater,3.0,6,Z,10.4,242,AS,8
2018,Jaguar,Two-seater,3.0,6,Z,12.6,296,M,6
2018,Jaguar,Two-seater,3.0,6,Z,10.8,253,AS,8
2018,Jaguar,Two-seater,3.0,6,Z,12.9,302,M,6
2018,Jaguar,Two-seater,3.0,6,Z,11.3,265,AS,8
2018,Jaguar,Two-seater,2.0,4,Z,9.2,215,AS,8
2018,Jaguar,Two-seater,3.0,6,Z,10.4,242,AS,8
2018,Jaguar,Two-seater,3.0,6,Z,12.6,296,M,6
2018,Jaguar,Two-seater,3.0,6,Z,10.8,253,AS,8
2018,Jaguar,Two-seater,3.0,6,Z,12.9,302,M,6
2018,Jaguar,Two-seater,3.0,6,Z,11.3,265,AS,8
2018,Jaguar,Two-seater,5.0,8,Z,13.3,311,AS,8
2018,Jaguar,Two-seater,5.0,8,Z,13.3,311,AS,8
2018,Jaguar,Compact,2.0,4,D,6.9,186,AS,8
2018,Jaguar,Compact,2.0,4,Z,8.5,200,AS,8
2018,Jaguar,Compact,3.0,6,Z,10.2,238,AS,8
2018,Jaguar,Mid-size,2.0,4,D,6.9,186,AS,8
2018,Jaguar,Mid-size,2.0,4,Z,8.8,207,AS,8
2018,Jaguar,Mid-size,3.0,6,Z,10.4,243,AS,8
2018,Jaguar,Full-size,3.0,6,Z,11.8,276,AS,8
2018,Jaguar,Full-size,3.0,6,Z,11.9,280,AS,8
2018,Jaguar,Full-size,5.0,8,Z,13.3,313,AS,8
2018,Jeep,Sport utility vehicle: Small,2.4,4,X,9.6,225,A,9
2018,Jeep,Sport utility vehicle: Small,2.4,4,E,13.3,218,A,9
2018,Jeep,Sport utility vehicle: Small,3.2,6,X,10.0,234,A,9
2018,Jeep,Sport utility vehicle: Small,2.4,4,X,10.0,235,A,9
2018,Jeep,Sport utility vehicle: Small,2.4,4,X,10.0,235,A,9
2018,Jeep,Sport utility vehicle: Small,2.4,4,E,14.0,231,A,9
2018,Jeep,Sport utility vehicle: Small,3.2,6,X,10.3,241,A,9
2018,Jeep,Sport utility vehicle: Small,2.4,4,X,10.2,239,A,9
2018,Jeep,Sport utility vehicle: Small,3.2,6,X,11.1,259,A,9
2018,Jeep,Sport utility vehicle: Small,2.4,4,X,10.9,256,A,9
2018,Jeep,Sport utility vehicle: Small,3.2,6,X,11.6,269,A,9
2018,Jeep,Sport utility vehicle: Small,2.4,4,X,9.3,218,A,6
2018,Jeep,Sport utility vehicle: Small,2.4,4,X,9.0,211,M,6
2018,Jeep,Sport utility vehicle: Small,2.4,4,X,9.5,222,A,9
2018,Jeep,Sport utility vehicle: Small,2.4,4,X,9.4,221,M,6
2018,Jeep,Sport utility vehicle: Standard,3.0,6,D,10.0,268,A,8
2018,Jeep,Sport utility vehicle: Standard,3.6,6,X,11.3,265,A,8
2018,Jeep,Sport utility vehicle: Standard,5.7,8,X,14.1,331,A,8
2018,Jeep,Sport utility vehicle: Standard,6.4,8,Z,15.7,368,A,8
2018,Jeep,Sport utility vehicle: Standard,6.2,8,Z,17.7,413,A,8
2018,Jeep,Sport utility vehicle: Small,2.0,4,X,10.0,233,A,8
2018,Jeep,Sport utility vehicle: Small,3.6,6,X,11.8,274,A,8
2018,Jeep,Sport utility vehicle: Small,3.6,6,X,11.8,277,M,6
2018,Jeep,Sport utility vehicle: Small,2.0,4,X,10.5,245,A,8
2018,Jeep,Sport utility vehicle: Small,3.6,6,X,11.7,275,A,8
2018,Jeep,Sport utility vehicle: Small,3.6,6,X,12.2,285,M,6
2018,Jeep,Sport utility vehicle: Small,1.4,4,X,8.9,209,M,6
2018,Jeep,Sport utility vehicle: Small,2.4,4,X,9.5,222,A,9
2018,Jeep,Sport utility vehicle: Small,2.4,4,X,9.5,222,A,9
2018,Jeep,Sport utility vehicle: Small,2.4,4,E,12.5,206,A,9
2018,Jeep,Sport utility vehicle: Small,1.4,4,X,8.9,211,M,6
2018,Jeep,Sport utility vehicle: Small,2.4,4,X,9.8,230,A,9
2018,Jeep,Sport utility vehicle: Small,3.6,6,X,12.8,299,A,5
2018,Jeep,Sport utility vehicle: Small,3.6,6,X,12.8,298,M,6
2018,Jeep,Sport utility vehicle: Small,3.6,6,X,13.4,313,A,5
2018,Jeep,Sport utility vehicle: Small,3.6,6,X,13.3,312,M,6
2018,Kia,Full-size,3.3,6,X,10.2,237,AS,8
2018,Kia,Mid-size,2.0,4,X,7.1,168,AS,6
2018,Kia,Mid-size,2.0,4,X,8.3,198,AS,6
2018,Kia,Mid-size,2.0,4,X,8.3,195,M,6
2018,Kia,Full-size,1.6,4,X,8.7,207,AM,7
2018,Kia,Full-size,2.0,4,X,8.3,197,AS,6
2018,Kia,Full-size,2.0,4,X,8.7,204,M,6
2018,Kia,Full-size,3.8,6,X,11.8,279,AS,8
2018,Kia,Full-size,5.0,8,Z,13.3,317,AS,8
2018,Kia,Station wagon: Small,1.6,4,X,4.8,114,AM,6
2018,Kia,Station wagon: Small,1.6,4,X,4.7,110,AM,6
2018,Kia,Station wagon: Small,1.6,4,X,5.4,129,AM,6
2018,Kia,Full-size,2.0,4,X,9.4,224,AS,6
2018,Kia,Full-size,2.4,4,X,8.4,198,AS,6
2018,Kia,Full-size,2.4,4,X,8.0,190,AS,6
2018,Kia,Mid-size,2.0,4,X,5.6,132,AM,6
2018,Kia,Compact,1.6,4,X,7.5,177,AS,6
2018,Kia,Compact,1.6,4,X,7.5,175,M,6
2018,Kia,Minivan,3.3,6,X,11.6,275,AS,6
2018,Kia,Minivan,3.3,6,X,11.4,269,AS,6
2018,Kia,Minivan,3.3,6,X,12.5,296,AS,6
2018,Kia,Sport utility vehicle: Small,2.4,4,X,9.9,234,AS,6
2018,Kia,Sport utility vehicle: Small,2.0,4,X,11.0,259,AS,6
2018,Kia,Sport utility vehicle: Small,2.4,4,X,10.5,246,AS,6
2018,Kia,Sport utility vehicle: Small,3.3,6,X,12.2,289,AS,6
2018,Kia,Sport utility vehicle: Small,3.3,6,X,11.4,270,AS,6
2018,Kia,Station wagon: Small,1.6,4,X,8.5,199,AM,7
2018,Kia,Station wagon: Small,1.6,4,X,8.7,205,AS,6
2018,Kia,Station wagon: Small,2.0,4,X,8.7,206,AS,6
2018,Kia,Sport utility vehicle: Small,2.4,4,X,9.2,218,AS,6
2018,Kia,Sport utility vehicle: Small,2.0,4,X,11.1,263,AS,6
2018,Kia,Sport utility vehicle: Small,2.4,4,X,10.5,247,AS,6
2018,Kia,Mid-size,3.3,6,Z,11.3,265,AS,8
2018,Lamborghini,Two-seater,6.5,12,Z,19.4,454,AM,7
2018,Lamborghini,Two-seater,6.5,12,Z,19.8,464,AM,7
2018,Lamborghini,Two-seater,6.5,12,Z,19.4,454,AM,7
2018,Lamborghini,Two-seater,6.5,12,Z,19.8,464,AM,7
2018,Lamborghini,Two-seater,5.2,10,Z,14.4,336,AM,7
2018,Lamborghini,Two-seater,5.2,10,Z,15.0,349,AM,7
2018,Lamborghini,Two-seater,5.2,10,Z,14.5,337,AM,7
2018,Lamborghini,Two-seater,5.2,10,Z,15.0,350,AM,7
2018,Land Rover,Sport utility vehicle: Small,2.0,4,Z,10.5,246,AS,9
2018,Land Rover,Sport utility vehicle: Small,2.0,4,Z,9.6,225,AS,9
2018,Land Rover,Sport utility vehicle: Small,2.0,4,Z,9.8,231,AS,9
2018,Land Rover,Sport utility vehicle: Small,2.0,4,D,8.5,229,AS,8
2018,Land Rover,Sport utility vehicle: Small,3.0,6,Z,11.6,273,AS,8
2018,Lexus,Mid-size,2.5,4,X,5.9,139,AV,6
2018,Lexus,Mid-size,3.5,6,X,9.7,226,AS,6
2018,Lexus,Mid-size,3.5,6,Z,11.0,257,AS,6
2018,Lexus,Mid-size,3.5,6,Z,7.5,176,AV,8
2018,Lexus,Compact,5.0,8,Z,12.5,293,AS,8
2018,Lexus,Sport utility vehicle: Standard,4.6,8,Z,14.6,341,AS,6
2018,Lexus,Compact,2.0,4,Z,9.1,214,AS,8
2018,Lexus,Compact,3.5,6,Z,10.9,254,AS,6
2018,Lexus,Compact,3.5,6,Z,10.9,254,AS,6
2018,Lexus,Subcompact,5.0,8,Z,12.2,286,AS,10
2018,Lexus,Subcompact,3.5,6,Z,8.0,187,AV,10
2018,Lexus,Mid-size,3.4,6,Z,10.2,240,AS,10
2018,Lexus,Mid-size,3.4,6,Z,11.0,259,AS,10
2018,Lexus,Mid-size,3.5,6,Z,8.4,195,AV,10
2018,Lexus,Mid-size,3.5,6,Z,9.1,211,AV,10
2018,Lexus,Sport utility vehicle: Standard,5.7,8,Z,15.8,371,AS,8
2018,Lexus,Sport utility vehicle: Small,2.0,4,Z,9.7,226,AS,6
2018,Lexus,Sport utility vehicle: Small,2.0,4,Z,9.9,232,AS,6
2018,Lexus,Sport utility vehicle: Small,2.5,4,X,7.5,176,AV,6
2018,Lexus,Subcompact,3.5,6,Z,11.2,262,AS,6
2018,Lexus,Subcompact,3.5,6,Z,11.2,262,AS,6
2018,Lexus,Subcompact,5.0,8,Z,12.6,289,AS,8
2018,Lexus,Sport utility vehicle: Small,3.5,6,X,10.8,252,AS,8
2018,Lexus,Sport utility vehicle: Small,3.5,6,X,11.1,268,AS,8
2018,Lexus,Sport utility vehicle: Standard,3.5,6,Z,7.9,185,AV,6
2018,Lincoln,Full-size,2.7,6,X,12.0,280,AS,6
2018,Lincoln,Full-size,3.0,6,X,12.3,290,AS,6
2018,Lincoln,Full-size,3.7,6,X,12.2,287,AS,6
2018,Lincoln,Sport utility vehicle: Small,2.0,4,X,10.9,256,AS,6
2018,Lincoln,Sport utility vehicle: Small,2.0,4,X,10.8,254,AS,6
2018,Lincoln,Sport utility vehicle: Small,2.3,4,X,11.5,269,AS,6
2018,Lincoln,Sport utility vehicle: Standard,3.5,6,X,13.7,322,AS,6
2018,Lincoln,Special purpose vehicle,3.7,6,X,12.7,298,A,6
2018,Lincoln,Sport utility vehicle: Small,2.7,6,X,12.1,284,AS,6
2018,Lincoln,Sport utility vehicle: Small,3.7,6,X,12.5,293,AS,6
2018,Lincoln,Mid-size,2.0,4,X,10.3,242,AS,6
2018,Lincoln,Mid-size,3.0,6,X,11.8,278,AS,6
2018,Lincoln,Mid-size,2.0,4,X,5.9,139,AV,0
2018,Lincoln,Sport utility vehicle: Standard,3.5,6,X,13.3,310,AS,10
2018,Maserati,Mid-size,3.0,6,Z,12.2,286,AS,8
2018,Maserati,Mid-size,3.0,6,Z,12.4,293,AS,8
2018,Maserati,Mid-size,3.0,6,Z,12.6,295,AS,8
2018,Maserati,Subcompact,4.7,8,Z,15.1,355,AS,6
2018,Maserati,Subcompact,4.7,8,Z,15.2,358,AS,6
2018,Maserati,Sport utility vehicle: Standard,3.0,6,Z,14.4,340,AS,8
2018,Maserati,Sport utility vehicle: Standard,3.0,6,Z,14.7,346,AS,8
2018,Maserati,Full-size,3.0,6,Z,12.8,300,AS,8
2018,Maserati,Full-size,3.0,6,Z,12.8,301,AS,8
2018,Maserati,Full-size,3.8,8,Z,13.7,321,AS,8
2018,Mazda,Compact,2.0,4,X,7.6,180,AS,6
2018,Mazda,Compact,2.0,4,X,8.1,189,M,6
2018,Mazda,Compact,2.0,4,X,8.2,192,AS,6
2018,Mazda,Sport utility vehicle: Small,2.0,4,X,8.8,206,M,6
2018,Mazda,Sport utility vehicle: Small,2.5,4,X,8.8,206,AS,6
2018,Mazda,Sport utility vehicle: Small,2.5,4,X,8.5,201,AS,6
2018,Mazda,Sport utility vehicle: Small,2.5,4,X,9.3,217,AS,6
2018,Mazda,Sport utility vehicle: Small,2.5,4,X,9.0,209,AS,6
2018,Mazda,Sport utility vehicle: Small,2.5,4,X,9.6,225,AS,6
2018,Mazda,Sport utility vehicle: Small,2.5,4,X,10.4,242,AS,6
2018,Mazda,Compact,2.0,4,X,7.5,176,AS,6
2018,Mazda,Compact,2.0,4,X,7.5,175,M,6
2018,Mazda,Compact,2.0,4,X,7.5,175,M,6
2018,Mazda,Compact,2.5,4,X,7.8,182,AS,6
2018,Mazda,Compact,2.5,4,X,7.6,176,AS,6
2018,Mazda,Compact,2.5,4,X,8.2,194,M,6
2018,Mazda,Mid-size,2.0,4,X,7.5,174,AS,6
2018,Mazda,Mid-size,2.0,4,X,7.6,178,M,6
2018,Mazda,Mid-size,2.5,4,X,7.8,187,AS,6
2018,Mazda,Mid-size,2.5,4,X,7.8,181,AS,6
2018,Mazda,Mid-size,2.5,4,X,8.4,198,M,6
2018,Mazda,Mid-size,2.5,4,X,8.0,187,AS,6
2018,Mazda,Mid-size,2.5,4,X,8.9,208,AS,6
2018,Mazda,Two-seater,2.0,4,Z,8.0,188,AS,6
2018,Mazda,Two-seater,2.0,4,Z,8.1,189,M,6
2018,Mercedes-Benz,Compact,3.0,6,Z,10.4,244,A,9
2018,Mercedes-Benz,Subcompact,3.0,6,Z,11.0,256,A,9
2018,Mercedes-Benz,Subcompact,3.0,6,Z,10.5,245,A,9
2018,Mercedes-Benz,Compact,4.0,8,Z,11.7,274,A,7
2018,Mercedes-Benz,Subcompact,4.0,8,Z,12.4,291,A,7
2018,Mercedes-Benz,Subcompact,4.0,8,Z,12.1,285,A,7
2018,Mercedes-Benz,Compact,4.0,8,Z,11.7,274,A,7
2018,Mercedes-Benz,Subcompact,4.0,8,Z,12.4,291,A,7
2018,Mercedes-Benz,Subcompact,4.0,8,Z,12.2,285,A,7
2018,Mercedes-Benz,Compact,2.0,4,Z,9.2,217,AM,7
2018,Mercedes-Benz,Mid-size,3.0,6,Z,11.1,258,A,9
2018,Mercedes-Benz,Mid-size,4.0,8,Z,13.3,313,A,9
2018,Mercedes-Benz,Station wagon: Mid-size,4.0,8,Z,13.3,312,A,9
2018,Mercedes-Benz,Sport utility vehicle: Standard,5.5,8,Z,17.9,419,A,7
2018,Mercedes-Benz,Sport utility vehicle: Standard,6.0,12,Z,20.3,473,A,7
2018,Mercedes-Benz,Station wagon: Mid-size,2.0,4,Z,9.6,225,AM,7
2018,Mercedes-Benz,Sport utility vehicle: Small,3.0,6,Z,11.8,277,A,9
2018,Mercedes-Benz,Sport utility vehicle: Small,3.0,6,Z,11.6,272,A,9
2018,Mercedes-Benz,Sport utility vehicle: Standard,3.0,6,Z,12.1,282,A,9
2018,Mercedes-Benz,Sport utility vehicle: Standard,3.0,6,Z,12.2,285,A,9
2018,Mercedes-Benz,Sport utility vehicle: Standard,5.5,8,Z,15.5,364,A,7
2018,Mercedes-Benz,Sport utility vehicle: Standard,5.5,8,Z,15.2,357,A,7
2018,Mercedes-Benz,Sport utility vehicle: Standard,5.5,8,Z,15.7,367,A,7
2018,Mercedes-Benz,Two-seater,4.0,8,Z,12.8,302,AM,7
2018,Mercedes-Benz,Two-seater,4.0,8,Z,13.0,304,AM,7
2018,Mercedes-Benz,Two-seater,4.0,8,Z,13.8,322,AM,7
2018,Mercedes-Benz,Two-seater,4.0,8,Z,13.8,322,AM,7
2018,Mercedes-Benz,Two-seater,4.0,8,Z,13.9,324,AM,7
2018,Mercedes-Benz,Two-seater,4.0,8,Z,12.8,302,AM,7
2018,Mercedes-Benz,Full-size,4.0,8,Z,11.8,275,A,9
2018,Mercedes-Benz,Subcompact,4.0,8,Z,13.1,306,A,9
2018,Mercedes-Benz,Compact,4.0,8,Z,11.6,271,A,9
2018,Mercedes-Benz,Full-size,6.0,12,Z,15.1,356,A,7
2018,Mercedes-Benz,Two-seater,5.5,8,Z,12.4,291,A,7
2018,Mercedes-Benz,Two-seater,6.0,12,Z,14.5,339,A,7
2018,Mercedes-Benz,Two-seater,3.0,6,Z,10.1,236,A,9
2018,Mercedes-Benz,Mid-size,2.0,4,Z,8.4,196,AM,7
2018,Mercedes-Benz,Mid-size,2.0,4,Z,9.1,215,AM,7
2018,Mercedes-Benz,Compact,2.0,4,Z,9.1,214,A,9
2018,Mercedes-Benz,Subcompact,2.0,4,Z,9.6,224,A,9
2018,Mercedes-Benz,Subcompact,2.0,4,Z,9.3,218,A,9
2018,Mercedes-Benz,Station wagon: Mid-size,2.0,4,Z,9.5,222,A,9
2018,Mercedes-Benz,Compact,2.0,4,Z,8.2,193,AM,7
2018,Mercedes-Benz,Compact,2.0,4,Z,8.7,204,AM,7
2018,Mercedes-Benz,Mid-size,2.0,4,Z,9.7,227,A,9
2018,Mercedes-Benz,Mid-size,3.0,6,Z,10.4,246,A,9
2018,Mercedes-Benz,Subcompact,3.0,6,Z,10.8,251,A,9
2018,Mercedes-Benz,Subcompact,3.0,6,Z,10.6,248,A,9
2018,Mercedes-Benz,Station wagon: Mid-size,3.0,6,Z,11.1,261,A,9
2018,Mercedes-Benz,Sport utility vehicle: Standard,4.0,8,Z,17.5,410,A,7
2018,Mercedes-Benz,Sport utility vehicle: Small,2.0,4,Z,9.0,209,AM,7
2018,Mercedes-Benz,Sport utility vehicle: Small,2.0,4,Z,10.0,240,A,9
2018,Mercedes-Benz,Sport utility vehicle: Small,2.0,4,Z,10.0,235,A,9
2018,Mercedes-Benz,Sport utility vehicle: Standard,3.0,6,Z,12.1,282,A,9
2018,Mercedes-Benz,Sport utility vehicle: Standard,4.7,8,Z,13.5,317,A,9
2018,Mercedes-Benz,Sport utility vehicle: Standard,3.0,6,Z,13.0,305,A,9
2018,Mercedes-Benz,Sport utility vehicle: Standard,4.7,8,Z,14.7,346,A,9
2018,Mercedes-Benz,Full-size,6.0,12,Z,15.1,355,A,9
2018,Mercedes-Benz,Special purpose vehicle,2.0,4,Z,10.7,251,A,7
2018,Mercedes-Benz,Special purpose vehicle,2.0,4,Z,11.4,268,A,7
2018,Mercedes-Benz,Mid-size,3.0,6,Z,10.9,255,A,9
2018,Mercedes-Benz,Subcompact,4.0,8,Z,11.8,276,A,9
2018,Mercedes-Benz,Mid-size,4.0,8,Z,11.2,261,A,9
2018,Mercedes-Benz,Full-size,4.0,8,Z,11.3,265,A,9
2018,Mercedes-Benz,Compact,4.0,8,Z,11.4,269,A,9
2018,Mercedes-Benz,Two-seater,3.0,6,Z,10.2,238,A,9
2018,Mercedes-Benz,Two-seater,4.7,8,Z,11.8,275,A,9
2018,Mercedes-Benz,Two-seater,2.0,4,Z,8.6,202,A,9
2018,MINI,Subcompact,1.5,3,Z,7.9,184,AS,6
2018,MINI,Subcompact,1.5,3,Z,7.5,175,M,6
2018,MINI,Subcompact,1.5,3,Z,7.9,184,AS,6
2018,MINI,Subcompact,1.5,3,Z,7.4,174,M,6
2018,MINI,Mid-size,1.5,3,Z,9.0,212,AS,8
2018,MINI,Mid-size,1.5,3,Z,9.1,214,M,6
2018,MINI,Minicompact,1.5,3,Z,7.9,184,AS,6
2018,MINI,Minicompact,1.5,3,Z,7.4,174,M,6
2018,MINI,Station wagon: Small,1.5,3,Z,9.2,215,AS,8
2018,MINI,Station wagon: Small,1.5,3,Z,9.1,214,M,6
2018,MINI,Subcompact,2.0,4,Z,8.4,197,AS,6
2018,MINI,Subcompact,2.0,4,Z,9.0,210,M,6
2018,MINI,Subcompact,2.0,4,Z,8.4,197,AS,6
2018,MINI,Subcompact,2.0,4,Z,9.0,210,M,6
2018,MINI,Mid-size,2.0,4,Z,9.2,215,AS,8
2018,MINI,Mid-size,2.0,4,Z,9.7,227,M,6
2018,MINI,Minicompact,2.0,4,Z,8.3,195,AS,6
2018,MINI,Minicompact,2.0,4,Z,9.0,210,M,6
2018,MINI,Mid-size,2.0,4,Z,9.2,215,AS,8
2018,MINI,Mid-size,2.0,4,Z,9.7,227,M,6
2018,MINI,Subcompact,2.0,4,Z,8.4,197,AS,6
2018,MINI,Subcompact,2.0,4,Z,9.0,210,M,6
2018,MINI,Mid-size,2.0,4,Z,9.0,211,AS,8
2018,MINI,Mid-size,2.0,4,Z,9.7,228,M,6
2018,MINI,Minicompact,2.0,4,Z,8.7,203,AS,6
2018,MINI,Minicompact,2.0,4,Z,9.4,220,M,6
2018,MINI,Mid-size,2.0,4,Z,9.3,220,AS,8
2018,MINI,Mid-size,2.0,4,Z,9.9,232,M,6
2018,Mitsubishi,Sport utility vehicle: Small,1.5,4,X,8.9,208,AV,8
2018,Mitsubishi,Sport utility vehicle: Small,1.5,4,X,9.3,216,AV,8
2018,Mitsubishi,Compact,1.2,3,X,6.0,141,AV,0
2018,Mitsubishi,Compact,1.2,3,X,6.5,150,M,5
2018,Mitsubishi,Compact,1.2,3,X,6.4,149,AV,0
2018,Mitsubishi,Compact,1.2,3,X,6.6,155,M,5
2018,Mitsubishi,Sport utility vehicle: Small,2.4,4,X,9.1,212,AV,6
2018,Mitsubishi,Sport utility vehicle: Small,3.0,6,Z,10.6,248,AS,6
2018,Mitsubishi,Sport utility vehicle: Small,2.0,4,X,8.8,204,AV,6
2018,Mitsubishi,Sport utility vehicle: Small,2.0,4,X,9.3,216,M,5
2018,Mitsubishi,Sport utility vehicle: Small,2.0,4,X,9.2,213,AV,6
2018,Mitsubishi,Sport utility vehicle: Small,2.4,4,X,9.4,219,AV,6
2018,Nissan,Two-seater,3.7,6,Z,11.1,261,AS,7
2018,Nissan,Two-seater,3.7,6,Z,11.5,269,M,6
2018,Nissan,Two-seater,3.7,6,Z,11.5,270,AS,7
2018,Nissan,Two-seater,3.7,6,Z,11.8,278,M,6
2018,Nissan,Mid-size,2.5,4,X,7.6,179,AV,0
2018,Nissan,Mid-size,2.5,4,X,7.8,185,AV,7
2018,Nissan,Mid-size,3.5,6,X,9.1,214,AV,7
2018,Nissan,Sport utility vehicle: Standard,5.6,8,X,15.4,362,AS,7
2018,Nissan,Pickup truck: Small,2.5,4,X,12.3,290,A,5
2018,Nissan,Pickup truck: Small,2.5,4,X,11.4,268,M,5
2018,Nissan,Pickup truck: Small,4.0,6,X,12.8,300,A,5
2018,Nissan,Pickup truck: Small,4.0,6,X,13.9,326,A,5
2018,Nissan,Pickup truck: Small,4.0,6,X,13.5,317,M,6
2018,Nissan,Subcompact,3.8,6,Z,12.8,300,AM,6
2018,Nissan,Mid-size,1.6,4,X,7.2,169,AV,0
2018,Nissan,Mid-size,3.5,6,Z,9.6,227,AV,7
2018,Nissan,Compact,1.6,4,X,8.0,188,A,4
2018,Nissan,Compact,1.6,4,X,7.9,186,M,5
2018,Nissan,Station wagon: Mid-size,3.5,6,X,9.8,230,AV,7
2018,Nissan,Station wagon: Mid-size,3.5,6,X,9.9,232,AV,7
2018,Nissan,Special purpose vehicle,2.0,4,X,9.3,218,AV,0
2018,Nissan,Sport utility vehicle: Small,3.5,6,X,10.2,240,AV,0
2018,Nissan,Sport utility vehicle: Small,3.5,6,X,10.7,250,AV,0
2018,Nissan,Sport utility vehicle: Small,3.5,6,X,11.0,259,AV,0
2018,Nissan,Station wagon: Small,2.0,4,X,8.4,197,AV,0
2018,Nissan,Station wagon: Small,2.0,4,X,9.2,216,M,6
2018,Nissan,Station wagon: Small,2.0,4,X,8.5,200,AV,0
2018,Nissan,Sport utility vehicle: Small,2.5,4,X,8.2,192,AV,0
2018,Nissan,Sport utility vehicle: Small,2.5,4,X,8.7,205,AV,0
2018,Nissan,Mid-size,1.6,4,Z,8.2,193,AV,7
2018,Nissan,Mid-size,1.6,4,Z,8.3,195,M,6
2018,Nissan,Mid-size,1.8,4,X,7.3,172,AV,0
2018,Nissan,Mid-size,1.8,4,X,8.0,187,M,6
2018,Nissan,Mid-size,1.6,4,Z,8.7,205,AV,7
2018,Nissan,Mid-size,1.6,4,Z,8.7,204,M,6
2018,Nissan,Pickup truck: Standard,5.6,8,X,13.3,312,AS,7
2018,Nissan,Pickup truck: Standard,5.6,8,X,13.4,315,AS,7
2018,Nissan,Pickup truck: Standard,5.6,8,X,14.1,331,AS,7
2018,Nissan,Mid-size,1.6,4,X,7.0,164,AV,0
2018,Nissan,Mid-size,1.6,4,X,7.7,180,M,5
2018,Porsche,Minicompact,3.0,6,Z,9.4,221,AM,7
2018,Porsche,Minicompact,3.0,6,Z,10.1,237,M,7
2018,Porsche,Minicompact,3.0,6,Z,9.6,225,AM,7
2018,Porsche,Minicompact,3.0,6,Z,10.4,242,M,7
2018,Porsche,Minicompact,3.0,6,Z,9.7,227,AM,7
2018,Porsche,Minicompact,3.0,6,Z,10.3,241,M,7
2018,Porsche,Minicompact,3.0,6,Z,9.8,230,AM,7
2018,Porsche,Minicompact,3.0,6,Z,10.5,246,M,7
2018,Porsche,Minicompact,3.0,6,Z,9.7,226,AM,7
2018,Porsche,Minicompact,3.0,6,Z,10.4,242,M,7
2018,Porsche,Minicompact,3.0,6,Z,9.9,232,AM,7
2018,Porsche,Minicompact,3.0,6,Z,10.4,243,M,7
2018,Porsche,Minicompact,3.0,6,Z,9.7,228,AM,7
2018,Porsche,Minicompact,3.0,6,Z,10.4,243,M,7
2018,Porsche,Minicompact,3.0,6,Z,9.9,231,AM,7
2018,Porsche,Minicompact,3.0,6,Z,10.5,246,M,7
2018,Porsche,Minicompact,3.0,6,Z,10.4,243,AM,7
2018,Porsche,Minicompact,3.0,6,Z,11.1,260,M,7
2018,Porsche,Minicompact,3.0,6,Z,10.6,248,AM,7
2018,Porsche,Minicompact,3.0,6,Z,11.0,257,M,7
2018,Porsche,Minicompact,3.0,6,Z,10.6,249,AM,7
2018,Porsche,Minicompact,3.0,6,Z,11.0,258,M,7
2018,Porsche,Minicompact,3.0,6,Z,10.7,250,AM,7
2018,Porsche,Minicompact,3.0,6,Z,11.1,260,M,7
2018,Porsche,Two-seater,4.0,6,Z,13.9,324,AM,7
2018,Porsche,Two-seater,4.0,6,Z,15.1,352,M,6
2018,Porsche,Minicompact,3.0,6,Z,9.8,228,AM,7
2018,Porsche,Minicompact,3.0,6,Z,10.5,246,M,7
2018,Porsche,Minicompact,3.0,6,Z,10.0,233,AM,7
2018,Porsche,Minicompact,3.0,6,Z,10.5,246,M,7
2018,Porsche,Minicompact,3.0,6,Z,10.8,251,AM,7
2018,Porsche,Minicompact,3.0,6,Z,11.4,266,M,7
2018,Porsche,Minicompact,3.8,6,Z,11.4,266,AM,7
2018,Porsche,Minicompact,3.8,6,Z,11.4,267,AM,7
2018,Porsche,Minicompact,3.8,6,Z,11.4,266,AM,7
2018,Porsche,Minicompact,3.8,6,Z,11.4,267,AM,7
2018,Porsche,Minicompact,3.8,6,Z,12.3,285,AM,7
2018,Porsche,Two-seater,2.0,4,Z,9.4,219,AM,7
2018,Porsche,Two-seater,2.0,4,Z,9.8,229,M,6
2018,Porsche,Two-seater,2.5,4,Z,9.9,230,AM,7
2018,Porsche,Two-seater,2.5,4,Z,10.7,249,M,6
2018,Porsche,Two-seater,2.5,4,Z,10.6,249,AM,7
2018,Porsche,Two-seater,2.5,4,Z,11.0,257,M,6
2018,Porsche,Sport utility vehicle: Standard,3.6,6,Z,11.5,268,A,8
2018,Porsche,Sport utility vehicle: Standard,3.6,6,Z,12.1,281,A,8
2018,Porsche,Sport utility vehicle: Standard,3.6,6,Z,12.0,281,A,8
2018,Porsche,Sport utility vehicle: Standard,3.6,6,Z,12.6,296,A,8
2018,Porsche,Sport utility vehicle: Standard,4.8,8,Z,14.3,334,A,8
2018,Porsche,Sport utility vehicle: Standard,4.8,8,Z,14.3,334,A,8
2018,Porsche,Two-seater,2.0,4,Z,9.4,219,AM,7
2018,Porsche,Two-seater,2.0,4,Z,9.8,229,M,6
2018,Porsche,Two-seater,2.5,4,Z,9.9,230,AM,7
2018,Porsche,Two-seater,2.5,4,Z,10.7,249,M,6
2018,Porsche,Two-seater,2.5,4,Z,10.6,249,AM,7
2018,Porsche,Two-seater,2.5,4,Z,11.0,257,M,6
2018,Porsche,Sport utility vehicle: Small,2.0,4,Z,10.6,248,A,7
2018,Porsche,Sport utility vehicle: Small,3.0,6,Z,12.2,285,A,7
2018,Porsche,Sport utility vehicle: Small,3.0,6,Z,12.3,287,A,7
2018,Porsche,Sport utility vehicle: Small,3.6,6,Z,12.3,287,A,7
2018,Porsche,Sport utility vehicle: Small,3.6,6,Z,12.3,286,A,7
2018,Porsche,Full-size,3.0,6,Z,9.8,229,AM,8
2018,Porsche,Full-size,3.0,6,Z,10.1,235,AM,8
2018,Porsche,Full-size,3.0,6,Z,10.1,235,AM,8
2018,Porsche,Full-size,3.0,6,Z,10.4,242,AM,8
2018,Porsche,Full-size,2.9,6,Z,10.1,235,AM,8
2018,Porsche,Full-size,2.9,6,Z,10.1,235,AM,8
2018,Porsche,Full-size,2.9,6,Z,10.7,249,AM,8
2018,Porsche,Full-size,4.0,8,Z,11.2,261,AM,8
2018,Porsche,Full-size,4.0,8,Z,11.2,261,AM,8
2018,Porsche,Full-size,4.0,8,Z,11.9,279,AM,8
2018,Ram,Pickup truck: Standard,3.0,6,D,10.4,278,A,8
2018,Ram,Pickup truck: Standard,3.6,6,X,11.9,280,A,8
2018,Ram,Pickup truck: Standard,3.6,6,E,17.0,283,A,8
2018,Ram,Pickup truck: Standard,5.7,8,X,14.8,346,A,6
2018,Ram,Pickup truck: Standard,5.7,8,X,13.6,319,A,8
2018,Ram,Pickup truck: Standard,3.0,6,D,10.8,289,A,8
2018,Ram,Pickup truck: Standard,3.6,6,X,12.6,294,A,8
2018,Ram,Pickup truck: Standard,3.6,6,E,18.0,300,A,8
2018,Ram,Pickup truck: Standard,5.7,8,X,16.3,382,A,6
2018,Ram,Pickup truck: Standard,5.7,8,X,14.0,328,A,8
2018,Ram,Special purpose vehicle,2.4,4,X,9.9,232,A,9
2018,Rolls-Royce,Compact,6.6,12,Z,17.0,397,AS,8
2018,Rolls-Royce,Full-size,6.6,12,Z,17.0,397,AS,8
2018,Rolls-Royce,Full-size,6.6,12,Z,17.0,397,AS,8
2018,Rolls-Royce,Full-size,6.7,12,Z,16.6,387,AS,8
2018,Rolls-Royce,Full-size,6.7,12,Z,16.6,387,AS,8
2018,Rolls-Royce,Mid-size,6.6,12,Z,16.6,388,AS,8
2018,Subaru,Minicompact,2.0,4,Z,8.6,200,AS,6
2018,Subaru,Minicompact,2.0,4,Z,9.8,229,M,6
2018,Subaru,Minicompact,2.0,4,Z,10.2,239,M,6
2018,Subaru,Sport utility vehicle: Small,2.0,4,X,8.1,188,AV,7
2018,Subaru,Sport utility vehicle: Small,2.0,4,X,9.4,220,M,6
2018,Subaru,Sport utility vehicle: Small,2.0,4,Z,9.5,223,AV,8
2018,Subaru,Sport utility vehicle: Small,2.5,4,X,8.4,196,AV,6
2018,Subaru,Sport utility vehicle: Small,2.5,4,X,9.7,228,M,6
2018,Subaru,Mid-size,2.0,4,X,7.5,174,AV,7
2018,Subaru,Mid-size,2.0,4,X,8.9,208,M,5
2018,Subaru,Station wagon: Small,2.0,4,X,7.5,176,AV,7
2018,Subaru,Station wagon: Small,2.0,4,X,9.0,211,M,5
2018,Subaru,Mid-size,2.5,4,X,8.3,193,AV,7
2018,Subaru,Mid-size,3.6,6,X,10.3,241,AV,6
2018,Subaru,Sport utility vehicle: Small,2.5,4,X,8.5,198,AV,7
2018,Subaru,Sport utility vehicle: Small,3.6,6,X,10.5,247,AV,6
2018,Subaru,Compact,2.0,4,Z,11.2,256,AV,8
2018,Subaru,Compact,2.0,4,Z,10.0,235,M,6
2018,Subaru,Compact,2.5,4,Z,12.5,291,M,6
2018,Subaru,Compact,2.5,4,Z,12.8,296,M,6
2018,Toyota,Sport utility vehicle: Standard,4.0,6,X,13.2,308,AS,5
2018,Toyota,Sport utility vehicle: Standard,4.0,6,X,13.2,308,AS,5
2018,Toyota,Minicompact,2.0,4,Z,8.7,204,AS,6
2018,Toyota,Minicompact,2.0,4,Z,9.9,232,M,6
2018,Toyota,Mid-size,3.5,6,X,9.7,226,AS,6
2018,Toyota,Mid-size,2.5,4,X,6.9,164,AS,8
2018,Toyota,Mid-size,2.5,4,X,7.3,172,AS,8
2018,Toyota,Mid-size,2.5,4,X,7.4,173,AS,8
2018,Toyota,Mid-size,3.5,6,X,9.0,210,AS,8
2018,Toyota,Mid-size,3.5,6,X,9.2,215,AS,8
2018,Toyota,Mid-size,2.5,4,X,4.9,113,AV,6
2018,Toyota,Mid-size,2.5,4,X,5.1,121,AV,6
2018,Toyota,Compact,2.0,4,X,8.2,189,AV,7
2018,Toyota,Mid-size,1.8,4,X,7.5,174,AV,0
2018,Toyota,Mid-size,1.8,4,X,6.9,163,AV,0
2018,Toyota,Mid-size,1.8,4,X,7.2,168,AV,0
2018,Toyota,Mid-size,1.8,4,X,7.5,178,AV,7
2018,Toyota,Mid-size,1.8,4,X,7.6,178,M,6
2018,Toyota,Mid-size,1.8,4,X,7.5,176,AV,7
2018,Toyota,Mid-size,1.8,4,X,7.9,185,M,6
2018,Toyota,Sport utility vehicle: Small,3.5,6,X,10.3,243,AS,8
2018,Toyota,Sport utility vehicle: Standard,3.5,6,X,10.6,251,AS,8
2018,Toyota,Sport utility vehicle: Standard,3.5,6,X,10.6,247,AS,8
2018,Toyota,Sport utility vehicle: Standard,3.5,6,X,10.4,242,AS,8
2018,Toyota,Sport utility vehicle: Standard,3.5,6,X,8.3,193,AV,6
2018,Toyota,Mid-size,1.8,4,X,4.5,105,AV,0
2018,Toyota,Compact,1.5,4,X,5.1,120,AV,0
2018,Toyota,Station wagon: Mid-size,1.8,4,X,5.8,135,AV,0
2018,Toyota,Sport utility vehicle: Small,2.5,4,X,9.0,210,AS,6
2018,Toyota,Sport utility vehicle: Small,2.5,4,X,9.5,222,AS,6
2018,Toyota,Sport utility vehicle: Small,2.5,4,X,9.7,226,AS,6
2018,Toyota,Sport utility vehicle: Small,2.5,4,X,7.3,171,AV,6
2018,Toyota,Sport utility vehicle: Standard,5.7,8,X,16.4,384,AS,6
2018,Toyota,Minivan,3.5,6,X,10.9,256,AS,8
2018,Toyota,Minivan,3.5,6,X,11.7,274,AS,8
2018,Toyota,Pickup truck: Small,2.7,4,X,11.2,263,AS,6
2018,Toyota,Pickup truck: Small,3.5,6,X,11.4,268,AS,6
2018,Toyota,Pickup truck: Small,2.7,4,X,11.7,274,AS,6
2018,Toyota,Pickup truck: Small,3.5,6,X,12.1,283,AS,6
2018,Toyota,Pickup truck: Small,3.5,6,X,12.7,299,M,6
2018,Toyota,Pickup truck: Small,3.5,6,X,12.9,300,M,6
2018,Toyota,Pickup truck: Standard,5.7,8,X,15.9,371,AS,6
2018,Toyota,Pickup truck: Standard,4.6,8,X,14.9,354,AS,6
2018,Toyota,Pickup truck: Standard,5.7,8,X,16.3,383,AS,6
2018,Toyota,Compact,1.5,4,X,6.6,155,AS,6
2018,Toyota,Compact,1.5,4,X,6.8,164,M,6
2018,Toyota,Compact,1.5,4,X,7.4,173,A,4
2018,Toyota,Compact,1.5,4,X,7.2,168,M,5
2018,Volkswagen,Sport utility vehicle: Small,2.0,4,X,10.0,233,AS,8
2018,Volkswagen,Sport utility vehicle: Small,3.6,6,X,12.1,282,AS,8
2018,Volkswagen,Compact,2.0,4,X,8.2,191,AS,6
2018,Volkswagen,Subcompact,2.0,4,X,8.2,191,AS,6
2018,Volkswagen,Compact,2.0,4,X,8.1,189,AS,6
2018,Volkswagen,Subcompact,2.0,4,X,8.1,189,AS,6
2018,Volkswagen,Compact,1.8,4,X,8.5,199,AS,6
2018,Volkswagen,Compact,1.8,4,X,8.2,192,M,5
2018,Volkswagen,Compact,2.0,4,X,8.6,200,AM,6
2018,Volkswagen,Compact,2.0,4,X,8.5,199,M,6
2018,Volkswagen,Compact,2.0,4,Z,9.4,220,AM,7
2018,Volkswagen,Compact,2.0,4,Z,9.8,227,M,6
2018,Volkswagen,Station wagon: Small,1.8,4,X,9.4,220,AM,6
2018,Volkswagen,Station wagon: Small,1.8,4,X,9.6,225,M,6
2018,Volkswagen,Station wagon: Small,1.8,4,X,8.5,199,AS,6
2018,Volkswagen,Station wagon: Small,1.8,4,X,8.2,192,M,5
2018,Volkswagen,Station wagon: Small,1.8,4,X,9.6,224,AM,6
2018,Volkswagen,Station wagon: Small,1.8,4,X,9.3,218,M,6
2018,Volkswagen,Mid-size,2.0,4,X,8.1,188,AS,6
2018,Volkswagen,Mid-size,3.6,6,X,10.6,246,AM,6
2018,Volkswagen,Sport utility vehicle: Small,2.0,4,X,9.8,229,AS,8
2018,Volkswagen,Sport utility vehicle: Small,2.0,4,X,10.2,237,AS,8
2018,Volvo,Compact,2.0,4,X,9.7,226,AS,8
2018,Volvo,Compact,2.0,4,Z,9.4,221,AS,8
2018,Volvo,Compact,2.0,4,Z,10.3,241,AS,8
2018,Volvo,Compact,2.0,4,X,9.4,220,AS,8
2018,Volvo,Mid-size,2.0,4,Z,8.8,206,AS,8
2018,Volvo,Mid-size,2.0,4,Z,9.3,216,AS,8
2018,Volvo,Station wagon: Small,2.0,4,X,9.7,226,AS,8
2018,Volvo,Station wagon: Small,2.0,4,Z,9.4,221,AS,8
2018,Volvo,Station wagon: Small,2.0,4,Z,10.3,241,AS,8
2018,Volvo,Station wagon: Small,2.0,4,X,9.4,220,AS,8
2018,Volvo,Station wagon: Mid-size,2.0,4,Z,9.3,216,AS,8
2018,Volvo,Station wagon: Mid-size,2.0,4,Z,9.2,214,AS,8
2018,Volvo,Station wagon: Mid-size,2.0,4,Z,9.6,224,AS,8
2018,Volvo,Sport utility vehicle: Small,2.0,4,Z,9.8,228,AS,8
2018,Volvo,Sport utility vehicle: Small,2.0,4,Z,10.2,240,AS,8
2018,Volvo,Sport utility vehicle: Standard,2.0,4,Z,9.7,227,AS,8
2018,Volvo,Sport utility vehicle: Standard,2.0,4,Z,10.3,240,AS,8
2019,Acura,Compact,2.4,4,Z,8.6,199,AM,8
2019,Acura,Sport utility vehicle: Small,3.5,6,Z,10.8,252,AS,9
2019,Acura,Sport utility vehicle: Small,3.5,6,Z,11.0,258,AS,9
2019,Acura,Sport utility vehicle: Small,3.0,6,Z,9.0,210,AM,7
2019,Acura,Two-seater,3.5,6,Z,11.0,261,AM,9
2019,Acura,Sport utility vehicle: Small,2.0,4,Z,9.9,232,AS,10
2019,Acura,Sport utility vehicle: Small,2.0,4,Z,10.3,242,AS,10
2019,Acura,Mid-size,3.5,6,Z,8.4,196,AM,7
2019,Acura,Compact,2.4,4,Z,8.7,205,AM,8
2019,Acura,Compact,2.4,4,Z,8.9,209,AM,8
2019,Acura,Compact,3.5,6,Z,9.8,228,AS,9
2019,Acura,Compact,3.5,6,Z,10.3,240,AS,9
2019,Alfa Romeo,Two-seater,1.8,4,Z,8.4,197,AM,6
2019,Alfa Romeo,Two-seater,1.8,4,Z,8.4,197,AM,6
2019,Alfa Romeo,Mid-size,2.0,4,Z,8.7,205,A,8
2019,Alfa Romeo,Mid-size,2.0,4,Z,9.2,217,A,8
2019,Alfa Romeo,Mid-size,2.9,6,Z,11.9,280,A,8
2019,Alfa Romeo,Sport utility vehicle: Small,2.0,4,Z,9.3,218,A,8
2019,Alfa Romeo,Sport utility vehicle: Small,2.0,4,Z,9.6,226,A,8
2019,Alfa Romeo,Sport utility vehicle: Small,2.9,6,Z,12.4,292,A,8
2019,Aston Martin,Minicompact,4.0,8,Z,11.5,271,A,8
2019,Aston Martin,Minicompact,5.2,12,Z,13.3,312,A,8
2019,Aston Martin,Minicompact,5.2,12,Z,13.8,324,A,8
2019,Aston Martin,Subcompact,6.0,12,Z,14.1,332,A,8
2019,Aston Martin,Minicompact,6.0,12,Z,14.7,346,A,8
2019,Aston Martin,Two-seater,4.0,8,Z,11.2,264,A,8
2019,Audi,Subcompact,2.0,4,X,8.1,188,AM,7
2019,Audi,Subcompact,2.0,4,X,9.6,225,AM,7
2019,Audi,Subcompact,2.0,4,X,9.5,221,AM,7
2019,Audi,Compact,2.0,4,Z,7.8,182,AM,7
2019,Audi,Compact,2.0,4,Z,8.7,204,AM,7
2019,Audi,Station wagon: Small,2.0,4,Z,9.5,221,AM,7
2019,Audi,Subcompact,2.0,4,Z,8.7,204,AM,7
2019,Audi,Subcompact,2.0,4,Z,8.7,204,AM,7
2019,Audi,Mid-size,2.0,4,Z,8.7,204,AM,7
2019,Audi,Mid-size,3.0,6,Z,9.6,224,AM,7
2019,Audi,Mid-size,3.0,6,Z,9.6,224,AM,7
2019,Audi,Full-size,3.0,6,Z,10.8,252,AS,8
2019,Audi,Sport utility vehicle: Small,2.0,4,X,10.6,248,AS,8
2019,Audi,Sport utility vehicle: Small,2.0,4,Z,9.9,230,AM,7
2019,Audi,Sport utility vehicle: Standard,2.0,4,Z,11.0,258,AS,8
2019,Audi,Sport utility vehicle: Standard,3.0,6,Z,11.1,260,AS,8
2019,Audi,Sport utility vehicle: Standard,3.0,6,Z,12.5,294,AS,8
2019,Audi,Subcompact,2.5,5,Z,10.6,247,AM,7
2019,Audi,Subcompact,2.9,6,Z,11.3,262,AS,8
2019,Audi,Mid-size,2.9,6,Z,11.5,268,AS,8
2019,Audi,Subcompact,2.0,4,Z,9.5,222,AM,7
2019,Audi,Compact,3.0,6,Z,9.8,230,AS,8
2019,Audi,Subcompact,3.0,6,Z,9.8,230,AS,8
2019,Audi,Subcompact,3.0,6,Z,9.9,234,AS,8
2019,Audi,Mid-size,3.0,6,Z,9.8,230,AS,8
2019,Audi,Sport utility vehicle: Small,3.0,6,Z,11.5,270,AS,8
2019,Audi,Subcompact,2.0,4,X,9.2,213,AM,7
2019,Audi,Two-seater,2.0,4,X,9.2,213,AM,7
2019,Audi,Subcompact,2.5,5,Z,10.3,241,AM,7
2019,Audi,Subcompact,2.0,4,Z,9.4,220,AM,7
2019,Bentley,Sport utility vehicle: Standard,4.0,8,Z,13.6,315,AS,8
2019,Bentley,Mid-size,6.8,8,Z,20.0,465,AS,8
2019,BMW,Subcompact,2.0,4,Z,8.8,207,AS,8
2019,BMW,Subcompact,2.0,4,Z,8.5,198,AS,8
2019,BMW,Subcompact,2.0,4,Z,9.4,219,M,6
2019,BMW,Subcompact,2.0,4,Z,8.6,202,AS,8
2019,BMW,Compact,2.0,4,Z,8.3,194,AS,8
2019,BMW,Full-size,2.0,4,Z,8.8,207,AS,8
2019,BMW,Station wagon: Small,2.0,4,Z,8.8,207,AS,8
2019,BMW,Subcompact,2.0,4,Z,9.1,213,AS,8
2019,BMW,Compact,2.0,4,Z,8.8,207,AS,8
2019,BMW,Compact,2.0,4,Z,8.8,207,AS,8
2019,BMW,Subcompact,3.0,6,Z,10.0,235,AS,8
2019,BMW,Compact,3.0,6,Z,9.4,227,AS,8
2019,BMW,Compact,3.0,6,Z,11.0,256,M,6
2019,BMW,Compact,3.0,6,Z,9.7,228,AS,8
2019,BMW,Compact,3.0,6,Z,11.0,256,M,6
2019,BMW,Compact,3.0,6,Z,9.7,228,AS,8
2019,BMW,Mid-size,2.0,4,Z,8.8,207,AS,8
2019,BMW,Mid-size,3.0,6,Z,9.8,231,AS,8
2019,BMW,Compact,3.0,6,Z,10.5,248,AS,8
2019,BMW,Full-size,3.0,6,Z,10.3,241,AS,8
2019,BMW,Compact,4.4,8,Z,12.0,282,AS,8
2019,BMW,Full-size,4.4,8,Z,11.5,269,AS,8
2019,BMW,Full-size,4.4,8,Z,12.0,282,AS,8
2019,BMW,Compact,4.4,8,Z,12.0,282,AS,8
2019,BMW,Full-size,4.4,8,Z,12.0,282,AS,8
2019,BMW,Subcompact,3.0,6,Z,12.6,294,AM,7
2019,BMW,Subcompact,3.0,6,Z,11.7,273,M,6
2019,BMW,Subcompact,3.0,6,Z,9.7,227,AS,8
2019,BMW,Subcompact,3.0,6,Z,11.0,256,M,6
2019,BMW,Subcompact,3.0,6,Z,9.8,229,AS,8
2019,BMW,Subcompact,3.0,6,Z,9.7,227,AS,8
2019,BMW,Subcompact,3.0,6,Z,11.0,256,M,6
2019,BMW,Subcompact,3.0,6,Z,9.8,229,AS,8
2019,BMW,Subcompact,3.0,6,Z,9.7,227,AS,8
2019,BMW,Subcompact,3.0,6,Z,11.0,256,M,6
2019,BMW,Subcompact,3.0,6,Z,9.8,229,AS,8
2019,BMW,Subcompact,3.0,6,Z,12.7,299,AM,7
2019,BMW,Subcompact,3.0,6,Z,11.9,280,M,6
2019,BMW,Subcompact,3.0,6,Z,12.7,299,AM,7
2019,BMW,Subcompact,3.0,6,Z,11.9,280,M,6
2019,BMW,Compact,3.0,6,Z,12.6,294,AM,7
2019,BMW,Compact,3.0,6,Z,11.7,273,M,6
2019,BMW,Compact,3.0,6,Z,12.6,294,AM,7
2019,BMW,Compact,3.0,6,Z,11.7,273,M,6
2019,BMW,Compact,3.0,6,Z,12.6,294,AM,7
2019,BMW,Mid-size,4.4,8,Z,13.9,324,AS,8
2019,BMW,Mid-size,4.4,8,Z,13.9,324,AS,8
2019,BMW,Mid-size,4.4,8,Z,11.5,269,AS,8
2019,BMW,Compact,4.4,8,Z,14.7,344,AM,7
2019,BMW,Full-size,6.6,12,Z,15.1,355,AS,8
2019,BMW,Subcompact,4.4,8,Z,11.6,270,AS,8
2019,BMW,Subcompact,4.4,8,Z,11.5,269,AS,8
2019,BMW,Sport utility vehicle: Small,2.0,4,Z,9.3,217,AS,8
2019,BMW,Sport utility vehicle: Small,2.0,4,Z,9.5,222,AS,8
2019,BMW,Sport utility vehicle: Small,2.0,4,Z,9.3,217,AS,8
2019,BMW,Sport utility vehicle: Small,2.0,4,Z,9.6,223,AS,8
2019,BMW,Sport utility vehicle: Small,3.0,6,Z,10.4,245,AS,8
2019,BMW,Sport utility vehicle: Small,2.0,4,Z,9.6,223,AS,8
2019,BMW,Sport utility vehicle: Small,3.0,6,Z,10.4,245,AS,8
2019,BMW,Sport utility vehicle: Standard,3.0,6,Z,10.5,245,AS,8
2019,BMW,Sport utility vehicle: Standard,4.4,8,Z,13.4,314,AS,8
2019,BMW,Sport utility vehicle: Standard,3.0,6,Z,11.6,272,AS,8
2019,BMW,Sport utility vehicle: Standard,4.4,8,Z,12.6,294,AS,8
2019,BMW,Sport utility vehicle: Standard,4.4,8,Z,14.6,341,AS,8
2019,BMW,Sport utility vehicle: Standard,3.0,6,Z,10.8,254,AS,8
2019,BMW,Sport utility vehicle: Standard,4.4,8,Z,12.6,294,AS,8
2019,BMW,Two-seater,2.0,4,Z,8.5,199,AS,8
2019,Bugatti,Two-seater,8.0,16,Z,22.2,522,AM,7
2019,Buick,Sport utility vehicle: Standard,3.6,6,X,11.2,263,A,9
2019,Buick,Sport utility vehicle: Standard,3.6,6,X,11.9,278,A,9
2019,Buick,Sport utility vehicle: Small,1.4,4,X,8.7,204,AS,6
2019,Buick,Sport utility vehicle: Small,1.4,4,X,8.3,194,AS,6
2019,Buick,Sport utility vehicle: Small,1.4,4,X,9.1,214,AS,6
2019,Buick,Sport utility vehicle: Small,1.4,4,X,8.8,205,AS,6
2019,Buick,Sport utility vehicle: Small,2.0,4,Z,10.7,249,A,9
2019,Buick,Sport utility vehicle: Small,2.5,4,X,10.0,234,A,6
2019,Buick,Mid-size,2.5,4,X,8.2,192,AS,6
2019,Buick,Mid-size,3.6,6,X,9.9,233,AS,9
2019,Buick,Mid-size,3.6,6,X,10.1,238,AS,9
2019,Buick,Mid-size,2.0,4,Z,9.1,214,AS,9
2019,Buick,Mid-size,2.0,4,Z,9.6,227,AS,8
2019,Buick,Mid-size,3.6,6,X,10.7,251,AS,9
2019,Cadillac,Full-size,3.0,6,Z,11.3,267,AS,10
2019,Cadillac,Full-size,3.6,6,X,11.1,261,AS,10
2019,Cadillac,Full-size,4.2,8,Z,13.8,324,AS,10
2019,Cadillac,Mid-size,2.0,4,Z,9.5,222,AS,8
2019,Cadillac,Mid-size,3.6,6,X,10.5,246,AS,8
2019,Cadillac,Mid-size,2.0,4,Z,9.9,232,AS,8
2019,Cadillac,Mid-size,3.6,6,X,11.5,269,AS,8
2019,Cadillac,Mid-size,3.6,6,Z,12.7,298,AS,8
2019,Cadillac,Mid-size,6.2,8,Z,14.3,337,AS,8
2019,Cadillac,Sport utility vehicle: Standard,6.2,8,Z,14.0,328,A,10
2019,Cadillac,Sport utility vehicle: Small,2.0,4,Z,8.9,209,AS,9
2019,Cadillac,Sport utility vehicle: Small,2.0,4,Z,9.7,227,AS,9
2019,Cadillac,Sport utility vehicle: Small,3.6,6,X,10.6,250,AS,8
2019,Cadillac,Sport utility vehicle: Small,3.6,6,X,11.2,263,AS,8
2019,Cadillac,Full-size,3.6,6,X,11.0,259,AS,6
2019,Cadillac,Full-size,3.6,6,X,11.6,272,AS,6
2019,Cadillac,Full-size,3.6,6,Z,12.8,302,AS,6
2019,Chevrolet,Sport utility vehicle: Small,2.5,4,X,9.9,232,A,9
2019,Chevrolet,Sport utility vehicle: Small,3.6,6,X,10.6,250,A,9
2019,Chevrolet,Sport utility vehicle: Small,3.6,6,X,11.3,265,A,9
2019,Chevrolet,Subcompact,2.0,4,Z,9.4,220,AS,8
2019,Chevrolet,Subcompact,2.0,4,Z,10.1,235,M,6
2019,Chevrolet,Subcompact,3.6,6,X,10.4,246,AS,8
2019,Chevrolet,Subcompact,3.6,6,X,11.8,277,M,6
2019,Chevrolet,Subcompact,6.2,8,Z,12.0,279,AS,10
2019,Chevrolet,Subcompact,6.2,8,Z,12.6,297,M,6
2019,Chevrolet,Subcompact,6.2,8,Z,15.1,355,AS,10
2019,Chevrolet,Subcompact,6.2,8,Z,14.9,349,M,6
2019,Chevrolet,Pickup truck: Small,2.5,4,X,10.8,253,A,6
2019,Chevrolet,Pickup truck: Small,2.5,4,X,10.7,251,M,6
2019,Chevrolet,Pickup truck: Small,2.8,4,D,10.1,270,A,6
2019,Chevrolet,Pickup truck: Small,3.6,6,X,11.7,274,A,8
2019,Chevrolet,Pickup truck: Small,2.5,4,X,11.4,267,A,6
2019,Chevrolet,Pickup truck: Small,2.8,4,D,10.5,283,A,6
2019,Chevrolet,Pickup truck: Small,3.6,6,X,12.2,286,A,8
2019,Chevrolet,Pickup truck: Small,2.8,4,D,12.1,326,A,6
2019,Chevrolet,Pickup truck: Small,3.6,6,X,14.1,331,A,8
2019,Chevrolet,Two-seater,6.2,8,Z,12.7,299,AS,8
2019,Chevrolet,Two-seater,6.2,8,Z,12.2,286,M,7
2019,Chevrolet,Two-seater,6.2,8,Z,14.0,331,AS,8
2019,Chevrolet,Two-seater,6.2,8,Z,13.5,318,M,7
2019,Chevrolet,Two-seater,6.2,8,Z,16.1,381,AS,8
2019,Chevrolet,Two-seater,6.2,8,Z,15.6,368,M,7
2019,Chevrolet,Compact,1.4,4,X,7.3,172,AS,6
2019,Chevrolet,Compact,1.4,4,X,7.3,172,AS,6
2019,Chevrolet,Compact,1.6,4,D,6.4,172,A,9
2019,Chevrolet,Mid-size,1.4,4,X,7.3,172,AS,6
2019,Chevrolet,Mid-size,1.4,4,X,7.5,175,AS,6
2019,Chevrolet,Mid-size,1.6,4,D,6.6,178,A,9
2019,Chevrolet,Sport utility vehicle: Small,1.5,4,X,8.3,196,A,6
2019,Chevrolet,Sport utility vehicle: Small,1.6,4,D,7.4,199,A,6
2019,Chevrolet,Sport utility vehicle: Small,1.5,4,X,8.6,207,A,6
2019,Chevrolet,Sport utility vehicle: Small,1.6,4,D,7.4,199,A,6
2019,Chevrolet,Sport utility vehicle: Small,2.0,4,Z,9.7,228,A,9
2019,Chevrolet,Full-size,2.5,4,X,9.6,225,AS,6
2019,Chevrolet,Full-size,3.6,6,X,10.8,254,AS,6
2019,Chevrolet,Full-size,3.6,6,E,14.6,245,AS,6
2019,Chevrolet,Mid-size,1.5,4,X,7.5,174,AV,0
2019,Chevrolet,Mid-size,2.0,4,Z,9.1,214,A,9
2019,Chevrolet,Mid-size,1.8,4,X,5.1,121,AV,0
2019,Chevrolet,Pickup truck: Standard,2.7,4,X,11.1,261,A,8
2019,Chevrolet,Pickup truck: Standard,4.3,6,X,13.5,316,A,6
2019,Chevrolet,Pickup truck: Standard,5.3,8,X,13.9,326,A,6
2019,Chevrolet,Pickup truck: Standard,5.3,8,X,14.0,329,A,6
2019,Chevrolet,Pickup truck: Standard,5.3,8,E,18.4,306,A,6
2019,Chevrolet,Pickup truck: Standard,5.3,8,X,12.4,290,A,8
2019,Chevrolet,Pickup truck: Standard,2.7,4,X,11.7,275,A,8
2019,Chevrolet,Pickup truck: Standard,4.3,6,X,14.0,329,A,6
2019,Chevrolet,Pickup truck: Standard,4.3,6,X,14.8,347,A,6
2019,Chevrolet,Pickup truck: Standard,5.3,8,X,14.0,329,A,6
2019,Chevrolet,Pickup truck: Standard,5.3,8,X,14.4,339,A,6
2019,Chevrolet,Pickup truck: Standard,5.3,8,E,19.3,322,A,6
2019,Chevrolet,Pickup truck: Standard,5.3,8,X,14.9,350,A,6
2019,Chevrolet,Pickup truck: Standard,5.3,8,X,13.1,306,A,8
2019,Chevrolet,Pickup truck: Standard,5.3,8,X,13.7,320,A,8
2019,Chevrolet,Pickup truck: Standard,6.2,8,Z,13.7,321,A,10
2019,Chevrolet,Pickup truck: Standard,5.3,8,X,13.5,317,A,6
2019,Chevrolet,Pickup truck: Standard,5.3,8,X,13.8,325,A,6
2019,Chevrolet,Subcompact,1.4,4,X,7.1,167,AV,0
2019,Chevrolet,Subcompact,1.4,4,X,7.2,170,M,5
2019,Chevrolet,Sport utility vehicle: Standard,5.3,8,X,13.4,314,A,6
2019,Chevrolet,Sport utility vehicle: Standard,5.3,8,X,13.4,314,A,6
2019,Chevrolet,Sport utility vehicle: Standard,5.3,8,E,17.9,298,A,6
2019,Chevrolet,Sport utility vehicle: Standard,5.3,8,X,14.3,336,A,6
2019,Chevrolet,Sport utility vehicle: Standard,5.3,8,X,14.3,336,A,6
2019,Chevrolet,Sport utility vehicle: Standard,5.3,8,E,19.0,317,A,6
2019,Chevrolet,Sport utility vehicle: Standard,6.2,8,Z,14.5,340,A,10
2019,Chevrolet,Sport utility vehicle: Standard,5.3,8,X,13.4,314,A,6
2019,Chevrolet,Sport utility vehicle: Standard,5.3,8,X,13.4,314,A,6
2019,Chevrolet,Sport utility vehicle: Standard,5.3,8,E,17.9,298,A,6
2019,Chevrolet,Sport utility vehicle: Standard,5.3,8,X,13.7,321,A,6
2019,Chevrolet,Sport utility vehicle: Standard,5.3,8,X,13.7,321,A,6
2019,Chevrolet,Sport utility vehicle: Standard,5.3,8,E,18.4,305,A,6
2019,Chevrolet,Sport utility vehicle: Standard,6.2,8,Z,13.8,325,A,10
2019,Chevrolet,Sport utility vehicle: Standard,3.6,6,X,11.1,261,A,9
2019,Chevrolet,Sport utility vehicle: Standard,3.6,6,X,11.8,277,A,9
2019,Chevrolet,Sport utility vehicle: Small,1.4,4,X,8.4,196,AS,6
2019,Chevrolet,Sport utility vehicle: Small,1.4,4,X,8.3,194,M,6
2019,Chevrolet,Sport utility vehicle: Small,1.4,4,X,9.1,214,AS,6
2019,Chrysler,Full-size,3.6,6,X,10.3,242,A,8
2019,Chrysler,Full-size,3.6,6,X,10.3,242,A,8
2019,Chrysler,Full-size,3.6,6,E,14.2,234,A,8
2019,Chrysler,Full-size,5.7,8,X,12.3,289,A,8
2019,Chrysler,Full-size,3.6,6,X,11.0,258,A,8
2019,Chrysler,Full-size,3.6,6,X,11.0,258,A,8
2019,Chrysler,Full-size,3.6,6,E,15.0,248,A,8
2019,Chrysler,Minivan,3.6,6,X,10.9,259,A,9
2019,Chrysler,Minivan,3.6,6,X,10.6,249,A,9
2019,Dodge,Mid-size,3.6,6,X,10.3,242,A,8
2019,Dodge,Mid-size,5.7,8,X,12.3,289,A,8
2019,Dodge,Mid-size,5.7,8,Z,13.1,307,M,6
2019,Dodge,Mid-size,6.4,8,Z,13.9,325,M,6
2019,Dodge,Mid-size,6.4,8,Z,13.0,304,A,8
2019,Dodge,Mid-size,3.6,6,X,11.0,258,A,8
2019,Dodge,Mid-size,6.2,8,Z,14.5,339,A,8
2019,Dodge,Mid-size,6.2,8,Z,15.1,352,M,6
2019,Dodge,Mid-size,6.2,8,Z,14.5,339,A,8
2019,Dodge,Full-size,3.6,6,X,11.6,271,A,5
2019,Dodge,Full-size,3.6,6,X,11.6,271,A,5
2019,Dodge,Full-size,3.6,6,E,16.1,268,A,5
2019,Dodge,Full-size,3.6,6,X,10.3,242,A,8
2019,Dodge,Full-size,3.6,6,X,10.3,242,A,8
2019,Dodge,Full-size,3.6,6,E,14.2,234,A,8
2019,Dodge,Full-size,5.7,8,X,12.9,302,A,5
2019,Dodge,Full-size,5.7,8,X,12.3,289,A,8
2019,Dodge,Full-size,6.4,8,Z,13.0,304,A,8
2019,Dodge,Full-size,3.6,6,X,11.0,258,A,8
2019,Dodge,Full-size,3.6,6,X,11.0,258,A,8
2019,Dodge,Full-size,3.6,6,E,15.0,248,A,8
2019,Dodge,Full-size,5.7,8,X,13.3,312,A,5
2019,Dodge,Full-size,6.2,8,Z,14.5,339,A,8
2019,Dodge,Sport utility vehicle: Standard,3.6,6,X,11.3,265,A,8
2019,Dodge,Sport utility vehicle: Standard,5.7,8,X,14.1,331,A,8
2019,Dodge,Sport utility vehicle: Standard,6.4,8,Z,15.6,363,A,8
2019,Dodge,Minivan,3.6,6,X,11.8,276,A,6
2019,Dodge,Minivan,3.6,6,E,16.7,274,A,6
2019,Dodge,Sport utility vehicle: Small,2.4,4,X,11.1,261,A,4
2019,Dodge,Sport utility vehicle: Small,3.6,6,X,12.1,284,A,6
2019,Dodge,Sport utility vehicle: Small,3.6,6,E,16.4,274,A,6
2019,Dodge,Sport utility vehicle: Small,3.6,6,X,12.4,292,A,6
2019,FIAT,Two-seater,1.4,4,X,8.0,187,A,6
2019,FIAT,Two-seater,1.4,4,X,7.9,185,M,6
2019,FIAT,Minicompact,1.4,4,X,8.7,203,A,6
2019,FIAT,Minicompact,1.4,4,X,7.9,186,M,5
2019,FIAT,Station wagon: Small,1.4,4,X,9.4,221,A,6
2019,FIAT,Sport utility vehicle: Small,1.3,4,X,9.1,213,A,9
2019,Ford,Sport utility vehicle: Small,1.0,3,X,8.4,196,AS,6
2019,Ford,Sport utility vehicle: Small,2.0,4,X,9.3,218,AS,6
2019,Ford,Sport utility vehicle: Small,2.0,4,X,9.6,224,AS,8
2019,Ford,Sport utility vehicle: Small,2.0,4,X,10.0,233,AS,8
2019,Ford,Sport utility vehicle: Small,2.7,6,X,11.0,259,AS,8
2019,Ford,Sport utility vehicle: Small,1.5,4,X,9.1,214,AS,6
2019,Ford,Sport utility vehicle: Small,2.5,4,X,9.6,226,AS,6
2019,Ford,Sport utility vehicle: Small,2.5,4,E,13.1,218,AS,6
2019,Ford,Sport utility vehicle: Small,1.5,4,X,9.9,232,AS,6
2019,Ford,Sport utility vehicle: Small,2.0,4,X,10.2,239,AS,6
2019,Ford,Sport utility vehicle: Standard,3.5,6,X,12.5,293,AS,10
2019,Ford,Sport utility vehicle: Standard,3.5,6,X,13.1,307,AS,10
2019,Ford,Sport utility vehicle: Standard,2.3,4,X,11.4,267,AS,6
2019,Ford,Sport utility vehicle: Standard,3.5,6,X,13.2,311,AS,6
2019,Ford,Sport utility vehicle: Standard,3.5,6,X,12.7,299,AS,6
2019,Ford,Sport utility vehicle: Standard,3.5,6,E,17.3,288,AS,6
2019,Ford,Pickup truck: Standard,2.7,6,X,10.6,249,AS,10
2019,Ford,Pickup truck: Standard,2.7,6,X,11.1,260,AS,10
2019,Ford,Pickup truck: Standard,2.7,6,X,11.1,260,AS,10
2019,Ford,Pickup truck: Standard,3.0,6,D,9.5,256,AS,10
2019,Ford,Pickup truck: Standard,3.0,6,D,9.7,260,AS,10
2019,Ford,Pickup truck: Standard,3.3,6,X,10.9,256,AS,6
2019,Ford,Pickup truck: Standard,3.3,6,E,14.9,247,AS,6
2019,Ford,Pickup truck: Standard,3.3,6,X,11.2,263,AS,6
2019,Ford,Pickup truck: Standard,3.3,6,E,14.9,247,AS,6
2019,Ford,Pickup truck: Standard,3.5,6,X,12.0,281,AS,10
2019,Ford,Pickup truck: Standard,3.5,6,X,12.4,291,AS,10
2019,Ford,Pickup truck: Standard,3.5,6,X,12.7,298,AS,10
2019,Ford,Pickup truck: Standard,5.0,8,X,12.2,287,AS,10
2019,Ford,Pickup truck: Standard,5.0,8,E,17.4,290,AS,10
2019,Ford,Pickup truck: Standard,5.0,8,X,13.1,308,AS,10
2019,Ford,Pickup truck: Standard,5.0,8,E,17.5,290,AS,10
2019,Ford,Pickup truck: Standard,5.0,8,X,13.9,326,AS,10
2019,Ford,Pickup truck: Standard,5.0,8,E,17.5,291,AS,10
2019,Ford,Pickup truck: Standard,2.7,6,X,11.4,268,AS,10
2019,Ford,Pickup truck: Standard,2.7,6,X,11.8,277,AS,10
2019,Ford,Pickup truck: Standard,2.7,6,X,11.8,277,AS,10
2019,Ford,Pickup truck: Standard,3.0,6,D,10.7,287,AS,10
2019,Ford,Pickup truck: Standard,3.0,6,D,10.7,287,AS,10
2019,Ford,Pickup truck: Standard,3.0,6,D,9.9,266,AS,10
2019,Ford,Pickup truck: Standard,3.3,6,X,11.6,273,AS,6
2019,Ford,Pickup truck: Standard,3.3,6,E,15.8,263,AS,6
2019,Ford,Pickup truck: Standard,3.3,6,X,12.4,291,AS,6
2019,Ford,Pickup truck: Standard,3.3,6,E,15.8,263,AS,6
2019,Ford,Pickup truck: Standard,3.5,6,X,12.5,295,AS,10
2019,Ford,Pickup truck: Standard,3.5,6,X,12.9,303,AS,10
2019,Ford,Pickup truck: Standard,3.5,6,X,13.1,308,AS,10
2019,Ford,Pickup truck: Standard,3.5,6,X,12.6,296,AS,10
2019,Ford,Pickup truck: Standard,5.0,8,X,13.3,312,AS,10
2019,Ford,Pickup truck: Standard,5.0,8,E,18.0,300,AS,10
2019,Ford,Pickup truck: Standard,5.0,8,X,13.9,326,AS,10
2019,Ford,Pickup truck: Standard,5.0,8,E,18.0,300,AS,10
2019,Ford,Pickup truck: Standard,5.0,8,X,14.8,347,AS,10
2019,Ford,Pickup truck: Standard,5.0,8,E,19.5,323,AS,10
2019,Ford,Pickup truck: Standard,3.5,6,X,14.3,336,AS,10
2019,Ford,Sport utility vehicle: Standard,3.5,6,X,12.7,298,AS,6
2019,Ford,Sport utility vehicle: Standard,3.5,6,X,12.9,303,AS,6
2019,Ford,Sport utility vehicle: Standard,3.5,6,X,13.7,322,AS,6
2019,Ford,Subcompact,1.6,4,X,7.6,178,AM,6
2019,Ford,Subcompact,1.6,4,X,7.9,184,M,5
2019,Ford,Subcompact,1.6,4,X,8.4,196,M,6
2019,Ford,Mid-size,1.5,4,X,8.7,204,AS,6
2019,Ford,Mid-size,2.0,4,X,5.6,131,AV,0
2019,Ford,Two-seater,3.5,6,Z,17.1,402,AM,7
2019,Ford,Subcompact,2.3,4,X,9.4,221,AS,10
2019,Ford,Subcompact,2.3,4,X,10.3,242,AS,10
2019,Ford,Subcompact,2.3,4,X,9.7,227,M,6
2019,Ford,Subcompact,2.3,4,X,10.4,244,M,6
2019,Ford,Subcompact,5.0,8,X,12.3,289,AS,10
2019,Ford,Subcompact,5.0,8,X,13.3,311,M,6
2019,Ford,Subcompact,5.0,8,X,13.3,311,M,6
2019,Ford,Subcompact,2.3,4,X,10.4,243,AS,10
2019,Ford,Subcompact,2.3,4,X,10.3,241,M,6
2019,Ford,Subcompact,5.0,8,X,12.9,302,AS,10
2019,Ford,Pickup truck: Standard,2.3,4,X,10.9,256,AS,10
2019,Ford,Subcompact,5.2,8,Z,14.6,341,M,6
2019,Ford,Van: Passenger,3.5,6,X,14.7,346,AS,6
2019,Ford,Van: Passenger,3.7,6,X,15.2,355,AS,6
2019,Ford,Full-size,3.5,6,X,11.5,270,AS,6
2019,Ford,Full-size,3.5,6,E,15.2,254,AS,6
2019,Ford,Full-size,3.5,6,X,12.5,294,AS,6
2019,Ford,Full-size,3.5,6,X,12.4,291,AS,6
2019,Ford,Full-size,3.5,6,E,16.0,267,AS,6
2019,Ford,Special purpose vehicle,2.0,4,X,9.3,219,AS,8
2019,Ford,Special purpose vehicle,2.0,4,X,9.3,219,AS,8
2019,Ford,Special purpose vehicle,2.0,4,E,12.6,209,AS,8
2019,Ford,Special purpose vehicle,2.5,4,X,10.6,247,AS,6
2019,Ford,Special purpose vehicle,2.0,4,X,9.2,214,AS,8
2019,Ford,Special purpose vehicle,2.0,4,X,9.2,214,AS,8
2019,Ford,Special purpose vehicle,2.0,4,E,12.5,208,AS,8
2019,Ford,Special purpose vehicle,2.5,4,X,10.7,251,AS,6
2019,Genesis,Compact,2.0,4,Z,10.9,255,M,6
2019,Genesis,Compact,2.0,4,Z,10.3,241,AS,8
2019,Genesis,Compact,3.3,6,Z,12.0,284,AS,8
2019,Genesis,Full-size,3.3,6,Z,11.9,282,AS,8
2019,Genesis,Full-size,3.8,6,X,11.7,276,AS,8
2019,Genesis,Full-size,5.0,8,Z,13.2,312,AS,8
2019,Genesis,Full-size,3.3,6,Z,11.9,279,AS,8
2019,Genesis,Full-size,5.0,8,Z,13.0,306,AS,8
2019,GMC,Sport utility vehicle: Standard,2.5,4,X,10.2,237,A,6
2019,GMC,Sport utility vehicle: Standard,3.6,6,X,11.4,268,A,6
2019,GMC,Sport utility vehicle: Standard,2.5,4,X,10.5,248,A,6
2019,GMC,Sport utility vehicle: Standard,3.6,6,X,11.7,275,A,6
2019,GMC,Pickup truck: Small,2.5,4,X,10.8,253,A,6
2019,GMC,Pickup truck: Small,2.5,4,X,10.7,251,M,6
2019,GMC,Pickup truck: Small,2.8,4,D,10.1,270,A,6
2019,GMC,Pickup truck: Small,3.6,6,X,11.7,274,A,8
2019,GMC,Pickup truck: Small,2.5,4,X,11.4,267,A,6
2019,GMC,Pickup truck: Small,2.8,4,D,10.5,283,A,6
2019,GMC,Pickup truck: Small,3.6,6,X,12.2,286,A,8
2019,GMC,Pickup truck: Standard,2.7,4,X,11.1,261,A,8
2019,GMC,Pickup truck: Standard,4.3,6,X,13.5,317,A,6
2019,GMC,Pickup truck: Standard,5.3,8,X,13.9,326,A,6
2019,GMC,Pickup truck: Standard,5.3,8,X,14.0,329,A,6
2019,GMC,Pickup truck: Standard,5.3,8,E,18.4,306,A,6
2019,GMC,Pickup truck: Standard,5.3,8,X,12.5,294,A,8
2019,GMC,Pickup truck: Standard,2.7,4,X,11.8,277,A,8
2019,GMC,Pickup truck: Standard,4.3,6,X,14.0,329,A,6
2019,GMC,Pickup truck: Standard,5.3,8,X,14.0,330,A,6
2019,GMC,Pickup truck: Standard,5.3,8,X,14.4,339,A,6
2019,GMC,Pickup truck: Standard,5.3,8,E,19.4,323,A,6
2019,GMC,Pickup truck: Standard,5.3,8,X,13.5,316,A,8
2019,GMC,Pickup truck: Standard,5.3,8,X,13.7,320,A,8
2019,GMC,Pickup truck: Standard,6.2,8,Z,13.9,326,A,10
2019,GMC,Pickup truck: Standard,6.2,8,Z,14.2,332,A,10
2019,GMC,Pickup truck: Standard,5.3,8,X,13.5,317,A,6
2019,GMC,Pickup truck: Standard,5.3,8,X,13.8,325,A,6
2019,GMC,Sport utility vehicle: Small,1.5,4,X,8.6,201,A,9
2019,GMC,Sport utility vehicle: Small,1.6,4,D,7.4,199,A,6
2019,GMC,Sport utility vehicle: Small,1.5,4,X,9.0,210,A,9
2019,GMC,Sport utility vehicle: Small,1.6,4,D,7.4,199,A,6
2019,GMC,Sport utility vehicle: Small,2.0,4,Z,10.2,239,A,9
2019,GMC,Sport utility vehicle: Standard,5.3,8,X,13.4,314,A,6
2019,GMC,Sport utility vehicle: Standard,5.3,8,X,13.4,314,A,6
2019,GMC,Sport utility vehicle: Standard,5.3,8,E,17.9,298,A,6
2019,GMC,Sport utility vehicle: Standard,5.3,8,X,13.7,321,A,6
2019,GMC,Sport utility vehicle: Standard,5.3,8,X,13.7,321,A,6
2019,GMC,Sport utility vehicle: Standard,5.3,8,E,18.4,305,A,6
2019,GMC,Sport utility vehicle: Standard,6.2,8,Z,13.8,325,A,10
2019,GMC,Sport utility vehicle: Standard,5.3,8,X,13.4,314,A,6
2019,GMC,Sport utility vehicle: Standard,5.3,8,X,13.4,314,A,6
2019,GMC,Sport utility vehicle: Standard,5.3,8,E,17.9,298,A,6
2019,GMC,Sport utility vehicle: Standard,5.3,8,X,14.3,336,A,6
2019,GMC,Sport utility vehicle: Standard,5.3,8,X,14.3,336,A,6
2019,GMC,Sport utility vehicle: Standard,5.3,8,E,19.0,317,A,6
2019,GMC,Sport utility vehicle: Standard,6.2,8,Z,14.5,340,A,10
2019,Honda,Full-size,1.5,4,X,7.2,168,AV,0
2019,Honda,Full-size,1.5,4,X,7.6,177,AV,7
2019,Honda,Full-size,1.5,4,X,7.9,185,M,6
2019,Honda,Full-size,2.0,4,X,9.2,214,M,6
2019,Honda,Mid-size,2.0,4,X,9.1,211,AS,10
2019,Honda,Full-size,2.0,4,X,5.0,117,AV,0
2019,Honda,Compact,1.5,4,X,7.2,167,AV,7
2019,Honda,Compact,2.0,4,X,7.1,164,AV,0
2019,Honda,Compact,2.0,4,X,7.5,176,AV,7
2019,Honda,Compact,2.0,4,X,8.1,189,M,6
2019,Honda,Compact,1.5,4,Z,7.4,173,M,6
2019,Honda,Full-size,1.5,4,X,6.9,162,AV,0
2019,Honda,Full-size,1.5,4,X,7.3,170,AV,7
2019,Honda,Full-size,1.5,4,X,7.2,167,M,6
2019,Honda,Full-size,1.5,4,Z,7.3,170,AV,7
2019,Honda,Full-size,1.5,4,Z,7.2,167,M,6
2019,Honda,Mid-size,1.5,4,X,7.1,165,AV,7
2019,Honda,Mid-size,2.0,4,X,7.1,167,AV,0
2019,Honda,Mid-size,2.0,4,X,7.4,172,AV,7
2019,Honda,Mid-size,2.0,4,X,8.0,186,M,6
2019,Honda,Mid-size,1.5,4,Z,7.4,173,M,6
2019,Honda,Full-size,2.0,4,Z,9.6,224,M,6
2019,Honda,Sport utility vehicle: Small,1.5,4,X,7.8,181,AV,0
2019,Honda,Sport utility vehicle: Small,1.5,4,X,8.0,188,AV,0
2019,Honda,Station wagon: Small,1.5,4,X,6.5,151,AV,0
2019,Honda,Station wagon: Small,1.5,4,X,7.0,166,AV,7
2019,Honda,Station wagon: Small,1.5,4,X,7.4,174,M,6
2019,Honda,Station wagon: Small,1.8,4,X,7.8,181,AV,0
2019,Honda,Station wagon: Small,1.8,4,X,8.2,193,AV,0
2019,Honda,Station wagon: Small,1.8,4,X,8.5,199,AV,7
2019,Honda,Mid-size,1.5,4,X,4.9,114,AV,0
2019,Honda,Mid-size,1.5,4,X,4.9,114,AV,0
2019,Honda,Minivan,3.5,6,X,10.7,252,AS,9
2019,Honda,Minivan,3.5,6,X,10.6,247,AS,10
2019,Honda,Sport utility vehicle: Small,3.5,6,X,11.3,265,A,9
2019,Honda,Sport utility vehicle: Small,3.5,6,X,10.7,250,A,6
2019,Honda,Sport utility vehicle: Small,3.5,6,X,11.3,266,A,6
2019,Honda,Sport utility vehicle: Small,3.5,6,X,11.0,257,AS,9
2019,Honda,Pickup truck: Standard,3.5,6,X,11.3,263,A,6
2019,Hyundai,Compact,1.6,4,X,7.3,172,AS,6
2019,Hyundai,Compact,1.6,4,X,7.3,173,M,6
2019,Hyundai,Mid-size,1.6,4,X,8.1,189,AM,7
2019,Hyundai,Mid-size,1.6,4,X,9.4,221,M,6
2019,Hyundai,Mid-size,2.0,4,X,7.4,174,AS,6
2019,Hyundai,Mid-size,2.0,4,X,8.0,188,M,6
2019,Hyundai,Full-size,1.6,4,X,8.6,205,AM,7
2019,Hyundai,Full-size,1.6,4,X,9.2,218,M,6
2019,Hyundai,Full-size,2.0,4,X,8.4,200,AS,6
2019,Hyundai,Full-size,2.0,4,X,8.7,207,M,6
2019,Hyundai,Full-size,1.6,4,X,4.3,104,AM,6
2019,Hyundai,Full-size,1.6,4,X,4.1,96,AM,6
2019,Hyundai,Sport utility vehicle: Small,2.0,4,X,7.9,186,AS,6
2019,Hyundai,Sport utility vehicle: Small,1.6,4,X,8.6,201,AM,7
2019,Hyundai,Sport utility vehicle: Small,2.0,4,X,8.6,202,AS,6
2019,Hyundai,Sport utility vehicle: Small,2.4,4,X,9.6,225,AS,8
2019,Hyundai,Sport utility vehicle: Small,2.0,4,X,11.2,262,AS,8
2019,Hyundai,Sport utility vehicle: Small,2.4,4,X,10.1,237,AS,8
2019,Hyundai,Sport utility vehicle: Small,3.3,6,X,11.5,268,AS,6
2019,Hyundai,Sport utility vehicle: Small,3.3,6,X,11.7,276,AS,6
2019,Hyundai,Sport utility vehicle: Small,3.3,6,X,12.6,297,AS,6
2019,Hyundai,Full-size,2.0,4,X,9.1,212,AS,8
2019,Hyundai,Full-size,2.4,4,X,8.3,198,AS,6
2019,Hyundai,Full-size,2.4,4,X,8.1,190,AS,6
2019,Hyundai,Mid-size,2.0,4,X,5.7,135,AM,6
2019,Hyundai,Mid-size,2.0,4,X,5.6,132,AM,6
2019,Hyundai,Sport utility vehicle: Small,2.0,4,X,9.1,216,AS,6
2019,Hyundai,Sport utility vehicle: Small,2.0,4,X,10.1,239,AS,6
2019,Hyundai,Sport utility vehicle: Small,2.4,4,X,10.1,240,AS,6
2019,Hyundai,Compact,1.6,4,X,7.8,184,AM,7
2019,Hyundai,Compact,1.6,4,X,8.3,197,M,6
2019,Hyundai,Compact,2.0,4,X,8.2,193,AS,6
2019,Hyundai,Compact,2.0,4,X,8.4,198,M,6
2019,Hyundai,Compact,2.0,4,Z,9.5,226,M,6
2019,Infiniti,Mid-size,2.0,4,Z,9.7,229,AS,7
2019,Infiniti,Mid-size,3.0,6,Z,10.8,253,AS,7
2019,Infiniti,Mid-size,3.0,6,Z,11.1,261,AS,7
2019,Infiniti,Subcompact,2.0,4,Z,10.0,233,AS,7
2019,Infiniti,Subcompact,3.0,6,Z,10.7,251,AS,7
2019,Infiniti,Subcompact,3.0,6,Z,11.0,259,AS,7
2019,Infiniti,Mid-size,3.7,6,Z,11.7,275,AS,7
2019,Infiniti,Mid-size,5.6,8,Z,12.8,301,AS,7
2019,Infiniti,Sport utility vehicle: Small,2.0,4,Z,9.0,211,AV,8
2019,Infiniti,Sport utility vehicle: Small,3.5,6,Z,10.9,257,AV,7
2019,Infiniti,Sport utility vehicle: Standard,5.6,8,Z,15.1,354,AS,7
2019,Jaguar,Sport utility vehicle: Small,2.0,4,Z,9.8,231,AS,9
2019,Jaguar,Sport utility vehicle: Small,2.0,4,D,8.1,218,AS,8
2019,Jaguar,Sport utility vehicle: Small,2.0,4,Z,9.9,227,AS,8
2019,Jaguar,Sport utility vehicle: Small,3.0,6,Z,11.8,277,AS,8
2019,Jaguar,Two-seater,2.0,4,Z,9.2,215,AS,8
2019,Jaguar,Two-seater,3.0,6,Z,10.4,242,AS,8
2019,Jaguar,Two-seater,3.0,6,Z,12.6,296,M,6
2019,Jaguar,Two-seater,3.0,6,Z,10.8,253,AS,8
2019,Jaguar,Two-seater,3.0,6,Z,12.9,302,M,6
2019,Jaguar,Two-seater,3.0,6,Z,11.3,265,AS,8
2019,Jaguar,Two-seater,2.0,4,Z,9.2,215,AS,8
2019,Jaguar,Two-seater,3.0,6,Z,10.4,242,AS,8
2019,Jaguar,Two-seater,3.0,6,Z,12.6,296,M,6
2019,Jaguar,Two-seater,3.0,6,Z,10.8,253,AS,8
2019,Jaguar,Two-seater,3.0,6,Z,12.9,302,M,6
2019,Jaguar,Two-seater,3.0,6,Z,11.3,265,AS,8
2019,Jaguar,Two-seater,5.0,8,Z,13.3,311,AS,8
2019,Jaguar,Two-seater,5.0,8,Z,13.3,311,AS,8
2019,Jaguar,Compact,2.0,4,D,6.9,186,AS,8
2019,Jaguar,Compact,2.0,4,Z,8.5,200,AS,8
2019,Jaguar,Compact,3.0,6,Z,10.2,238,AS,8
2019,Jaguar,Mid-size,2.0,4,D,6.9,186,AS,8
2019,Jaguar,Mid-size,2.0,4,Z,8.8,207,AS,8
2019,Jaguar,Mid-size,3.0,6,Z,10.4,243,AS,8
2019,Jaguar,Full-size,3.0,6,Z,11.8,276,AS,8
2019,Jaguar,Full-size,3.0,6,Z,11.9,280,AS,8
2019,Jaguar,Full-size,5.0,8,Z,13.3,313,AS,8
2019,Jeep,Sport utility vehicle: Small,2.0,4,X,9.1,214,A,9
2019,Jeep,Sport utility vehicle: Small,2.4,4,X,9.3,219,A,9
2019,Jeep,Sport utility vehicle: Small,3.2,6,X,10.2,240,A,9
2019,Jeep,Sport utility vehicle: Small,2.0,4,X,9.8,229,A,9
2019,Jeep,Sport utility vehicle: Small,2.4,4,X,9.8,230,A,9
2019,Jeep,Sport utility vehicle: Small,3.2,6,X,10.6,249,A,9
2019,Jeep,Sport utility vehicle: Small,2.0,4,X,10.2,240,A,9
2019,Jeep,Sport utility vehicle: Small,3.2,6,X,11.1,259,A,9
2019,Jeep,Sport utility vehicle: Small,2.0,4,X,10.6,249,A,9
2019,Jeep,Sport utility vehicle: Small,3.2,6,X,11.6,269,A,9
2019,Jeep,Sport utility vehicle: Small,2.4,4,X,9.3,218,A,6
2019,Jeep,Sport utility vehicle: Small,2.4,4,X,9.0,211,M,6
2019,Jeep,Sport utility vehicle: Small,2.4,4,X,9.5,222,A,9
2019,Jeep,Sport utility vehicle: Small,2.4,4,X,9.4,221,M,6
2019,Jeep,Sport utility vehicle: Standard,3.0,6,D,10.0,268,A,8
2019,Jeep,Sport utility vehicle: Standard,3.6,6,X,11.3,265,A,8
2019,Jeep,Sport utility vehicle: Standard,5.7,8,X,14.1,331,A,8
2019,Jeep,Sport utility vehicle: Standard,6.4,8,Z,15.7,368,A,8
2019,Jeep,Sport utility vehicle: Standard,6.2,8,Z,17.7,413,A,8
2019,Jeep,Sport utility vehicle: Small,1.3,4,X,8.7,204,A,9
2019,Jeep,Sport utility vehicle: Small,2.4,4,X,9.5,222,A,9
2019,Jeep,Sport utility vehicle: Small,1.3,4,X,9.2,216,A,9
2019,Jeep,Sport utility vehicle: Small,2.4,4,X,9.8,230,A,9
2019,Jeep,Sport utility vehicle: Small,1.3,4,X,9.9,230,A,9
2019,Jeep,Sport utility vehicle: Small,2.0,4,X,10.0,233,A,8
2019,Jeep,Sport utility vehicle: Small,3.6,6,X,11.8,274,A,8
2019,Jeep,Sport utility vehicle: Small,3.6,6,X,11.8,277,M,6
2019,Jeep,Sport utility vehicle: Small,2.0,4,X,10.5,245,A,8
2019,Jeep,Sport utility vehicle: Small,3.6,6,X,11.7,275,A,8
2019,Jeep,Sport utility vehicle: Small,3.6,6,X,12.2,285,M,6
2019,Kia,Full-size,3.3,6,X,10.2,238,AS,8
2019,Kia,Mid-size,2.0,4,X,6.9,164,AV,0
2019,Kia,Mid-size,2.0,4,X,7.6,180,M,6
2019,Kia,Station wagon: Small,1.6,4,X,4.8,114,AM,6
2019,Kia,Station wagon: Small,1.6,4,X,4.7,110,AM,6
2019,Kia,Station wagon: Small,1.6,4,X,5.4,129,AM,6
2019,Kia,Full-size,2.0,4,X,9.7,230,AS,6
2019,Kia,Full-size,2.4,4,X,8.4,199,AS,6
2019,Kia,Mid-size,2.0,4,X,5.7,133,AM,6
2019,Kia,Compact,1.6,4,X,7.5,177,AS,6
2019,Kia,Compact,1.6,4,X,7.5,175,M,6
2019,Kia,Minivan,3.3,6,X,11.5,272,AS,8
2019,Kia,Sport utility vehicle: Small,2.4,4,X,9.6,225,AS,6
2019,Kia,Sport utility vehicle: Small,2.4,4,X,10.2,242,AS,6
2019,Kia,Sport utility vehicle: Small,3.3,6,X,11.2,265,AS,8
2019,Kia,Station wagon: Small,1.6,4,X,8.5,199,AM,7
2019,Kia,Station wagon: Small,1.6,4,X,8.4,198,AS,6
2019,Kia,Station wagon: Small,2.0,4,X,8.7,206,AS,6
2019,Kia,Sport utility vehicle: Small,2.4,4,X,9.2,218,AS,6
2019,Kia,Sport utility vehicle: Small,2.0,4,X,11.1,263,AS,6
2019,Kia,Sport utility vehicle: Small,2.4,4,X,10.5,247,AS,6
2019,Kia,Mid-size,2.0,4,Z,9.7,229,AS,8
2019,Kia,Mid-size,3.3,6,Z,11.8,279,AS,8
2019,Lamborghini,Two-seater,6.5,12,Z,21.5,487,AM,7
2019,Lamborghini,Two-seater,6.5,12,Z,21.7,493,AM,7
2019,Lamborghini,Two-seater,5.2,10,Z,15.9,366,AM,7
2019,Lamborghini,Two-seater,5.2,10,Z,15.7,370,AM,7
2019,Lamborghini,Two-seater,5.2,10,Z,15.9,366,AM,7
2019,Lamborghini,Two-seater,5.2,10,Z,15.7,370,AM,7
2019,Lamborghini,Two-seater,5.2,10,Z,15.7,370,AM,7
2019,Lamborghini,Two-seater,5.2,10,Z,15.7,370,AM,7
2019,Lamborghini,Sport utility vehicle: Standard,4.0,8,Z,16.9,384,AS,8
2019,Land Rover,Sport utility vehicle: Standard,3.0,6,Z,13.3,311,AS,8
2019,Land Rover,Sport utility vehicle: Standard,3.0,6,D,10.4,279,AS,8
2019,Land Rover,Sport utility vehicle: Small,2.0,4,Z,10.5,246,AS,9
2019,Land Rover,Sport utility vehicle: Standard,3.0,6,Z,12.4,291,AS,8
2019,Land Rover,Sport utility vehicle: Standard,3.0,6,D,9.6,256,AS,8
2019,Land Rover,Sport utility vehicle: Standard,5.0,8,Z,13.0,305,AS,8
2019,Land Rover,Sport utility vehicle: Standard,5.0,8,Z,15.5,365,AS,8
2019,Land Rover,Sport utility vehicle: Standard,3.0,6,Z,12.4,291,AS,8
2019,Land Rover,Sport utility vehicle: Standard,3.0,6,D,9.6,256,AS,8
2019,Land Rover,Sport utility vehicle: Standard,5.0,8,Z,12.6,294,AS,8
2019,Land Rover,Sport utility vehicle: Small,2.0,4,Z,9.6,225,AS,9
2019,Land Rover,Sport utility vehicle: Small,2.0,4,Z,9.8,231,AS,9
2019,Land Rover,Sport utility vehicle: Small,2.0,4,D,8.5,229,AS,8
2019,Land Rover,Sport utility vehicle: Small,2.0,4,Z,10.6,248,AS,8
2019,Land Rover,Sport utility vehicle: Small,3.0,6,Z,11.6,273,AS,8
2019,Lexus,Mid-size,2.5,4,X,5.3,124,AV,6
2019,Lexus,Mid-size,3.5,6,X,9.1,211,AS,8
2019,Lexus,Mid-size,3.5,6,X,9.4,219,AS,8
2019,Lexus,Mid-size,3.5,6,Z,10.9,254,AS,6
2019,Lexus,Compact,5.0,8,Z,12.5,293,AS,8
2019,Lexus,Sport utility vehicle: Standard,4.6,8,Z,14.6,341,AS,6
2019,Lexus,Compact,2.0,4,Z,9.5,220,AS,8
2019,Lexus,Compact,3.5,6,Z,10.9,254,AS,6
2019,Lexus,Compact,3.5,6,Z,10.9,254,AS,6
2019,Lexus,Subcompact,5.0,8,Z,12.6,294,AS,10
2019,Lexus,Subcompact,3.5,6,Z,8.1,189,AV,10
2019,Lexus,Mid-size,3.4,6,Z,11.1,261,AS,10
2019,Lexus,Mid-size,3.5,6,Z,9.1,214,AV,10
2019,Lexus,Sport utility vehicle: Standard,5.7,8,Z,15.8,371,AS,8
2019,Lexus,Sport utility vehicle: Small,2.0,4,Z,9.7,226,AS,6
2019,Lexus,Sport utility vehicle: Small,2.0,4,Z,9.9,232,AS,6
2019,Lexus,Sport utility vehicle: Small,2.5,4,X,7.5,176,AV,6
2019,Lexus,Subcompact,3.5,6,Z,11.2,262,AS,6
2019,Lexus,Subcompact,3.5,6,Z,11.2,262,AS,6
2019,Lexus,Subcompact,5.0,8,Z,12.6,289,AS,8
2019,Lexus,Sport utility vehicle: Small,3.5,6,X,10.8,252,AS,8
2019,Lexus,Sport utility vehicle: Small,3.5,6,X,11.1,268,AS,8
2019,Lexus,Sport utility vehicle: Standard,3.5,6,Z,7.9,185,AV,6
2019,Lexus,Sport utility vehicle: Standard,3.5,6,Z,8.1,190,AV,6
2019,Lexus,Mid-size,2.0,4,X,7.2,168,AS,10
2019,Lexus,Compact,2.0,4,X,5.6,130,AV,6
2019,Lexus,Compact,2.0,4,X,6.0,140,AV,6
2019,Lincoln,Full-size,2.7,6,X,12.0,281,AS,6
2019,Lincoln,Full-size,3.0,6,X,12.3,289,AS,6
2019,Lincoln,Full-size,3.7,6,X,12.2,287,AS,6
2019,Lincoln,Sport utility vehicle: Small,2.0,4,X,11.0,257,AS,6
2019,Lincoln,Sport utility vehicle: Small,2.0,4,X,10.9,256,AS,6
2019,Lincoln,Sport utility vehicle: Small,2.3,4,X,11.5,270,AS,6
2019,Lincoln,Sport utility vehicle: Standard,3.5,6,X,13.7,322,AS,6
2019,Lincoln,Special purpose vehicle,3.7,6,X,12.7,297,A,6
2019,Lincoln,Mid-size,2.0,4,X,10.4,245,AS,6
2019,Lincoln,Mid-size,3.0,6,X,11.8,278,AS,6
2019,Lincoln,Mid-size,2.0,4,X,5.9,139,AV,0
2019,Lincoln,Sport utility vehicle: Small,2.0,4,X,10.7,250,AS,8
2019,Lincoln,Sport utility vehicle: Small,2.7,6,X,11.0,259,AS,8
2019,Lincoln,Sport utility vehicle: Standard,3.5,6,X,13.4,314,AS,10
2019,Maserati,Mid-size,3.0,6,Z,12.2,286,AS,8
2019,Maserati,Mid-size,3.0,6,Z,12.6,295,AS,8
2019,Maserati,Mid-size,3.0,6,Z,12.6,295,AS,8
2019,Maserati,Subcompact,4.7,8,Z,15.0,354,AS,6
2019,Maserati,Sport utility vehicle: Standard,3.0,6,Z,13.7,324,AS,8
2019,Maserati,Sport utility vehicle: Standard,3.0,6,Z,14.0,330,AS,8
2019,Maserati,Sport utility vehicle: Standard,3.8,8,Z,15.3,360,AS,8
2019,Maserati,Sport utility vehicle: Standard,3.8,8,Z,15.3,360,AS,8
2019,Maserati,Full-size,3.0,6,Z,12.8,299,AS,8
2019,Maserati,Full-size,3.0,6,Z,12.8,301,AS,8
2019,Maserati,Full-size,3.8,8,Z,13.7,321,AS,8
2019,Mazda,Compact,2.0,4,X,7.7,179,AS,6
2019,Mazda,Compact,2.0,4,X,8.0,186,M,6
2019,Mazda,Compact,2.0,4,X,8.1,189,AS,6
2019,Mazda,Sport utility vehicle: Small,2.0,4,X,8.8,206,M,6
2019,Mazda,Sport utility vehicle: Small,2.5,4,X,8.8,206,AS,6
2019,Mazda,Sport utility vehicle: Small,2.5,4,X,8.5,201,AS,6
2019,Mazda,Sport utility vehicle: Small,2.2,4,D,8.4,227,AS,6
2019,Mazda,Sport utility vehicle: Small,2.5,4,X,9.3,217,AS,6
2019,Mazda,Sport utility vehicle: Small,2.5,4,X,9.0,209,AS,6
2019,Mazda,Sport utility vehicle: Small,2.5,4,X,9.8,230,AS,6
2019,Mazda,Sport utility vehicle: Small,2.5,4,X,9.6,225,AS,6
2019,Mazda,Sport utility vehicle: Small,2.5,4,X,10.5,244,AS,6
2019,Mazda,Compact,2.0,4,X,7.6,178,AS,6
2019,Mazda,Compact,2.0,4,X,7.7,180,M,6
2019,Mazda,Compact,2.5,4,X,7.7,181,AS,6
2019,Mazda,Compact,2.5,4,X,7.8,183,AS,6
2019,Mazda,Compact,2.5,4,X,8.2,192,AS,6
2019,Mazda,Mid-size,2.0,4,X,7.7,181,AS,6
2019,Mazda,Mid-size,2.0,4,X,7.8,181,M,6
2019,Mazda,Mid-size,2.5,4,X,8.0,187,AS,6
2019,Mazda,Mid-size,2.5,4,X,8.1,189,M,6
2019,Mazda,Mid-size,2.5,4,X,8.7,204,AS,6
2019,Mazda,Mid-size,2.5,4,X,8.0,187,AS,6
2019,Mazda,Mid-size,2.5,4,X,8.9,208,AS,6
2019,Mazda,Two-seater,2.0,4,Z,7.9,186,AS,6
2019,Mazda,Two-seater,2.0,4,Z,8.1,189,M,6
2019,Mercedes-Benz,Subcompact,2.0,4,Z,8.4,195,AM,7
2019,Mercedes-Benz,Subcompact,2.0,4,Z,8.5,199,AM,7
2019,Mercedes-Benz,Station wagon: Small,2.0,4,Z,8.3,192,AM,7
2019,Mercedes-Benz,Station wagon: Small,2.0,4,Z,8.6,201,AM,7
2019,Mercedes-Benz,Compact,3.0,6,Z,10.7,253,A,9
2019,Mercedes-Benz,Subcompact,3.0,6,Z,11.2,263,A,9
2019,Mercedes-Benz,Subcompact,3.0,6,Z,11.1,255,A,9
2019,Mercedes-Benz,Station wagon: Small,3.0,6,Z,10.8,255,A,9
2019,Mercedes-Benz,Compact,4.0,8,Z,11.2,263,A,9
2019,Mercedes-Benz,Compact,4.0,8,Z,11.2,263,A,9
2019,Mercedes-Benz,Subcompact,4.0,8,Z,12.0,282,A,9
2019,Mercedes-Benz,Subcompact,4.0,8,Z,11.8,277,A,9
2019,Mercedes-Benz,Minicompact,2.0,4,Z,9.2,217,AM,7
2019,Mercedes-Benz,Compact,3.0,6,Z,10.7,235,A,9
2019,Mercedes-Benz,Mid-size,3.0,6,Z,9.9,232,A,9
2019,Mercedes-Benz,Subcompact,3.0,6,Z,10.9,245,A,9
2019,Mercedes-Benz,Subcompact,3.0,6,Z,10.6,237,A,9
2019,Mercedes-Benz,Station wagon: Mid-size,3.0,6,Z,10.2,239,A,9
2019,Mercedes-Benz,Mid-size,4.0,8,Z,13.5,318,A,9
2019,Mercedes-Benz,Station wagon: Mid-size,4.0,8,Z,12.7,299,A,9
2019,Mercedes-Benz,Sport utility vehicle: Standard,4.0,8,Z,17.0,396,A,9
2019,Mercedes-Benz,Station wagon: Mid-size,2.0,4,Z,9.6,225,AM,7
2019,Mercedes-Benz,Sport utility vehicle: Small,3.0,6,Z,11.2,262,A,9
2019,Mercedes-Benz,Sport utility vehicle: Small,3.0,6,Z,11.3,265,A,9
2019,Mercedes-Benz,Sport utility vehicle: Small,4.0,8,Z,13.2,309,A,9
2019,Mercedes-Benz,Sport utility vehicle: Small,4.0,8,Z,13.2,309,A,9
2019,Mercedes-Benz,Sport utility vehicle: Standard,3.0,6,Z,12.4,292,A,9
2019,Mercedes-Benz,Sport utility vehicle: Standard,3.0,6,Z,12.6,297,A,9
2019,Mercedes-Benz,Sport utility vehicle: Standard,4.7,8,Z,15.8,370,A,7
2019,Mercedes-Benz,Sport utility vehicle: Standard,4.7,8,Z,15.2,357,A,7
2019,Mercedes-Benz,Sport utility vehicle: Standard,4.7,8,Z,15.7,370,A,7
2019,Mercedes-Benz,Compact,3.0,6,Z,11.2,264,A,9
2019,Mercedes-Benz,Compact,4.0,8,Z,13.7,323,A,9
2019,Mercedes-Benz,Compact,4.0,8,Z,13.7,324,A,9
2019,Mercedes-Benz,Two-seater,4.0,8,Z,13.5,315,AM,7
2019,Mercedes-Benz,Two-seater,4.0,8,Z,13.5,315,AM,7
2019,Mercedes-Benz,Two-seater,4.0,8,Z,14.0,327,AM,7
2019,Mercedes-Benz,Full-size,4.0,8,Z,11.8,275,A,9
2019,Mercedes-Benz,Subcompact,4.0,8,Z,13.1,306,A,9
2019,Mercedes-Benz,Compact,4.0,8,Z,11.6,271,A,9
2019,Mercedes-Benz,Full-size,6.0,12,Z,15.1,356,A,7
2019,Mercedes-Benz,Subcompact,6.0,12,Z,14.3,337,A,9
2019,Mercedes-Benz,Compact,6.0,12,Z,14.6,343,A,9
2019,Mercedes-Benz,Two-seater,5.5,8,Z,13.0,303,A,7
2019,Mercedes-Benz,Two-seater,3.0,6,Z,10.2,238,A,9
2019,Mercedes-Benz,Station wagon: Small,2.0,4,Z,8.4,196,AM,7
2019,Mercedes-Benz,Station wagon: Small,2.0,4,Z,9.1,215,AM,7
2019,Mercedes-Benz,Compact,2.0,4,Z,9.4,219,A,9
2019,Mercedes-Benz,Subcompact,2.0,4,Z,9.9,231,A,9
2019,Mercedes-Benz,Subcompact,2.0,4,Z,9.5,221,A,9
2019,Mercedes-Benz,Station wagon: Small,2.0,4,Z,9.5,221,A,9
2019,Mercedes-Benz,Minicompact,2.0,4,Z,8.2,193,AM,7
2019,Mercedes-Benz,Minicompact,2.0,4,Z,8.7,204,AM,7
2019,Mercedes-Benz,Compact,3.0,6,Z,9.8,213,A,9
2019,Mercedes-Benz,Mid-size,2.0,4,Z,9.7,228,A,9
2019,Mercedes-Benz,Mid-size,3.0,6,Z,10.3,244,A,9
2019,Mercedes-Benz,Subcompact,3.0,6,Z,11.6,271,A,9
2019,Mercedes-Benz,Subcompact,3.0,6,Z,11.0,257,A,9
2019,Mercedes-Benz,Station wagon: Mid-size,3.0,6,Z,10.8,254,A,9
2019,Mercedes-Benz,Sport utility vehicle: Standard,4.0,8,Z,16.3,378,A,9
2019,Mercedes-Benz,Sport utility vehicle: Small,2.0,4,Z,9.0,209,AM,7
2019,Mercedes-Benz,Sport utility vehicle: Small,2.0,4,Z,10.0,234,A,9
2019,Mercedes-Benz,Sport utility vehicle: Small,2.0,4,Z,10.0,234,A,9
2019,Mercedes-Benz,Sport utility vehicle: Standard,3.0,6,Z,12.1,282,A,9
2019,Mercedes-Benz,Sport utility vehicle: Standard,3.0,6,Z,13.2,312,A,9
2019,Mercedes-Benz,Sport utility vehicle: Standard,4.7,8,Z,15.1,355,A,9
2019,Mercedes-Benz,Full-size,4.0,8,Z,12.2,286,A,9
2019,Mercedes-Benz,Full-size,6.0,12,Z,15.1,355,A,7
2019,Mercedes-Benz,Special purpose vehicle,2.0,4,Z,10.7,251,A,7
2019,Mercedes-Benz,Special purpose vehicle,2.0,4,Z,10.5,248,A,7
2019,Mercedes-Benz,Special purpose vehicle,2.0,4,Z,11.4,268,A,7
2019,Mercedes-Benz,Mid-size,3.0,6,Z,10.8,253,A,9
2019,Mercedes-Benz,Mid-size,4.0,8,Z,11.3,265,A,9
2019,Mercedes-Benz,Full-size,4.0,8,Z,11.3,265,A,9
2019,Mercedes-Benz,Subcompact,4.0,8,Z,11.7,275,A,9
2019,Mercedes-Benz,Two-seater,3.0,6,Z,10.3,241,A,9
2019,Mercedes-Benz,Two-seater,4.7,8,Z,11.6,270,A,9
2019,Mercedes-Benz,Two-seater,2.0,4,Z,8.8,205,A,9
2019,MINI,Subcompact,1.5,3,Z,7.9,184,AS,6
2019,MINI,Subcompact,1.5,3,Z,7.5,175,M,6
2019,MINI,Subcompact,1.5,3,Z,7.9,184,AS,6
2019,MINI,Subcompact,1.5,3,Z,7.5,175,M,6
2019,MINI,Mid-size,1.5,3,Z,9.0,212,AS,8
2019,MINI,Mid-size,1.5,3,Z,9.1,214,M,6
2019,MINI,Minicompact,1.5,3,Z,7.9,184,AS,6
2019,MINI,Minicompact,1.5,3,Z,7.5,175,M,6
2019,MINI,Station wagon: Small,1.5,3,Z,9.2,215,AS,8
2019,MINI,Station wagon: Small,1.5,3,Z,9.1,214,M,6
2019,MINI,Subcompact,2.0,4,Z,8.4,197,AS,6
2019,MINI,Subcompact,2.0,4,Z,9.0,210,M,6
2019,MINI,Subcompact,2.0,4,Z,8.4,197,AS,6
2019,MINI,Subcompact,2.0,4,Z,9.0,210,M,6
2019,MINI,Mid-size,2.0,4,Z,9.2,214,AS,8
2019,MINI,Mid-size,2.0,4,Z,9.7,227,M,6
2019,MINI,Minicompact,2.0,4,Z,8.4,197,AS,6
2019,MINI,Minicompact,2.0,4,Z,9.0,210,M,6
2019,MINI,Mid-size,2.0,4,Z,9.2,215,AS,8
2019,MINI,Mid-size,2.0,4,Z,9.7,228,M,6
2019,MINI,Subcompact,2.0,4,Z,8.4,197,AS,6
2019,MINI,Subcompact,2.0,4,Z,9.0,210,M,6
2019,MINI,Mid-size,2.0,4,Z,9.2,214,AS,8
2019,MINI,Mid-size,2.0,4,Z,9.7,227,M,6
2019,MINI,Minicompact,2.0,4,Z,8.4,197,AS,6
2019,MINI,Minicompact,2.0,4,Z,9.4,220,M,6
2019,MINI,Mid-size,2.0,4,Z,9.3,220,AS,8
2019,MINI,Mid-size,2.0,4,Z,9.7,228,M,6
2019,Mitsubishi,Sport utility vehicle: Small,1.5,4,X,9.3,216,AV,8
2019,Mitsubishi,Compact,1.2,3,X,6.2,143,AV,0
2019,Mitsubishi,Compact,1.2,3,X,6.5,151,M,5
2019,Mitsubishi,Compact,1.2,3,X,6.4,148,AV,0
2019,Mitsubishi,Compact,1.2,3,X,6.6,153,M,5
2019,Mitsubishi,Sport utility vehicle: Small,2.4,4,X,9.1,212,AV,6
2019,Mitsubishi,Sport utility vehicle: Small,3.0,6,Z,10.6,246,AS,6
2019,Mitsubishi,Sport utility vehicle: Small,2.0,4,X,8.8,206,AV,6
2019,Mitsubishi,Sport utility vehicle: Small,2.0,4,X,9.2,213,AV,6
2019,Mitsubishi,Sport utility vehicle: Small,2.4,4,X,9.4,218,AV,6
2019,Nissan,Two-seater,3.7,6,Z,11.1,261,AS,7
2019,Nissan,Two-seater,3.7,6,Z,11.5,270,M,6
2019,Nissan,Two-seater,3.7,6,Z,11.5,271,AS,7
2019,Nissan,Two-seater,3.7,6,Z,11.8,279,M,6
2019,Nissan,Mid-size,2.5,4,X,7.4,174,AV,0
2019,Nissan,Mid-size,2.0,4,X,8.1,190,AV,0
2019,Nissan,Mid-size,2.5,4,X,7.5,177,AV,0
2019,Nissan,Mid-size,2.5,4,X,8.0,187,AV,0
2019,Nissan,Mid-size,2.5,4,X,8.1,191,AV,0
2019,Nissan,Sport utility vehicle: Standard,5.6,8,X,15.5,364,AS,7
2019,Nissan,Pickup truck: Small,2.5,4,X,12.3,290,A,5
2019,Nissan,Pickup truck: Small,4.0,6,X,12.7,299,A,5
2019,Nissan,Pickup truck: Small,4.0,6,X,13.9,326,A,5
2019,Nissan,Pickup truck: Small,4.0,6,X,13.5,317,M,6
2019,Nissan,Subcompact,3.8,6,Z,12.6,295,AM,6
2019,Nissan,Mid-size,1.6,4,X,7.2,169,AV,0
2019,Nissan,Mid-size,3.5,6,Z,9.9,233,AV,7
2019,Nissan,Compact,1.6,4,X,8.0,188,A,4
2019,Nissan,Compact,1.6,4,X,7.9,186,M,5
2019,Nissan,Station wagon: Mid-size,3.5,6,X,10.2,240,AV,7
2019,Nissan,Station wagon: Mid-size,3.5,6,X,10.4,244,AV,7
2019,Nissan,Special purpose vehicle,2.0,4,X,9.3,218,AV,0
2019,Nissan,Sport utility vehicle: Small,3.5,6,X,10.2,240,AV,0
2019,Nissan,Sport utility vehicle: Small,3.5,6,X,10.7,250,AV,0
2019,Nissan,Sport utility vehicle: Small,3.5,6,X,11.0,259,AV,0
2019,Nissan,Station wagon: Small,2.0,4,X,8.2,193,AV,7
2019,Nissan,Station wagon: Small,2.0,4,X,9.2,217,M,6
2019,Nissan,Station wagon: Small,2.0,4,X,8.7,203,AV,7
2019,Nissan,Sport utility vehicle: Small,2.5,4,X,8.2,192,AV,0
2019,Nissan,Sport utility vehicle: Small,2.5,4,X,8.8,206,AV,0
2019,Nissan,Mid-size,1.6,4,Z,8.2,193,AV,7
2019,Nissan,Mid-size,1.6,4,Z,8.3,195,M,6
2019,Nissan,Mid-size,1.8,4,X,7.3,172,AV,0
2019,Nissan,Mid-size,1.8,4,X,7.8,183,M,6
2019,Nissan,Mid-size,1.6,4,Z,8.7,205,AV,7
2019,Nissan,Mid-size,1.6,4,Z,8.7,204,M,6
2019,Nissan,Pickup truck: Standard,5.6,8,X,13.3,312,AS,7
2019,Nissan,Pickup truck: Standard,5.6,8,X,13.4,315,AS,7
2019,Nissan,Pickup truck: Standard,5.6,8,X,14.1,331,AS,7
2019,Nissan,Mid-size,1.6,4,X,7.0,164,AV,0
2019,Nissan,Mid-size,1.6,4,X,7.7,180,M,5
2019,Porsche,Minicompact,3.0,6,Z,9.4,221,AM,7
2019,Porsche,Minicompact,3.0,6,Z,10.1,237,M,7
2019,Porsche,Minicompact,3.0,6,Z,9.6,225,AM,7
2019,Porsche,Minicompact,3.0,6,Z,10.4,242,M,7
2019,Porsche,Minicompact,3.0,6,Z,9.7,227,AM,7
2019,Porsche,Minicompact,3.0,6,Z,10.3,241,M,7
2019,Porsche,Minicompact,3.0,6,Z,9.8,230,AM,7
2019,Porsche,Minicompact,3.0,6,Z,10.5,246,M,7
2019,Porsche,Minicompact,3.0,6,Z,9.7,226,AM,7
2019,Porsche,Minicompact,3.0,6,Z,10.3,242,M,7
2019,Porsche,Minicompact,3.0,6,Z,9.9,232,AM,7
2019,Porsche,Minicompact,3.0,6,Z,10.4,243,M,7
2019,Porsche,Minicompact,3.0,6,Z,9.7,228,AM,7
2019,Porsche,Minicompact,3.0,6,Z,10.4,243,M,7
2019,Porsche,Minicompact,3.0,6,Z,9.9,231,AM,7
2019,Porsche,Minicompact,3.0,6,Z,10.5,246,M,7
2019,Porsche,Minicompact,3.0,6,Z,10.6,248,AM,7
2019,Porsche,Minicompact,3.0,6,Z,12.3,286,M,7
2019,Porsche,Minicompact,3.0,6,Z,10.4,243,AM,7
2019,Porsche,Minicompact,3.0,6,Z,11.2,260,M,7
2019,Porsche,Minicompact,3.0,6,Z,10.6,248,AM,7
2019,Porsche,Minicompact,3.0,6,Z,11.0,257,M,7
2019,Porsche,Minicompact,3.0,6,Z,10.7,249,AM,7
2019,Porsche,Minicompact,3.0,6,Z,11.0,258,M,7
2019,Porsche,Minicompact,3.0,6,Z,10.7,250,AM,7
2019,Porsche,Minicompact,3.0,6,Z,11.2,260,M,7
2019,Porsche,Two-seater,3.8,6,Z,13.5,315,AM,7
2019,Porsche,Two-seater,4.0,6,Z,13.9,324,AM,7
2019,Porsche,Two-seater,4.0,6,Z,15.1,352,M,6
2019,Porsche,Two-seater,4.0,6,Z,14.4,335,AM,7
2019,Porsche,Two-seater,4.0,6,Z,14.1,334,M,6
2019,Porsche,Two-seater,4.0,6,Z,15.1,350,M,6
2019,Porsche,Minicompact,3.0,6,Z,9.8,228,AM,7
2019,Porsche,Minicompact,3.0,6,Z,10.5,246,M,7
2019,Porsche,Minicompact,3.0,6,Z,10.0,233,AM,7
2019,Porsche,Minicompact,3.0,6,Z,10.5,246,M,7
2019,Porsche,Minicompact,3.0,6,Z,10.8,251,AM,7
2019,Porsche,Minicompact,3.0,6,Z,11.4,266,M,7
2019,Porsche,Minicompact,3.8,6,Z,11.4,266,AM,7
2019,Porsche,Minicompact,3.8,6,Z,11.4,267,AM,7
2019,Porsche,Minicompact,3.8,6,Z,11.4,266,AM,7
2019,Porsche,Minicompact,3.8,6,Z,11.4,267,AM,7
2019,Porsche,Minicompact,3.8,6,Z,12.7,297,AM,7
2019,Porsche,Two-seater,2.0,4,Z,9.4,219,AM,7
2019,Porsche,Two-seater,2.0,4,Z,9.8,229,M,6
2019,Porsche,Two-seater,2.5,4,Z,9.9,231,AM,7
2019,Porsche,Two-seater,2.5,4,Z,10.7,249,M,6
2019,Porsche,Two-seater,2.5,4,Z,10.6,249,AM,7
2019,Porsche,Two-seater,2.5,4,Z,11.0,257,M,6
2019,Porsche,Sport utility vehicle: Standard,3.0,6,Z,11.4,265,AS,8
2019,Porsche,Sport utility vehicle: Standard,2.9,6,Z,11.8,275,AS,8
2019,Porsche,Sport utility vehicle: Standard,4.0,8,Z,14.1,329,AS,8
2019,Porsche,Two-seater,2.0,4,Z,9.4,219,AM,7
2019,Porsche,Two-seater,2.0,4,Z,9.8,229,M,6
2019,Porsche,Two-seater,2.5,4,Z,9.9,231,AM,7
2019,Porsche,Two-seater,2.5,4,Z,10.7,249,M,6
2019,Porsche,Two-seater,2.5,4,Z,10.6,249,AM,7
2019,Porsche,Two-seater,2.5,4,Z,11.0,257,M,6
2019,Porsche,Sport utility vehicle: Small,2.0,4,Z,11.3,264,AM,7
2019,Porsche,Sport utility vehicle: Small,3.0,6,Z,11.7,272,AM,7
2019,Porsche,Full-size,3.0,6,Z,10.7,250,AM,8
2019,Porsche,Full-size,3.0,6,Z,10.9,253,AM,8
2019,Porsche,Full-size,3.0,6,Z,10.9,253,AM,8
2019,Porsche,Full-size,3.0,6,Z,10.7,250,AM,8
2019,Porsche,Full-size,2.9,6,Z,11.2,261,AM,8
2019,Porsche,Full-size,2.9,6,Z,11.2,261,AM,8
2019,Porsche,Full-size,2.9,6,Z,11.6,273,AM,8
2019,Porsche,Full-size,4.0,8,Z,12.6,295,AM,8
2019,Porsche,Full-size,4.0,8,Z,13.4,313,AM,8
2019,Porsche,Full-size,4.0,8,Z,11.2,261,AM,8
2019,Porsche,Full-size,4.0,8,Z,11.2,261,AM,8
2019,Porsche,Full-size,4.0,8,Z,11.9,279,AM,8
2019,Ram,Pickup truck: Standard,3.6,6,X,10.8,253,A,8
2019,Ram,Pickup truck: Standard,3.6,6,X,10.4,246,A,8
2019,Ram,Pickup truck: Standard,5.7,8,X,13.6,320,A,8
2019,Ram,Pickup truck: Standard,5.7,8,X,12.4,290,A,8
2019,Ram,Pickup truck: Standard,3.6,6,X,11.1,260,A,8
2019,Ram,Pickup truck: Standard,5.7,8,X,13.8,325,A,8
2019,Ram,Pickup truck: Standard,5.7,8,X,12.9,302,A,8
2019,Ram,Pickup truck: Standard,3.0,6,D,10.4,278,A,8
2019,Ram,Pickup truck: Standard,3.6,6,X,11.9,280,A,8
2019,Ram,Pickup truck: Standard,3.6,6,E,17.0,283,A,8
2019,Ram,Pickup truck: Standard,5.7,8,X,14.8,346,A,6
2019,Ram,Pickup truck: Standard,5.7,8,X,13.6,319,A,8
2019,Ram,Pickup truck: Standard,3.0,6,D,10.8,289,A,8
2019,Ram,Pickup truck: Standard,3.6,6,X,12.6,294,A,8
2019,Ram,Pickup truck: Standard,3.6,6,E,18.0,300,A,8
2019,Ram,Pickup truck: Standard,5.7,8,X,16.3,382,A,6
2019,Ram,Pickup truck: Standard,5.7,8,X,14.0,328,A,8
2019,Ram,Special purpose vehicle,2.4,4,X,9.9,232,A,9
2019,Rolls-Royce,Station wagon: Mid-size,6.7,12,Z,16.3,382,AS,8
2019,Rolls-Royce,Compact,6.6,12,Z,17.0,397,AS,8
2019,Rolls-Royce,Compact,6.6,12,Z,17.0,397,AS,8
2019,Rolls-Royce,Full-size,6.6,12,Z,17.0,397,AS,8
2019,Rolls-Royce,Full-size,6.6,12,Z,17.0,397,AS,8
2019,Rolls-Royce,Full-size,6.7,12,Z,16.3,382,AS,8
2019,Rolls-Royce,Full-size,6.7,12,Z,16.3,382,AS,8
2019,Rolls-Royce,Mid-size,6.6,12,Z,16.6,388,AS,8
2019,Rolls-Royce,Mid-size,6.6,12,Z,16.6,388,AS,8
2019,Subaru,Sport utility vehicle: Standard,2.4,4,X,10.4,244,AV,8
2019,Subaru,Minicompact,2.0,4,Z,8.6,200,AS,6
2019,Subaru,Minicompact,2.0,4,Z,9.9,231,M,6
2019,Subaru,Sport utility vehicle: Small,2.0,4,X,8.1,188,AV,7
2019,Subaru,Sport utility vehicle: Small,2.0,4,X,9.4,220,M,6
2019,Subaru,Sport utility vehicle: Small,2.5,4,X,8.2,192,AV,7
2019,Subaru,Mid-size,2.0,4,X,7.5,174,AV,7
2019,Subaru,Mid-size,2.0,4,X,8.9,209,M,5
2019,Subaru,Station wagon: Small,2.0,4,X,7.6,177,AV,7
2019,Subaru,Station wagon: Small,2.0,4,X,9.0,211,M,5
2019,Subaru,Mid-size,2.5,4,X,8.2,193,AV,7
2019,Subaru,Mid-size,3.6,6,X,10.3,241,AV,6
2019,Subaru,Sport utility vehicle: Small,2.5,4,X,8.5,198,AV,7
2019,Subaru,Sport utility vehicle: Small,3.6,6,X,10.5,247,AV,6
2019,Subaru,Compact,2.0,4,Z,11.2,256,AV,8
2019,Subaru,Compact,2.0,4,Z,10.0,235,M,6
2019,Subaru,Compact,2.5,4,Z,12.7,296,M,6
2019,Toyota,Sport utility vehicle: Standard,4.0,6,X,13.2,308,AS,5
2019,Toyota,Sport utility vehicle: Standard,4.0,6,X,13.2,308,AS,5
2019,Toyota,Minicompact,2.0,4,Z,8.7,204,AS,6
2019,Toyota,Minicompact,2.0,4,Z,9.9,232,M,6
2019,Toyota,Mid-size,3.5,6,X,9.4,220,AS,8
2019,Toyota,Mid-size,2.5,4,X,6.9,164,AS,8
2019,Toyota,Mid-size,2.5,4,X,7.4,173,AS,8
2019,Toyota,Mid-size,2.5,4,X,7.5,175,AS,8
2019,Toyota,Mid-size,3.5,6,X,9.0,210,AS,8
2019,Toyota,Mid-size,3.5,6,X,9.2,215,AS,8
2019,Toyota,Mid-size,2.5,4,X,4.9,113,AV,6
2019,Toyota,Mid-size,2.5,4,X,5.1,121,AV,6
2019,Toyota,Compact,2.0,4,X,8.2,189,AS,7
2019,Toyota,Mid-size,1.8,4,X,7.5,174,AV,0
2019,Toyota,Mid-size,1.8,4,X,6.9,163,AV,0
2019,Toyota,Mid-size,1.8,4,X,7.6,178,AV,7
2019,Toyota,Mid-size,1.8,4,X,7.6,178,M,6
2019,Toyota,Compact,2.0,4,X,6.7,157,AV,10
2019,Toyota,Compact,2.0,4,X,7.5,174,M,6
2019,Toyota,Sport utility vehicle: Small,3.5,6,X,10.3,243,AS,8
2019,Toyota,Sport utility vehicle: Standard,3.5,6,X,10.6,250,AS,8
2019,Toyota,Sport utility vehicle: Standard,3.5,6,X,10.6,248,AS,8
2019,Toyota,Sport utility vehicle: Standard,3.5,6,X,10.4,242,AS,8
2019,Toyota,Sport utility vehicle: Standard,3.5,6,X,8.3,193,AV,6
2019,Toyota,Mid-size,1.8,4,X,4.4,105,AV,0
2019,Toyota,Mid-size,1.8,4,X,4.7,109,AV,0
2019,Toyota,Compact,1.5,4,X,5.1,120,AV,0
2019,Toyota,Sport utility vehicle: Small,2.5,4,X,7.8,183,AS,8
2019,Toyota,Sport utility vehicle: Small,2.5,4,X,8.3,190,AS,8
2019,Toyota,Sport utility vehicle: Small,2.5,4,X,6.0,140,AV,6
2019,Toyota,Sport utility vehicle: Standard,5.7,8,X,16.4,384,AS,6
2019,Toyota,Minivan,3.5,6,X,10.8,254,AS,8
2019,Toyota,Minivan,3.5,6,X,11.7,274,AS,8
2019,Toyota,Pickup truck: Small,2.7,4,X,11.2,263,AS,6
2019,Toyota,Pickup truck: Small,2.7,4,X,11.7,274,AS,6
2019,Toyota,Pickup truck: Small,3.5,6,X,11.9,278,AS,6
2019,Toyota,Pickup truck: Small,3.5,6,X,12.7,299,M,6
2019,Toyota,Pickup truck: Small,3.5,6,X,12.9,300,M,6
2019,Toyota,Pickup truck: Standard,5.7,8,X,15.9,371,AS,6
2019,Toyota,Pickup truck: Standard,4.6,8,X,14.9,354,AS,6
2019,Toyota,Pickup truck: Standard,5.7,8,X,16.3,382,AS,6
2019,Toyota,Compact,1.5,4,X,6.6,155,AS,6
2019,Toyota,Compact,1.5,4,X,6.8,164,M,6
2019,Toyota,Compact,1.5,4,X,7.4,173,A,4
2019,Toyota,Compact,1.5,4,X,7.2,169,M,5
2019,Volkswagen,Full-size,2.0,4,Z,10.4,244,AS,8
2019,Volkswagen,Sport utility vehicle: Small,2.0,4,X,10.5,245,AS,8
2019,Volkswagen,Sport utility vehicle: Standard,3.6,6,X,12.2,286,AS,8
2019,Volkswagen,Compact,2.0,4,X,8.2,191,AS,6
2019,Volkswagen,Subcompact,2.0,4,X,8.2,191,AS,6
2019,Volkswagen,Compact,2.0,4,X,8.1,189,AS,6
2019,Volkswagen,Subcompact,2.0,4,X,8.1,189,AS,6
2019,Volkswagen,Compact,1.4,4,X,7.4,172,AS,8
2019,Volkswagen,Compact,1.4,4,X,7.4,172,M,6
2019,Volkswagen,Compact,2.0,4,X,8.6,202,AM,7
2019,Volkswagen,Compact,2.0,4,X,8.7,203,M,6
2019,Volkswagen,Compact,2.0,4,Z,9.2,213,AM,7
2019,Volkswagen,Compact,2.0,4,Z,9.9,232,M,6
2019,Volkswagen,Station wagon: Small,1.8,4,X,9.4,220,AM,6
2019,Volkswagen,Station wagon: Small,1.8,4,X,9.6,225,M,6
2019,Volkswagen,Station wagon: Small,1.4,4,X,7.6,178,AS,8
2019,Volkswagen,Station wagon: Small,1.4,4,X,7.4,172,M,6
2019,Volkswagen,Station wagon: Small,1.8,4,X,9.6,224,AM,6
2019,Volkswagen,Station wagon: Small,1.8,4,X,9.3,218,M,6
2019,Volkswagen,Compact,1.4,4,X,7.0,162,AS,8
2019,Volkswagen,Compact,1.4,4,X,7.0,163,M,6
2019,Volkswagen,Compact,2.0,4,X,8.4,196,AM,7
2019,Volkswagen,Compact,2.0,4,X,8.5,200,M,6
2019,Volkswagen,Mid-size,2.0,4,X,8.1,188,AS,6
2019,Volkswagen,Sport utility vehicle: Small,2.0,4,X,9.5,221,AS,8
2019,Volkswagen,Sport utility vehicle: Small,2.0,4,X,9.8,228,AS,8
2019,Volvo,Compact,2.0,4,Z,8.4,197,AS,8
2019,Volvo,Compact,2.0,4,Z,9.4,218,AS,8
2019,Volvo,Mid-size,2.0,4,Z,9.2,215,AS,8
2019,Volvo,Mid-size,2.0,4,Z,9.4,219,AS,8
2019,Volvo,Station wagon: Small,2.0,4,Z,8.4,197,AS,8
2019,Volvo,Station wagon: Small,2.0,4,Z,9.4,219,AS,8
2019,Volvo,Station wagon: Small,2.0,4,Z,9.3,218,AS,8
2019,Volvo,Station wagon: Mid-size,2.0,4,Z,9.4,219,AS,8
2019,Volvo,Station wagon: Mid-size,2.0,4,Z,10.0,233,AS,8
2019,Volvo,Sport utility vehicle: Small,2.0,4,Z,9.0,211,AS,8
2019,Volvo,Sport utility vehicle: Small,2.0,4,Z,10.0,233,AS,8
2019,Volvo,Sport utility vehicle: Small,2.0,4,Z,10.4,242,AS,8
2019,Volvo,Sport utility vehicle: Standard,2.0,4,Z,10.0,233,AS,8
2019,Volvo,Sport utility vehicle: Standard,2.0,4,Z,10.7,250,AS,8
2020,Acura,Compact,2.4,4,Z,8.6,199,AM,8
2020,Acura,Sport utility vehicle: Small,3.5,6,Z,10.9,254,AS,9
2020,Acura,Sport utility vehicle: Small,3.5,6,Z,11.0,258,AS,9
2020,Acura,Sport utility vehicle: Small,3.0,6,Z,9.0,210,AM,7
2020,Acura,Two-seater,3.5,6,Z,11.0,261,AM,9
2020,Acura,Sport utility vehicle: Small,2.0,4,Z,9.9,232,AS,10
2020,Acura,Sport utility vehicle: Small,2.0,4,Z,10.3,241,AS,10
2020,Acura,Mid-size,3.5,6,Z,8.4,196,AM,7
2020,Acura,Compact,2.4,4,Z,8.9,209,AM,8
2020,Acura,Compact,3.5,6,Z,9.8,228,AS,9
2020,Acura,Compact,3.5,6,Z,10.3,240,AS,9
2020,Alfa Romeo,Two-seater,1.8,4,Z,8.4,197,AM,6
2020,Alfa Romeo,Mid-size,2.0,4,Z,8.7,205,A,8
2020,Alfa Romeo,Mid-size,2.0,4,Z,9.2,217,A,8
2020,Alfa Romeo,Mid-size,2.9,6,Z,11.6,271,A,8
2020,Alfa Romeo,Sport utility vehicle: Small,2.0,4,Z,9.3,218,A,8
2020,Alfa Romeo,Sport utility vehicle: Small,2.0,4,Z,9.6,226,A,8
2020,Alfa Romeo,Sport utility vehicle: Small,2.9,6,Z,12.3,288,A,8
2020,Aston Martin,Minicompact,4.0,8,Z,11.5,271,A,8
2020,Aston Martin,Minicompact,5.2,12,Z,13.3,312,A,8
2020,Aston Martin,Minicompact,5.2,12,Z,13.8,324,A,8
2020,Aston Martin,Two-seater,4.0,8,Z,11.5,270,A,8
2020,Aston Martin,Two-seater,4.0,8,Z,14.2,333,M,7
2020,Audi,Subcompact,2.0,4,X,7.8,182,AM,7
2020,Audi,Subcompact,2.0,4,X,9.5,224,AM,7
2020,Audi,Subcompact,2.0,4,X,9.5,224,AM,7
2020,Audi,Compact,2.0,4,Z,8.8,205,AM,7
2020,Audi,Station wagon: Small,2.0,4,Z,8.8,206,AM,7
2020,Audi,Subcompact,2.0,4,Z,8.8,205,AM,7
2020,Audi,Subcompact,2.0,4,Z,8.8,206,AM,7
2020,Audi,Mid-size,2.0,4,Z,8.8,205,AM,7
2020,Audi,Mid-size,2.0,4,Z,8.7,205,AM,7
2020,Audi,Mid-size,3.0,6,Z,9.7,227,AM,7
2020,Audi,Station wagon: Mid-size,3.0,6,Z,10.6,247,AM,7
2020,Audi,Mid-size,3.0,6,Z,9.7,227,AM,7
2020,Audi,Full-size,3.0,6,Z,11.5,267,AS,8
2020,Audi,Full-size,4.0,8,Z,13.2,308,AS,8
2020,Audi,Sport utility vehicle: Small,2.0,4,X,10.6,248,AS,8
2020,Audi,Sport utility vehicle: Small,2.0,4,Z,9.7,226,AM,7
2020,Audi,Sport utility vehicle: Standard,2.0,4,Z,11.3,264,AS,8
2020,Audi,Sport utility vehicle: Standard,3.0,6,Z,12.7,296,AS,8
2020,Audi,Sport utility vehicle: Standard,3.0,6,Z,12.7,296,AS,8
2020,Audi,Two-seater,5.2,10,Z,14.9,347,AM,7
2020,Audi,Two-seater,5.2,10,Z,14.9,347,AM,7
2020,Audi,Subcompact,2.5,5,Z,10.4,243,AM,7
2020,Audi,Sport utility vehicle: Standard,4.0,8,Z,15.4,360,AS,8
2020,Audi,Subcompact,2.0,4,Z,9.5,222,AM,7
2020,Audi,Compact,3.0,6,Z,10.5,245,AS,8
2020,Audi,Subcompact,3.0,6,Z,10.5,245,AS,8
2020,Audi,Subcompact,3.0,6,Z,10.8,252,AS,8
2020,Audi,Mid-size,3.0,6,Z,10.5,245,AS,8
2020,Audi,Mid-size,2.9,6,Z,10.9,255,AS,8
2020,Audi,Mid-size,2.9,6,Z,10.9,255,AS,8
2020,Audi,Full-size,4.0,8,Z,14.5,339,AS,8
2020,Audi,Sport utility vehicle: Small,3.0,6,Z,11.8,276,AS,8
2020,Audi,Sport utility vehicle: Standard,4.0,8,Z,13.7,321,AS,8
2020,Audi,Sport utility vehicle: Standard,4.0,8,Z,13.8,322,AS,8
2020,Audi,Subcompact,2.0,4,X,9.1,213,AM,7
2020,Audi,Two-seater,2.0,4,X,9.1,213,AM,7
2020,Audi,Subcompact,2.5,5,Z,10.3,241,AM,7
2020,Audi,Subcompact,2.0,4,Z,9.4,220,AM,7
2020,Bentley,Sport utility vehicle: Standard,4.0,8,Z,13.6,315,AS,8
2020,Bentley,Sport utility vehicle: Standard,6.0,12,Z,17.2,401,AS,8
2020,Bentley,Compact,4.0,8,Z,12.4,291,AM,8
2020,Bentley,Compact,6.0,12,Z,15.7,364,AM,8
2020,Bentley,Subcompact,4.0,8,Z,12.4,291,AM,8
2020,Bentley,Subcompact,6.0,12,Z,16.0,373,AM,8
2020,Bentley,Mid-size,6.0,12,Z,16.0,373,AM,8
2020,Bentley,Mid-size,6.8,8,Z,20.0,465,AS,8
2020,BMW,Compact,2.0,4,Z,8.8,205,AS,8
2020,BMW,Subcompact,2.0,4,Z,8.7,204,AS,8
2020,BMW,Subcompact,2.0,4,Z,9.4,219,AS,8
2020,BMW,Subcompact,2.0,4,Z,8.5,200,AS,8
2020,BMW,Subcompact,2.0,4,Z,9.4,219,M,6
2020,BMW,Subcompact,2.0,4,Z,9.4,219,AS,8
2020,BMW,Compact,2.0,4,Z,8.3,195,AS,8
2020,BMW,Subcompact,2.0,4,Z,9.1,213,AS,8
2020,BMW,Compact,2.0,4,Z,8.7,204,AS,8
2020,BMW,Compact,2.0,4,Z,9.4,219,AS,8
2020,BMW,Compact,2.0,4,Z,9.4,219,AS,8
2020,BMW,Subcompact,3.0,6,Z,10.7,249,AS,8
2020,BMW,Compact,3.0,6,Z,9.9,231,AS,8
2020,BMW,Compact,3.0,6,Z,11.0,256,M,6
2020,BMW,Compact,3.0,6,Z,10.0,233,AS,8
2020,BMW,Compact,3.0,6,Z,11.0,257,M,6
2020,BMW,Compact,3.0,6,Z,10.0,233,AS,8
2020,BMW,Mid-size,2.0,4,Z,8.8,206,AS,8
2020,BMW,Mid-size,3.0,6,Z,9.5,222,AS,8
2020,BMW,Full-size,4.4,8,Z,12.4,290,AS,8
2020,BMW,Full-size,4.4,8,Z,12.4,290,AS,8
2020,BMW,Full-size,4.4,8,Z,12.4,290,AS,8
2020,BMW,Subcompact,3.0,6,Z,12.4,290,AM,7
2020,BMW,Subcompact,3.0,6,Z,11.7,273,M,6
2020,BMW,Subcompact,3.0,6,Z,12.4,290,AM,7
2020,BMW,Subcompact,3.0,6,Z,11.7,273,M,6
2020,BMW,Compact,2.0,4,Z,9.0,208,AS,8
2020,BMW,Subcompact,3.0,6,Z,9.9,231,AS,8
2020,BMW,Subcompact,3.0,6,Z,10.9,255,M,6
2020,BMW,Subcompact,3.0,6,Z,10.0,233,AS,8
2020,BMW,Subcompact,3.0,6,Z,9.9,231,AS,8
2020,BMW,Subcompact,3.0,6,Z,10.9,255,M,6
2020,BMW,Subcompact,3.0,6,Z,10.0,233,AS,8
2020,BMW,Subcompact,3.0,6,Z,9.9,231,AS,8
2020,BMW,Subcompact,3.0,6,Z,10.9,255,M,6
2020,BMW,Subcompact,3.0,6,Z,10.0,233,AS,8
2020,BMW,Compact,3.0,6,Z,10.0,233,AS,8
2020,BMW,Subcompact,3.0,6,Z,12.7,299,AM,7
2020,BMW,Subcompact,3.0,6,Z,11.9,280,M,6
2020,BMW,Subcompact,3.0,6,Z,12.7,299,AM,7
2020,BMW,Subcompact,3.0,6,Z,11.9,280,M,6
2020,BMW,Compact,3.0,6,Z,12.4,290,AM,7
2020,BMW,Compact,3.0,6,Z,11.7,273,M,6
2020,BMW,Compact,3.0,6,Z,12.4,290,AM,7
2020,BMW,Compact,3.0,6,Z,11.7,273,M,6
2020,BMW,Compact,3.0,6,Z,12.4,290,AM,7
2020,BMW,Mid-size,4.4,8,Z,13.8,322,AS,8
2020,BMW,Mid-size,4.4,8,Z,13.8,322,AS,8
2020,BMW,Mid-size,4.4,8,Z,11.7,273,AS,8
2020,BMW,Full-size,6.6,12,Z,15.1,354,AS,8
2020,BMW,Subcompact,4.4,8,Z,13.8,322,AS,8
2020,BMW,Subcompact,4.4,8,Z,13.8,322,AS,8
2020,BMW,Subcompact,4.4,8,Z,13.8,322,AS,8
2020,BMW,Subcompact,4.4,8,Z,13.8,322,AS,8
2020,BMW,Mid-size,4.4,8,Z,13.8,322,AS,8
2020,BMW,Mid-size,4.4,8,Z,13.8,322,AS,8
2020,BMW,Subcompact,4.4,8,Z,12.4,290,AS,8
2020,BMW,Subcompact,4.4,8,Z,11.7,273,AS,8
2020,BMW,Mid-size,4.4,8,Z,12.4,290,AS,8
2020,BMW,Sport utility vehicle: Small,2.0,4,Z,9.1,213,AS,8
2020,BMW,Sport utility vehicle: Small,2.0,4,Z,8.8,207,AS,8
2020,BMW,Sport utility vehicle: Small,2.0,4,Z,9.0,210,AS,8
2020,BMW,Sport utility vehicle: Small,2.0,4,Z,9.2,215,AS,8
2020,BMW,Sport utility vehicle: Small,3.0,6,Z,14.6,339,AS,8
2020,BMW,Sport utility vehicle: Small,3.0,6,Z,14.6,339,AS,8
2020,BMW,Sport utility vehicle: Small,3.0,6,Z,10.1,235,AS,8
2020,BMW,Sport utility vehicle: Small,2.0,4,Z,9.2,215,AS,8
2020,BMW,Sport utility vehicle: Small,3.0,6,Z,14.6,339,AS,8
2020,BMW,Sport utility vehicle: Small,3.0,6,Z,14.6,339,AS,8
2020,BMW,Sport utility vehicle: Small,3.0,6,Z,10.1,235,AS,8
2020,BMW,Sport utility vehicle: Standard,3.0,6,Z,10.5,245,AS,8
2020,BMW,Sport utility vehicle: Standard,4.4,8,Z,12.8,302,AS,8
2020,BMW,Sport utility vehicle: Standard,4.4,8,Z,15.6,362,AS,8
2020,BMW,Sport utility vehicle: Standard,4.4,8,Z,15.6,362,AS,8
2020,BMW,Sport utility vehicle: Standard,4.4,8,Z,12.8,302,AS,8
2020,BMW,Sport utility vehicle: Standard,3.0,6,Z,10.5,245,AS,8
2020,BMW,Sport utility vehicle: Standard,4.4,8,Z,15.6,362,AS,8
2020,BMW,Sport utility vehicle: Standard,4.4,8,Z,15.6,362,AS,8
2020,BMW,Sport utility vehicle: Standard,4.4,8,Z,12.8,302,AS,8
2020,BMW,Sport utility vehicle: Standard,3.0,6,Z,10.8,254,AS,8
2020,BMW,Sport utility vehicle: Standard,4.4,8,Z,13.6,318,AS,8
2020,BMW,Sport utility vehicle: Standard,4.4,8,Z,13.6,318,AS,8
2020,BMW,Two-seater,2.0,4,Z,8.5,200,AS,8
2020,BMW,Two-seater,3.0,6,Z,9.3,216,AS,8
2020,Bugatti,Two-seater,8.0,16,Z,22.2,522,AM,7
2020,Bugatti,Two-seater,8.0,16,Z,23.0,537,AM,7
2020,Buick,Sport utility vehicle: Standard,3.6,6,X,11.2,263,A,9
2020,Buick,Sport utility vehicle: Standard,3.6,6,X,11.8,277,A,9
2020,Buick,Sport utility vehicle: Small,1.4,4,X,8.7,204,AS,6
2020,Buick,Sport utility vehicle: Small,1.4,4,X,9.1,214,AS,6
2020,Buick,Sport utility vehicle: Small,1.2,3,X,8.4,198,AV,0
2020,Buick,Sport utility vehicle: Small,1.3,3,X,8.5,199,A,9
2020,Buick,Sport utility vehicle: Small,2.0,4,Z,10.7,250,A,9
2020,Buick,Sport utility vehicle: Small,2.5,4,X,10.0,234,A,6
2020,Buick,Mid-size,2.0,4,Z,9.0,211,AS,9
2020,Buick,Mid-size,2.0,4,Z,9.6,227,AS,8
2020,Buick,Mid-size,3.6,6,X,10.9,255,AS,9
2020,Cadillac,Compact,2.0,4,Z,8.7,203,AS,8
2020,Cadillac,Compact,2.7,4,Z,9.9,232,AS,10
2020,Cadillac,Compact,2.0,4,Z,9.1,213,AS,8
2020,Cadillac,Compact,2.7,4,Z,10.2,238,AS,10
2020,Cadillac,Compact,2.7,4,Z,10.0,234,AS,10
2020,Cadillac,Compact,2.7,4,Z,10.2,238,AS,10
2020,Cadillac,Mid-size,2.0,4,Z,9.0,209,AS,10
2020,Cadillac,Mid-size,3.0,6,Z,11.0,256,AS,10
2020,Cadillac,Mid-size,2.0,4,Z,9.5,221,AS,10
2020,Cadillac,Mid-size,3.0,6,Z,11.5,268,AS,10
2020,Cadillac,Mid-size,3.0,6,Z,11.3,263,AS,10
2020,Cadillac,Mid-size,3.0,6,Z,11.8,276,AS,10
2020,Cadillac,Full-size,3.6,6,X,11.0,259,AS,10
2020,Cadillac,Full-size,4.2,8,Z,13.8,324,AS,10
2020,Cadillac,Sport utility vehicle: Standard,6.2,8,Z,14.2,333,A,10
2020,Cadillac,Sport utility vehicle: Small,2.0,4,Z,8.9,209,AS,9
2020,Cadillac,Sport utility vehicle: Small,2.0,4,Z,9.7,227,AS,9
2020,Cadillac,Sport utility vehicle: Small,2.0,4,Z,9.8,227,AS,9
2020,Cadillac,Sport utility vehicle: Small,2.0,4,Z,10.1,235,AS,9
2020,Cadillac,Sport utility vehicle: Small,3.6,6,X,11.6,270,AS,9
2020,Cadillac,Sport utility vehicle: Small,3.6,6,X,11.8,277,AS,9
2020,Chevrolet,Sport utility vehicle: Small,2.0,4,X,9.8,225,A,9
2020,Chevrolet,Sport utility vehicle: Small,2.5,4,X,10.2,238,A,9
2020,Chevrolet,Sport utility vehicle: Small,2.0,4,X,10.1,232,A,9
2020,Chevrolet,Sport utility vehicle: Small,3.6,6,X,11.4,269,A,9
2020,Chevrolet,Subcompact,2.0,4,Z,9.4,219,AS,8
2020,Chevrolet,Subcompact,2.0,4,Z,10.1,235,M,6
2020,Chevrolet,Subcompact,3.6,6,X,10.5,247,AS,10
2020,Chevrolet,Subcompact,3.6,6,X,11.9,280,M,6
2020,Chevrolet,Subcompact,6.2,8,Z,12.1,282,AS,10
2020,Chevrolet,Subcompact,6.2,8,Z,12.6,296,M,6
2020,Chevrolet,Subcompact,6.2,8,Z,15.1,355,AS,10
2020,Chevrolet,Subcompact,6.2,8,Z,14.8,349,M,6
2020,Chevrolet,Pickup truck: Small,2.5,4,X,10.8,252,A,6
2020,Chevrolet,Pickup truck: Small,2.8,4,D,10.1,270,A,6
2020,Chevrolet,Pickup truck: Small,3.6,6,X,11.7,273,A,8
2020,Chevrolet,Pickup truck: Small,2.5,4,X,11.3,265,A,6
2020,Chevrolet,Pickup truck: Small,2.8,4,D,10.6,284,A,6
2020,Chevrolet,Pickup truck: Small,3.6,6,X,12.2,286,A,8
2020,Chevrolet,Pickup truck: Small,2.8,4,D,12.1,326,A,6
2020,Chevrolet,Pickup truck: Small,3.6,6,X,14.1,331,A,8
2020,Chevrolet,Two-seater,6.2,8,Z,12.4,290,AS,8
2020,Chevrolet,Sport utility vehicle: Small,1.5,4,X,8.4,196,A,6
2020,Chevrolet,Sport utility vehicle: Small,1.5,4,X,8.7,204,A,6
2020,Chevrolet,Sport utility vehicle: Small,2.0,4,Z,9.7,228,A,9
2020,Chevrolet,Full-size,3.6,6,X,10.9,255,AS,6
2020,Chevrolet,Full-size,3.6,6,E,14.7,246,AS,6
2020,Chevrolet,Mid-size,1.5,4,X,7.5,189,AV,0
2020,Chevrolet,Mid-size,2.0,4,Z,9.1,214,A,9
2020,Chevrolet,Pickup truck: Standard,2.7,4,X,11.1,262,A,8
2020,Chevrolet,Pickup truck: Standard,2.7,4,X,11.7,275,A,8
2020,Chevrolet,Pickup truck: Standard,3.0,6,D,8.9,238,A,10
2020,Chevrolet,Pickup truck: Standard,4.3,6,X,13.5,318,A,6
2020,Chevrolet,Pickup truck: Standard,5.3,8,X,13.9,326,A,6
2020,Chevrolet,Pickup truck: Standard,5.3,8,X,14.4,339,A,6
2020,Chevrolet,Pickup truck: Standard,5.3,8,E,19.5,326,A,6
2020,Chevrolet,Pickup truck: Standard,5.3,8,X,12.2,286,A,8
2020,Chevrolet,Pickup truck: Standard,2.7,4,X,11.7,275,A,8
2020,Chevrolet,Pickup truck: Standard,2.7,4,X,12.0,280,A,8
2020,Chevrolet,Pickup truck: Standard,3.0,6,D,9.4,252,A,10
2020,Chevrolet,Pickup truck: Standard,4.3,6,X,14.1,331,A,6
2020,Chevrolet,Pickup truck: Standard,4.3,6,X,14.8,349,A,6
2020,Chevrolet,Pickup truck: Standard,5.3,8,X,14.1,331,A,6
2020,Chevrolet,Pickup truck: Standard,5.3,8,X,15.0,350,A,6
2020,Chevrolet,Pickup truck: Standard,5.3,8,E,20.5,342,A,6
2020,Chevrolet,Pickup truck: Standard,5.3,8,X,15.1,354,A,6
2020,Chevrolet,Pickup truck: Standard,5.3,8,X,12.9,303,A,8
2020,Chevrolet,Pickup truck: Standard,5.3,8,X,12.6,296,A,10
2020,Chevrolet,Pickup truck: Standard,5.3,8,X,13.1,307,A,10
2020,Chevrolet,Pickup truck: Standard,6.2,8,Z,13.7,321,A,10
2020,Chevrolet,Pickup truck: Standard,6.2,8,Z,15.2,357,A,10
2020,Chevrolet,Pickup truck: Standard,6.2,8,Z,14.2,332,A,10
2020,Chevrolet,Subcompact,1.4,4,X,7.1,167,AV,0
2020,Chevrolet,Subcompact,1.4,4,X,7.2,170,M,5
2020,Chevrolet,Sport utility vehicle: Standard,5.3,8,X,13.4,314,A,6
2020,Chevrolet,Sport utility vehicle: Standard,5.3,8,X,13.4,314,A,6
2020,Chevrolet,Sport utility vehicle: Standard,5.3,8,E,17.9,298,A,6
2020,Chevrolet,Sport utility vehicle: Standard,5.3,8,X,14.4,337,A,6
2020,Chevrolet,Sport utility vehicle: Standard,5.3,8,X,14.4,337,A,6
2020,Chevrolet,Sport utility vehicle: Standard,5.3,8,E,19.1,319,A,6
2020,Chevrolet,Sport utility vehicle: Standard,6.2,8,Z,14.6,343,A,10
2020,Chevrolet,Sport utility vehicle: Standard,5.3,8,X,13.4,314,A,6
2020,Chevrolet,Sport utility vehicle: Standard,5.3,8,X,13.4,314,A,6
2020,Chevrolet,Sport utility vehicle: Standard,5.3,8,E,17.9,298,A,6
2020,Chevrolet,Sport utility vehicle: Standard,5.3,8,X,13.8,325,A,6
2020,Chevrolet,Sport utility vehicle: Standard,5.3,8,X,13.8,325,A,6
2020,Chevrolet,Sport utility vehicle: Standard,5.3,8,E,18.4,305,A,6
2020,Chevrolet,Sport utility vehicle: Standard,6.2,8,Z,13.9,327,A,10
2020,Chevrolet,Sport utility vehicle: Standard,3.6,6,X,11.1,261,A,9
2020,Chevrolet,Sport utility vehicle: Standard,3.6,6,X,11.8,276,A,9
2020,Chevrolet,Sport utility vehicle: Small,1.4,4,X,8.4,196,AS,6
2020,Chevrolet,Sport utility vehicle: Small,1.4,4,X,9.1,214,AS,6
2020,Chrysler,Full-size,3.6,6,X,10.3,242,A,8
2020,Chrysler,Full-size,5.7,8,X,12.3,289,A,8
2020,Chrysler,Full-size,3.6,6,X,11.0,258,A,8
2020,Chrysler,Minivan,3.6,6,X,10.6,249,A,9
2020,Chrysler,Minivan,3.6,6,X,11.8,276,A,9
2020,Chrysler,Minivan,3.6,6,X,10.6,249,A,9
2020,Dodge,Mid-size,3.6,6,X,10.3,242,A,8
2020,Dodge,Mid-size,5.7,8,X,12.3,289,A,8
2020,Dodge,Mid-size,5.7,8,Z,13.1,307,M,6
2020,Dodge,Mid-size,6.4,8,Z,13.0,305,A,8
2020,Dodge,Mid-size,6.4,8,Z,13.9,325,M,6
2020,Dodge,Mid-size,3.6,6,X,11.0,258,A,8
2020,Dodge,Mid-size,6.4,8,Z,13.0,305,A,8
2020,Dodge,Mid-size,6.4,8,Z,13.9,325,M,6
2020,Dodge,Mid-size,6.2,8,Z,14.5,339,A,8
2020,Dodge,Mid-size,6.2,8,Z,15.1,352,M,6
2020,Dodge,Mid-size,6.2,8,Z,15.3,358,A,8
2020,Dodge,Mid-size,6.2,8,Z,15.1,352,M,6
2020,Dodge,Full-size,3.6,6,X,11.6,271,A,5
2020,Dodge,Full-size,3.6,6,X,10.3,242,A,8
2020,Dodge,Full-size,5.7,8,X,12.3,289,A,8
2020,Dodge,Full-size,6.4,8,Z,13.0,305,A,8
2020,Dodge,Full-size,3.6,6,X,11.0,258,A,8
2020,Dodge,Full-size,6.4,8,Z,13.0,305,A,8
2020,Dodge,Full-size,6.2,8,Z,15.6,368,A,8
2020,Dodge,Sport utility vehicle: Standard,3.6,6,X,11.3,265,A,8
2020,Dodge,Sport utility vehicle: Standard,5.7,8,X,14.1,331,A,8
2020,Dodge,Sport utility vehicle: Standard,6.4,8,Z,15.6,363,A,8
2020,Dodge,Minivan,3.6,6,X,11.8,276,A,6
2020,Dodge,Sport utility vehicle: Small,2.4,4,X,11.1,261,A,4
2020,FIAT,Two-seater,1.4,4,X,8.0,187,A,6
2020,FIAT,Two-seater,1.4,4,X,7.9,185,M,6
2020,FIAT,Station wagon: Small,1.4,4,X,9.4,221,A,6
2020,FIAT,Sport utility vehicle: Small,1.3,4,X,9.1,213,A,9
2020,Ford,Sport utility vehicle: Small,1.0,3,X,8.4,197,AS,6
2020,Ford,Sport utility vehicle: Small,2.0,4,X,9.2,216,AS,6
2020,Ford,Sport utility vehicle: Small,2.0,4,X,9.8,229,A,8
2020,Ford,Sport utility vehicle: Small,2.0,4,X,10.0,233,A,8
2020,Ford,Sport utility vehicle: Small,2.0,4,X,10.0,233,AS,8
2020,Ford,Sport utility vehicle: Small,2.7,6,X,11.0,258,AS,8
2020,Ford,Sport utility vehicle: Small,1.5,3,X,7.9,185,A,8
2020,Ford,Sport utility vehicle: Small,1.5,3,X,8.3,196,A,8
2020,Ford,Sport utility vehicle: Small,2.0,4,X,9.1,213,AS,8
2020,Ford,Sport utility vehicle: Small,2.5,4,X,5.8,136,AV,0
2020,Ford,Sport utility vehicle: Small,2.5,4,X,5.9,139,AV,0
2020,Ford,Sport utility vehicle: Standard,3.5,6,X,12.5,294,AS,10
2020,Ford,Sport utility vehicle: Standard,3.5,6,X,13.1,308,AS,10
2020,Ford,Sport utility vehicle: Standard,2.3,4,X,10.3,241,AS,10
2020,Ford,Sport utility vehicle: Standard,3.0,6,X,11.8,278,AS,10
2020,Ford,Sport utility vehicle: Standard,3.3,6,X,9.6,225,AS,10
2020,Ford,Pickup truck: Standard,2.7,6,X,10.6,249,AS,10
2020,Ford,Pickup truck: Standard,3.0,6,D,9.8,264,AS,10
2020,Ford,Pickup truck: Standard,3.0,6,D,9.8,264,AS,10
2020,Ford,Pickup truck: Standard,3.3,6,X,10.8,254,AS,6
2020,Ford,Pickup truck: Standard,3.3,6,E,14.8,245,AS,6
2020,Ford,Pickup truck: Standard,3.5,6,X,12.7,298,AS,10
2020,Ford,Pickup truck: Standard,5.0,8,X,12.6,297,AS,10
2020,Ford,Pickup truck: Standard,5.0,8,E,17.6,293,AS,10
2020,Ford,Pickup truck: Standard,5.0,8,X,13.0,305,AS,10
2020,Ford,Pickup truck: Standard,5.0,8,E,17.7,294,AS,10
2020,Ford,Pickup truck: Standard,5.0,8,X,13.6,319,AS,10
2020,Ford,Pickup truck: Standard,5.0,8,E,18.0,300,AS,10
2020,Ford,Pickup truck: Standard,2.7,6,X,11.8,277,AS,10
2020,Ford,Pickup truck: Standard,3.0,6,D,10.8,290,AS,10
2020,Ford,Pickup truck: Standard,3.0,6,D,10.0,270,AS,10
2020,Ford,Pickup truck: Standard,3.3,6,X,11.7,274,AS,6
2020,Ford,Pickup truck: Standard,3.3,6,E,15.9,265,AS,6
2020,Ford,Pickup truck: Standard,3.5,6,X,13.0,304,AS,10
2020,Ford,Pickup truck: Standard,3.5,6,X,12.6,296,AS,10
2020,Ford,Pickup truck: Standard,5.0,8,X,13.5,317,AS,10
2020,Ford,Pickup truck: Standard,5.0,8,E,17.8,296,AS,10
2020,Ford,Pickup truck: Standard,3.5,6,X,14.3,336,AS,10
2020,Ford,Mid-size,1.5,4,X,8.7,203,AS,6
2020,Ford,Mid-size,2.0,4,X,5.6,131,AV,0
2020,Ford,Two-seater,3.5,6,Z,16.6,393,AM,7
2020,Ford,Subcompact,2.3,4,X,9.4,221,AS,10
2020,Ford,Subcompact,2.3,4,X,10.3,242,AS,10
2020,Ford,Subcompact,2.3,4,X,9.7,226,M,6
2020,Ford,Subcompact,2.3,4,X,10.4,244,M,6
2020,Ford,Subcompact,5.0,8,X,12.3,289,AS,10
2020,Ford,Subcompact,5.0,8,X,13.3,312,M,6
2020,Ford,Subcompact,5.0,8,X,13.6,319,M,6
2020,Ford,Subcompact,2.3,4,X,10.3,242,AS,10
2020,Ford,Subcompact,2.3,4,X,10.4,244,AS,10
2020,Ford,Subcompact,2.3,4,X,10.3,240,M,6
2020,Ford,Subcompact,2.3,4,X,10.7,252,M,6
2020,Ford,Subcompact,5.0,8,X,12.9,303,AS,10
2020,Ford,Pickup truck: Standard,2.3,4,X,10.9,256,AS,10
2020,Ford,Subcompact,5.2,8,Z,14.5,342,M,6
2020,Ford,Subcompact,5.2,8,Z,16.7,392,AM,7
2020,Ford,Van: Passenger,3.5,6,X,14.5,340,AS,10
2020,Ford,Van: Passenger,3.5,6,E,19.1,316,AS,10
2020,Ford,Van: Passenger,3.5,6,X,15.0,352,AS,10
2020,Ford,Van: Passenger,3.5,6,E,19.8,328,AS,10
2020,Ford,Special purpose vehicle,2.0,4,X,9.3,219,AS,8
2020,Ford,Special purpose vehicle,2.0,4,E,12.6,209,AS,8
2020,Ford,Special purpose vehicle,2.0,4,X,9.3,219,AS,8
2020,Ford,Special purpose vehicle,2.5,4,X,10.6,247,AS,6
2020,Ford,Special purpose vehicle,2.0,4,X,9.2,214,AS,8
2020,Ford,Special purpose vehicle,2.0,4,X,9.2,214,AS,8
2020,Ford,Special purpose vehicle,2.0,4,E,12.5,208,AS,8
2020,Ford,Special purpose vehicle,2.5,4,X,10.7,251,AS,6
2020,Genesis,Compact,2.0,4,Z,10.9,255,M,6
2020,Genesis,Compact,2.0,4,Z,10.2,238,AS,8
2020,Genesis,Compact,3.3,6,Z,12.0,284,AS,8
2020,Genesis,Full-size,3.3,6,Z,11.9,282,AS,8
2020,Genesis,Full-size,3.8,6,X,11.7,276,AS,8
2020,Genesis,Full-size,5.0,8,Z,13.2,312,AS,8
2020,Genesis,Full-size,3.3,6,Z,11.8,280,AS,8
2020,Genesis,Full-size,5.0,8,Z,13.1,311,AS,8
2020,GMC,Sport utility vehicle: Standard,2.0,4,X,9.8,225,A,9
2020,GMC,Sport utility vehicle: Standard,2.5,4,X,10.2,238,A,9
2020,GMC,Sport utility vehicle: Standard,3.6,6,X,10.9,257,A,9
2020,GMC,Sport utility vehicle: Standard,2.0,4,X,10.1,232,A,9
2020,GMC,Sport utility vehicle: Standard,3.6,6,X,11.4,269,A,9
2020,GMC,Pickup truck: Small,2.5,4,X,10.8,252,A,6
2020,GMC,Pickup truck: Small,2.8,4,D,10.1,270,A,6
2020,GMC,Pickup truck: Small,3.6,6,X,11.7,273,A,8
2020,GMC,Pickup truck: Small,2.5,4,X,11.3,265,A,6
2020,GMC,Pickup truck: Small,2.8,4,D,10.6,284,A,6
2020,GMC,Pickup truck: Small,3.6,6,X,12.2,286,A,8
2020,GMC,Pickup truck: Standard,2.7,4,X,11.1,262,A,8
2020,GMC,Pickup truck: Standard,2.7,4,X,11.7,275,A,8
2020,GMC,Pickup truck: Standard,3.0,6,D,9.1,245,A,10
2020,GMC,Pickup truck: Standard,4.3,6,X,13.5,318,A,6
2020,GMC,Pickup truck: Standard,5.3,8,X,13.9,326,A,6
2020,GMC,Pickup truck: Standard,5.3,8,X,14.4,339,A,6
2020,GMC,Pickup truck: Standard,5.3,8,E,19.5,326,A,6
2020,GMC,Pickup truck: Standard,5.3,8,X,12.2,288,A,8
2020,GMC,Pickup truck: Standard,2.7,4,X,11.7,275,A,8
2020,GMC,Pickup truck: Standard,2.7,4,X,12.0,280,A,8
2020,GMC,Pickup truck: Standard,3.0,6,D,9.9,265,A,10
2020,GMC,Pickup truck: Standard,3.0,6,D,9.9,265,A,10
2020,GMC,Pickup truck: Standard,4.3,6,X,14.1,331,A,6
2020,GMC,Pickup truck: Standard,5.3,8,X,14.1,331,A,6
2020,GMC,Pickup truck: Standard,5.3,8,X,14.7,344,A,6
2020,GMC,Pickup truck: Standard,5.3,8,E,19.5,325,A,6
2020,GMC,Pickup truck: Standard,5.3,8,X,15.1,354,A,6
2020,GMC,Pickup truck: Standard,5.3,8,X,13.0,304,A,8
2020,GMC,Pickup truck: Standard,5.3,8,X,13.4,314,A,8
2020,GMC,Pickup truck: Standard,5.3,8,X,12.7,298,A,10
2020,GMC,Pickup truck: Standard,5.3,8,X,13.1,307,A,10
2020,GMC,Pickup truck: Standard,6.2,8,Z,13.9,326,A,10
2020,GMC,Pickup truck: Standard,6.2,8,Z,14.2,332,A,10
2020,GMC,Sport utility vehicle: Small,1.5,4,X,8.6,202,A,9
2020,GMC,Sport utility vehicle: Small,1.5,4,X,9.0,210,A,9
2020,GMC,Sport utility vehicle: Small,2.0,4,Z,10.2,239,A,9
2020,GMC,Sport utility vehicle: Standard,5.3,8,X,13.4,314,A,6
2020,GMC,Sport utility vehicle: Standard,5.3,8,X,13.4,314,A,6
2020,GMC,Sport utility vehicle: Standard,5.3,8,E,17.9,298,A,6
2020,GMC,Sport utility vehicle: Standard,5.3,8,X,13.8,325,A,6
2020,GMC,Sport utility vehicle: Standard,5.3,8,X,13.8,325,A,6
2020,GMC,Sport utility vehicle: Standard,5.3,8,E,18.4,305,A,6
2020,GMC,Sport utility vehicle: Standard,6.2,8,Z,13.9,327,A,10
2020,GMC,Sport utility vehicle: Standard,5.3,8,X,13.4,314,A,6
2020,GMC,Sport utility vehicle: Standard,5.3,8,X,13.4,314,A,6
2020,GMC,Sport utility vehicle: Standard,5.3,8,E,17.9,298,A,6
2020,GMC,Sport utility vehicle: Standard,5.3,8,X,14.4,337,A,6
2020,GMC,Sport utility vehicle: Standard,5.3,8,X,14.4,337,A,6
2020,GMC,Sport utility vehicle: Standard,5.3,8,E,19.1,319,A,6
2020,GMC,Sport utility vehicle: Standard,6.2,8,Z,14.6,343,A,10
2020,Honda,Full-size,1.5,4,X,7.2,170,AV,0
2020,Honda,Full-size,1.5,4,X,7.6,177,AV,7
2020,Honda,Full-size,1.5,4,X,7.9,185,M,6
2020,Honda,Full-size,2.0,4,X,9.2,214,M,6
2020,Honda,Mid-size,2.0,4,X,9.1,211,AS,10
2020,Honda,Full-size,2.0,4,X,5.0,117,AV,0
2020,Honda,Compact,1.5,4,X,7.2,167,AV,7
2020,Honda,Compact,2.0,4,X,7.1,164,AV,0
2020,Honda,Compact,2.0,4,X,7.5,176,AV,7
2020,Honda,Compact,2.0,4,X,8.1,189,M,6
2020,Honda,Compact,1.5,4,Z,7.8,183,M,6
2020,Honda,Full-size,1.5,4,X,6.9,162,AV,0
2020,Honda,Full-size,1.5,4,X,7.2,167,M,6
2020,Honda,Full-size,1.5,4,Z,7.4,172,AV,7
2020,Honda,Full-size,1.5,4,Z,7.2,167,M,6
2020,Honda,Mid-size,1.5,4,X,7.1,165,AV,7
2020,Honda,Mid-size,2.0,4,X,7.1,167,AV,0
2020,Honda,Mid-size,2.0,4,X,7.4,172,AV,7
2020,Honda,Mid-size,2.0,4,X,8.0,186,M,6
2020,Honda,Mid-size,1.5,4,Z,7.8,183,M,6
2020,Honda,Full-size,2.0,4,Z,9.6,223,M,6
2020,Honda,Sport utility vehicle: Small,1.5,4,X,7.7,180,AV,0
2020,Honda,Sport utility vehicle: Small,1.5,4,X,8.1,189,AV,0
2020,Honda,Station wagon: Small,1.5,4,X,6.5,151,AV,0
2020,Honda,Station wagon: Small,1.5,4,X,7.0,166,AV,7
2020,Honda,Station wagon: Small,1.5,4,X,7.4,174,M,6
2020,Honda,Station wagon: Small,1.8,4,X,7.8,181,AV,0
2020,Honda,Station wagon: Small,1.8,4,X,8.2,193,AV,0
2020,Honda,Station wagon: Small,1.8,4,X,8.5,200,AV,7
2020,Honda,Mid-size,1.5,4,X,4.9,115,AV,0
2020,Honda,Minivan,3.5,6,X,10.6,248,AS,10
2020,Honda,Sport utility vehicle: Small,3.5,6,X,11.3,265,AS,9
2020,Honda,Sport utility vehicle: Small,3.5,6,X,11.3,266,A,6
2020,Honda,Sport utility vehicle: Small,3.5,6,X,11.0,257,AS,9
2020,Honda,Pickup truck: Standard,3.5,6,X,11.4,269,AS,9
2020,Hyundai,Compact,1.6,4,X,6.7,160,AV,0
2020,Hyundai,Compact,1.6,4,X,7.0,168,M,6
2020,Hyundai,Mid-size,1.6,4,X,8.1,192,AM,7
2020,Hyundai,Mid-size,1.6,4,X,9.0,214,M,6
2020,Hyundai,Mid-size,2.0,4,X,6.8,161,AV,0
2020,Hyundai,Mid-size,2.0,4,X,7.9,187,M,6
2020,Hyundai,Full-size,1.6,4,X,8.6,205,AM,7
2020,Hyundai,Full-size,1.6,4,X,9.2,218,M,6
2020,Hyundai,Full-size,2.0,4,X,8.4,199,AS,6
2020,Hyundai,Full-size,2.0,4,X,8.7,207,M,6
2020,Hyundai,Full-size,1.6,4,X,4.2,99,AM,6
2020,Hyundai,Full-size,1.6,4,X,4.1,96,AM,6
2020,Hyundai,Sport utility vehicle: Small,2.0,4,X,7.9,187,AS,6
2020,Hyundai,Sport utility vehicle: Small,1.6,4,X,8.6,201,AM,7
2020,Hyundai,Sport utility vehicle: Small,2.0,4,X,8.6,202,AS,6
2020,Hyundai,Sport utility vehicle: Standard,3.8,6,X,10.5,250,AS,8
2020,Hyundai,Sport utility vehicle: Standard,3.8,6,X,11.1,265,AS,8
2020,Hyundai,Sport utility vehicle: Small,2.4,4,X,9.6,225,AS,8
2020,Hyundai,Sport utility vehicle: Small,2.0,4,X,10.7,255,AS,8
2020,Hyundai,Sport utility vehicle: Small,2.4,4,X,10.1,238,AS,8
2020,Hyundai,Full-size,1.6,4,X,7.7,181,AS,8
2020,Hyundai,Full-size,2.5,4,X,7.7,182,AS,8
2020,Hyundai,Full-size,2.0,4,X,5.0,117,AM,6
2020,Hyundai,Sport utility vehicle: Small,2.0,4,X,9.1,216,AS,6
2020,Hyundai,Sport utility vehicle: Small,2.0,4,X,10.1,239,AS,6
2020,Hyundai,Sport utility vehicle: Small,2.4,4,X,10.1,241,AS,6
2020,Hyundai,Compact,1.6,4,X,7.8,184,AM,7
2020,Hyundai,Compact,1.6,4,X,8.3,196,M,6
2020,Hyundai,Compact,2.0,4,X,8.2,193,AS,6
2020,Hyundai,Compact,2.0,4,Z,9.5,226,M,6
2020,Hyundai,Mid-size,1.6,4,X,7.5,178,AV,0
2020,Hyundai,Mid-size,1.6,4,X,7.8,184,M,6
2020,Infiniti,Mid-size,3.0,6,Z,10.8,254,AS,7
2020,Infiniti,Mid-size,3.0,6,Z,11.1,261,AS,7
2020,Infiniti,Subcompact,3.0,6,Z,10.7,251,AS,7
2020,Infiniti,Subcompact,3.0,6,Z,11.0,259,AS,7
2020,Infiniti,Sport utility vehicle: Small,2.0,4,Z,9.7,228,AV,8
2020,Infiniti,Sport utility vehicle: Small,3.5,6,Z,10.9,257,AV,7
2020,Infiniti,Sport utility vehicle: Standard,5.6,8,Z,15.3,360,AS,7
2020,Jaguar,Sport utility vehicle: Small,2.0,4,Z,9.8,231,AS,9
2020,Jaguar,Sport utility vehicle: Small,2.0,4,Z,10.1,236,AS,9
2020,Jaguar,Sport utility vehicle: Small,2.0,4,Z,9.9,227,AS,8
2020,Jaguar,Sport utility vehicle: Small,2.0,4,Z,9.9,232,AS,8
2020,Jaguar,Sport utility vehicle: Small,3.0,6,Z,11.8,277,AS,8
2020,Jaguar,Sport utility vehicle: Small,5.0,8,Z,12.9,303,AS,8
2020,Jaguar,Two-seater,2.0,4,Z,9.2,215,AS,8
2020,Jaguar,Two-seater,3.0,6,Z,10.4,242,AS,8
2020,Jaguar,Two-seater,3.0,6,Z,10.8,253,AS,8
2020,Jaguar,Two-seater,3.0,6,Z,11.3,265,AS,8
2020,Jaguar,Two-seater,5.0,8,Z,12.7,299,AS,8
2020,Jaguar,Two-seater,5.0,8,Z,12.7,299,AS,8
2020,Jaguar,Two-seater,2.0,4,Z,9.2,215,AS,8
2020,Jaguar,Two-seater,3.0,6,Z,10.4,242,AS,8
2020,Jaguar,Two-seater,3.0,6,Z,10.8,253,AS,8
2020,Jaguar,Two-seater,3.0,6,Z,11.3,265,AS,8
2020,Jaguar,Two-seater,5.0,8,Z,12.7,299,AS,8
2020,Jaguar,Two-seater,5.0,8,Z,12.7,299,AS,8
2020,Jaguar,Compact,2.0,4,Z,8.3,194,AS,8
2020,Jaguar,Compact,2.0,4,Z,8.5,200,AS,8
2020,Jaguar,Compact,2.0,4,Z,9.4,220,AS,8
2020,Jaguar,Mid-size,2.0,4,Z,8.3,194,AS,8
2020,Jaguar,Mid-size,2.0,4,Z,8.8,207,AS,8
2020,Jaguar,Mid-size,2.0,4,Z,8.9,208,AS,8
2020,Jaguar,Mid-size,2.0,4,Z,9.2,217,AS,8
2020,Jaguar,Mid-size,3.0,6,Z,10.4,243,AS,8
2020,Jeep,Sport utility vehicle: Small,2.0,4,X,9.1,214,A,9
2020,Jeep,Sport utility vehicle: Small,2.4,4,X,9.3,219,A,9
2020,Jeep,Sport utility vehicle: Small,3.2,6,X,10.2,240,A,9
2020,Jeep,Sport utility vehicle: Small,2.0,4,X,9.8,229,A,9
2020,Jeep,Sport utility vehicle: Small,2.4,4,X,9.8,230,A,9
2020,Jeep,Sport utility vehicle: Small,3.2,6,X,10.6,249,A,9
2020,Jeep,Sport utility vehicle: Small,2.0,4,X,10.2,240,A,9
2020,Jeep,Sport utility vehicle: Small,3.2,6,X,11.1,259,A,9
2020,Jeep,Sport utility vehicle: Small,2.0,4,X,10.6,249,A,9
2020,Jeep,Sport utility vehicle: Small,3.2,6,X,11.6,269,A,9
2020,Jeep,Sport utility vehicle: Small,2.4,4,X,9.3,218,A,6
2020,Jeep,Sport utility vehicle: Small,2.4,4,X,9.0,211,M,6
2020,Jeep,Sport utility vehicle: Small,2.4,4,X,9.5,222,A,9
2020,Jeep,Sport utility vehicle: Small,2.4,4,X,9.4,221,M,6
2020,Jeep,Pickup truck: Standard,3.6,6,X,12.3,290,A,8
2020,Jeep,Pickup truck: Standard,3.6,6,X,12.6,296,M,6
2020,Jeep,Sport utility vehicle: Standard,3.6,6,X,11.3,265,A,8
2020,Jeep,Sport utility vehicle: Standard,5.7,8,X,14.1,331,A,8
2020,Jeep,Sport utility vehicle: Standard,6.4,8,Z,15.7,368,A,8
2020,Jeep,Sport utility vehicle: Standard,6.2,8,Z,17.7,413,A,8
2020,Jeep,Sport utility vehicle: Small,1.3,4,X,8.7,204,A,9
2020,Jeep,Sport utility vehicle: Small,2.4,4,X,9.5,222,A,9
2020,Jeep,Sport utility vehicle: Small,1.3,4,X,9.2,216,A,9
2020,Jeep,Sport utility vehicle: Small,1.3,4,X,9.9,230,A,9
2020,Jeep,Sport utility vehicle: Small,2.4,4,X,9.8,230,A,9
2020,Jeep,Sport utility vehicle: Small,2.0,4,X,10.3,241,A,8
2020,Jeep,Sport utility vehicle: Small,3.6,6,X,11.8,274,A,8
2020,Jeep,Sport utility vehicle: Small,3.6,6,X,11.0,259,A,8
2020,Jeep,Sport utility vehicle: Small,3.6,6,X,11.8,277,M,6
2020,Jeep,Sport utility vehicle: Small,2.0,4,X,11.2,263,A,8
2020,Jeep,Sport utility vehicle: Small,2.0,4,X,10.9,257,A,8
2020,Jeep,Sport utility vehicle: Small,3.0,6,D,9.5,255,A,8
2020,Jeep,Sport utility vehicle: Small,3.6,6,X,11.9,280,A,8
2020,Jeep,Sport utility vehicle: Small,3.6,6,X,11.8,276,A,8
2020,Jeep,Sport utility vehicle: Small,3.6,6,X,12.2,285,M,6
2020,Kia,Mid-size,1.6,4,X,7.8,184,AM,7
2020,Kia,Mid-size,2.0,4,X,7.0,165,AV,0
2020,Kia,Mid-size,2.0,4,X,7.6,180,M,6
2020,Kia,Full-size,1.6,4,X,8.0,190,AM,7
2020,Kia,Full-size,2.0,4,X,7.1,169,AV,0
2020,Kia,Station wagon: Small,1.6,4,X,4.8,114,AM,6
2020,Kia,Station wagon: Small,1.6,4,X,4.7,110,AM,6
2020,Kia,Station wagon: Small,1.6,4,X,5.4,129,AM,6
2020,Kia,Full-size,2.4,4,X,8.4,199,AS,6
2020,Kia,Mid-size,2.0,4,X,5.6,132,AM,6
2020,Kia,Compact,1.6,4,X,6.6,151,AV,0
2020,Kia,Compact,1.6,4,X,7.0,166,M,6
2020,Kia,Minivan,3.3,6,X,11.5,271,AS,8
2020,Kia,Sport utility vehicle: Small,2.4,4,X,10.2,242,AS,6
2020,Kia,Sport utility vehicle: Small,3.3,6,X,11.1,261,AS,8
2020,Kia,Station wagon: Small,2.0,4,X,7.9,188,AV,0
2020,Kia,Station wagon: Small,2.0,4,X,8.7,206,M,6
2020,Kia,Sport utility vehicle: Small,2.4,4,X,9.0,214,AS,6
2020,Kia,Sport utility vehicle: Small,2.0,4,X,11.0,261,AS,6
2020,Kia,Sport utility vehicle: Small,2.4,4,X,10.0,239,AS,6
2020,Kia,Mid-size,3.3,6,Z,11.8,279,AS,8
2020,Kia,Sport utility vehicle: Small,3.8,6,X,11.2,264,AS,8
2020,Lamborghini,Two-seater,6.5,12,Z,21.4,485,AM,7
2020,Lamborghini,Two-seater,6.5,12,Z,21.7,493,AM,7
2020,Lamborghini,Two-seater,6.5,12,Z,22.9,535,AM,7
2020,Lamborghini,Two-seater,6.5,12,Z,22.9,535,AM,7
2020,Lamborghini,Two-seater,5.2,10,Z,15.7,370,AM,7
2020,Lamborghini,Two-seater,5.2,10,Z,15.7,370,AM,7
2020,Lamborghini,Two-seater,5.2,10,Z,15.7,370,AM,7
2020,Lamborghini,Two-seater,5.2,10,Z,15.7,370,AM,7
2020,Lamborghini,Sport utility vehicle: Standard,4.0,8,Z,16.9,384,AS,8
2020,Land Rover,Sport utility vehicle: Standard,2.0,4,Z,12.3,289,AS,8
2020,Land Rover,Sport utility vehicle: Standard,3.0,6,Z,12.3,287,AS,8
2020,Land Rover,Sport utility vehicle: Standard,2.0,4,Z,13.0,306,AS,8
2020,Land Rover,Sport utility vehicle: Standard,3.0,6,Z,12.3,287,AS,8
2020,Land Rover,Sport utility vehicle: Standard,3.0,6,Z,13.3,311,AS,8
2020,Land Rover,Sport utility vehicle: Standard,3.0,6,D,10.4,279,AS,8
2020,Land Rover,Sport utility vehicle: Small,2.0,4,Z,11.3,266,AS,9
2020,Land Rover,Sport utility vehicle: Small,2.0,4,Z,11.1,262,AS,9
2020,Land Rover,Sport utility vehicle: Standard,3.0,6,Z,11.0,258,AS,8
2020,Land Rover,Sport utility vehicle: Standard,3.0,6,D,9.6,256,AS,8
2020,Land Rover,Sport utility vehicle: Standard,5.0,8,Z,12.9,305,AS,8
2020,Land Rover,Sport utility vehicle: Standard,5.0,8,Z,13.0,305,AS,8
2020,Land Rover,Sport utility vehicle: Standard,5.0,8,Z,15.1,354,AS,8
2020,Land Rover,Sport utility vehicle: Standard,5.0,8,Z,15.5,365,AS,8
2020,Land Rover,Sport utility vehicle: Standard,3.0,6,Z,11.3,264,AS,8
2020,Land Rover,Sport utility vehicle: Standard,3.0,6,D,9.6,256,AS,8
2020,Land Rover,Sport utility vehicle: Standard,5.0,8,Z,12.6,294,AS,8
2020,Land Rover,Sport utility vehicle: Standard,5.0,8,Z,14.3,336,AS,8
2020,Land Rover,Sport utility vehicle: Small,2.0,4,Z,10.4,245,AS,9
2020,Land Rover,Sport utility vehicle: Small,2.0,4,Z,10.3,242,AS,9
2020,Land Rover,Sport utility vehicle: Small,2.0,4,Z,10.2,238,AS,8
2020,Land Rover,Sport utility vehicle: Small,2.0,4,Z,10.6,248,AS,8
2020,Land Rover,Sport utility vehicle: Small,3.0,6,Z,11.6,273,AS,8
2020,Land Rover,Sport utility vehicle: Small,3.0,6,Z,11.6,273,AS,8
2020,Land Rover,Sport utility vehicle: Small,5.0,8,Z,13.5,318,AS,8
2020,Lexus,Mid-size,2.5,4,X,5.3,124,AS,6
2020,Lexus,Mid-size,3.5,6,X,9.1,213,AS,8
2020,Lexus,Mid-size,3.5,6,X,9.4,219,AS,8
2020,Lexus,Mid-size,3.5,6,Z,10.9,254,AS,6
2020,Lexus,Compact,5.0,8,Z,12.5,293,AS,8
2020,Lexus,Sport utility vehicle: Standard,4.6,8,Z,14.5,337,AS,6
2020,Lexus,Compact,2.0,4,Z,9.5,220,AS,8
2020,Lexus,Compact,3.5,6,Z,10.9,254,AS,6
2020,Lexus,Compact,3.5,6,Z,10.9,254,AS,6
2020,Lexus,Subcompact,5.0,8,Z,12.6,294,AS,10
2020,Lexus,Subcompact,3.5,6,Z,8.1,189,AV,10
2020,Lexus,Mid-size,3.4,6,Z,11.1,262,AS,10
2020,Lexus,Mid-size,3.5,6,Z,9.1,214,AV,10
2020,Lexus,Sport utility vehicle: Standard,5.7,8,Z,16.9,395,AS,8
2020,Lexus,Sport utility vehicle: Small,2.0,4,Z,9.7,226,AS,6
2020,Lexus,Sport utility vehicle: Small,2.0,4,Z,9.9,232,AS,6
2020,Lexus,Sport utility vehicle: Small,2.5,4,X,7.5,176,AV,6
2020,Lexus,Subcompact,3.5,6,Z,11.2,262,AS,6
2020,Lexus,Subcompact,3.5,6,Z,11.2,262,AS,6
2020,Lexus,Subcompact,5.0,8,Z,12.2,285,AS,8
2020,Lexus,Sport utility vehicle: Small,3.5,6,X,10.8,252,AS,8
2020,Lexus,Sport utility vehicle: Small,3.5,6,X,11.1,268,AS,8
2020,Lexus,Sport utility vehicle: Standard,3.5,6,Z,7.9,185,AV,6
2020,Lexus,Sport utility vehicle: Standard,3.5,6,Z,8.1,190,AV,6
2020,Lexus,Mid-size,2.0,4,X,7.2,168,AS,10
2020,Lexus,Compact,2.0,4,X,6.0,140,AV,6
2020,Lincoln,Sport utility vehicle: Standard,3.0,6,X,11.9,280,AS,10
2020,Lincoln,Full-size,2.7,6,X,12.0,281,AS,6
2020,Lincoln,Full-size,3.0,6,X,12.3,289,AS,6
2020,Lincoln,Full-size,3.7,6,X,12.2,287,AS,6
2020,Lincoln,Sport utility vehicle: Small,2.0,4,X,9.8,229,AS,8
2020,Lincoln,Sport utility vehicle: Small,2.3,4,X,9.8,230,AS,8
2020,Lincoln,Mid-size,2.0,4,X,10.4,245,AS,6
2020,Lincoln,Mid-size,2.0,4,X,5.6,131,AV,0
2020,Lincoln,Sport utility vehicle: Small,2.0,4,X,10.7,250,AS,8
2020,Lincoln,Sport utility vehicle: Small,2.7,6,X,11.0,258,AS,8
2020,Lincoln,Sport utility vehicle: Standard,3.5,6,X,13.4,315,AS,10
2020,Maserati,Mid-size,3.0,6,Z,12.2,286,AS,8
2020,Maserati,Mid-size,3.0,6,Z,12.2,286,AS,8
2020,Maserati,Mid-size,3.0,6,Z,12.6,295,AS,8
2020,Maserati,Sport utility vehicle: Standard,3.0,6,Z,13.7,324,AS,8
2020,Maserati,Sport utility vehicle: Standard,3.0,6,Z,13.7,324,AS,8
2020,Maserati,Sport utility vehicle: Standard,3.8,8,Z,15.3,360,AS,8
2020,Maserati,Sport utility vehicle: Standard,3.8,8,Z,15.3,360,AS,8
2020,Maserati,Full-size,3.0,6,Z,12.2,286,AS,8
2020,Maserati,Full-size,3.0,6,Z,12.8,301,AS,8
2020,Maserati,Full-size,3.8,8,Z,13.7,321,AS,8
2020,Mazda,Compact,2.0,4,X,7.7,179,AS,6
2020,Mazda,Compact,2.0,4,X,8.0,186,M,6
2020,Mazda,Compact,2.0,4,X,8.1,189,AS,6
2020,Mazda,Sport utility vehicle: Small,2.0,4,X,8.1,189,AS,6
2020,Mazda,Sport utility vehicle: Small,2.5,4,X,8.3,194,AS,6
2020,Mazda,Sport utility vehicle: Small,2.0,4,X,8.6,202,AS,6
2020,Mazda,Sport utility vehicle: Small,2.5,4,X,8.9,208,AS,6
2020,Mazda,Sport utility vehicle: Small,2.5,4,X,8.6,200,AS,6
2020,Mazda,Sport utility vehicle: Small,2.5,4,X,8.8,206,AS,6
2020,Mazda,Sport utility vehicle: Small,2.5,4,X,8.5,201,AS,6
2020,Mazda,Sport utility vehicle: Small,2.5,4,X,9.3,217,AS,6
2020,Mazda,Sport utility vehicle: Small,2.5,4,X,9.0,209,AS,6
2020,Mazda,Sport utility vehicle: Small,2.5,4,X,9.8,230,AS,6
2020,Mazda,Sport utility vehicle: Small,2.5,4,X,10.5,244,AS,6
2020,Mazda,Compact,2.0,4,X,7.6,178,AS,6
2020,Mazda,Compact,2.0,4,X,7.7,180,M,6
2020,Mazda,Compact,2.5,4,X,7.7,181,AS,6
2020,Mazda,Compact,2.5,4,X,7.8,183,AS,6
2020,Mazda,Compact,2.5,4,X,8.2,192,AS,6
2020,Mazda,Mid-size,2.0,4,X,7.7,181,AS,6
2020,Mazda,Mid-size,2.0,4,X,7.8,181,M,6
2020,Mazda,Mid-size,2.5,4,X,8.0,187,AS,6
2020,Mazda,Mid-size,2.5,4,X,8.1,189,M,6
2020,Mazda,Mid-size,2.5,4,X,8.7,204,AS,6
2020,Mazda,Mid-size,2.5,4,X,8.0,188,AS,6
2020,Mazda,Mid-size,2.5,4,X,8.9,208,AS,6
2020,Mazda,Two-seater,2.0,4,Z,7.9,186,AS,6
2020,Mazda,Two-seater,2.0,4,Z,8.1,189,M,6
2020,Mercedes-Benz,Subcompact,2.0,4,Z,8.6,201,AM,7
2020,Mercedes-Benz,Station wagon: Small,2.0,4,Z,8.3,195,AM,7
2020,Mercedes-Benz,Subcompact,2.0,4,Z,8.9,207,AM,7
2020,Mercedes-Benz,Station wagon: Small,2.0,4,Z,9.2,215,AM,7
2020,Mercedes-Benz,Compact,3.0,6,Z,10.7,253,A,9
2020,Mercedes-Benz,Subcompact,3.0,6,Z,11.2,263,A,9
2020,Mercedes-Benz,Subcompact,3.0,6,Z,10.8,255,A,9
2020,Mercedes-Benz,Station wagon: Small,3.0,6,Z,10.8,255,A,9
2020,Mercedes-Benz,Compact,4.0,8,Z,11.2,263,A,9
2020,Mercedes-Benz,Compact,4.0,8,Z,11.2,263,A,9
2020,Mercedes-Benz,Subcompact,4.0,8,Z,12.0,282,A,9
2020,Mercedes-Benz,Subcompact,4.0,8,Z,11.8,277,A,9
2020,Mercedes-Benz,Compact,2.0,4,Z,9.4,218,AM,7
2020,Mercedes-Benz,Compact,2.0,4,Z,10.1,237,AM,8
2020,Mercedes-Benz,Compact,3.0,6,Z,10.0,235,A,9
2020,Mercedes-Benz,Mid-size,3.0,6,Z,9.9,232,A,9
2020,Mercedes-Benz,Subcompact,3.0,6,Z,10.4,245,A,9
2020,Mercedes-Benz,Subcompact,3.0,6,Z,10.1,237,A,9
2020,Mercedes-Benz,Station wagon: Mid-size,3.0,6,Z,10.2,239,A,9
2020,Mercedes-Benz,Mid-size,4.0,8,Z,13.5,318,A,9
2020,Mercedes-Benz,Station wagon: Mid-size,4.0,8,Z,12.7,299,A,9
2020,Mercedes-Benz,Sport utility vehicle: Standard,4.0,8,Z,17.0,396,A,9
2020,Mercedes-Benz,Sport utility vehicle: Small,3.0,6,Z,11.6,271,A,9
2020,Mercedes-Benz,Sport utility vehicle: Small,3.0,6,Z,11.6,272,A,9
2020,Mercedes-Benz,Sport utility vehicle: Small,4.0,8,Z,13.2,309,A,9
2020,Mercedes-Benz,Sport utility vehicle: Small,4.0,8,Z,13.2,309,A,9
2020,Mercedes-Benz,Sport utility vehicle: Standard,3.0,6,Z,12.1,285,A,9
2020,Mercedes-Benz,Compact,3.0,6,Z,11.2,264,A,9
2020,Mercedes-Benz,Compact,4.0,8,Z,13.7,323,A,9
2020,Mercedes-Benz,Compact,4.0,8,Z,13.7,324,A,9
2020,Mercedes-Benz,Two-seater,4.0,8,Z,13.5,315,AM,7
2020,Mercedes-Benz,Two-seater,4.0,8,Z,14.0,326,AM,7
2020,Mercedes-Benz,Two-seater,4.0,8,Z,14.0,327,AM,7
2020,Mercedes-Benz,Two-seater,4.0,8,Z,14.0,327,AM,7
2020,Mercedes-Benz,Full-size,4.0,8,Z,11.8,275,A,9
2020,Mercedes-Benz,Subcompact,4.0,8,Z,13.1,306,A,9
2020,Mercedes-Benz,Compact,4.0,8,Z,11.6,271,A,9
2020,Mercedes-Benz,Full-size,6.0,12,Z,15.1,356,A,7
2020,Mercedes-Benz,Two-seater,3.0,6,Z,10.2,238,A,9
2020,Mercedes-Benz,Compact,2.0,4,Z,9.4,219,A,9
2020,Mercedes-Benz,Subcompact,2.0,4,Z,9.9,231,A,9
2020,Mercedes-Benz,Subcompact,2.0,4,Z,9.5,221,A,9
2020,Mercedes-Benz,Station wagon: Small,2.0,4,Z,9.5,221,A,9
2020,Mercedes-Benz,Compact,2.0,4,Z,8.8,204,AM,7
2020,Mercedes-Benz,Compact,3.0,6,Z,9.1,213,A,9
2020,Mercedes-Benz,Mid-size,2.0,4,Z,9.4,220,A,9
2020,Mercedes-Benz,Mid-size,3.0,6,Z,10.4,243,A,9
2020,Mercedes-Benz,Subcompact,3.0,6,Z,11.6,271,A,9
2020,Mercedes-Benz,Subcompact,3.0,6,Z,11.0,257,A,9
2020,Mercedes-Benz,Station wagon: Mid-size,3.0,6,Z,10.8,254,A,9
2020,Mercedes-Benz,Sport utility vehicle: Standard,4.0,8,Z,16.3,378,A,9
2020,Mercedes-Benz,Sport utility vehicle: Small,2.0,4,Z,9.0,211,AM,7
2020,Mercedes-Benz,Sport utility vehicle: Small,2.0,4,Z,9.0,210,AM,8
2020,Mercedes-Benz,Sport utility vehicle: Small,2.0,4,Z,10.0,234,A,9
2020,Mercedes-Benz,Sport utility vehicle: Small,2.0,4,Z,10.0,236,A,9
2020,Mercedes-Benz,Sport utility vehicle: Standard,2.0,4,Z,10.6,249,A,9
2020,Mercedes-Benz,Sport utility vehicle: Standard,3.0,6,Z,11.1,262,A,9
2020,Mercedes-Benz,Sport utility vehicle: Standard,3.0,6,Z,11.4,266,A,9
2020,Mercedes-Benz,Sport utility vehicle: Standard,4.0,8,Z,13.0,302,A,9
2020,Mercedes-Benz,Full-size,4.0,8,Z,12.2,286,A,9
2020,Mercedes-Benz,Full-size,6.0,12,Z,15.1,355,A,7
2020,Mercedes-Benz,Special purpose vehicle,2.0,4,Z,10.5,247,A,7
2020,Mercedes-Benz,Special purpose vehicle,2.0,4,Z,10.5,246,A,7
2020,Mercedes-Benz,Special purpose vehicle,2.0,4,Z,11.0,257,A,7
2020,Mercedes-Benz,Mid-size,3.0,6,Z,10.8,253,A,9
2020,Mercedes-Benz,Mid-size,4.0,8,Z,11.5,268,A,9
2020,Mercedes-Benz,Full-size,4.0,8,Z,11.3,265,A,9
2020,Mercedes-Benz,Subcompact,4.0,8,Z,11.7,273,A,9
2020,Mercedes-Benz,Compact,4.0,8,Z,11.5,270,A,9
2020,Mercedes-Benz,Two-seater,3.0,6,Z,10.5,241,A,9
2020,Mercedes-Benz,Two-seater,4.7,8,Z,11.6,270,A,9
2020,Mercedes-Benz,Two-seater,2.0,4,Z,8.8,206,A,9
2020,MINI,Subcompact,1.5,3,Z,7.5,174,AM,7
2020,MINI,Subcompact,1.5,3,Z,7.5,174,AM,7
2020,MINI,Mid-size,1.5,3,Z,8.5,197,AS,8
2020,MINI,Minicompact,1.5,3,Z,7.5,174,AM,7
2020,MINI,Mid-size,1.5,3,Z,8.6,200,AS,8
2020,MINI,Subcompact,2.0,4,Z,7.9,184,AM,7
2020,MINI,Subcompact,2.0,4,Z,7.9,184,AM,7
2020,MINI,Mid-size,2.0,4,Z,8.9,207,AS,8
2020,MINI,Minicompact,2.0,4,Z,8.1,191,AM,7
2020,MINI,Mid-size,2.0,4,Z,9.1,212,AS,8
2020,MINI,Subcompact,2.0,4,Z,8.1,190,AS,8
2020,MINI,Mid-size,2.0,4,Z,9.0,210,AS,8
2020,MINI,Minicompact,2.0,4,Z,8.3,194,AS,8
2020,MINI,Mid-size,2.0,4,Z,9.0,210,AS,8
2020,Mitsubishi,Sport utility vehicle: Small,1.5,4,X,9.3,216,AV,8
2020,Mitsubishi,Compact,1.2,3,X,6.2,143,AV,0
2020,Mitsubishi,Compact,1.2,3,X,6.5,151,M,5
2020,Mitsubishi,Sport utility vehicle: Small,2.4,4,X,9.1,212,AV,6
2020,Mitsubishi,Sport utility vehicle: Small,3.0,6,Z,10.6,246,A,6
2020,Mitsubishi,Sport utility vehicle: Small,2.0,4,X,8.8,206,AV,6
2020,Mitsubishi,Sport utility vehicle: Small,2.0,4,X,9.2,213,AV,6
2020,Mitsubishi,Sport utility vehicle: Small,2.4,4,X,9.4,218,AV,6
2020,Nissan,Two-seater,3.7,6,Z,11.1,261,AS,7
2020,Nissan,Two-seater,3.7,6,Z,11.5,270,M,6
2020,Nissan,Two-seater,3.7,6,Z,11.5,271,AS,7
2020,Nissan,Two-seater,3.7,6,Z,11.8,279,M,6
2020,Nissan,Mid-size,2.5,4,X,8.0,187,AV,0
2020,Nissan,Mid-size,2.5,4,X,8.1,191,AV,0
2020,Nissan,Sport utility vehicle: Standard,5.6,8,X,15.4,362,AS,7
2020,Nissan,Pickup truck: Standard,3.8,6,X,11.6,273,AS,9
2020,Nissan,Pickup truck: Standard,3.8,6,X,12.2,287,AS,9
2020,Nissan,Subcompact,3.8,6,Z,12.8,300,AM,6
2020,Nissan,Mid-size,1.6,4,X,7.2,169,AV,0
2020,Nissan,Mid-size,3.5,6,Z,9.9,233,AV,7
2020,Nissan,Station wagon: Mid-size,3.5,6,X,10.2,240,AV,7
2020,Nissan,Station wagon: Mid-size,3.5,6,X,10.5,246,AV,7
2020,Nissan,Special purpose vehicle,2.0,4,X,9.3,218,AV,0
2020,Nissan,Station wagon: Small,2.0,4,X,8.4,197,AV,8
2020,Nissan,Station wagon: Small,2.0,4,X,9.2,217,M,6
2020,Nissan,Station wagon: Small,2.0,4,X,8.7,203,AV,8
2020,Nissan,Sport utility vehicle: Small,3.5,6,X,10.2,240,AV,0
2020,Nissan,Sport utility vehicle: Small,3.5,6,X,10.7,251,AV,0
2020,Nissan,Sport utility vehicle: Small,3.5,6,X,11.0,257,AV,0
2020,Nissan,Sport utility vehicle: Small,2.5,4,X,8.2,192,AV,0
2020,Nissan,Sport utility vehicle: Small,2.5,4,X,8.7,205,AV,0
2020,Nissan,Mid-size,2.0,4,X,7.1,167,AV,0
2020,Nissan,Mid-size,2.0,4,X,7.3,171,AV,0
2020,Nissan,Mid-size,2.0,4,X,8.0,188,M,6
2020,Nissan,Pickup truck: Standard,5.6,8,Z,13.3,313,AS,9
2020,Nissan,Pickup truck: Standard,5.6,8,Z,13.3,313,AS,9
2020,Nissan,Compact,1.6,4,X,6.7,158,AV,0
2020,Nissan,Compact,1.6,4,X,7.7,181,M,5
2020,Porsche,Two-seater,2.0,4,Z,10.0,233,AM,7
2020,Porsche,Two-seater,2.0,4,Z,10.5,245,M,6
2020,Porsche,Two-seater,2.0,4,Z,10.1,236,AM,7
2020,Porsche,Two-seater,2.0,4,Z,10.5,245,M,6
2020,Porsche,Two-seater,2.5,4,Z,10.9,255,AM,7
2020,Porsche,Two-seater,2.5,4,Z,11.2,263,M,6
2020,Porsche,Two-seater,2.0,4,Z,10.0,233,AM,7
2020,Porsche,Two-seater,2.0,4,Z,10.5,245,M,6
2020,Porsche,Two-seater,2.0,4,Z,10.1,236,AM,7
2020,Porsche,Two-seater,2.0,4,Z,10.5,245,M,6
2020,Porsche,Two-seater,2.5,4,Z,10.9,255,AM,7
2020,Porsche,Two-seater,2.5,4,Z,11.2,263,M,6
2020,Porsche,Two-seater,4.0,6,Z,12.5,294,M,6
2020,Porsche,Two-seater,4.0,6,Z,12.5,294,M,6
2020,Porsche,Minicompact,3.0,6,Z,11.6,273,AM,8
2020,Porsche,Minicompact,3.0,6,Z,11.6,275,AM,8
2020,Porsche,Minicompact,3.0,6,Z,12.0,282,AM,8
2020,Porsche,Minicompact,3.0,6,Z,11.6,275,AM,8
2020,Porsche,Minicompact,3.0,6,Z,11.5,276,AM,8
2020,Porsche,Minicompact,3.0,6,Z,11.8,275,M,7
2020,Porsche,Minicompact,3.0,6,Z,11.8,277,AM,8
2020,Porsche,Minicompact,3.0,6,Z,12.0,275,M,7
2020,Porsche,Minicompact,3.0,6,Z,11.6,276,AM,8
2020,Porsche,Minicompact,3.0,6,Z,11.8,275,M,7
2020,Porsche,Minicompact,3.0,6,Z,11.8,277,AM,8
2020,Porsche,Minicompact,3.0,6,Z,12.0,280,M,7
2020,Porsche,Sport utility vehicle: Standard,3.0,6,Z,11.5,269,AS,8
2020,Porsche,Sport utility vehicle: Standard,3.0,6,Z,11.6,271,AS,8
2020,Porsche,Sport utility vehicle: Standard,2.9,6,Z,11.9,278,AS,8
2020,Porsche,Sport utility vehicle: Standard,2.9,6,Z,12.3,286,AS,8
2020,Porsche,Sport utility vehicle: Standard,4.0,8,Z,14.1,329,AS,8
2020,Porsche,Sport utility vehicle: Standard,4.0,8,Z,14.2,332,AS,8
2020,Porsche,Sport utility vehicle: Small,2.0,4,Z,11.3,265,AM,7
2020,Porsche,Sport utility vehicle: Small,3.0,6,Z,11.7,272,AM,7
2020,Porsche,Sport utility vehicle: Small,2.9,6,Z,12.2,285,AM,7
2020,Porsche,Sport utility vehicle: Small,2.9,6,Z,12.3,288,AM,7
2020,Porsche,Full-size,3.0,6,Z,10.7,250,AM,8
2020,Porsche,Full-size,3.0,6,Z,10.9,253,AM,8
2020,Porsche,Full-size,3.0,6,Z,10.9,253,AM,8
2020,Porsche,Full-size,3.0,6,Z,10.7,250,AM,8
2020,Porsche,Full-size,2.9,6,Z,11.2,260,AM,8
2020,Porsche,Full-size,2.9,6,Z,11.2,260,AM,8
2020,Porsche,Full-size,2.9,6,Z,11.6,273,AM,8
2020,Porsche,Full-size,4.0,8,Z,12.6,295,AM,8
2020,Porsche,Full-size,4.0,8,Z,13.4,313,AM,8
2020,Porsche,Full-size,4.0,8,Z,11.2,261,AM,8
2020,Porsche,Full-size,4.0,8,Z,11.2,261,AM,8
2020,Porsche,Full-size,4.0,8,Z,11.9,279,AM,8
2020,Ram,Pickup truck: Standard,3.0,6,D,9.0,243,A,8
2020,Ram,Pickup truck: Standard,3.6,6,X,10.8,253,A,8
2020,Ram,Pickup truck: Standard,3.6,6,X,10.4,245,A,8
2020,Ram,Pickup truck: Standard,5.7,8,X,13.6,320,A,8
2020,Ram,Pickup truck: Standard,5.7,8,X,12.4,290,A,8
2020,Ram,Pickup truck: Standard,3.0,6,D,9.7,260,A,8
2020,Ram,Pickup truck: Standard,3.6,6,X,11.1,260,A,8
2020,Ram,Pickup truck: Standard,5.7,8,X,13.8,325,A,8
2020,Ram,Pickup truck: Standard,5.7,8,X,12.8,299,A,8
2020,Ram,Pickup truck: Standard,3.6,6,X,11.9,280,A,8
2020,Ram,Pickup truck: Standard,5.7,8,X,13.6,319,A,8
2020,Ram,Pickup truck: Standard,3.6,6,X,12.6,294,A,8
2020,Ram,Pickup truck: Standard,5.7,8,X,14.1,330,A,8
2020,Ram,Special purpose vehicle,2.4,4,X,9.9,232,A,9
2020,Rolls-Royce,Station wagon: Mid-size,6.7,12,Z,16.5,386,AS,8
2020,Rolls-Royce,Station wagon: Mid-size,6.7,12,Z,16.5,386,AS,8
2020,Rolls-Royce,Compact,6.6,12,Z,17.1,400,AS,8
2020,Rolls-Royce,Compact,6.6,12,Z,17.1,400,AS,8
2020,Rolls-Royce,Full-size,6.6,12,Z,17.1,400,AS,8
2020,Rolls-Royce,Full-size,6.6,12,Z,17.1,400,AS,8
2020,Rolls-Royce,Full-size,6.7,12,Z,16.3,382,AS,8
2020,Rolls-Royce,Full-size,6.7,12,Z,16.3,382,AS,8
2020,Rolls-Royce,Mid-size,6.6,12,Z,16.5,387,AS,8
2020,Rolls-Royce,Mid-size,6.6,12,Z,16.5,387,AS,8
2020,Subaru,Sport utility vehicle: Standard,2.4,4,X,10.4,244,AV,8
2020,Subaru,Minicompact,2.0,4,Z,8.6,200,AS,6
2020,Subaru,Minicompact,2.0,4,Z,9.9,231,M,6
2020,Subaru,Minicompact,2.0,4,Z,10.2,239,M,6
2020,Subaru,Sport utility vehicle: Small,2.0,4,X,7.9,185,AV,8
2020,Subaru,Sport utility vehicle: Small,2.0,4,X,9.4,220,M,6
2020,Subaru,Sport utility vehicle: Small,2.5,4,X,8.2,192,AV,7
2020,Subaru,Mid-size,2.0,4,X,7.5,174,AV,7
2020,Subaru,Mid-size,2.0,4,X,9.0,210,M,5
2020,Subaru,Station wagon: Small,2.0,4,X,7.6,178,AV,7
2020,Subaru,Station wagon: Small,2.0,4,X,9.0,211,M,5
2020,Subaru,Full-size,2.4,4,X,8.7,205,AV,8
2020,Subaru,Full-size,2.5,4,X,7.9,185,AV,8
2020,Subaru,Sport utility vehicle: Small,2.4,4,X,9.1,213,AV,8
2020,Subaru,Sport utility vehicle: Small,2.5,4,X,8.2,192,AV,8
2020,Subaru,Compact,2.0,4,Z,11.5,263,AV,8
2020,Subaru,Compact,2.0,4,Z,10.1,236,M,6
2020,Subaru,Compact,2.5,4,Z,12.7,297,M,6
2020,Toyota,Sport utility vehicle: Standard,4.0,6,X,13.8,321,AS,5
2020,Toyota,Sport utility vehicle: Standard,4.0,6,X,13.8,321,AS,5
2020,Toyota,Minicompact,2.0,4,Z,8.7,204,AS,6
2020,Toyota,Minicompact,2.0,4,Z,9.9,232,M,6
2020,Toyota,Mid-size,3.5,6,X,9.4,220,AS,8
2020,Toyota,Compact,2.0,4,X,8.2,189,AS,7
2020,Toyota,Mid-size,2.5,4,X,6.9,164,AS,8
2020,Toyota,Mid-size,2.5,4,X,7.4,173,AS,8
2020,Toyota,Mid-size,2.5,4,X,7.6,177,AS,8
2020,Toyota,Mid-size,3.5,6,X,9.0,210,AS,8
2020,Toyota,Mid-size,3.5,6,X,9.2,215,AS,8
2020,Toyota,Mid-size,3.5,6,X,9.4,220,AS,8
2020,Toyota,Mid-size,2.5,4,X,8.2,190,AS,8
2020,Toyota,Mid-size,2.5,4,X,8.4,197,AS,8
2020,Toyota,Mid-size,2.5,4,X,4.9,113,AV,0
2020,Toyota,Mid-size,2.5,4,X,5.1,121,AV,0
2020,Toyota,Compact,1.8,4,X,7.1,165,AV,0
2020,Toyota,Compact,1.8,4,X,7.3,170,AV,0
2020,Toyota,Compact,1.8,4,X,7.1,165,M,6
2020,Toyota,Compact,2.0,4,X,6.7,158,AV,10
2020,Toyota,Compact,2.0,4,X,7.0,164,AV,10
2020,Toyota,Compact,2.0,4,X,7.4,173,M,6
2020,Toyota,Compact,2.0,4,X,6.7,158,AV,10
2020,Toyota,Compact,2.0,4,X,7.5,174,M,6
2020,Toyota,Compact,1.8,4,X,4.5,106,AV,0
2020,Toyota,Two-seater,3.0,6,Z,8.9,208,AS,8
2020,Toyota,Sport utility vehicle: Small,3.5,6,X,10.3,240,AS,8
2020,Toyota,Sport utility vehicle: Small,3.5,6,X,10.3,240,AS,8
2020,Toyota,Sport utility vehicle: Standard,2.5,4,X,6.7,158,AV,0
2020,Toyota,Sport utility vehicle: Standard,2.5,4,X,6.7,156,AV,0
2020,Toyota,Mid-size,1.8,4,X,4.5,106,AV,0
2020,Toyota,Mid-size,1.8,4,X,4.7,109,AV,0
2020,Toyota,Compact,1.5,4,X,5.1,120,AV,0
2020,Toyota,Sport utility vehicle: Small,2.5,4,X,7.9,184,AS,8
2020,Toyota,Sport utility vehicle: Small,2.5,4,X,8.2,194,AS,8
2020,Toyota,Sport utility vehicle: Small,2.5,4,X,8.6,200,AS,8
2020,Toyota,Sport utility vehicle: Small,2.5,4,X,6.0,139,AV,0
2020,Toyota,Sport utility vehicle: Standard,5.7,8,X,16.4,385,AS,6
2020,Toyota,Minivan,3.5,6,X,11.0,259,AS,8
2020,Toyota,Minivan,3.5,6,X,11.7,274,AS,8
2020,Toyota,Pickup truck: Small,2.7,4,X,11.2,263,AS,6
2020,Toyota,Pickup truck: Small,2.7,4,X,11.7,274,AS,6
2020,Toyota,Pickup truck: Small,3.5,6,X,11.9,278,AS,6
2020,Toyota,Pickup truck: Small,3.5,6,X,12.7,299,M,6
2020,Toyota,Pickup truck: Small,3.5,6,X,12.9,300,M,6
2020,Toyota,Pickup truck: Standard,5.7,8,X,15.9,371,AS,6
2020,Toyota,Pickup truck: Standard,5.7,8,X,16.3,381,AS,6
2020,Toyota,Compact,1.5,4,X,6.6,155,AS,6
2020,Toyota,Compact,1.5,4,X,6.9,165,M,6
2020,Volkswagen,Full-size,2.0,4,Z,10.0,234,AS,8
2020,Volkswagen,Sport utility vehicle: Small,2.0,4,X,11.7,273,AS,8
2020,Volkswagen,Sport utility vehicle: Small,3.6,6,X,12.7,297,AS,8
2020,Volkswagen,Compact,1.4,4,X,7.4,174,AS,8
2020,Volkswagen,Compact,1.4,4,X,7.6,177,M,6
2020,Volkswagen,Compact,2.0,4,X,8.7,203,AM,7
2020,Volkswagen,Compact,2.0,4,X,8.7,203,M,6
2020,Volkswagen,Compact,1.4,4,X,7.0,162,AS,8
2020,Volkswagen,Compact,1.4,4,X,7.0,163,M,6
2020,Volkswagen,Compact,2.0,4,X,8.4,196,AM,7
2020,Volkswagen,Compact,2.0,4,X,8.5,198,M,6
2020,Volkswagen,Mid-size,2.0,4,X,8.7,205,AS,6
2020,Volkswagen,Sport utility vehicle: Small,2.0,4,X,9.4,221,AS,8
2020,Volkswagen,Sport utility vehicle: Small,2.0,4,X,10.2,241,AS,8
2020,Volvo,Compact,2.0,4,Z,8.9,208,AS,8
2020,Volvo,Compact,2.0,4,Z,9.4,219,AS,8
2020,Volvo,Mid-size,2.0,4,Z,9.6,223,AS,8
2020,Volvo,Station wagon: Small,2.0,4,Z,8.9,208,AS,8
2020,Volvo,Station wagon: Small,2.0,4,Z,9.4,219,AS,8
2020,Volvo,Station wagon: Small,2.0,4,Z,9.4,220,AS,8
2020,Volvo,Sport utility vehicle: Small,2.0,4,X,8.8,205,AS,8
2020,Volvo,Sport utility vehicle: Small,2.0,4,X,9.0,210,AS,8
2020,Volvo,Sport utility vehicle: Small,2.0,4,Z,9.4,219,AS,8
2020,Volvo,Sport utility vehicle: Small,2.0,4,Z,9.9,232,AS,8
2020,Volvo,Sport utility vehicle: Small,2.0,4,Z,10.3,240,AS,8
2020,Volvo,Sport utility vehicle: Standard,2.0,4,Z,9.9,232,AS,8
2020,Volvo,Sport utility vehicle: Standard,2.0,4,Z,10.7,248,AS,8
2021,Acura,Compact,2.4,4,Z,8.6,199,AM,8
2021,Acura,Two-seater,3.5,6,Z,11.0,256,AM,9
2021,Acura,Sport utility vehicle: Small,2.0,4,Z,9.9,232,AS,10
2021,Acura,Sport utility vehicle: Small,2.0,4,Z,10.3,242,AS,10
2021,Acura,Compact,2.0,4,Z,9.8,230,AS,10
2021,Acura,Compact,2.0,4,Z,9.8,231,AS,10
2021,Acura,Compact,3.0,6,Z,11.0,256,AS,10
2021,Acura,Compact,3.0,6,Z,11.2,261,AS,10
2021,Alfa Romeo,Mid-size,2.0,4,Z,8.7,205,A,8
2021,Alfa Romeo,Mid-size,2.0,4,Z,9.2,217,A,8
2021,Alfa Romeo,Mid-size,2.9,6,Z,11.6,271,A,8
2021,Alfa Romeo,Sport utility vehicle: Small,2.0,4,Z,9.3,218,A,8
2021,Alfa Romeo,Sport utility vehicle: Small,2.0,4,Z,9.6,226,A,8
2021,Alfa Romeo,Sport utility vehicle: Small,2.9,6,Z,12.3,288,A,8
2021,Aston Martin,Minicompact,4.0,8,Z,11.5,271,A,8
2021,Aston Martin,Minicompact,5.2,12,Z,13.3,312,A,8
2021,Aston Martin,Minicompact,5.2,12,Z,13.8,324,A,8
2021,Aston Martin,Sport utility vehicle: Standard,4.0,8,Z,15.2,357,A,9
2021,Aston Martin,Two-seater,4.0,8,Z,11.5,270,A,8
2021,Aston Martin,Two-seater,4.0,8,Z,14.2,333,M,7
2021,Audi,Compact,2.0,4,Z,8.3,194,AM,7
2021,Audi,Compact,2.0,4,Z,8.8,205,AM,7
2021,Audi,Station wagon: Small,2.0,4,Z,8.9,208,AM,7
2021,Audi,Subcompact,2.0,4,Z,9.1,212,AM,7
2021,Audi,Subcompact,2.0,4,Z,8.8,205,AM,7
2021,Audi,Mid-size,2.0,4,Z,8.8,205,AM,7
2021,Audi,Mid-size,2.0,4,Z,9.2,214,AM,7
2021,Audi,Mid-size,3.0,6,Z,9.7,227,AM,7
2021,Audi,Station wagon: Mid-size,3.0,6,Z,10.6,247,AM,7
2021,Audi,Mid-size,3.0,6,Z,9.7,227,AM,7
2021,Audi,Full-size,3.0,6,Z,11.5,267,AS,8
2021,Audi,Full-size,4.0,8,Z,13.2,308,AS,8
2021,Audi,Sport utility vehicle: Small,2.0,4,X,9.3,218,AS,8
2021,Audi,Sport utility vehicle: Small,2.0,4,X,10.2,239,AS,8
2021,Audi,Sport utility vehicle: Small,2.0,4,Z,9.3,217,AM,7
2021,Audi,Sport utility vehicle: Small,2.0,4,Z,9.3,217,AM,7
2021,Audi,Sport utility vehicle: Standard,2.0,4,Z,11.3,264,AS,8
2021,Audi,Sport utility vehicle: Standard,3.0,6,Z,12.0,281,AS,8
2021,Audi,Sport utility vehicle: Standard,3.0,6,Z,12.0,281,AS,8
2021,Audi,Two-seater,5.2,10,Z,14.1,329,AM,7
2021,Audi,Two-seater,5.2,10,Z,15.1,353,AM,7
2021,Audi,Two-seater,5.2,10,Z,14.1,329,AM,7
2021,Audi,Two-seater,5.2,10,Z,15.1,353,AM,7
2021,Audi,Subcompact,2.9,6,Z,11.5,269,AS,8
2021,Audi,Mid-size,2.9,6,Z,11.4,266,AS,8
2021,Audi,Station wagon: Mid-size,4.0,8,Z,13.7,319,AS,8
2021,Audi,Mid-size,4.0,8,Z,13.5,315,AS,8
2021,Audi,Sport utility vehicle: Standard,4.0,8,Z,15.4,360,AS,8
2021,Audi,Compact,3.0,6,Z,10.1,237,AS,8
2021,Audi,Subcompact,3.0,6,Z,10.5,244,AS,8
2021,Audi,Subcompact,3.0,6,Z,10.1,237,AS,8
2021,Audi,Mid-size,3.0,6,Z,10.1,237,AS,8
2021,Audi,Mid-size,2.9,6,Z,10.9,255,AS,8
2021,Audi,Mid-size,2.9,6,Z,10.9,255,AS,8
2021,Audi,Full-size,4.0,8,Z,14.5,339,AS,8
2021,Audi,Sport utility vehicle: Small,3.0,6,Z,11.6,274,AS,8
2021,Audi,Sport utility vehicle: Small,3.0,6,Z,11.6,274,AS,8
2021,Audi,Sport utility vehicle: Standard,4.0,8,Z,13.9,324,AS,8
2021,Audi,Sport utility vehicle: Standard,4.0,8,Z,13.9,324,AS,8
2021,Audi,Subcompact,2.0,4,X,9.2,216,AM,7
2021,Audi,Two-seater,2.0,4,X,9.2,216,AM,7
2021,Audi,Subcompact,2.5,5,Z,10.0,232,AM,7
2021,Audi,Subcompact,2.0,4,Z,9.4,220,AM,7
2021,Bentley,Sport utility vehicle: Standard,4.0,8,Z,13.2,309,AS,8
2021,Bentley,Sport utility vehicle: Standard,6.0,12,Z,16.3,383,AS,8
2021,Bentley,Subcompact,4.0,8,Z,12.3,290,AM,8
2021,Bentley,Subcompact,6.0,12,Z,15.7,364,AM,8
2021,Bentley,Minicompact,4.0,8,Z,12.3,290,AM,8
2021,Bentley,Minicompact,6.0,12,Z,16.0,373,AM,8
2021,Bentley,Mid-size,4.0,8,Z,13.7,323,AM,8
2021,Bentley,Mid-size,6.0,12,Z,16.0,373,AM,8
2021,BMW,Compact,2.0,4,Z,8.8,206,AS,8
2021,BMW,Subcompact,2.0,4,Z,9.6,225,AS,8
2021,BMW,Subcompact,2.0,4,Z,9.6,225,AS,8
2021,BMW,Compact,2.0,4,Z,8.3,195,AS,8
2021,BMW,Subcompact,2.0,4,Z,8.7,202,AS,8
2021,BMW,Mid-size,2.0,4,Z,8.9,206,AS,8
2021,BMW,Full-size,3.0,6,Z,9.1,211,AS,8
2021,BMW,Full-size,4.4,8,Z,12.0,281,AS,8
2021,BMW,Full-size,4.4,8,Z,12.0,281,AS,8
2021,BMW,Full-size,4.4,8,Z,12.0,281,AS,8
2021,BMW,Sport utility vehicle: Standard,4.4,8,Z,13.8,321,AS,8
2021,BMW,Subcompact,3.0,6,Z,12.6,293,AM,7
2021,BMW,Subcompact,3.0,6,Z,11.7,273,M,6
2021,BMW,Compact,2.0,4,Z,9.2,213,AS,8
2021,BMW,Subcompact,3.0,6,Z,9.8,228,AS,8
2021,BMW,Subcompact,3.0,6,Z,9.8,228,AS,8
2021,BMW,Compact,3.0,6,Z,9.2,214,AS,8
2021,BMW,Subcompact,3.0,6,Z,9.2,214,AS,8
2021,BMW,Mid-size,4.4,8,Z,13.8,323,AS,8
2021,BMW,Mid-size,4.4,8,Z,13.8,323,AS,8
2021,BMW,Mid-size,4.4,8,Z,11.7,272,AS,8
2021,BMW,Full-size,6.6,12,Z,15.1,354,AS,8
2021,BMW,Subcompact,4.4,8,Z,13.8,323,AS,8
2021,BMW,Subcompact,4.4,8,Z,13.8,323,AS,8
2021,BMW,Subcompact,4.4,8,Z,13.8,323,AS,8
2021,BMW,Subcompact,4.4,8,Z,13.8,323,AS,8
2021,BMW,Mid-size,4.4,8,Z,13.8,323,AS,8
2021,BMW,Mid-size,4.4,8,Z,13.8,323,AS,8
2021,BMW,Subcompact,4.4,8,Z,12.0,281,AS,8
2021,BMW,Subcompact,4.4,8,Z,11.7,272,AS,8
2021,BMW,Mid-size,4.4,8,Z,12.0,281,AS,8
2021,BMW,Sport utility vehicle: Small,2.0,4,Z,9.1,213,AS,8
2021,BMW,Sport utility vehicle: Small,2.0,4,Z,8.8,205,AS,8
2021,BMW,Sport utility vehicle: Small,2.0,4,Z,8.9,209,AS,8
2021,BMW,Sport utility vehicle: Small,2.0,4,Z,9.3,217,AS,8
2021,BMW,Sport utility vehicle: Small,3.0,6,Z,14.6,339,AS,8
2021,BMW,Sport utility vehicle: Small,3.0,6,Z,14.6,339,AS,8
2021,BMW,Sport utility vehicle: Small,3.0,6,Z,10.1,235,AS,8
2021,BMW,Sport utility vehicle: Small,2.0,4,Z,9.3,217,AS,8
2021,BMW,Sport utility vehicle: Small,3.0,6,Z,14.6,339,AS,8
2021,BMW,Sport utility vehicle: Small,3.0,6,Z,14.6,339,AS,8
2021,BMW,Sport utility vehicle: Small,3.0,6,Z,10.1,235,AS,8
2021,BMW,Sport utility vehicle: Standard,3.0,6,Z,10.4,242,AS,8
2021,BMW,Sport utility vehicle: Standard,4.4,8,Z,15.7,364,AS,8
2021,BMW,Sport utility vehicle: Standard,4.4,8,Z,15.7,364,AS,8
2021,BMW,Sport utility vehicle: Standard,4.4,8,Z,12.7,302,AS,8
2021,BMW,Sport utility vehicle: Standard,3.0,6,Z,10.4,242,AS,8
2021,BMW,Sport utility vehicle: Standard,4.4,8,Z,15.7,364,AS,8
2021,BMW,Sport utility vehicle: Standard,4.4,8,Z,15.7,364,AS,8
2021,BMW,Sport utility vehicle: Standard,4.4,8,Z,12.7,302,AS,8
2021,BMW,Sport utility vehicle: Standard,3.0,6,Z,11.1,256,AS,8
2021,BMW,Sport utility vehicle: Standard,4.4,8,Z,13.8,321,AS,8
2021,BMW,Two-seater,2.0,4,Z,8.4,197,AS,8
2021,BMW,Two-seater,3.0,6,Z,9.5,221,AS,8
2021,Bugatti,Two-seater,8.0,16,Z,22.2,522,AM,7
2021,Bugatti,Two-seater,8.0,16,Z,26.1,608,AM,7
2021,Buick,Sport utility vehicle: Standard,3.6,6,X,11.2,264,A,9
2021,Buick,Sport utility vehicle: Standard,3.6,6,X,11.8,277,A,9
2021,Buick,Sport utility vehicle: Small,1.4,4,X,8.7,204,AS,6
2021,Buick,Sport utility vehicle: Small,1.4,4,X,8.6,203,AS,6
2021,Buick,Sport utility vehicle: Small,1.4,4,X,9.1,214,AS,6
2021,Buick,Sport utility vehicle: Small,1.4,4,X,9.1,214,AS,6
2021,Buick,Sport utility vehicle: Small,1.2,3,X,8.0,188,AV,0
2021,Buick,Sport utility vehicle: Small,1.3,3,X,8.5,199,A,9
2021,Buick,Sport utility vehicle: Small,2.0,4,X,8.9,209,AS,9
2021,Buick,Sport utility vehicle: Small,2.0,4,X,9.5,222,AS,9
2021,Cadillac,Compact,2.0,4,Z,8.7,203,AS,8
2021,Cadillac,Compact,2.7,4,Z,9.5,221,AS,10
2021,Cadillac,Compact,2.0,4,Z,9.1,213,AS,8
2021,Cadillac,Compact,2.7,4,Z,9.9,232,AS,10
2021,Cadillac,Compact,2.7,4,Z,10.0,234,AS,10
2021,Cadillac,Compact,2.7,4,Z,10.2,239,AS,10
2021,Cadillac,Mid-size,2.0,4,Z,9.0,209,AS,10
2021,Cadillac,Mid-size,3.0,6,Z,10.6,249,AS,10
2021,Cadillac,Mid-size,2.0,4,Z,9.5,242,AS,10
2021,Cadillac,Mid-size,3.0,6,Z,11.1,260,AS,10
2021,Cadillac,Mid-size,3.0,6,Z,10.9,256,AS,10
2021,Cadillac,Mid-size,3.0,6,Z,11.1,260,AS,10
2021,Cadillac,Sport utility vehicle: Standard,3.0,6,D,10.6,277,A,10
2021,Cadillac,Sport utility vehicle: Standard,6.2,8,Z,14.8,347,A,10
2021,Cadillac,Sport utility vehicle: Standard,6.2,8,Z,15.3,357,A,10
2021,Cadillac,Sport utility vehicle: Small,2.0,4,Z,8.9,209,AS,9
2021,Cadillac,Sport utility vehicle: Small,2.0,4,Z,9.7,227,AS,9
2021,Cadillac,Sport utility vehicle: Small,2.0,4,Z,9.5,222,AS,9
2021,Cadillac,Sport utility vehicle: Small,2.0,4,Z,10.1,237,AS,9
2021,Cadillac,Sport utility vehicle: Small,3.6,6,X,11.2,263,AS,9
2021,Cadillac,Sport utility vehicle: Small,2.0,4,Z,10.2,239,AS,9
2021,Cadillac,Sport utility vehicle: Small,3.6,6,X,11.5,269,AS,9
2021,Chevrolet,Sport utility vehicle: Small,2.0,4,X,9.4,221,A,9
2021,Chevrolet,Sport utility vehicle: Small,2.5,4,X,10.2,238,A,9
2021,Chevrolet,Sport utility vehicle: Small,3.6,6,X,10.5,247,A,9
2021,Chevrolet,Sport utility vehicle: Small,2.0,4,X,9.7,227,A,9
2021,Chevrolet,Sport utility vehicle: Small,3.6,6,X,10.9,256,A,9
2021,Chevrolet,Subcompact,2.0,4,Z,9.5,222,AS,8
2021,Chevrolet,Subcompact,2.0,4,Z,10.5,247,M,6
2021,Chevrolet,Subcompact,3.6,6,X,10.7,251,AS,10
2021,Chevrolet,Subcompact,3.6,6,X,12.0,281,M,6
2021,Chevrolet,Subcompact,6.2,8,Z,12.0,281,AS,10
2021,Chevrolet,Subcompact,6.2,8,Z,12.6,296,M,6
2021,Chevrolet,Subcompact,6.2,8,Z,15.1,355,AS,10
2021,Chevrolet,Subcompact,6.2,8,Z,14.8,349,M,6
2021,Chevrolet,Pickup truck: Small,2.5,4,X,10.9,257,A,6
2021,Chevrolet,Pickup truck: Small,2.8,4,D,10.1,294,A,6
2021,Chevrolet,Pickup truck: Small,3.6,6,X,11.3,263,A,8
2021,Chevrolet,Pickup truck: Small,2.5,4,X,11.4,268,A,6
2021,Chevrolet,Pickup truck: Small,2.8,4,D,10.5,294,A,6
2021,Chevrolet,Pickup truck: Small,3.6,6,X,12.1,284,A,8
2021,Chevrolet,Pickup truck: Small,2.8,4,D,12.1,326,A,6
2021,Chevrolet,Pickup truck: Small,3.6,6,X,14.1,329,A,8
2021,Chevrolet,Two-seater,6.2,8,Z,12.4,290,AS,8
2021,Chevrolet,Sport utility vehicle: Small,1.5,4,X,8.4,198,A,6
2021,Chevrolet,Sport utility vehicle: Small,1.5,4,X,8.8,207,A,6
2021,Chevrolet,Mid-size,1.5,4,X,7.5,175,AV,0
2021,Chevrolet,Mid-size,2.0,4,Z,9.1,213,A,9
2021,Chevrolet,Pickup truck: Standard,2.7,4,X,11.2,263,A,8
2021,Chevrolet,Pickup truck: Standard,2.7,4,X,11.2,263,A,8
2021,Chevrolet,Pickup truck: Standard,3.0,6,D,8.8,238,A,10
2021,Chevrolet,Pickup truck: Standard,4.3,6,X,13.5,318,A,6
2021,Chevrolet,Pickup truck: Standard,5.3,8,X,13.8,325,A,6
2021,Chevrolet,Pickup truck: Standard,5.3,8,X,14.3,336,A,6
2021,Chevrolet,Pickup truck: Standard,5.3,8,X,14.5,340,A,6
2021,Chevrolet,Pickup truck: Standard,5.3,8,E,19.0,315,A,6
2021,Chevrolet,Pickup truck: Standard,5.3,8,X,12.2,286,A,8
2021,Chevrolet,Pickup truck: Standard,5.3,8,X,13.6,319,A,8
2021,Chevrolet,Pickup truck: Standard,2.7,4,X,11.7,275,A,8
2021,Chevrolet,Pickup truck: Standard,2.7,4,X,11.7,275,A,8
2021,Chevrolet,Pickup truck: Standard,3.0,6,D,10.0,268,A,10
2021,Chevrolet,Pickup truck: Standard,4.3,6,X,14.0,329,A,6
2021,Chevrolet,Pickup truck: Standard,4.3,6,X,14.8,347,A,6
2021,Chevrolet,Pickup truck: Standard,5.3,8,X,14.1,331,A,6
2021,Chevrolet,Pickup truck: Standard,5.3,8,X,14.8,348,A,6
2021,Chevrolet,Pickup truck: Standard,5.3,8,X,14.8,347,A,6
2021,Chevrolet,Pickup truck: Standard,5.3,8,E,19.5,326,A,6
2021,Chevrolet,Pickup truck: Standard,5.3,8,X,15.0,350,A,6
2021,Chevrolet,Pickup truck: Standard,5.3,8,X,15.7,368,A,6
2021,Chevrolet,Pickup truck: Standard,5.3,8,X,12.7,299,A,8
2021,Chevrolet,Pickup truck: Standard,5.3,8,X,14.4,339,A,8
2021,Chevrolet,Pickup truck: Standard,5.3,8,X,12.7,298,A,10
2021,Chevrolet,Pickup truck: Standard,5.3,8,X,13.3,313,A,10
2021,Chevrolet,Pickup truck: Standard,5.3,8,X,13.1,307,A,10
2021,Chevrolet,Pickup truck: Standard,5.3,8,X,13.7,321,A,10
2021,Chevrolet,Pickup truck: Standard,6.2,8,Z,13.1,306,A,10
2021,Chevrolet,Pickup truck: Standard,6.2,8,Z,13.8,324,A,10
2021,Chevrolet,Pickup truck: Standard,6.2,8,Z,14.2,332,A,10
2021,Chevrolet,Pickup truck: Standard,6.2,8,Z,15.0,352,A,10
2021,Chevrolet,Subcompact,1.4,4,X,7.0,165,AV,0
2021,Chevrolet,Subcompact,1.4,4,X,7.2,170,M,5
2021,Chevrolet,Sport utility vehicle: Standard,3.0,6,D,10.1,272,A,10
2021,Chevrolet,Sport utility vehicle: Standard,5.3,8,X,13.2,309,A,10
2021,Chevrolet,Sport utility vehicle: Standard,5.3,8,X,13.8,325,A,10
2021,Chevrolet,Sport utility vehicle: Standard,3.0,6,D,10.6,277,A,10
2021,Chevrolet,Sport utility vehicle: Standard,5.3,8,X,14.0,328,A,10
2021,Chevrolet,Sport utility vehicle: Standard,5.3,8,X,14.5,341,A,10
2021,Chevrolet,Sport utility vehicle: Standard,6.2,8,Z,14.8,347,A,10
2021,Chevrolet,Sport utility vehicle: Standard,6.2,8,Z,15.3,357,A,10
2021,Chevrolet,Sport utility vehicle: Standard,3.0,6,D,9.8,263,A,10
2021,Chevrolet,Sport utility vehicle: Standard,5.3,8,X,13.2,309,A,10
2021,Chevrolet,Sport utility vehicle: Standard,5.3,8,X,13.8,325,A,10
2021,Chevrolet,Sport utility vehicle: Standard,3.0,6,D,10.6,277,A,10
2021,Chevrolet,Sport utility vehicle: Standard,5.3,8,X,13.5,317,A,10
2021,Chevrolet,Sport utility vehicle: Standard,5.3,8,X,13.9,327,A,10
2021,Chevrolet,Sport utility vehicle: Standard,6.2,8,Z,14.8,347,A,10
2021,Chevrolet,Sport utility vehicle: Standard,6.2,8,Z,15.3,357,A,10
2021,Chevrolet,Sport utility vehicle: Small,1.2,3,X,8.0,188,AV,0
2021,Chevrolet,Sport utility vehicle: Small,1.3,3,X,7.6,179,AV,0
2021,Chevrolet,Sport utility vehicle: Small,1.3,3,X,8.4,196,A,9
2021,Chevrolet,Sport utility vehicle: Standard,3.6,6,X,11.1,261,A,9
2021,Chevrolet,Sport utility vehicle: Standard,3.6,6,X,11.8,277,A,9
2021,Chevrolet,Sport utility vehicle: Small,1.4,4,X,8.4,196,AS,6
2021,Chevrolet,Sport utility vehicle: Small,1.4,4,X,8.6,203,AS,6
2021,Chevrolet,Sport utility vehicle: Small,1.4,4,X,9.1,214,AS,6
2021,Chevrolet,Sport utility vehicle: Small,1.4,4,X,9.1,214,AS,6
2021,Chrysler,Full-size,3.6,6,X,10.3,242,A,8
2021,Chrysler,Full-size,5.7,8,X,12.3,289,A,8
2021,Chrysler,Full-size,3.6,6,X,11.0,258,A,8
2021,Chrysler,Minivan,3.6,6,X,10.6,249,A,9
2021,Chrysler,Minivan,3.6,6,X,10.6,249,A,9
2021,Chrysler,Minivan,3.6,6,X,12.0,279,A,9
2021,Dodge,Mid-size,3.6,6,X,10.3,242,A,8
2021,Dodge,Mid-size,5.7,8,X,12.3,289,A,8
2021,Dodge,Mid-size,5.7,8,Z,13.1,307,M,6
2021,Dodge,Mid-size,6.4,8,Z,13.1,306,A,8
2021,Dodge,Mid-size,6.4,8,Z,13.9,325,M,6
2021,Dodge,Mid-size,3.6,6,X,11.0,258,A,8
2021,Dodge,Mid-size,6.4,8,Z,13.1,306,A,8
2021,Dodge,Mid-size,6.4,8,Z,13.9,325,M,6
2021,Dodge,Mid-size,6.2,8,Z,14.5,339,A,8
2021,Dodge,Mid-size,6.2,8,Z,15.1,352,M,6
2021,Dodge,Mid-size,6.2,8,Z,15.3,359,A,8
2021,Dodge,Mid-size,6.2,8,Z,15.1,352,M,6
2021,Dodge,Full-size,3.6,6,X,10.3,242,A,8
2021,Dodge,Full-size,5.7,8,X,12.3,289,A,8
2021,Dodge,Full-size,6.4,8,Z,13.1,306,A,8
2021,Dodge,Full-size,3.6,6,X,11.0,258,A,8
2021,Dodge,Full-size,6.4,8,Z,13.1,306,A,8
2021,Dodge,Full-size,6.2,8,Z,15.6,368,A,8
2021,Dodge,Sport utility vehicle: Standard,3.6,6,X,11.3,265,A,8
2021,Dodge,Sport utility vehicle: Standard,5.7,8,X,14.1,331,A,8
2021,Dodge,Sport utility vehicle: Standard,6.4,8,Z,15.6,363,A,8
2021,Dodge,Sport utility vehicle: Standard,6.2,8,Z,17.4,410,A,8
2021,FIAT,Sport utility vehicle: Small,1.3,4,X,9.1,221,A,9
2021,Ford,Sport utility vehicle: Small,2.3,4,X,11.2,264,AS,10
2021,Ford,Sport utility vehicle: Small,2.3,4,X,11.3,265,M,7
2021,Ford,Sport utility vehicle: Small,2.7,6,X,12.2,287,AS,10
2021,Ford,Sport utility vehicle: Small,2.3,4,X,13.6,318,AS,10
2021,Ford,Sport utility vehicle: Small,2.3,4,X,14.1,330,M,7
2021,Ford,Sport utility vehicle: Small,2.7,6,X,13.4,315,AS,10
2021,Ford,Sport utility vehicle: Small,2.3,4,X,13.1,308,AS,10
2021,Ford,Sport utility vehicle: Small,2.3,4,X,13.2,310,M,7
2021,Ford,Sport utility vehicle: Small,2.3,4,X,13.1,308,AS,10
2021,Ford,Sport utility vehicle: Small,2.7,6,X,13.9,327,AS,10
2021,Ford,Sport utility vehicle: Small,1.5,3,X,8.9,209,A,8
2021,Ford,Sport utility vehicle: Small,2.0,4,X,10.1,238,AS,8
2021,Ford,Sport utility vehicle: Small,1.0,3,X,8.4,197,AS,6
2021,Ford,Sport utility vehicle: Small,2.0,4,X,9.2,217,AS,6
2021,Ford,Sport utility vehicle: Small,2.0,4,X,9.8,229,A,8
2021,Ford,Sport utility vehicle: Small,2.0,4,X,10.0,236,A,8
2021,Ford,Sport utility vehicle: Small,2.0,4,X,10.1,237,AS,8
2021,Ford,Sport utility vehicle: Small,2.7,6,X,11.1,262,AS,8
2021,Ford,Sport utility vehicle: Small,1.5,3,X,7.8,182,A,8
2021,Ford,Sport utility vehicle: Small,1.5,3,X,8.4,198,A,8
2021,Ford,Sport utility vehicle: Small,2.0,4,X,9.1,213,A,8
2021,Ford,Sport utility vehicle: Small,2.5,4,X,5.8,136,AV,0
2021,Ford,Sport utility vehicle: Small,2.5,4,X,5.9,139,AV,0
2021,Ford,Sport utility vehicle: Standard,3.5,6,X,12.6,295,AS,10
2021,Ford,Sport utility vehicle: Standard,3.5,6,X,13.1,308,AS,10
2021,Ford,Sport utility vehicle: Standard,2.3,4,X,10.3,242,A,10
2021,Ford,Sport utility vehicle: Standard,2.3,4,X,10.3,242,AS,10
2021,Ford,Sport utility vehicle: Standard,3.0,6,X,11.8,277,AS,10
2021,Ford,Sport utility vehicle: Standard,2.3,4,X,11.4,268,AS,10
2021,Ford,Sport utility vehicle: Standard,3.3,6,X,9.6,225,AS,10
2021,Ford,Pickup truck: Standard,2.7,6,X,10.8,253,AS,10
2021,Ford,Pickup truck: Standard,3.3,6,X,11.0,259,AS,10
2021,Ford,Pickup truck: Standard,3.3,6,E,14.8,242,AS,10
2021,Ford,Pickup truck: Standard,3.5,6,X,11.7,274,AS,10
2021,Ford,Pickup truck: Standard,5.0,8,X,12.2,287,AS,10
2021,Ford,Pickup truck: Standard,5.0,8,E,17.6,291,AS,10
2021,Ford,Pickup truck: Standard,5.0,8,X,12.6,296,AS,10
2021,Ford,Pickup truck: Standard,5.0,8,E,17.1,284,AS,10
2021,Ford,Pickup truck: Standard,2.7,6,X,11.5,271,AS,10
2021,Ford,Pickup truck: Standard,2.7,6,X,11.9,280,AS,10
2021,Ford,Pickup truck: Standard,3.0,6,D,10.7,287,AS,10
2021,Ford,Pickup truck: Standard,3.3,6,X,11.7,275,AS,10
2021,Ford,Pickup truck: Standard,3.3,6,E,15.4,252,AS,10
2021,Ford,Pickup truck: Standard,3.5,6,X,12.0,282,AS,10
2021,Ford,Pickup truck: Standard,5.0,8,X,13.1,307,AS,10
2021,Ford,Pickup truck: Standard,5.0,8,E,18.3,303,AS,10
2021,Ford,Pickup truck: Standard,5.0,8,X,13.4,315,AS,10
2021,Ford,Pickup truck: Standard,5.0,8,E,18.1,301,AS,10
2021,Ford,Pickup truck: Standard,3.5,6,X,14.6,344,AS,10
2021,Ford,Pickup truck: Standard,3.5,6,X,15.2,357,AS,10
2021,Ford,Pickup truck: Standard,3.5,6,X,15.3,359,AS,10
2021,Ford,Pickup truck: Standard,3.5,6,X,15.8,370,AS,10
2021,Ford,Pickup truck: Standard,3.5,6,X,13.2,310,AS,10
2021,Ford,Pickup truck: Standard,3.5,6,X,13.3,313,AS,10
2021,Ford,Pickup truck: Standard,3.5,6,X,9.3,217,AS,10
2021,Ford,Pickup truck: Standard,3.5,6,X,9.8,229,AS,10
2021,Ford,Two-seater,3.5,6,Z,16.6,393,AM,7
2021,Ford,Subcompact,2.3,4,X,9.4,221,A,10
2021,Ford,Subcompact,2.3,4,X,9.4,222,AS,10
2021,Ford,Subcompact,2.3,4,X,10.3,242,AS,10
2021,Ford,Subcompact,2.3,4,X,9.9,233,M,6
2021,Ford,Subcompact,2.3,4,X,10.5,246,M,6
2021,Ford,Subcompact,5.0,8,X,12.8,300,AS,10
2021,Ford,Subcompact,5.0,8,X,13.4,314,M,6
2021,Ford,Subcompact,2.3,4,X,10.4,244,A,10
2021,Ford,Subcompact,2.3,4,X,10.3,241,AS,10
2021,Ford,Subcompact,2.3,4,X,10.7,251,AS,10
2021,Ford,Subcompact,2.3,4,X,10.4,244,M,6
2021,Ford,Subcompact,2.3,4,X,11.0,258,M,6
2021,Ford,Subcompact,5.0,8,X,13.3,312,AS,10
2021,Ford,Subcompact,5.0,8,X,12.9,303,AS,10
2021,Ford,Subcompact,5.0,8,X,13.9,325,M,6
2021,Ford,Pickup truck: Standard,2.3,4,X,10.9,256,AS,10
2021,Ford,Pickup truck: Standard,2.3,4,X,12.2,287,AS,10
2021,Ford,Subcompact,5.2,8,Z,16.7,393,AM,7
2021,Ford,Van: Passenger,3.5,6,X,14.5,341,AS,10
2021,Ford,Van: Passenger,3.5,6,E,19.3,321,AS,10
2021,Ford,Van: Passenger,3.5,6,X,15.1,354,AS,10
2021,Ford,Van: Passenger,3.5,6,E,19.9,331,AS,10
2021,Ford,Special purpose vehicle,2.0,4,X,9.3,217,AS,8
2021,Ford,Special purpose vehicle,2.0,4,X,9.3,217,AS,8
2021,Ford,Special purpose vehicle,2.0,4,E,12.6,209,AS,8
2021,Ford,Special purpose vehicle,2.5,4,X,10.6,247,AS,6
2021,Ford,Special purpose vehicle,2.0,4,X,9.2,214,AS,8
2021,Ford,Special purpose vehicle,2.0,4,X,9.2,214,AS,8
2021,Ford,Special purpose vehicle,2.0,4,E,12.5,208,AS,8
2021,Ford,Special purpose vehicle,2.5,4,X,10.7,251,AS,6
2021,Genesis,Compact,2.0,4,Z,10.9,255,M,6
2021,Genesis,Compact,2.0,4,Z,10.1,236,AS,8
2021,Genesis,Compact,3.3,6,Z,12.0,284,AS,8
2021,Genesis,Full-size,2.5,4,Z,9.5,225,AS,8
2021,Genesis,Full-size,3.5,6,Z,11.2,262,AS,8
2021,Genesis,Full-size,5.0,8,Z,12.8,303,AS,8
2021,Genesis,Sport utility vehicle: Standard,2.5,4,Z,10.5,248,AS,8
2021,Genesis,Sport utility vehicle: Standard,3.5,6,Z,11.8,279,AS,8
2021,GMC,Sport utility vehicle: Standard,2.0,4,X,9.4,221,A,9
2021,GMC,Sport utility vehicle: Standard,2.5,4,X,10.2,238,A,9
2021,GMC,Sport utility vehicle: Standard,3.6,6,X,10.7,250,A,9
2021,GMC,Sport utility vehicle: Standard,2.0,4,X,9.7,227,A,9
2021,GMC,Sport utility vehicle: Standard,3.6,6,X,10.9,256,A,9
2021,GMC,Pickup truck: Small,2.5,4,X,10.9,257,A,6
2021,GMC,Pickup truck: Small,2.8,4,D,10.1,294,A,6
2021,GMC,Pickup truck: Small,3.6,6,X,11.3,263,A,8
2021,GMC,Pickup truck: Small,2.5,4,X,11.4,268,A,6
2021,GMC,Pickup truck: Small,2.8,4,D,10.5,294,A,6
2021,GMC,Pickup truck: Small,3.6,6,X,13.1,306,A,8
2021,GMC,Pickup truck: Standard,2.7,4,X,11.2,263,A,8
2021,GMC,Pickup truck: Standard,2.7,4,X,11.2,263,A,8
2021,GMC,Pickup truck: Standard,3.0,6,D,9.1,245,A,10
2021,GMC,Pickup truck: Standard,4.3,6,X,13.5,318,A,6
2021,GMC,Pickup truck: Standard,5.3,8,X,13.8,325,A,6
2021,GMC,Pickup truck: Standard,5.3,8,X,14.3,336,A,6
2021,GMC,Pickup truck: Standard,5.3,8,X,14.5,340,A,6
2021,GMC,Pickup truck: Standard,5.3,8,E,19.0,315,A,6
2021,GMC,Pickup truck: Standard,5.3,8,X,12.3,288,A,8
2021,GMC,Pickup truck: Standard,5.3,8,X,13.7,321,A,8
2021,GMC,Pickup truck: Standard,2.7,4,X,12.3,288,A,8
2021,GMC,Pickup truck: Standard,2.7,4,X,12.6,295,A,8
2021,GMC,Pickup truck: Standard,3.0,6,D,10.0,268,A,10
2021,GMC,Pickup truck: Standard,3.0,6,D,10.0,268,A,10
2021,GMC,Pickup truck: Standard,4.3,6,X,14.0,329,A,6
2021,GMC,Pickup truck: Standard,5.3,8,X,14.1,331,A,6
2021,GMC,Pickup truck: Standard,5.3,8,X,14.8,348,A,6
2021,GMC,Pickup truck: Standard,5.3,8,X,14.8,347,A,6
2021,GMC,Pickup truck: Standard,5.3,8,E,19.5,326,A,6
2021,GMC,Pickup truck: Standard,5.3,8,X,15.1,355,A,6
2021,GMC,Pickup truck: Standard,5.3,8,X,13.3,313,A,8
2021,GMC,Pickup truck: Standard,5.3,8,X,14.8,349,A,8
2021,GMC,Pickup truck: Standard,5.3,8,X,13.3,312,A,8
2021,GMC,Pickup truck: Standard,5.3,8,X,14.8,348,A,8
2021,GMC,Pickup truck: Standard,5.3,8,X,12.7,298,A,10
2021,GMC,Pickup truck: Standard,5.3,8,X,13.3,313,A,10
2021,GMC,Pickup truck: Standard,5.3,8,X,13.1,307,A,10
2021,GMC,Pickup truck: Standard,5.3,8,X,13.7,321,A,10
2021,GMC,Pickup truck: Standard,6.2,8,Z,13.5,316,A,10
2021,GMC,Pickup truck: Standard,6.2,8,Z,14.3,335,A,10
2021,GMC,Pickup truck: Standard,6.2,8,Z,14.2,332,A,10
2021,GMC,Pickup truck: Standard,6.2,8,Z,15.0,352,A,10
2021,GMC,Sport utility vehicle: Small,1.5,4,X,8.6,201,A,9
2021,GMC,Sport utility vehicle: Small,1.5,4,X,9.0,211,A,9
2021,GMC,Sport utility vehicle: Standard,3.0,6,D,10.1,272,A,10
2021,GMC,Sport utility vehicle: Standard,5.3,8,X,13.2,309,A,10
2021,GMC,Sport utility vehicle: Standard,5.3,8,X,13.8,325,A,10
2021,GMC,Sport utility vehicle: Standard,3.0,6,D,10.6,277,A,10
2021,GMC,Sport utility vehicle: Standard,5.3,8,X,13.5,317,A,10
2021,GMC,Sport utility vehicle: Standard,5.3,8,X,13.9,327,A,10
2021,GMC,Sport utility vehicle: Standard,6.2,8,Z,14.8,347,A,10
2021,GMC,Sport utility vehicle: Standard,6.2,8,Z,15.3,357,A,10
2021,GMC,Sport utility vehicle: Standard,3.0,6,D,10.1,272,A,10
2021,GMC,Sport utility vehicle: Standard,5.3,8,X,13.2,309,A,10
2021,GMC,Sport utility vehicle: Standard,5.3,8,X,13.8,325,A,10
2021,GMC,Sport utility vehicle: Standard,3.0,6,D,10.6,277,A,10
2021,GMC,Sport utility vehicle: Standard,5.3,8,X,14.0,328,A,10
2021,GMC,Sport utility vehicle: Standard,5.3,8,X,14.5,341,A,10
2021,GMC,Sport utility vehicle: Standard,6.2,8,Z,14.8,347,A,10
2021,GMC,Sport utility vehicle: Standard,6.2,8,Z,15.3,357,A,10
2021,Honda,Full-size,1.5,4,X,7.2,168,AV,0
2021,Honda,Full-size,1.5,4,X,7.5,176,AV,7
2021,Honda,Full-size,2.0,4,X,9.1,211,AS,10
2021,Honda,Full-size,2.0,4,X,5.0,117,AV,0
2021,Honda,Full-size,2.0,4,X,5.5,129,AV,0
2021,Honda,Full-size,1.5,4,X,7.3,171,M,6
2021,Honda,Full-size,1.5,4,Z,7.4,172,AV,7
2021,Honda,Full-size,1.5,4,Z,7.3,171,M,6
2021,Honda,Mid-size,1.5,4,X,7.1,165,AV,7
2021,Honda,Mid-size,2.0,4,X,7.1,167,AV,0
2021,Honda,Mid-size,2.0,4,X,7.4,172,AV,7
2021,Honda,Full-size,2.0,4,Z,9.6,223,M,6
2021,Honda,Sport utility vehicle: Small,1.5,4,X,7.7,180,AV,0
2021,Honda,Sport utility vehicle: Small,1.5,4,X,8.1,189,AV,0
2021,Honda,Station wagon: Small,1.8,4,X,7.8,181,AV,0
2021,Honda,Station wagon: Small,1.8,4,X,8.2,193,AV,0
2021,Honda,Station wagon: Small,1.8,4,X,8.5,200,AV,7
2021,Honda,Mid-size,1.5,4,X,4.9,115,AV,0
2021,Honda,Compact,1.5,4,X,4.9,115,AV,0
2021,Honda,Minivan,3.5,6,X,10.6,248,AS,10
2021,Honda,Sport utility vehicle: Small,3.5,6,X,11.3,265,AS,9
2021,Honda,Sport utility vehicle: Small,3.5,6,X,11.0,256,AS,9
2021,Honda,Pickup truck: Standard,3.5,6,X,11.5,271,AS,9
2021,Hyundai,Mid-size,1.6,4,X,7.6,179,AM,7
2021,Hyundai,Mid-size,2.0,4,X,6.7,157,AV,1
2021,Hyundai,Mid-size,2.0,4,X,6.4,152,AV,1
2021,Hyundai,Mid-size,2.0,4,X,7.8,185,M,6
2021,Hyundai,Mid-size,1.6,4,X,4.4,103,AM,6
2021,Hyundai,Full-size,1.6,4,X,4.2,99,AM,6
2021,Hyundai,Full-size,1.6,4,X,4.0,94,AM,6
2021,Hyundai,Sport utility vehicle: Small,2.0,4,X,7.9,187,AS,6
2021,Hyundai,Sport utility vehicle: Small,1.6,4,X,8.6,201,AM,7
2021,Hyundai,Sport utility vehicle: Small,2.0,4,X,8.6,202,AS,6
2021,Hyundai,Sport utility vehicle: Standard,3.8,6,X,10.5,250,AS,8
2021,Hyundai,Sport utility vehicle: Standard,3.8,6,X,11.1,265,AS,8
2021,Hyundai,Sport utility vehicle: Small,2.5,4,X,9.1,214,AS,8
2021,Hyundai,Sport utility vehicle: Small,2.5,4,X,9.9,233,AM,8
2021,Hyundai,Sport utility vehicle: Small,2.5,4,X,10.0,235,AS,8
2021,Hyundai,Sport utility vehicle: Small,1.6,4,X,7.4,176,AM,6
2021,Hyundai,Full-size,1.6,4,X,7.7,182,AS,8
2021,Hyundai,Full-size,2.5,4,X,8.8,208,AM,8
2021,Hyundai,Full-size,2.5,4,X,7.7,182,AS,8
2021,Hyundai,Full-size,2.0,4,X,5.0,117,AM,6
2021,Hyundai,Sport utility vehicle: Small,2.0,4,X,9.1,216,AS,6
2021,Hyundai,Sport utility vehicle: Small,2.0,4,X,10.1,239,AS,6
2021,Hyundai,Sport utility vehicle: Small,2.4,4,X,10.1,241,AS,6
2021,Hyundai,Compact,2.0,4,Z,10.5,248,AM,8
2021,Hyundai,Compact,2.0,4,Z,9.5,226,M,6
2021,Hyundai,Mid-size,1.6,4,X,7.5,178,AV,1
2021,Hyundai,Mid-size,1.6,4,X,7.8,184,M,6
2021,Infiniti,Mid-size,3.0,6,Z,10.8,254,AS,7
2021,Infiniti,Mid-size,3.0,6,Z,11.1,261,AS,7
2021,Infiniti,Subcompact,3.0,6,Z,10.7,252,AS,7
2021,Infiniti,Subcompact,3.0,6,Z,11.0,259,AS,7
2021,Infiniti,Sport utility vehicle: Small,2.0,4,Z,9.7,229,AV,8
2021,Infiniti,Sport utility vehicle: Standard,5.6,8,Z,15.1,356,AS,7
2021,Jaguar,Sport utility vehicle: Small,2.0,4,Z,10.4,247,AS,9
2021,Jaguar,Sport utility vehicle: Small,2.0,4,Z,10.3,245,AS,9
2021,Jaguar,Sport utility vehicle: Small,2.0,4,Z,9.9,227,AS,8
2021,Jaguar,Sport utility vehicle: Small,3.0,6,Z,10.6,250,AS,8
2021,Jaguar,Sport utility vehicle: Small,3.0,6,Z,10.7,252,AS,8
2021,Jaguar,Sport utility vehicle: Small,5.0,8,Z,13.4,316,AS,8
2021,Jaguar,Two-seater,2.0,4,Z,9.2,215,AS,8
2021,Jaguar,Two-seater,2.0,4,Z,9.2,215,AS,8
2021,Jaguar,Two-seater,3.0,6,Z,11.3,265,AS,8
2021,Jaguar,Two-seater,3.0,6,Z,11.3,265,AS,8
2021,Jaguar,Two-seater,5.0,8,Z,12.7,299,AS,8
2021,Jaguar,Two-seater,5.0,8,Z,12.7,299,AS,8
2021,Jaguar,Mid-size,2.0,4,Z,8.4,197,AS,8
2021,Jaguar,Mid-size,2.0,4,Z,9.3,219,AS,8
2021,Jeep,Sport utility vehicle: Small,2.0,4,X,9.1,214,A,9
2021,Jeep,Sport utility vehicle: Small,2.4,4,X,9.3,219,A,9
2021,Jeep,Sport utility vehicle: Small,3.2,6,X,10.2,240,A,9
2021,Jeep,Sport utility vehicle: Small,2.0,4,X,9.8,229,A,9
2021,Jeep,Sport utility vehicle: Small,2.4,4,X,9.8,230,A,9
2021,Jeep,Sport utility vehicle: Small,3.2,6,X,10.6,249,A,9
2021,Jeep,Sport utility vehicle: Small,2.0,4,X,10.2,240,A,9
2021,Jeep,Sport utility vehicle: Small,3.2,6,X,11.1,259,A,9
2021,Jeep,Sport utility vehicle: Small,3.2,6,X,11.5,268,A,9
2021,Jeep,Sport utility vehicle: Small,2.4,4,X,9.3,218,A,6
2021,Jeep,Sport utility vehicle: Small,2.4,4,X,9.5,222,A,9
2021,Jeep,Pickup truck: Standard,3.0,6,D,9.8,263,A,8
2021,Jeep,Pickup truck: Standard,3.0,6,D,10.0,271,A,8
2021,Jeep,Pickup truck: Standard,3.6,6,X,12.3,290,A,8
2021,Jeep,Pickup truck: Standard,3.6,6,X,12.6,296,M,6
2021,Jeep,Sport utility vehicle: Standard,3.6,6,X,11.3,265,A,8
2021,Jeep,Sport utility vehicle: Standard,5.7,8,X,14.1,331,A,8
2021,Jeep,Sport utility vehicle: Standard,6.4,8,Z,15.7,368,A,8
2021,Jeep,Sport utility vehicle: Standard,6.2,8,Z,17.7,413,A,8
2021,Jeep,Sport utility vehicle: Standard,3.6,6,X,11.3,266,A,8
2021,Jeep,Sport utility vehicle: Standard,5.7,8,X,14.1,331,A,8
2021,Jeep,Sport utility vehicle: Small,1.3,4,X,8.7,204,A,9
2021,Jeep,Sport utility vehicle: Small,2.4,4,X,9.5,222,A,9
2021,Jeep,Sport utility vehicle: Small,1.3,4,X,9.2,222,A,9
2021,Jeep,Sport utility vehicle: Small,1.3,4,X,9.9,231,A,9
2021,Jeep,Sport utility vehicle: Small,2.4,4,X,9.8,230,A,9
2021,Jeep,Sport utility vehicle: Small,2.0,4,X,10.3,241,A,8
2021,Jeep,Sport utility vehicle: Small,3.6,6,X,11.8,274,A,8
2021,Jeep,Sport utility vehicle: Small,3.6,6,X,11.0,258,A,8
2021,Jeep,Sport utility vehicle: Small,3.6,6,X,11.8,277,M,6
2021,Jeep,Sport utility vehicle: Small,2.0,4,X,10.8,251,A,8
2021,Jeep,Sport utility vehicle: Small,3.0,6,D,9.5,255,A,8
2021,Jeep,Sport utility vehicle: Small,3.0,6,D,10.2,275,A,8
2021,Jeep,Sport utility vehicle: Small,3.6,6,X,11.9,280,A,8
2021,Jeep,Sport utility vehicle: Small,3.6,6,X,11.2,262,A,8
2021,Jeep,Sport utility vehicle: Small,3.6,6,X,12.2,285,M,6
2021,Kia,Mid-size,1.6,4,X,7.8,184,AM,7
2021,Kia,Mid-size,2.0,4,X,6.9,164,AV,0
2021,Kia,Mid-size,2.0,4,X,7.6,180,M,6
2021,Kia,Full-size,1.6,4,X,8.0,190,AM,7
2021,Kia,Full-size,1.6,4,X,8.8,209,M,6
2021,Kia,Full-size,2.0,4,X,7.1,169,AV,0
2021,Kia,Full-size,2.5,4,X,8.7,207,AM,8
2021,Kia,Full-size,1.6,4,X,8.2,193,AS,8
2021,Kia,Station wagon: Small,1.6,4,X,4.6,110,AM,6
2021,Kia,Station wagon: Small,1.6,4,X,4.6,110,AM,6
2021,Kia,Station wagon: Small,1.6,4,X,5.3,124,AM,6
2021,Kia,Compact,1.6,4,X,6.7,159,AV,1
2021,Kia,Compact,1.6,4,X,7.0,166,M,6
2021,Kia,Minivan,3.3,6,X,11.5,272,AS,8
2021,Kia,Sport utility vehicle: Small,2.0,4,X,7.7,182,AV,8
2021,Kia,Sport utility vehicle: Small,1.6,4,X,8.7,205,AM,7
2021,Kia,Sport utility vehicle: Small,2.0,4,X,8.2,195,AV,8
2021,Kia,Sport utility vehicle: Small,2.5,4,X,9.9,233,AM,8
2021,Kia,Sport utility vehicle: Small,2.5,4,X,9.7,227,AS,8
2021,Kia,Station wagon: Small,2.0,4,X,7.9,187,AV,0
2021,Kia,Sport utility vehicle: Small,2.4,4,X,9.0,214,AS,6
2021,Kia,Sport utility vehicle: Small,2.0,4,X,11.0,261,AS,6
2021,Kia,Sport utility vehicle: Small,2.4,4,X,10.0,237,AS,6
2021,Kia,Mid-size,3.3,6,Z,11.8,279,AS,8
2021,Kia,Sport utility vehicle: Small,3.8,6,X,11.3,265,AS,8
2021,Lamborghini,Two-seater,6.5,12,Z,22.4,520,AM,7
2021,Lamborghini,Two-seater,6.5,12,Z,22.4,520,AM,7
2021,Lamborghini,Two-seater,6.5,12,Z,22.2,515,AM,7
2021,Lamborghini,Two-seater,6.5,12,Z,22.2,515,AM,7
2021,Lamborghini,Two-seater,6.5,12,Z,23.1,539,AM,7
2021,Lamborghini,Two-seater,6.5,12,Z,23.1,539,AM,7
2021,Lamborghini,Two-seater,5.2,10,Z,15.7,370,AM,7
2021,Lamborghini,Two-seater,5.2,10,Z,15.7,371,AM,7
2021,Lamborghini,Two-seater,5.2,10,Z,15.7,370,AM,7
2021,Lamborghini,Two-seater,5.2,10,Z,15.7,371,AM,7
2021,Lamborghini,Two-seater,5.2,10,Z,15.7,370,AM,7
2021,Lamborghini,Sport utility vehicle: Standard,4.0,8,Z,16.9,384,AS,8
2021,Land Rover,Sport utility vehicle: Standard,2.0,4,Z,12.3,289,AS,8
2021,Land Rover,Sport utility vehicle: Standard,3.0,6,Z,12.3,287,AS,8
2021,Land Rover,Sport utility vehicle: Standard,2.0,4,Z,13.0,306,AS,8
2021,Land Rover,Sport utility vehicle: Standard,3.0,6,Z,12.3,287,AS,8
2021,Land Rover,Sport utility vehicle: Standard,2.0,4,Z,11.5,271,AS,8
2021,Land Rover,Sport utility vehicle: Standard,3.0,6,Z,11.4,270,AS,8
2021,Land Rover,Sport utility vehicle: Small,2.0,4,Z,11.5,271,AS,9
2021,Land Rover,Sport utility vehicle: Standard,3.0,6,Z,11.9,279,AS,8
2021,Land Rover,Sport utility vehicle: Standard,3.0,6,D,9.5,256,AS,8
2021,Land Rover,Sport utility vehicle: Standard,5.0,8,Z,13.0,305,AS,8
2021,Land Rover,Sport utility vehicle: Standard,5.0,8,Z,13.0,305,AS,8
2021,Land Rover,Sport utility vehicle: Standard,5.0,8,Z,15.1,354,AS,8
2021,Land Rover,Sport utility vehicle: Standard,5.0,8,Z,15.6,365,AS,8
2021,Land Rover,Sport utility vehicle: Standard,3.0,6,Z,11.4,269,AS,8
2021,Land Rover,Sport utility vehicle: Standard,3.0,6,D,9.5,256,AS,8
2021,Land Rover,Sport utility vehicle: Standard,5.0,8,Z,12.5,293,AS,8
2021,Land Rover,Sport utility vehicle: Standard,5.0,8,Z,14.3,336,AS,8
2021,Land Rover,Sport utility vehicle: Small,2.0,4,Z,10.5,247,AS,9
2021,Land Rover,Sport utility vehicle: Small,2.0,4,Z,10.4,244,AS,8
2021,Land Rover,Sport utility vehicle: Small,3.0,6,Z,10.5,248,AS,8
2021,Land Rover,Sport utility vehicle: Small,3.0,6,Z,11.3,265,AS,8
2021,Lexus,Mid-size,2.5,4,X,8.4,197,AS,8
2021,Lexus,Mid-size,2.5,4,X,5.3,124,AV,6
2021,Lexus,Mid-size,3.5,6,X,9.1,213,AS,8
2021,Lexus,Mid-size,3.5,6,X,9.4,219,AS,8
2021,Lexus,Sport utility vehicle: Standard,4.6,8,Z,14.5,337,AS,6
2021,Lexus,Compact,2.0,4,Z,9.5,221,AS,8
2021,Lexus,Compact,3.5,6,Z,10.8,253,AS,6
2021,Lexus,Compact,3.5,6,Z,10.8,253,AS,6
2021,Lexus,Subcompact,5.0,8,Z,12.6,294,AS,10
2021,Lexus,Minicompact,5.0,8,Z,13.0,304,AS,10
2021,Lexus,Subcompact,3.5,6,Z,8.1,189,AV,10
2021,Lexus,Mid-size,3.5,6,Z,11.1,269,AS,10
2021,Lexus,Mid-size,3.5,6,Z,9.2,213,AV,10
2021,Lexus,Sport utility vehicle: Standard,5.7,8,Z,16.9,395,AS,8
2021,Lexus,Sport utility vehicle: Small,2.0,4,Z,9.7,226,AS,6
2021,Lexus,Sport utility vehicle: Small,2.0,4,Z,9.9,232,AS,6
2021,Lexus,Sport utility vehicle: Small,2.5,4,X,7.5,175,AV,6
2021,Lexus,Subcompact,3.5,6,Z,10.8,253,AS,6
2021,Lexus,Subcompact,3.5,6,Z,10.8,253,AS,6
2021,Lexus,Subcompact,5.0,8,Z,12.2,285,AS,8
2021,Lexus,Sport utility vehicle: Small,3.5,6,X,10.8,252,AS,8
2021,Lexus,Sport utility vehicle: Small,3.5,6,X,11.1,268,AS,8
2021,Lexus,Sport utility vehicle: Standard,3.5,6,Z,7.9,185,AV,6
2021,Lexus,Sport utility vehicle: Standard,3.5,6,Z,8.1,190,AV,6
2021,Lexus,Mid-size,2.0,4,X,7.2,168,AS,10
2021,Lexus,Compact,2.0,4,X,5.6,130,AV,6
2021,Lexus,Compact,2.0,4,X,6.0,140,AV,6
2021,Lincoln,Sport utility vehicle: Standard,3.0,6,X,11.9,280,AS,10
2021,Lincoln,Sport utility vehicle: Small,2.0,4,X,9.8,229,AS,8
2021,Lincoln,Sport utility vehicle: Small,2.3,4,X,9.9,232,AS,8
2021,Lincoln,Sport utility vehicle: Small,2.0,4,X,10.7,252,A,8
2021,Lincoln,Sport utility vehicle: Small,2.0,4,X,10.7,252,AS,8
2021,Lincoln,Sport utility vehicle: Small,2.7,6,X,11.1,262,AS,8
2021,Lincoln,Sport utility vehicle: Standard,3.5,6,X,13.5,316,AS,10
2021,Maserati,Mid-size,3.0,6,Z,11.9,277,A,8
2021,Maserati,Mid-size,3.0,6,Z,11.9,277,A,8
2021,Maserati,Mid-size,3.0,6,Z,12.6,293,A,8
2021,Maserati,Mid-size,3.8,8,Z,14.9,348,A,8
2021,Maserati,Sport utility vehicle: Standard,3.0,6,Z,13.2,308,A,8
2021,Maserati,Sport utility vehicle: Standard,3.0,6,Z,13.2,308,A,8
2021,Maserati,Sport utility vehicle: Standard,3.8,8,Z,15.0,349,A,8
2021,Maserati,Sport utility vehicle: Standard,3.8,8,Z,15.0,349,A,8
2021,Maserati,Full-size,3.0,6,Z,12.5,291,A,8
2021,Maserati,Full-size,3.0,6,Z,12.6,293,A,8
2021,Maserati,Full-size,3.8,8,Z,14.9,348,A,8
2021,Mazda,Compact,2.0,4,X,7.7,179,AS,6
2021,Mazda,Compact,2.0,4,X,8.0,186,M,6
2021,Mazda,Compact,2.0,4,X,8.1,189,AS,6
2021,Mazda,Sport utility vehicle: Small,2.0,4,X,8.1,189,AS,6
2021,Mazda,Sport utility vehicle: Small,2.5,4,X,8.3,194,AS,6
2021,Mazda,Sport utility vehicle: Small,2.0,4,X,8.6,202,AS,6
2021,Mazda,Sport utility vehicle: Small,2.5,4,X,8.9,208,AS,6
2021,Mazda,Sport utility vehicle: Small,2.5,4,X,9.3,220,AS,6
2021,Mazda,Sport utility vehicle: Small,2.5,4,X,8.8,206,AS,6
2021,Mazda,Sport utility vehicle: Small,2.5,4,X,8.5,201,AS,6
2021,Mazda,Sport utility vehicle: Small,2.5,4,X,9.3,217,AS,6
2021,Mazda,Sport utility vehicle: Small,2.5,4,X,9.0,209,AS,6
2021,Mazda,Sport utility vehicle: Small,2.5,4,X,9.8,230,AS,6
2021,Mazda,Sport utility vehicle: Small,2.5,4,X,10.5,244,AS,6
2021,Mazda,Compact,2.0,4,X,7.6,178,AS,6
2021,Mazda,Compact,2.0,4,X,7.7,180,M,6
2021,Mazda,Compact,2.5,4,X,7.8,184,AS,6
2021,Mazda,Compact,2.5,4,X,8.2,193,AS,6
2021,Mazda,Compact,2.5,4,X,8.8,207,AS,6
2021,Mazda,Mid-size,2.0,4,X,7.7,181,AS,6
2021,Mazda,Mid-size,2.0,4,X,7.8,181,M,6
2021,Mazda,Mid-size,2.5,4,X,8.1,190,AS,6
2021,Mazda,Mid-size,2.5,4,X,8.4,197,M,6
2021,Mazda,Mid-size,2.5,4,X,8.5,200,AS,6
2021,Mazda,Mid-size,2.5,4,X,8.9,209,AS,6
2021,Mazda,Mid-size,2.5,4,X,8.0,187,AS,6
2021,Mazda,Mid-size,2.5,4,X,8.9,208,AS,6
2021,Mazda,Two-seater,2.0,4,Z,7.9,186,AS,6
2021,Mazda,Two-seater,2.0,4,Z,8.1,189,M,6
2021,Mercedes-Benz,Subcompact,2.0,4,Z,8.4,197,AM,7
2021,Mercedes-Benz,Station wagon: Small,2.0,4,Z,8.2,193,AM,7
2021,Mercedes-Benz,Subcompact,2.0,4,Z,9.5,224,AM,7
2021,Mercedes-Benz,Station wagon: Small,2.0,4,Z,9.5,224,AM,7
2021,Mercedes-Benz,Compact,3.0,6,Z,11.3,266,A,9
2021,Mercedes-Benz,Subcompact,3.0,6,Z,10.7,251,A,9
2021,Mercedes-Benz,Subcompact,3.0,6,Z,10.8,254,A,9
2021,Mercedes-Benz,Station wagon: Small,3.0,6,Z,10.6,249,A,9
2021,Mercedes-Benz,Compact,4.0,8,Z,11.4,269,A,9
2021,Mercedes-Benz,Compact,4.0,8,Z,11.4,269,A,9
2021,Mercedes-Benz,Subcompact,4.0,8,Z,12.0,281,A,9
2021,Mercedes-Benz,Subcompact,4.0,8,Z,11.6,273,A,9
2021,Mercedes-Benz,Compact,2.0,4,Z,9.5,224,AM,7
2021,Mercedes-Benz,Compact,2.0,4,Z,10.3,242,AM,8
2021,Mercedes-Benz,Compact,3.0,6,Z,10.3,242,A,9
2021,Mercedes-Benz,Mid-size,3.0,6,Z,9.5,225,A,9
2021,Mercedes-Benz,Subcompact,3.0,6,Z,10.2,239,A,9
2021,Mercedes-Benz,Subcompact,3.0,6,Z,10.0,235,A,9
2021,Mercedes-Benz,Station wagon: Mid-size,3.0,6,Z,10.1,238,A,9
2021,Mercedes-Benz,Mid-size,4.0,8,Z,12.8,301,A,9
2021,Mercedes-Benz,Station wagon: Mid-size,4.0,8,Z,12.8,300,A,9
2021,Mercedes-Benz,Sport utility vehicle: Standard,4.0,8,Z,17.2,396,A,9
2021,Mercedes-Benz,Sport utility vehicle: Small,2.0,4,Z,9.4,219,AM,8
2021,Mercedes-Benz,Sport utility vehicle: Small,2.0,4,Z,10.4,243,AM,8
2021,Mercedes-Benz,Sport utility vehicle: Small,2.0,4,Z,10.1,237,AM,8
2021,Mercedes-Benz,Sport utility vehicle: Small,3.0,6,Z,11.6,272,A,9
2021,Mercedes-Benz,Sport utility vehicle: Small,3.0,6,Z,11.7,277,A,9
2021,Mercedes-Benz,Sport utility vehicle: Small,4.0,8,Z,13.5,319,A,9
2021,Mercedes-Benz,Sport utility vehicle: Small,4.0,8,Z,13.2,311,A,9
2021,Mercedes-Benz,Sport utility vehicle: Standard,3.0,6,Z,12.1,285,A,9
2021,Mercedes-Benz,Sport utility vehicle: Standard,3.0,6,Z,11.7,273,A,9
2021,Mercedes-Benz,Sport utility vehicle: Standard,4.0,8,Z,14.5,340,A,9
2021,Mercedes-Benz,Sport utility vehicle: Standard,4.0,8,Z,14.7,347,A,9
2021,Mercedes-Benz,Sport utility vehicle: Standard,4.0,8,Z,14.8,347,A,9
2021,Mercedes-Benz,Compact,3.0,6,Z,10.9,255,A,9
2021,Mercedes-Benz,Compact,4.0,8,Z,13.7,322,A,9
2021,Mercedes-Benz,Compact,4.0,8,Z,13.3,312,A,9
2021,Mercedes-Benz,Two-seater,4.0,8,Z,13.9,328,AM,7
2021,Mercedes-Benz,Two-seater,4.0,8,Z,14.2,332,AM,7
2021,Mercedes-Benz,Two-seater,4.0,8,Z,14.1,330,AM,7
2021,Mercedes-Benz,Two-seater,4.0,8,Z,14.4,339,AM,7
2021,Mercedes-Benz,Subcompact,4.0,8,Z,13.5,317,A,9
2021,Mercedes-Benz,Compact,4.0,8,Z,12.4,293,A,9
2021,Mercedes-Benz,Compact,2.0,4,Z,8.7,204,A,9
2021,Mercedes-Benz,Subcompact,2.0,4,Z,9.5,223,A,9
2021,Mercedes-Benz,Subcompact,2.0,4,Z,9.0,210,A,9
2021,Mercedes-Benz,Station wagon: Small,2.0,4,Z,9.1,214,A,9
2021,Mercedes-Benz,Compact,2.0,4,Z,8.6,201,AM,7
2021,Mercedes-Benz,Compact,3.0,6,Z,9.4,222,A,9
2021,Mercedes-Benz,Mid-size,2.0,4,Z,9.4,221,A,9
2021,Mercedes-Benz,Mid-size,3.0,6,Z,9.2,217,A,9
2021,Mercedes-Benz,Subcompact,3.0,6,Z,9.3,219,A,9
2021,Mercedes-Benz,Subcompact,3.0,6,Z,9.3,218,A,9
2021,Mercedes-Benz,Station wagon: Mid-size,3.0,6,Z,9.6,226,A,9
2021,Mercedes-Benz,Sport utility vehicle: Standard,4.0,8,Z,13.1,307,A,9
2021,Mercedes-Benz,Sport utility vehicle: Small,2.0,4,Z,8.7,203,AM,8
2021,Mercedes-Benz,Sport utility vehicle: Small,2.0,4,Z,9.2,216,AM,8
2021,Mercedes-Benz,Sport utility vehicle: Small,2.0,4,Z,10.0,235,A,9
2021,Mercedes-Benz,Sport utility vehicle: Small,2.0,4,Z,9.6,226,A,9
2021,Mercedes-Benz,Sport utility vehicle: Standard,2.0,4,Z,10.8,254,A,9
2021,Mercedes-Benz,Sport utility vehicle: Standard,3.0,6,Z,10.4,244,A,9
2021,Mercedes-Benz,Sport utility vehicle: Standard,3.0,6,Z,11.0,257,A,9
2021,Mercedes-Benz,Sport utility vehicle: Standard,4.0,8,Z,13.0,305,A,9
2021,Mercedes-Benz,Sport utility vehicle: Standard,4.0,8,Z,14.8,346,A,9
2021,Mercedes-Benz,Full-size,4.0,8,Z,12.9,301,A,9
2021,Mercedes-Benz,Special purpose vehicle,2.0,4,Z,11.5,268,A,9
2021,Mercedes-Benz,Special purpose vehicle,2.0,4,Z,11.5,268,A,9
2021,Mercedes-Benz,Special purpose vehicle,2.0,4,Z,12.2,284,A,9
2021,Mercedes-Benz,Full-size,3.0,6,Z,9.8,230,A,9
2021,Mercedes-Benz,Subcompact,4.0,8,Z,12.0,282,A,9
2021,Mercedes-Benz,Compact,4.0,8,Z,12.0,282,A,9
2021,Mercedes-Benz,Full-size,4.0,8,Z,12.2,285,A,9
2021,MINI,Subcompact,1.5,3,Z,7.5,176,AM,7
2021,MINI,Subcompact,1.5,3,Z,7.7,180,M,6
2021,MINI,Subcompact,1.5,3,Z,7.5,176,AM,7
2021,MINI,Subcompact,1.5,3,Z,7.7,180,M,6
2021,MINI,Mid-size,1.5,3,Z,8.5,198,AS,8
2021,MINI,Minicompact,1.5,3,Z,7.5,176,AM,7
2021,MINI,Minicompact,1.5,3,Z,7.7,180,M,6
2021,MINI,Mid-size,1.5,3,Z,8.8,206,AS,8
2021,MINI,Subcompact,2.0,4,Z,7.9,184,AM,7
2021,MINI,Subcompact,2.0,4,Z,8.8,206,M,6
2021,MINI,Subcompact,2.0,4,Z,7.9,184,AM,7
2021,MINI,Subcompact,2.0,4,Z,8.8,206,M,6
2021,MINI,Mid-size,2.0,4,Z,8.9,207,AS,8
2021,MINI,Minicompact,2.0,4,Z,8.1,191,AM,7
2021,MINI,Minicompact,2.0,4,Z,9.0,209,M,6
2021,MINI,Mid-size,2.0,4,Z,9.1,212,AS,8
2021,MINI,Subcompact,2.0,4,Z,8.1,190,AS,8
2021,MINI,Subcompact,2.0,4,Z,8.8,206,M,6
2021,MINI,Mid-size,2.0,4,Z,9.0,210,AS,8
2021,MINI,Minicompact,2.0,4,Z,8.3,194,AS,8
2021,MINI,Mid-size,2.0,4,Z,9.0,210,AS,8
2021,MINI,Subcompact,2.0,4,Z,8.9,208,AS,8
2021,Mitsubishi,Compact,1.2,3,X,6.2,143,AV,0
2021,Mitsubishi,Compact,1.2,3,X,6.5,151,M,5
2021,Mitsubishi,Sport utility vehicle: Small,2.0,4,X,8.8,206,AV,6
2021,Mitsubishi,Sport utility vehicle: Small,2.0,4,X,9.2,213,AV,6
2021,Mitsubishi,Sport utility vehicle: Small,2.4,4,X,9.4,218,AV,6
2021,Nissan,Mid-size,2.5,4,X,8.0,188,AV,0
2021,Nissan,Mid-size,2.5,4,X,8.2,194,AV,0
2021,Nissan,Sport utility vehicle: Standard,5.6,8,Z,15.4,362,AS,7
2021,Nissan,Subcompact,3.8,6,Z,12.8,300,AM,6
2021,Nissan,Mid-size,1.6,4,X,7.2,169,AV,0
2021,Nissan,Mid-size,3.5,6,Z,9.9,233,AV,7
2021,Nissan,Station wagon: Mid-size,3.5,6,X,10.2,240,AV,7
2021,Nissan,Station wagon: Mid-size,3.5,6,X,10.5,248,AV,7
2021,Nissan,Special purpose vehicle,2.0,4,X,9.5,223,AV,0
2021,Nissan,Station wagon: Small,2.0,4,X,8.3,196,AV,8
2021,Nissan,Station wagon: Small,2.0,4,X,9.0,212,M,6
2021,Nissan,Station wagon: Small,2.0,4,X,8.6,202,AV,8
2021,Nissan,Sport utility vehicle: Small,2.5,4,X,8.3,194,AV,8
2021,Nissan,Sport utility vehicle: Small,2.5,4,X,8.3,195,AV,8
2021,Nissan,Mid-size,2.0,4,X,7.1,167,AV,0
2021,Nissan,Mid-size,2.0,4,X,7.3,171,AV,0
2021,Nissan,Mid-size,2.0,4,X,8.0,187,M,6
2021,Nissan,Mid-size,2.0,4,X,8.1,190,M,6
2021,Nissan,Pickup truck: Standard,5.6,8,Z,13.4,314,AS,9
2021,Nissan,Pickup truck: Standard,5.6,8,Z,13.6,321,AS,9
2021,Nissan,Compact,1.6,4,X,6.7,158,AV,0
2021,Nissan,Compact,1.6,4,X,7.7,181,M,5
2021,Porsche,Two-seater,2.0,4,Z,10.0,233,AM,7
2021,Porsche,Two-seater,2.0,4,Z,10.5,245,M,6
2021,Porsche,Two-seater,2.0,4,Z,10.1,236,AM,7
2021,Porsche,Two-seater,2.0,4,Z,10.5,245,M,6
2021,Porsche,Two-seater,2.5,4,Z,10.9,255,AM,7
2021,Porsche,Two-seater,2.5,4,Z,11.2,263,M,6
2021,Porsche,Two-seater,4.0,6,Z,11.1,260,AM,7
2021,Porsche,Two-seater,4.0,6,Z,12.2,284,M,6
2021,Porsche,Two-seater,2.0,4,Z,10.0,233,AM,7
2021,Porsche,Two-seater,2.0,4,Z,10.5,245,M,6
2021,Porsche,Two-seater,2.0,4,Z,10.1,236,AM,7
2021,Porsche,Two-seater,2.0,4,Z,10.5,245,M,6
2021,Porsche,Two-seater,2.5,4,Z,10.9,255,AM,7
2021,Porsche,Two-seater,2.5,4,Z,11.2,263,M,6
2021,Porsche,Two-seater,4.0,6,Z,11.1,260,AM,7
2021,Porsche,Two-seater,4.0,6,Z,12.2,284,M,6
2021,Porsche,Two-seater,4.0,6,Z,11.6,271,AM,7
2021,Porsche,Two-seater,4.0,6,Z,12.2,286,M,6
2021,Porsche,Two-seater,4.0,6,Z,11.6,271,AM,7
2021,Porsche,Two-seater,4.0,6,Z,12.2,286,M,6
2021,Porsche,Minicompact,3.0,6,Z,11.6,275,AM,8
2021,Porsche,Minicompact,3.0,6,Z,11.6,275,AM,8
2021,Porsche,Minicompact,3.0,6,Z,11.6,275,AM,8
2021,Porsche,Minicompact,3.0,6,Z,11.6,275,AM,8
2021,Porsche,Minicompact,3.0,6,Z,11.7,274,AM,8
2021,Porsche,Minicompact,3.0,6,Z,11.3,264,M,7
2021,Porsche,Minicompact,3.0,6,Z,11.8,275,AM,8
2021,Porsche,Minicompact,3.0,6,Z,11.8,275,M,7
2021,Porsche,Minicompact,3.0,6,Z,11.7,273,AM,8
2021,Porsche,Minicompact,3.0,6,Z,11.8,275,M,7
2021,Porsche,Minicompact,3.0,6,Z,11.7,273,AM,8
2021,Porsche,Minicompact,3.0,6,Z,12.0,281,M,7
2021,Porsche,Minicompact,3.0,6,Z,11.6,275,AM,8
2021,Porsche,Minicompact,3.0,6,Z,11.8,274,AM,8
2021,Porsche,Minicompact,3.0,6,Z,11.9,278,M,7
2021,Porsche,Minicompact,3.7,6,Z,13.7,321,AM,8
2021,Porsche,Minicompact,3.7,6,Z,13.9,324,AM,8
2021,Porsche,Minicompact,3.7,6,Z,13.7,321,AM,8
2021,Porsche,Minicompact,3.7,6,Z,14.1,328,AM,8
2021,Porsche,Sport utility vehicle: Standard,3.0,6,Z,11.5,269,AS,8
2021,Porsche,Sport utility vehicle: Standard,3.0,6,Z,11.6,271,AS,8
2021,Porsche,Sport utility vehicle: Standard,2.9,6,Z,11.9,278,AS,8
2021,Porsche,Sport utility vehicle: Standard,2.9,6,Z,12.3,286,AS,8
2021,Porsche,Sport utility vehicle: Standard,4.0,8,Z,14.2,331,AS,8
2021,Porsche,Sport utility vehicle: Standard,4.0,8,Z,14.0,326,AS,8
2021,Porsche,Sport utility vehicle: Standard,4.0,8,Z,14.1,329,AS,8
2021,Porsche,Sport utility vehicle: Standard,4.0,8,Z,14.2,332,AS,8
2021,Porsche,Sport utility vehicle: Small,2.0,4,Z,11.3,264,AM,7
2021,Porsche,Sport utility vehicle: Small,2.9,6,Z,11.5,274,AM,7
2021,Porsche,Sport utility vehicle: Small,2.9,6,Z,12.2,285,AM,7
2021,Porsche,Sport utility vehicle: Small,2.9,6,Z,12.5,293,AM,7
2021,Porsche,Full-size,2.9,6,Z,11.6,274,AM,8
2021,Porsche,Full-size,2.9,6,Z,11.5,274,AM,8
2021,Porsche,Full-size,2.9,6,Z,12.2,289,AM,8
2021,Porsche,Full-size,2.9,6,Z,11.7,274,AM,8
2021,Porsche,Full-size,2.9,6,Z,11.4,276,AM,8
2021,Porsche,Full-size,2.9,6,Z,12.2,292,AM,8
2021,Porsche,Full-size,2.9,6,Z,12.2,292,AM,8
2021,Porsche,Full-size,4.0,8,Z,13.7,323,AM,8
2021,Porsche,Full-size,4.0,8,Z,13.9,323,AM,8
2021,Porsche,Full-size,4.0,8,Z,13.5,326,AM,8
2021,Porsche,Full-size,4.0,8,Z,13.5,326,AM,8
2021,Porsche,Full-size,4.0,8,Z,13.5,326,AM,8
2021,Ram,Pickup truck: Standard,3.0,6,D,9.0,243,A,8
2021,Ram,Pickup truck: Standard,3.0,6,D,8.9,238,A,8
2021,Ram,Pickup truck: Standard,3.6,6,X,10.8,253,A,8
2021,Ram,Pickup truck: Standard,3.6,6,X,10.4,245,A,8
2021,Ram,Pickup truck: Standard,5.7,8,X,13.6,320,A,8
2021,Ram,Pickup truck: Standard,5.7,8,X,12.4,290,A,8
2021,Ram,Pickup truck: Standard,3.0,6,D,9.7,260,A,8
2021,Ram,Pickup truck: Standard,3.6,6,X,11.0,259,A,8
2021,Ram,Pickup truck: Standard,5.7,8,X,13.8,325,A,8
2021,Ram,Pickup truck: Standard,5.7,8,X,12.5,294,A,8
2021,Ram,Pickup truck: Standard,6.2,8,Z,19.8,465,A,8
2021,Ram,Pickup truck: Standard,3.6,6,X,11.9,280,A,8
2021,Ram,Pickup truck: Standard,5.7,8,X,13.6,319,A,8
2021,Ram,Pickup truck: Standard,3.6,6,X,12.6,294,A,8
2021,Ram,Pickup truck: Standard,5.7,8,X,14.1,330,A,8
2021,Ram,Special purpose vehicle,2.4,4,X,9.9,232,A,9
2021,Rolls-Royce,Station wagon: Mid-size,6.7,12,Z,16.5,386,AS,8
2021,Rolls-Royce,Station wagon: Mid-size,6.7,12,Z,16.5,386,AS,8
2021,Rolls-Royce,Compact,6.6,12,Z,17.4,408,AS,8
2021,Rolls-Royce,Compact,6.6,12,Z,17.4,408,AS,8
2021,Rolls-Royce,Full-size,6.7,12,Z,16.7,387,AS,8
2021,Rolls-Royce,Full-size,6.7,12,Z,16.7,387,AS,8
2021,Rolls-Royce,Full-size,6.7,12,Z,16.3,382,AS,8
2021,Rolls-Royce,Full-size,6.7,12,Z,16.3,382,AS,8
2021,Rolls-Royce,Mid-size,6.6,12,Z,16.5,387,AS,8
2021,Rolls-Royce,Mid-size,6.6,12,Z,16.5,387,AS,8
2021,Subaru,Sport utility vehicle: Standard,2.4,4,X,10.4,244,AV,8
2021,Subaru,Sport utility vehicle: Small,2.0,4,X,7.9,185,AV,8
2021,Subaru,Sport utility vehicle: Small,2.0,4,X,9.4,220,M,6
2021,Subaru,Sport utility vehicle: Small,2.5,4,X,8.0,188,AV,8
2021,Subaru,Sport utility vehicle: Small,2.5,4,X,8.2,192,AV,7
2021,Subaru,Mid-size,2.0,4,X,7.5,174,AV,7
2021,Subaru,Mid-size,2.0,4,X,9.0,210,M,5
2021,Subaru,Station wagon: Small,2.0,4,X,7.6,178,AV,7
2021,Subaru,Station wagon: Small,2.0,4,X,9.0,211,M,5
2021,Subaru,Full-size,2.4,4,X,8.7,205,AV,8
2021,Subaru,Full-size,2.5,4,X,7.9,184,AV,8
2021,Subaru,Sport utility vehicle: Small,2.4,4,X,9.1,213,AV,8
2021,Subaru,Sport utility vehicle: Small,2.5,4,X,8.2,192,AV,8
2021,Subaru,Compact,2.0,4,Z,11.5,269,AV,8
2021,Subaru,Compact,2.0,4,Z,10.4,243,M,6
2021,Subaru,Compact,2.5,4,Z,12.8,301,M,6
2021,Toyota,Sport utility vehicle: Standard,4.0,6,X,13.8,321,AS,5
2021,Toyota,Sport utility vehicle: Standard,4.0,6,X,13.8,321,AS,5
2021,Toyota,Mid-size,3.5,6,X,9.5,221,AS,8
2021,Toyota,Mid-size,2.5,4,X,8.4,197,AS,8
2021,Toyota,Compact,2.0,4,X,8.2,189,AS,7
2021,Toyota,Mid-size,2.5,4,X,7.4,173,AS,8
2021,Toyota,Mid-size,2.5,4,X,7.6,177,AS,8
2021,Toyota,Mid-size,3.5,6,X,9.0,210,AS,8
2021,Toyota,Mid-size,3.5,6,X,9.2,215,AS,8
2021,Toyota,Mid-size,3.5,6,X,9.4,220,AS,8
2021,Toyota,Mid-size,2.5,4,X,8.2,190,AS,8
2021,Toyota,Mid-size,2.5,4,X,8.4,197,AS,8
2021,Toyota,Mid-size,2.5,4,X,4.9,113,AV,0
2021,Toyota,Mid-size,2.5,4,X,5.1,121,AV,0
2021,Toyota,Compact,1.8,4,X,7.1,165,AV,0
2021,Toyota,Compact,1.8,4,X,7.3,170,AV,0
2021,Toyota,Compact,1.8,4,X,7.1,165,M,6
2021,Toyota,Compact,2.0,4,X,6.8,159,AV,10
2021,Toyota,Compact,2.0,4,X,7.0,164,AV,10
2021,Toyota,Compact,2.0,4,X,7.4,173,M,6
2021,Toyota,Compact,2.0,4,X,7.0,164,AV,10
2021,Toyota,Compact,2.0,4,X,7.5,178,M,6
2021,Toyota,Compact,2.0,4,X,6.7,158,AV,10
2021,Toyota,Compact,2.0,4,X,7.6,179,M,6
2021,Toyota,Compact,1.8,4,X,4.5,106,AV,0
2021,Toyota,Two-seater,2.0,4,Z,8.4,197,AS,8
2021,Toyota,Two-seater,3.0,6,Z,9.4,218,AS,8
2021,Toyota,Sport utility vehicle: Small,3.5,6,X,10.3,240,AS,8
2021,Toyota,Sport utility vehicle: Small,3.5,6,X,10.3,241,AS,8
2021,Toyota,Sport utility vehicle: Standard,2.5,4,X,6.7,158,AV,0
2021,Toyota,Sport utility vehicle: Standard,2.5,4,X,6.7,156,AV,0
2021,Toyota,Mid-size,1.8,4,X,4.5,106,AV,0
2021,Toyota,Mid-size,1.8,4,X,4.8,111,AV,0
2021,Toyota,Sport utility vehicle: Small,2.5,4,X,7.9,184,AS,8
2021,Toyota,Sport utility vehicle: Small,2.5,4,X,7.7,180,AS,8
2021,Toyota,Sport utility vehicle: Small,2.5,4,X,8.4,195,AS,8
2021,Toyota,Sport utility vehicle: Small,2.5,4,X,8.0,187,AS,8
2021,Toyota,Sport utility vehicle: Small,2.5,4,X,7.9,184,AS,8
2021,Toyota,Sport utility vehicle: Small,2.5,4,X,8.5,200,AS,8
2021,Toyota,Sport utility vehicle: Small,2.5,4,X,6.0,140,AV,0
2021,Toyota,Sport utility vehicle: Standard,5.7,8,X,16.4,384,AS,6
2021,Toyota,Minivan,2.5,4,X,6.5,153,AV,0
2021,Toyota,Minivan,2.5,4,X,6.7,157,AV,0
2021,Toyota,Pickup truck: Small,3.5,6,X,11.8,278,AS,6
2021,Toyota,Pickup truck: Small,3.5,6,X,12.7,299,M,6
2021,Toyota,Pickup truck: Small,3.5,6,X,12.9,300,M,6
2021,Toyota,Pickup truck: Standard,5.7,8,X,15.9,371,AS,6
2021,Toyota,Pickup truck: Standard,5.7,8,X,16.3,382,AS,6
2021,Toyota,Sport utility vehicle: Small,2.5,4,X,6.1,141,AV,0
2021,Volkswagen,Full-size,2.0,4,Z,9.8,230,AS,8
2021,Volkswagen,Sport utility vehicle: Small,2.0,4,X,10.9,256,AS,8
2021,Volkswagen,Sport utility vehicle: Standard,3.6,6,X,12.9,301,AS,8
2021,Volkswagen,Sport utility vehicle: Small,2.0,4,X,10.9,257,AS,8
2021,Volkswagen,Sport utility vehicle: Small,3.6,6,X,12.3,289,AS,8
2021,Volkswagen,Compact,1.4,4,X,7.5,174,AS,8
2021,Volkswagen,Compact,1.4,4,X,7.1,166,M,6
2021,Volkswagen,Compact,2.0,4,X,8.6,201,AM,7
2021,Volkswagen,Compact,2.0,4,X,9.1,213,M,6
2021,Volkswagen,Compact,1.4,4,X,7.1,165,AS,8
2021,Volkswagen,Compact,1.4,4,X,6.9,162,M,6
2021,Volkswagen,Compact,2.0,4,X,8.4,195,AM,7
2021,Volkswagen,Compact,2.0,4,X,8.5,198,M,6
2021,Volkswagen,Mid-size,2.0,4,X,8.3,195,AS,6
2021,Volkswagen,Sport utility vehicle: Small,2.0,4,X,9.4,219,AS,8
2021,Volkswagen,Sport utility vehicle: Small,2.0,4,X,9.9,232,AS,8
2021,Volvo,Compact,2.0,4,Z,8.6,200,AS,8
2021,Volvo,Compact,2.0,4,Z,9.2,215,AS,8
2021,Volvo,Compact,2.0,4,Z,9.4,219,AS,8
2021,Volvo,Mid-size,2.0,4,Z,9.6,224,AS,8
2021,Volvo,Station wagon: Small,2.0,4,Z,8.6,200,AS,8
2021,Volvo,Station wagon: Small,2.0,4,Z,9.6,224,AS,8
2021,Volvo,Station wagon: Small,2.0,4,Z,9.4,220,AS,8
2021,Volvo,Sport utility vehicle: Small,2.0,4,X,9.3,217,AS,8
2021,Volvo,Sport utility vehicle: Small,2.0,4,Z,9.4,219,AS,8
2021,Volvo,Sport utility vehicle: Small,2.0,4,Z,9.9,230,AS,8
2021,Volvo,Sport utility vehicle: Small,2.0,4,Z,10.3,240,AS,8
2021,Volvo,Sport utility vehicle: Standard,2.0,4,Z,10.1,236,AS,8
2021,Volvo,Sport utility vehicle: Standard,2.0,4,Z,10.5,245,AS,8
2022,Acura,Compact,2.4,4,Z,8.6,200,AM,8
2022,Acura,Sport utility vehicle: Small,3.5,6,Z,11.2,263,AS,10
2022,Acura,Sport utility vehicle: Standard,3.0,6,Z,12.4,291,AS,10
2022,Acura,Two-seater,3.5,6,Z,11.0,256,AM,9
2022,Acura,Sport utility vehicle: Small,2.0,4,Z,9.9,232,AS,10
2022,Acura,Sport utility vehicle: Small,2.0,4,Z,10.3,242,AS,10
2022,Acura,Compact,2.0,4,Z,9.8,230,AS,10
2022,Acura,Compact,2.0,4,Z,9.8,231,AS,10
2022,Acura,Compact,3.0,6,Z,11.0,256,AS,10
2022,Acura,Compact,3.0,6,Z,11.2,261,AS,10
2022,Alfa Romeo,Mid-size,2.0,4,Z,8.7,205,A,8
2022,Alfa Romeo,Mid-size,2.0,4,Z,9.2,217,A,8
2022,Alfa Romeo,Mid-size,2.9,6,Z,11.6,271,A,8
2022,Alfa Romeo,Sport utility vehicle: Small,2.0,4,Z,9.3,218,A,8
2022,Alfa Romeo,Sport utility vehicle: Small,2.0,4,Z,9.6,226,A,8
2022,Alfa Romeo,Sport utility vehicle: Small,2.9,6,Z,12.3,288,A,8
2022,Aston Martin,Minicompact,4.0,8,Z,11.5,271,A,8
2022,Aston Martin,Minicompact,5.2,12,Z,13.8,324,A,8
2022,Aston Martin,Minicompact,5.2,12,Z,13.8,324,A,8
2022,Aston Martin,Sport utility vehicle: Standard,4.0,8,Z,14.6,343,A,9
2022,Aston Martin,Two-seater,4.0,8,Z,11.5,270,A,8
2022,Audi,Subcompact,2.0,4,X,7.6,178,AM,7
2022,Audi,Compact,2.0,4,Z,8.2,190,AM,7
2022,Audi,Compact,2.0,4,Z,8.8,205,AM,7
2022,Audi,Station wagon: Small,2.0,4,Z,8.9,208,AM,7
2022,Audi,Subcompact,2.0,4,Z,9.1,214,AM,7
2022,Audi,Subcompact,2.0,4,Z,8.8,205,AM,7
2022,Audi,Mid-size,2.0,4,Z,8.8,205,AM,7
2022,Audi,Mid-size,2.0,4,Z,8.9,208,AM,7
2022,Audi,Mid-size,3.0,6,Z,9.6,224,AM,7
2022,Audi,Station wagon: Mid-size,3.0,6,Z,10.0,234,AM,7
2022,Audi,Mid-size,3.0,6,Z,9.6,224,AM,7
2022,Audi,Full-size,3.0,6,Z,10.6,248,AS,8
2022,Audi,Sport utility vehicle: Small,2.0,4,X,9.2,215,AS,8
2022,Audi,Sport utility vehicle: Small,2.0,4,X,10.0,233,AS,8
2022,Audi,Sport utility vehicle: Small,2.0,4,Z,9.3,217,AM,7
2022,Audi,Sport utility vehicle: Small,2.0,4,Z,9.4,220,AM,7
2022,Audi,Sport utility vehicle: Small,2.0,4,Z,9.4,220,AM,7
2022,Audi,Sport utility vehicle: Standard,2.0,4,Z,10.8,252,AS,8
2022,Audi,Sport utility vehicle: Standard,3.0,6,Z,11.7,273,AS,8
2022,Audi,Sport utility vehicle: Standard,3.0,6,Z,11.7,273,AS,8
2022,Audi,Two-seater,5.2,10,Z,13.8,322,AM,7
2022,Audi,Two-seater,5.2,10,Z,15.3,356,AM,7
2022,Audi,Two-seater,5.2,10,Z,13.8,322,AM,7
2022,Audi,Two-seater,5.2,10,Z,15.3,356,AM,7
2022,Audi,Subcompact,2.9,6,Z,11.4,267,AS,8
2022,Audi,Mid-size,2.9,6,Z,11.4,268,AS,8
2022,Audi,Station wagon: Mid-size,4.0,8,Z,13.7,319,AS,8
2022,Audi,Mid-size,4.0,8,Z,13.5,315,AS,8
2022,Audi,Sport utility vehicle: Standard,4.0,8,Z,15.4,360,AS,8
2022,Audi,Subcompact,2.0,4,Z,8.8,206,AM,7
2022,Audi,Compact,3.0,6,Z,9.7,227,AS,8
2022,Audi,Subcompact,3.0,6,Z,10.0,233,AS,8
2022,Audi,Subcompact,3.0,6,Z,9.7,227,AS,8
2022,Audi,Mid-size,3.0,6,Z,9.7,227,AS,8
2022,Audi,Mid-size,2.9,6,Z,10.9,254,AS,8
2022,Audi,Mid-size,2.9,6,Z,10.9,254,AS,8
2022,Audi,Full-size,4.0,8,Z,13.8,323,AS,8
2022,Audi,Sport utility vehicle: Small,3.0,6,Z,11.2,262,AS,8
2022,Audi,Sport utility vehicle: Small,3.0,6,Z,11.2,262,AS,8
2022,Audi,Sport utility vehicle: Standard,4.0,8,Z,13.9,325,AS,8
2022,Audi,Sport utility vehicle: Standard,4.0,8,Z,13.9,325,AS,8
2022,Audi,Subcompact,2.0,4,X,9.4,218,AM,7
2022,Audi,Two-seater,2.0,4,X,9.4,218,AM,7
2022,Audi,Subcompact,2.0,4,Z,9.0,209,AM,7
2022,Bentley,Sport utility vehicle: Standard,4.0,8,Z,13.2,309,AS,8
2022,Bentley,Sport utility vehicle: Standard,6.0,12,Z,16.3,383,AS,8
2022,Bentley,Subcompact,4.0,8,Z,12.2,287,AM,8
2022,Bentley,Minicompact,4.0,8,Z,12.5,294,AM,8
2022,Bentley,Subcompact,6.0,12,Z,16.2,379,AM,8
2022,Bentley,Minicompact,6.0,12,Z,17.0,395,AM,8
2022,Bentley,Mid-size,4.0,8,Z,13.7,323,AM,8
2022,Bentley,Mid-size,6.0,12,Z,16.0,373,AM,8
2022,BMW,Compact,2.0,4,Z,8.3,195,AS,8
2022,BMW,Subcompact,2.0,4,Z,8.7,202,AS,8
2022,BMW,Subcompact,2.0,4,Z,8.7,202,AS,8
2022,BMW,Mid-size,2.0,4,Z,8.9,206,AS,8
2022,BMW,Full-size,3.0,6,Z,9.4,219,AS,8
2022,BMW,Full-size,4.4,8,Z,12.0,279,AS,8
2022,BMW,Full-size,4.4,8,Z,12.0,279,AS,8
2022,BMW,Full-size,4.4,8,Z,12.0,279,AS,8
2022,BMW,Mid-size,4.4,8,Z,12.0,279,AS,8
2022,BMW,Sport utility vehicle: Standard,4.4,8,Z,13.8,321,AS,8
2022,BMW,Compact,2.0,4,Z,9.2,214,AS,8
2022,BMW,Subcompact,3.0,6,Z,9.1,212,AS,8
2022,BMW,Compact,3.0,6,Z,12.6,293,M,6
2022,BMW,Compact,3.0,6,Z,12.6,292,AS,8
2022,BMW,Compact,3.0,6,Z,12.7,296,AS,8
2022,BMW,Compact,3.0,6,Z,9.2,214,AS,8
2022,BMW,Subcompact,3.0,6,Z,12.9,301,AS,8
2022,BMW,Subcompact,3.0,6,Z,12.6,293,M,6
2022,BMW,Subcompact,3.0,6,Z,12.6,292,AS,8
2022,BMW,Subcompact,3.0,6,Z,12.7,296,AS,8
2022,BMW,Subcompact,3.0,6,Z,9.1,211,AS,8
2022,BMW,Subcompact,3.0,6,Z,9.2,214,AS,8
2022,BMW,Compact,3.0,6,Z,9.6,224,AS,8
2022,BMW,Mid-size,4.4,8,Z,13.8,322,AS,8
2022,BMW,Mid-size,4.4,8,Z,13.8,322,AS,8
2022,BMW,Mid-size,4.4,8,Z,13.8,322,AS,8
2022,BMW,Mid-size,4.4,8,Z,11.6,271,AS,8
2022,BMW,Full-size,6.6,12,Z,15.1,354,AS,8
2022,BMW,Subcompact,4.4,8,Z,13.8,322,AS,8
2022,BMW,Subcompact,4.4,8,Z,13.8,322,AS,8
2022,BMW,Subcompact,4.4,8,Z,13.8,322,AS,8
2022,BMW,Subcompact,4.4,8,Z,13.8,322,AS,8
2022,BMW,Mid-size,4.4,8,Z,13.8,322,AS,8
2022,BMW,Mid-size,4.4,8,Z,13.8,322,AS,8
2022,BMW,Subcompact,4.4,8,Z,12.0,279,AS,8
2022,BMW,Subcompact,4.4,8,Z,11.6,271,AS,8
2022,BMW,Mid-size,4.4,8,Z,12.0,279,AS,8
2022,BMW,Sport utility vehicle: Small,2.0,4,Z,9.1,213,AS,8
2022,BMW,Sport utility vehicle: Small,2.0,4,Z,8.8,207,AS,8
2022,BMW,Sport utility vehicle: Small,2.0,4,Z,8.9,207,AS,8
2022,BMW,Sport utility vehicle: Small,2.0,4,Z,9.9,230,AS,8
2022,BMW,Sport utility vehicle: Small,3.0,6,Z,13.9,323,AS,8
2022,BMW,Sport utility vehicle: Small,3.0,6,Z,13.9,323,AS,8
2022,BMW,Sport utility vehicle: Small,3.0,6,Z,10.3,241,AS,8
2022,BMW,Sport utility vehicle: Small,2.0,4,Z,9.9,230,AS,8
2022,BMW,Sport utility vehicle: Small,3.0,6,Z,13.9,323,AS,8
2022,BMW,Sport utility vehicle: Small,3.0,6,Z,13.9,323,AS,8
2022,BMW,Sport utility vehicle: Small,3.0,6,Z,10.3,241,AS,8
2022,BMW,Sport utility vehicle: Standard,3.0,6,Z,10.4,241,AS,8
2022,BMW,Sport utility vehicle: Standard,4.4,8,Z,15.7,364,AS,8
2022,BMW,Sport utility vehicle: Standard,4.4,8,Z,15.7,364,AS,8
2022,BMW,Sport utility vehicle: Standard,4.4,8,Z,12.7,302,AS,8
2022,BMW,Sport utility vehicle: Standard,3.0,6,Z,10.4,241,AS,8
2022,BMW,Sport utility vehicle: Standard,4.4,8,Z,15.7,364,AS,8
2022,BMW,Sport utility vehicle: Standard,4.4,8,Z,15.7,364,AS,8
2022,BMW,Sport utility vehicle: Standard,4.4,8,Z,12.7,302,AS,8
2022,BMW,Sport utility vehicle: Standard,3.0,6,Z,11.1,256,AS,8
2022,BMW,Sport utility vehicle: Standard,4.4,8,Z,13.8,321,AS,8
2022,BMW,Two-seater,2.0,4,Z,8.5,199,AS,8
2022,BMW,Two-seater,3.0,6,Z,9.6,223,AS,8
2022,Bugatti,Two-seater,8.0,16,Z,22.2,522,AM,7
2022,Bugatti,Two-seater,8.0,16,Z,26.1,608,AM,7
2022,Bugatti,Two-seater,8.0,16,Z,26.1,608,AM,7
2022,Buick,Sport utility vehicle: Standard,3.6,6,X,11.2,263,A,9
2022,Buick,Sport utility vehicle: Standard,3.6,6,X,11.8,277,A,9
2022,Buick,Sport utility vehicle: Small,1.4,4,X,8.6,201,AS,6
2022,Buick,Sport utility vehicle: Small,1.4,4,X,9.1,214,AS,6
2022,Buick,Sport utility vehicle: Small,1.2,3,X,7.8,184,AV,0
2022,Buick,Sport utility vehicle: Small,1.3,3,X,7.9,185,AV,0
2022,Buick,Sport utility vehicle: Small,1.3,3,X,8.6,202,A,9
2022,Buick,Sport utility vehicle: Small,2.0,4,X,8.9,209,AS,9
2022,Buick,Sport utility vehicle: Small,2.0,4,X,9.5,220,AS,9
2022,Cadillac,Compact,2.0,4,Z,8.8,206,AS,8
2022,Cadillac,Compact,2.7,4,Z,9.5,221,AS,10
2022,Cadillac,Compact,2.0,4,Z,9.2,216,AS,8
2022,Cadillac,Compact,2.7,4,Z,10.0,233,AS,10
2022,Cadillac,Compact,2.7,4,Z,10.2,239,AS,10
2022,Cadillac,Compact,2.7,4,Z,10.4,244,AS,10
2022,Cadillac,Compact,3.6,6,Z,12.6,297,AS,10
2022,Cadillac,Compact,3.6,6,Z,13.0,303,M,6
2022,Cadillac,Mid-size,2.0,4,Z,8.8,207,AS,10
2022,Cadillac,Mid-size,3.0,6,Z,10.7,252,AS,10
2022,Cadillac,Mid-size,2.0,4,Z,9.5,222,AS,10
2022,Cadillac,Mid-size,3.0,6,Z,11.1,260,AS,10
2022,Cadillac,Mid-size,3.0,6,Z,11.0,258,AS,10
2022,Cadillac,Mid-size,3.0,6,Z,11.1,260,AS,10
2022,Cadillac,Mid-size,6.2,8,Z,14.8,346,AS,10
2022,Cadillac,Mid-size,6.2,8,Z,15.2,356,M,6
2022,Cadillac,Sport utility vehicle: Standard,3.0,6,D,10.5,281,A,10
2022,Cadillac,Sport utility vehicle: Standard,6.2,8,Z,14.7,345,A,10
2022,Cadillac,Sport utility vehicle: Standard,6.2,8,Z,15.1,353,A,10
2022,Cadillac,Sport utility vehicle: Small,2.0,4,Z,9.0,211,AS,9
2022,Cadillac,Sport utility vehicle: Small,2.0,4,Z,9.7,225,AS,9
2022,Cadillac,Sport utility vehicle: Small,2.0,4,Z,9.6,225,AS,9
2022,Cadillac,Sport utility vehicle: Small,2.0,4,Z,10.1,237,AS,9
2022,Cadillac,Sport utility vehicle: Small,3.6,6,X,11.2,263,AS,9
2022,Cadillac,Sport utility vehicle: Small,2.0,4,Z,10.2,239,AS,9
2022,Cadillac,Sport utility vehicle: Small,3.6,6,X,11.5,269,AS,9
2022,Chevrolet,Sport utility vehicle: Small,2.0,4,X,9.4,221,A,9
2022,Chevrolet,Sport utility vehicle: Small,3.6,6,X,10.7,252,A,9
2022,Chevrolet,Sport utility vehicle: Small,2.0,4,X,9.9,232,A,9
2022,Chevrolet,Sport utility vehicle: Small,3.6,6,X,11.0,259,A,9
2022,Chevrolet,Subcompact,2.0,4,Z,9.5,222,AS,8
2022,Chevrolet,Subcompact,2.0,4,Z,10.5,239,M,6
2022,Chevrolet,Subcompact,3.6,6,X,10.7,251,AS,10
2022,Chevrolet,Subcompact,3.6,6,X,12.0,281,M,6
2022,Chevrolet,Subcompact,6.2,8,Z,12.0,281,AS,10
2022,Chevrolet,Subcompact,6.2,8,Z,12.6,296,M,6
2022,Chevrolet,Subcompact,6.2,8,Z,15.1,355,AS,10
2022,Chevrolet,Subcompact,6.2,8,Z,14.9,349,M,6
2022,Chevrolet,Pickup truck: Small,2.5,4,X,10.9,257,A,6
2022,Chevrolet,Pickup truck: Small,2.8,4,D,10.1,270,A,6
2022,Chevrolet,Pickup truck: Small,3.6,6,X,11.3,263,A,8
2022,Chevrolet,Pickup truck: Small,2.5,4,X,11.4,267,A,6
2022,Chevrolet,Pickup truck: Small,2.8,4,D,10.5,283,A,6
2022,Chevrolet,Pickup truck: Small,3.6,6,X,12.1,283,A,8
2022,Chevrolet,Pickup truck: Small,2.8,4,D,12.1,326,A,6
2022,Chevrolet,Pickup truck: Small,3.6,6,X,14.1,329,A,8
2022,Chevrolet,Two-seater,6.2,8,Z,12.6,297,AS,8
2022,Chevrolet,Sport utility vehicle: Small,1.5,4,X,8.4,198,A,6
2022,Chevrolet,Sport utility vehicle: Small,1.5,4,X,8.8,208,A,6
2022,Chevrolet,Mid-size,1.5,4,X,7.5,175,AV,0
2022,Chevrolet,Mid-size,2.0,4,Z,9.1,213,A,9
2022,Chevrolet,Pickup truck: Standard,2.7,4,X,11.6,274,A,8
2022,Chevrolet,Pickup truck: Standard,3.0,6,D,8.9,240,A,10
2022,Chevrolet,Pickup truck: Standard,5.3,8,X,14.5,341,A,6
2022,Chevrolet,Pickup truck: Standard,5.3,8,E,19.1,321,A,6
2022,Chevrolet,Pickup truck: Standard,5.3,8,X,13.4,314,A,8
2022,Chevrolet,Pickup truck: Standard,5.3,8,X,13.0,304,A,10
2022,Chevrolet,Pickup truck: Standard,2.7,4,X,13.1,306,A,8
2022,Chevrolet,Pickup truck: Standard,2.7,4,X,14.0,328,A,8
2022,Chevrolet,Pickup truck: Standard,3.0,6,D,10.1,272,A,10
2022,Chevrolet,Pickup truck: Standard,3.0,6,D,9.9,265,A,10
2022,Chevrolet,Pickup truck: Standard,3.0,6,D,11.2,298,A,10
2022,Chevrolet,Pickup truck: Standard,5.3,8,X,14.8,347,A,6
2022,Chevrolet,Pickup truck: Standard,5.3,8,E,19.5,326,A,6
2022,Chevrolet,Pickup truck: Standard,5.3,8,X,16.2,380,A,6
2022,Chevrolet,Pickup truck: Standard,5.3,8,E,21.5,358,A,6
2022,Chevrolet,Pickup truck: Standard,5.3,8,X,13.9,327,A,8
2022,Chevrolet,Pickup truck: Standard,5.3,8,X,15.3,359,A,8
2022,Chevrolet,Pickup truck: Standard,5.3,8,X,13.4,314,A,10
2022,Chevrolet,Pickup truck: Standard,5.3,8,X,14.8,347,A,10
2022,Chevrolet,Pickup truck: Standard,5.3,8,X,13.9,327,A,10
2022,Chevrolet,Pickup truck: Standard,5.3,8,X,14.4,339,A,10
2022,Chevrolet,Pickup truck: Standard,5.3,8,X,15.4,361,A,10
2022,Chevrolet,Pickup truck: Standard,5.3,8,X,15.5,364,A,10
2022,Chevrolet,Pickup truck: Standard,5.3,8,X,16.2,381,A,10
2022,Chevrolet,Pickup truck: Standard,6.2,8,Z,14.0,329,A,10
2022,Chevrolet,Pickup truck: Standard,6.2,8,Z,14.7,345,A,10
2022,Chevrolet,Pickup truck: Standard,6.2,8,Z,15.0,352,A,10
2022,Chevrolet,Pickup truck: Standard,6.2,8,Z,15.0,352,A,10
2022,Chevrolet,Pickup truck: Standard,6.2,8,Z,16.4,385,A,10
2022,Chevrolet,Pickup truck: Standard,6.2,8,Z,15.5,366,A,10
2022,Chevrolet,Subcompact,1.4,4,X,7.0,165,AV,0
2022,Chevrolet,Subcompact,1.4,4,X,7.2,170,M,5
2022,Chevrolet,Sport utility vehicle: Standard,3.0,6,D,10.1,272,A,10
2022,Chevrolet,Sport utility vehicle: Standard,5.3,8,X,14.0,327,A,10
2022,Chevrolet,Sport utility vehicle: Standard,5.3,8,X,14.1,332,A,10
2022,Chevrolet,Sport utility vehicle: Standard,3.0,6,D,10.5,281,A,10
2022,Chevrolet,Sport utility vehicle: Standard,5.3,8,X,14.3,336,A,10
2022,Chevrolet,Sport utility vehicle: Standard,5.3,8,X,15.1,354,A,10
2022,Chevrolet,Sport utility vehicle: Standard,6.2,8,Z,14.7,345,A,10
2022,Chevrolet,Sport utility vehicle: Standard,6.2,8,Z,15.1,353,A,10
2022,Chevrolet,Sport utility vehicle: Standard,3.0,6,D,9.8,263,A,10
2022,Chevrolet,Sport utility vehicle: Standard,5.3,8,X,14.0,327,A,10
2022,Chevrolet,Sport utility vehicle: Standard,5.3,8,X,14.1,332,A,10
2022,Chevrolet,Sport utility vehicle: Standard,3.0,6,D,10.5,281,A,10
2022,Chevrolet,Sport utility vehicle: Standard,5.3,8,X,14.0,327,A,10
2022,Chevrolet,Sport utility vehicle: Standard,5.3,8,X,15.1,354,A,10
2022,Chevrolet,Sport utility vehicle: Standard,6.2,8,Z,14.7,345,A,10
2022,Chevrolet,Sport utility vehicle: Standard,6.2,8,Z,15.1,353,A,10
2022,Chevrolet,Sport utility vehicle: Small,1.2,3,X,7.8,184,AV,0
2022,Chevrolet,Sport utility vehicle: Small,1.3,3,X,7.6,178,AV,0
2022,Chevrolet,Sport utility vehicle: Small,1.3,3,X,8.4,197,A,9
2022,Chevrolet,Sport utility vehicle: Standard,3.6,6,X,11.1,260,A,9
2022,Chevrolet,Sport utility vehicle: Standard,3.6,6,X,11.8,277,A,9
2022,Chevrolet,Sport utility vehicle: Small,1.4,4,X,8.6,201,AS,6
2022,Chevrolet,Sport utility vehicle: Small,1.4,4,X,9.1,214,AS,6
2022,Chrysler,Full-size,3.6,6,X,10.3,242,A,8
2022,Chrysler,Full-size,5.7,8,X,12.3,289,A,8
2022,Chrysler,Full-size,3.6,6,X,11.0,258,A,8
2022,Chrysler,Minivan,3.6,6,X,10.6,249,A,9
2022,Chrysler,Minivan,3.6,6,X,10.6,249,A,9
2022,Chrysler,Minivan,3.6,6,X,12.0,279,A,9
2022,Dodge,Mid-size,3.6,6,X,10.3,242,A,8
2022,Dodge,Mid-size,5.7,8,X,12.3,289,A,8
2022,Dodge,Mid-size,5.7,8,Z,13.1,307,M,6
2022,Dodge,Mid-size,6.4,8,Z,13.0,305,A,8
2022,Dodge,Mid-size,6.4,8,Z,13.9,325,M,6
2022,Dodge,Mid-size,3.6,6,X,11.0,258,A,8
2022,Dodge,Mid-size,6.4,8,Z,13.0,305,A,8
2022,Dodge,Mid-size,6.4,8,Z,13.9,325,M,6
2022,Dodge,Mid-size,6.2,8,Z,14.5,339,A,8
2022,Dodge,Mid-size,6.2,8,Z,15.1,352,M,6
2022,Dodge,Mid-size,6.2,8,Z,15.3,359,A,8
2022,Dodge,Mid-size,6.2,8,Z,15.1,352,M,6
2022,Dodge,Full-size,3.6,6,X,10.3,242,A,8
2022,Dodge,Full-size,5.7,8,X,12.3,289,A,8
2022,Dodge,Full-size,6.4,8,Z,13.0,305,A,8
2022,Dodge,Full-size,3.6,6,X,11.0,258,A,8
2022,Dodge,Full-size,6.4,8,Z,13.0,305,A,8
2022,Dodge,Full-size,6.2,8,Z,15.6,368,A,8
2022,Dodge,Sport utility vehicle: Standard,3.6,6,X,11.3,265,A,8
2022,Dodge,Sport utility vehicle: Standard,5.7,8,X,14.1,331,A,8
2022,Dodge,Sport utility vehicle: Standard,6.4,8,Z,15.6,363,A,8
2022,FIAT,Sport utility vehicle: Small,1.3,4,X,9.1,221,A,9
2022,Ford,Sport utility vehicle: Small,2.3,4,X,11.7,275,AS,10
2022,Ford,Sport utility vehicle: Small,2.3,4,X,11.8,277,M,7
2022,Ford,Sport utility vehicle: Small,2.7,6,X,12.4,291,AS,10
2022,Ford,Sport utility vehicle: Small,2.3,4,X,13.7,323,AS,10
2022,Ford,Sport utility vehicle: Small,2.3,4,X,14.3,336,M,7
2022,Ford,Sport utility vehicle: Small,2.7,6,X,14.1,331,AS,10
2022,Ford,Sport utility vehicle: Small,2.3,4,X,13.1,308,AS,10
2022,Ford,Sport utility vehicle: Small,2.3,4,X,13.2,310,M,7
2022,Ford,Sport utility vehicle: Standard,3.0,6,X,15.3,358,AS,10
2022,Ford,Sport utility vehicle: Small,2.3,4,X,13.4,314,AS,10
2022,Ford,Sport utility vehicle: Small,2.3,4,X,13.5,317,M,7
2022,Ford,Sport utility vehicle: Small,2.7,6,X,14.1,331,AS,10
2022,Ford,Sport utility vehicle: Small,1.5,3,X,8.9,209,A,8
2022,Ford,Sport utility vehicle: Small,2.0,4,X,10.2,240,AS,8
2022,Ford,Sport utility vehicle: Small,2.0,4,X,9.3,219,AS,6
2022,Ford,Sport utility vehicle: Small,2.0,4,X,10.1,238,A,8
2022,Ford,Sport utility vehicle: Small,2.0,4,X,10.2,239,AS,8
2022,Ford,Sport utility vehicle: Small,2.7,6,X,11.2,262,AS,8
2022,Ford,Sport utility vehicle: Small,1.5,3,X,7.8,182,A,8
2022,Ford,Sport utility vehicle: Small,1.5,3,X,8.4,198,A,8
2022,Ford,Sport utility vehicle: Small,2.0,4,X,9.2,216,A,8
2022,Ford,Sport utility vehicle: Small,2.5,4,X,5.8,136,AV,0
2022,Ford,Sport utility vehicle: Small,2.5,4,X,5.9,139,AV,0
2022,Ford,Sport utility vehicle: Standard,3.5,6,X,12.9,304,AS,10
2022,Ford,Sport utility vehicle: Standard,3.5,6,X,13.5,317,AS,10
2022,Ford,Sport utility vehicle: Standard,3.5,6,X,13.5,317,AS,10
2022,Ford,Sport utility vehicle: Standard,3.5,6,X,13.9,326,AS,10
2022,Ford,Sport utility vehicle: Standard,2.3,4,X,10.3,242,A,10
2022,Ford,Sport utility vehicle: Standard,2.3,4,X,10.7,252,A,10
2022,Ford,Sport utility vehicle: Standard,2.3,4,X,11.5,269,AS,10
2022,Ford,Sport utility vehicle: Standard,2.3,4,X,11.8,277,AS,10
2022,Ford,Sport utility vehicle: Standard,3.0,6,X,11.8,277,A,10
2022,Ford,Sport utility vehicle: Standard,3.0,6,X,11.8,277,AS,10
2022,Ford,Sport utility vehicle: Standard,3.3,6,X,9.6,225,AS,10
2022,Ford,Pickup truck: Standard,2.7,6,X,10.9,256,AS,10
2022,Ford,Pickup truck: Standard,2.7,6,X,12.0,282,AS,10
2022,Ford,Pickup truck: Standard,3.3,6,X,11.1,260,AS,10
2022,Ford,Pickup truck: Standard,3.3,6,E,15.0,249,AS,10
2022,Ford,Pickup truck: Standard,3.5,6,X,11.7,275,AS,10
2022,Ford,Pickup truck: Standard,3.5,6,X,12.0,281,AS,10
2022,Ford,Pickup truck: Standard,5.0,8,X,12.8,300,AS,10
2022,Ford,Pickup truck: Standard,5.0,8,E,17.9,298,AS,10
2022,Ford,Pickup truck: Standard,5.0,8,X,12.9,302,AS,10
2022,Ford,Pickup truck: Standard,5.0,8,E,17.4,289,AS,10
2022,Ford,Pickup truck: Standard,2.7,6,X,11.7,274,AS,10
2022,Ford,Pickup truck: Standard,3.3,6,X,11.8,277,AS,10
2022,Ford,Pickup truck: Standard,3.3,6,E,15.4,256,AS,10
2022,Ford,Pickup truck: Standard,3.5,6,X,12.1,284,AS,10
2022,Ford,Pickup truck: Standard,3.5,6,X,13.0,304,AS,10
2022,Ford,Pickup truck: Standard,5.0,8,X,12.9,304,AS,10
2022,Ford,Pickup truck: Standard,5.0,8,E,18.1,301,AS,10
2022,Ford,Pickup truck: Standard,5.0,8,X,13.1,308,AS,10
2022,Ford,Pickup truck: Standard,5.0,8,E,17.8,295,AS,10
2022,Ford,Pickup truck: Standard,3.5,6,X,14.6,344,AS,10
2022,Ford,Pickup truck: Standard,3.5,6,X,15.2,357,AS,10
2022,Ford,Pickup truck: Standard,3.5,6,X,15.3,359,AS,10
2022,Ford,Pickup truck: Standard,3.5,6,X,15.8,370,AS,10
2022,Ford,Pickup truck: Standard,3.5,6,X,13.2,310,AS,10
2022,Ford,Pickup truck: Standard,3.5,6,X,13.3,313,AS,10
2022,Ford,Pickup truck: Standard,3.5,6,X,9.7,228,AS,10
2022,Ford,Pickup truck: Standard,3.5,6,X,10.2,238,AS,10
2022,Ford,Two-seater,3.5,6,Z,16.7,395,AM,7
2022,Ford,Pickup truck: Small,2.0,4,X,9.6,226,A,8
2022,Ford,Pickup truck: Small,2.5,4,X,6.3,147,AV,0
2022,Ford,Subcompact,2.3,4,X,9.3,220,A,10
2022,Ford,Subcompact,2.3,4,X,9.8,231,AS,10
2022,Ford,Subcompact,2.3,4,X,10.3,242,AS,10
2022,Ford,Subcompact,2.3,4,X,10.0,236,M,6
2022,Ford,Subcompact,2.3,4,X,10.5,246,M,6
2022,Ford,Subcompact,5.0,8,X,12.7,298,AS,10
2022,Ford,Subcompact,5.0,8,X,13.4,314,M,6
2022,Ford,Subcompact,2.3,4,X,10.1,237,A,10
2022,Ford,Subcompact,2.3,4,X,10.4,244,AS,10
2022,Ford,Subcompact,2.3,4,X,10.7,252,AS,10
2022,Ford,Subcompact,2.3,4,X,10.4,244,M,6
2022,Ford,Subcompact,2.3,4,X,10.9,256,M,6
2022,Ford,Subcompact,5.0,8,X,13.4,314,AS,10
2022,Ford,Subcompact,5.0,8,X,12.9,302,AS,10
2022,Ford,Subcompact,5.0,8,X,14.5,339,M,6
2022,Ford,Pickup truck: Standard,2.3,4,X,10.9,256,AS,10
2022,Ford,Pickup truck: Standard,2.3,4,X,11.2,262,AS,10
2022,Ford,Pickup truck: Standard,2.3,4,X,12.4,291,AS,10
2022,Ford,Subcompact,5.2,8,Z,16.7,392,AM,7
2022,Ford,Special purpose vehicle,2.0,4,X,9.4,221,AS,8
2022,Ford,Special purpose vehicle,2.0,4,X,9.4,221,AS,8
2022,Ford,Special purpose vehicle,2.0,4,E,12.7,211,AS,8
2022,Ford,Special purpose vehicle,2.5,4,X,10.6,249,AS,6
2022,Ford,Special purpose vehicle,2.0,4,X,9.2,216,AS,8
2022,Ford,Special purpose vehicle,2.0,4,X,9.2,216,AS,8
2022,Ford,Special purpose vehicle,2.0,4,E,13.2,219,AS,8
2022,Ford,Special purpose vehicle,2.5,4,X,10.6,249,AS,6
2022,Genesis,Compact,2.0,4,Z,10.0,236,AS,8
2022,Genesis,Compact,3.3,6,Z,11.5,273,AS,8
2022,Genesis,Full-size,2.5,4,Z,9.5,225,AS,8
2022,Genesis,Full-size,3.5,6,Z,12.6,298,AS,8
2022,Genesis,Full-size,5.0,8,Z,12.8,303,AS,8
2022,Genesis,Sport utility vehicle: Small,2.5,4,Z,9.7,229,AS,8
2022,Genesis,Sport utility vehicle: Small,3.5,6,Z,11.6,275,AS,8
2022,Genesis,Sport utility vehicle: Standard,2.5,4,Z,10.5,248,AS,8
2022,Genesis,Sport utility vehicle: Standard,3.5,6,Z,11.8,279,AS,8
2022,GMC,Sport utility vehicle: Standard,2.0,4,X,9.4,221,A,9
2022,GMC,Sport utility vehicle: Standard,3.6,6,X,10.7,252,A,9
2022,GMC,Sport utility vehicle: Standard,2.0,4,X,9.9,232,A,9
2022,GMC,Sport utility vehicle: Standard,3.6,6,X,11.0,259,A,9
2022,GMC,Pickup truck: Small,2.5,4,X,10.9,257,A,6
2022,GMC,Pickup truck: Small,2.8,4,D,10.1,270,A,6
2022,GMC,Pickup truck: Small,3.6,6,X,11.3,263,A,8
2022,GMC,Pickup truck: Small,2.5,4,X,11.4,267,A,6
2022,GMC,Pickup truck: Small,2.8,4,D,10.5,283,A,6
2022,GMC,Pickup truck: Small,3.6,6,X,12.1,283,A,8
2022,GMC,Pickup truck: Standard,2.7,4,X,11.6,274,A,8
2022,GMC,Pickup truck: Standard,3.0,6,D,9.1,245,A,10
2022,GMC,Pickup truck: Standard,5.3,8,X,14.5,341,A,6
2022,GMC,Pickup truck: Standard,5.3,8,E,19.1,321,A,6
2022,GMC,Pickup truck: Standard,5.3,8,X,13.4,314,A,8
2022,GMC,Pickup truck: Standard,5.3,8,X,13.0,305,A,10
2022,GMC,Pickup truck: Standard,2.7,4,X,13.1,306,A,8
2022,GMC,Pickup truck: Standard,2.7,4,X,14.0,328,A,8
2022,GMC,Pickup truck: Standard,3.0,6,D,9.9,265,A,10
2022,GMC,Pickup truck: Standard,3.0,6,D,11.2,298,A,10
2022,GMC,Pickup truck: Standard,5.3,8,X,14.8,347,A,6
2022,GMC,Pickup truck: Standard,5.3,8,E,19.5,326,A,6
2022,GMC,Pickup truck: Standard,5.3,8,X,16.2,380,A,6
2022,GMC,Pickup truck: Standard,5.3,8,E,21.5,358,A,6
2022,GMC,Pickup truck: Standard,5.3,8,X,13.9,327,A,8
2022,GMC,Pickup truck: Standard,5.3,8,X,15.3,359,A,8
2022,GMC,Pickup truck: Standard,5.3,8,X,13.6,318,A,10
2022,GMC,Pickup truck: Standard,5.3,8,X,14.8,347,A,10
2022,GMC,Pickup truck: Standard,5.3,8,X,14.0,329,A,10
2022,GMC,Pickup truck: Standard,5.3,8,X,14.4,338,A,10
2022,GMC,Pickup truck: Standard,5.3,8,X,15.4,360,A,10
2022,GMC,Pickup truck: Standard,5.3,8,X,16.2,381,A,10
2022,GMC,Pickup truck: Standard,6.2,8,Z,14.0,329,A,10
2022,GMC,Pickup truck: Standard,6.2,8,Z,14.7,345,A,10
2022,GMC,Pickup truck: Standard,6.2,8,Z,15.0,352,A,10
2022,GMC,Pickup truck: Standard,6.2,8,Z,16.4,385,A,10
2022,GMC,Sport utility vehicle: Small,1.5,4,X,8.6,202,A,9
2022,GMC,Sport utility vehicle: Small,1.5,4,X,9.0,212,A,9
2022,GMC,Sport utility vehicle: Standard,3.0,6,D,10.1,272,A,10
2022,GMC,Sport utility vehicle: Standard,5.3,8,X,14.0,327,A,10
2022,GMC,Sport utility vehicle: Standard,5.3,8,X,14.1,332,A,10
2022,GMC,Sport utility vehicle: Standard,3.0,6,D,10.5,281,A,10
2022,GMC,Sport utility vehicle: Standard,5.3,8,X,14.0,327,A,10
2022,GMC,Sport utility vehicle: Standard,5.3,8,X,15.1,354,A,10
2022,GMC,Sport utility vehicle: Standard,6.2,8,Z,14.7,345,A,10
2022,GMC,Sport utility vehicle: Standard,6.2,8,Z,15.1,353,A,10
2022,GMC,Sport utility vehicle: Standard,3.0,6,D,10.1,272,A,10
2022,GMC,Sport utility vehicle: Standard,5.3,8,X,14.0,327,A,10
2022,GMC,Sport utility vehicle: Standard,5.3,8,X,14.1,332,A,10
2022,GMC,Sport utility vehicle: Standard,3.0,6,D,10.5,281,A,10
2022,GMC,Sport utility vehicle: Standard,5.3,8,X,14.3,336,A,10
2022,GMC,Sport utility vehicle: Standard,5.3,8,X,15.1,354,A,10
2022,GMC,Sport utility vehicle: Standard,6.2,8,Z,14.7,345,A,10
2022,GMC,Sport utility vehicle: Standard,6.2,8,Z,15.1,353,A,10
2022,Honda,Full-size,1.5,4,X,7.2,168,AV,0
2022,Honda,Full-size,1.5,4,X,7.5,176,AV,7
2022,Honda,Full-size,2.0,4,X,9.1,211,AS,10
2022,Honda,Full-size,2.0,4,X,5.0,117,AV,0
2022,Honda,Full-size,2.0,4,X,5.5,129,AV,0
2022,Honda,Full-size,1.5,4,X,7.1,166,AV,7
2022,Honda,Full-size,1.5,4,X,7.5,175,M,6
2022,Honda,Full-size,2.0,4,X,7.2,167,AV,0
2022,Honda,Full-size,2.0,4,X,8.0,186,M,6
2022,Honda,Mid-size,1.5,4,X,6.9,162,AV,7
2022,Honda,Mid-size,2.0,4,X,6.9,162,AV,0
2022,Honda,Mid-size,2.0,4,X,7.1,165,AV,7
2022,Honda,Mid-size,1.5,4,Z,7.7,180,M,6
2022,Honda,Sport utility vehicle: Small,1.5,4,X,7.7,180,AV,0
2022,Honda,Sport utility vehicle: Small,1.5,4,X,8.1,189,AV,0
2022,Honda,Station wagon: Small,1.8,4,X,7.8,181,AV,0
2022,Honda,Station wagon: Small,1.8,4,X,8.2,193,AV,0
2022,Honda,Station wagon: Small,1.8,4,X,8.5,200,AV,7
2022,Honda,Minivan,3.5,6,X,10.6,248,AS,10
2022,Honda,Sport utility vehicle: Small,3.5,6,X,11.3,265,AS,9
2022,Honda,Sport utility vehicle: Small,3.5,6,X,11.0,256,AS,9
2022,Honda,Sport utility vehicle: Small,3.5,6,X,11.1,260,AS,9
2022,Honda,Pickup truck: Standard,3.5,6,X,11.5,271,AS,9
2022,Hyundai,Mid-size,1.6,4,X,7.6,179,AM,7
2022,Hyundai,Mid-size,2.0,4,X,6.7,158,AV,1
2022,Hyundai,Mid-size,2.0,4,X,6.4,151,AV,1
2022,Hyundai,Mid-size,2.0,4,X,7.8,185,M,6
2022,Hyundai,Mid-size,2.0,4,Z,10.2,241,AM,8
2022,Hyundai,Mid-size,2.0,4,Z,9.4,223,M,6
2022,Hyundai,Mid-size,1.6,4,X,4.4,103,AM,6
2022,Hyundai,Full-size,1.6,4,X,4.2,99,AM,6
2022,Hyundai,Full-size,1.6,4,X,4.0,94,AM,6
2022,Hyundai,Sport utility vehicle: Small,1.6,4,X,7.5,176,AM,7
2022,Hyundai,Sport utility vehicle: Small,2.0,4,X,7.4,174,AV,0
2022,Hyundai,Sport utility vehicle: Small,2.0,4,Z,10.4,246,AM,8
2022,Hyundai,Sport utility vehicle: Small,1.6,4,X,8.2,193,AM,7
2022,Hyundai,Sport utility vehicle: Small,2.0,4,X,7.9,187,AV,0
2022,Hyundai,Sport utility vehicle: Standard,3.8,6,X,11.1,265,AS,8
2022,Hyundai,Pickup truck: Small,2.5,4,X,10.6,250,AM,8
2022,Hyundai,Sport utility vehicle: Small,2.5,4,X,9.9,233,AM,8
2022,Hyundai,Sport utility vehicle: Small,2.5,4,X,10.0,235,AS,8
2022,Hyundai,Sport utility vehicle: Small,1.6,4,X,7.4,176,AM,6
2022,Hyundai,Full-size,1.6,4,X,7.7,183,AS,8
2022,Hyundai,Full-size,2.5,4,X,8.8,208,AM,8
2022,Hyundai,Full-size,2.5,4,X,7.7,182,AS,8
2022,Hyundai,Full-size,2.0,4,X,5.0,117,AM,6
2022,Hyundai,Sport utility vehicle: Small,2.5,4,X,8.2,194,AS,8
2022,Hyundai,Sport utility vehicle: Small,2.5,4,X,9.0,214,AS,8
2022,Hyundai,Sport utility vehicle: Small,1.6,4,X,6.4,152,AM,6
2022,Hyundai,Compact,2.0,4,Z,10.5,248,AM,8
2022,Hyundai,Compact,2.0,4,Z,9.5,226,M,6
2022,Hyundai,Mid-size,1.6,4,X,7.5,176,AV,1
2022,Hyundai,Mid-size,1.6,4,X,7.8,184,M,6
2022,Infiniti,Mid-size,3.0,6,Z,10.8,254,AS,7
2022,Infiniti,Mid-size,3.0,6,Z,11.1,261,AS,7
2022,Infiniti,Subcompact,3.0,6,Z,10.7,252,AS,7
2022,Infiniti,Subcompact,3.0,6,Z,11.0,259,AS,7
2022,Infiniti,Sport utility vehicle: Small,2.0,4,Z,9.7,228,AV,8
2022,Infiniti,Sport utility vehicle: Small,2.0,4,Z,9.5,223,AV,8
2022,Infiniti,Sport utility vehicle: Standard,3.5,6,Z,10.8,253,AS,9
2022,Infiniti,Sport utility vehicle: Standard,5.6,8,Z,15.1,355,AS,7
2022,Jaguar,Sport utility vehicle: Small,2.0,4,Z,10.4,247,AS,9
2022,Jaguar,Sport utility vehicle: Small,2.0,4,Z,10.3,245,AS,9
2022,Jaguar,Sport utility vehicle: Small,2.0,4,Z,9.9,227,AS,8
2022,Jaguar,Sport utility vehicle: Small,3.0,6,Z,10.6,250,AS,8
2022,Jaguar,Sport utility vehicle: Small,3.0,6,Z,10.8,253,AS,8
2022,Jaguar,Sport utility vehicle: Small,5.0,8,Z,13.5,316,AS,8
2022,Jaguar,Two-seater,5.0,8,Z,12.1,286,AS,8
2022,Jaguar,Two-seater,5.0,8,Z,12.7,299,AS,8
2022,Jaguar,Two-seater,5.0,8,Z,12.1,286,AS,8
2022,Jaguar,Two-seater,5.0,8,Z,12.7,299,AS,8
2022,Jaguar,Two-seater,5.0,8,Z,12.7,299,AS,8
2022,Jaguar,Two-seater,5.0,8,Z,12.7,299,AS,8
2022,Jaguar,Mid-size,2.0,4,Z,9.3,219,AS,8
2022,Jeep,Sport utility vehicle: Small,2.0,4,X,9.1,214,A,9
2022,Jeep,Sport utility vehicle: Small,2.4,4,X,9.3,219,A,9
2022,Jeep,Sport utility vehicle: Small,3.2,6,X,10.2,240,A,9
2022,Jeep,Sport utility vehicle: Small,2.0,4,X,9.8,229,A,9
2022,Jeep,Sport utility vehicle: Small,2.4,4,X,9.8,230,A,9
2022,Jeep,Sport utility vehicle: Small,3.2,6,X,10.6,249,A,9
2022,Jeep,Sport utility vehicle: Small,3.2,6,X,11.5,268,A,9
2022,Jeep,Sport utility vehicle: Small,2.4,4,X,9.3,218,A,6
2022,Jeep,Sport utility vehicle: Small,2.4,4,X,9.5,222,A,9
2022,Jeep,Pickup truck: Standard,3.0,6,D,9.8,263,A,8
2022,Jeep,Pickup truck: Standard,3.0,6,D,10.0,271,A,8
2022,Jeep,Pickup truck: Standard,3.6,6,X,12.3,290,A,8
2022,Jeep,Pickup truck: Standard,3.6,6,X,12.6,296,M,6
2022,Jeep,Sport utility vehicle: Standard,3.6,6,X,10.9,256,A,8
2022,Jeep,Sport utility vehicle: Standard,5.7,8,X,14.1,331,A,8
2022,Jeep,Sport utility vehicle: Standard,3.6,6,X,11.3,266,A,8
2022,Jeep,Sport utility vehicle: Standard,5.7,8,X,14.1,331,A,8
2022,Jeep,Sport utility vehicle: Standard,3.6,6,X,11.3,265,A,8
2022,Jeep,Sport utility vehicle: Standard,3.0,6,Z,14.3,334,A,8
2022,Jeep,Sport utility vehicle: Standard,6.4,8,Z,16.0,374,A,8
2022,Jeep,Sport utility vehicle: Small,1.3,4,X,8.7,204,A,9
2022,Jeep,Sport utility vehicle: Small,1.3,4,X,9.2,222,A,9
2022,Jeep,Sport utility vehicle: Small,1.3,4,X,9.9,231,A,9
2022,Jeep,Sport utility vehicle: Standard,5.7,8,X,13.8,323,A,8
2022,Jeep,Sport utility vehicle: Small,2.0,4,X,10.3,241,A,8
2022,Jeep,Sport utility vehicle: Small,3.6,6,X,11.8,274,A,8
2022,Jeep,Sport utility vehicle: Small,3.6,6,X,11.0,258,A,8
2022,Jeep,Sport utility vehicle: Small,3.6,6,X,11.8,277,M,6
2022,Jeep,Sport utility vehicle: Small,2.0,4,X,10.8,251,A,8
2022,Jeep,Sport utility vehicle: Small,3.0,6,D,9.5,255,A,8
2022,Jeep,Sport utility vehicle: Small,3.0,6,D,10.2,275,A,8
2022,Jeep,Sport utility vehicle: Small,3.6,6,X,11.7,275,A,8
2022,Jeep,Sport utility vehicle: Small,3.6,6,X,11.2,262,A,8
2022,Jeep,Sport utility vehicle: Small,3.6,6,X,12.2,285,M,6
2022,Jeep,Sport utility vehicle: Small,6.4,8,Z,16.5,387,A,8
2022,Kia,Minivan,3.5,6,X,10.6,252,AS,8
2022,Kia,Mid-size,1.6,4,X,7.8,184,AM,7
2022,Kia,Mid-size,2.0,4,X,7.0,165,AV,0
2022,Kia,Mid-size,2.0,4,X,7.6,178,M,6
2022,Kia,Full-size,1.6,4,X,8.0,190,AM,7
2022,Kia,Full-size,2.0,4,X,7.1,169,AV,0
2022,Kia,Full-size,2.5,4,X,8.7,207,AM,8
2022,Kia,Full-size,1.6,4,X,8.2,195,AS,8
2022,Kia,Station wagon: Small,1.6,4,X,4.6,110,AM,6
2022,Kia,Station wagon: Small,1.6,4,X,4.6,110,AM,6
2022,Kia,Station wagon: Small,1.6,4,X,5.3,124,AM,6
2022,Kia,Compact,1.6,4,X,6.7,159,AV,1
2022,Kia,Compact,1.6,4,X,7.0,166,M,6
2022,Kia,Sport utility vehicle: Small,2.0,4,X,7.7,182,AV,8
2022,Kia,Sport utility vehicle: Small,1.6,4,X,8.7,205,AM,7
2022,Kia,Sport utility vehicle: Small,2.0,4,X,8.2,195,AV,8
2022,Kia,Sport utility vehicle: Small,2.5,4,X,9.9,234,AM,8
2022,Kia,Sport utility vehicle: Small,2.5,4,X,9.7,227,AS,8
2022,Kia,Sport utility vehicle: Small,1.6,4,X,6.6,157,AM,6
2022,Kia,Station wagon: Small,2.0,4,X,7.9,187,AV,0
2022,Kia,Sport utility vehicle: Small,2.4,4,X,9.0,214,AS,6
2022,Kia,Sport utility vehicle: Small,2.0,4,X,11.0,261,AS,6
2022,Kia,Sport utility vehicle: Small,2.4,4,X,10.0,238,AS,6
2022,Kia,Mid-size,3.3,6,Z,11.9,280,AS,8
2022,Kia,Sport utility vehicle: Small,3.8,6,X,11.3,266,AS,8
2022,Lamborghini,Two-seater,6.5,12,Z,21.2,489,AM,7
2022,Lamborghini,Two-seater,6.5,12,Z,21.5,498,AM,7
2022,Lamborghini,Two-seater,6.5,12,Z,21.5,498,AM,7
2022,Lamborghini,Two-seater,5.2,10,Z,15.7,371,AM,7
2022,Lamborghini,Two-seater,5.2,10,Z,15.7,370,AM,7
2022,Lamborghini,Two-seater,5.2,10,Z,15.7,371,AM,7
2022,Lamborghini,Two-seater,5.2,10,Z,15.7,370,AM,7
2022,Lamborghini,Sport utility vehicle: Standard,4.0,8,Z,16.9,384,AS,8
2022,Land Rover,Sport utility vehicle: Standard,2.0,4,Z,12.3,289,AS,8
2022,Land Rover,Sport utility vehicle: Standard,3.0,6,Z,12.3,287,AS,8
2022,Land Rover,Sport utility vehicle: Standard,5.0,8,Z,14.3,339,AS,8
2022,Land Rover,Sport utility vehicle: Standard,2.0,4,Z,13.0,306,AS,8
2022,Land Rover,Sport utility vehicle: Standard,3.0,6,Z,12.3,287,AS,8
2022,Land Rover,Sport utility vehicle: Standard,5.0,8,Z,14.7,350,AS,8
2022,Land Rover,Sport utility vehicle: Standard,2.0,4,Z,11.5,271,AS,8
2022,Land Rover,Sport utility vehicle: Standard,3.0,6,Z,11.4,270,AS,8
2022,Land Rover,Sport utility vehicle: Small,2.0,4,Z,11.5,271,AS,9
2022,Land Rover,Sport utility vehicle: Standard,3.0,6,Z,11.3,265,AS,8
2022,Land Rover,Sport utility vehicle: Standard,3.0,6,Z,11.3,265,AS,8
2022,Land Rover,Sport utility vehicle: Standard,4.4,8,Z,13.3,316,AS,8
2022,Land Rover,Sport utility vehicle: Standard,4.4,8,Z,13.3,314,AS,8
2022,Land Rover,Sport utility vehicle: Standard,3.0,6,Z,11.9,279,AS,8
2022,Land Rover,Sport utility vehicle: Standard,3.0,6,Z,11.9,279,AS,8
2022,Land Rover,Sport utility vehicle: Standard,5.0,8,Z,13.0,305,AS,8
2022,Land Rover,Sport utility vehicle: Standard,5.0,8,Z,13.0,305,AS,8
2022,Land Rover,Sport utility vehicle: Standard,5.0,8,Z,15.1,354,AS,8
2022,Land Rover,Sport utility vehicle: Standard,5.0,8,Z,15.5,365,AS,8
2022,Land Rover,Sport utility vehicle: Standard,3.0,6,Z,11.4,269,AS,8
2022,Land Rover,Sport utility vehicle: Standard,3.0,6,Z,11.4,269,AS,8
2022,Land Rover,Sport utility vehicle: Standard,5.0,8,Z,12.6,294,AS,8
2022,Land Rover,Sport utility vehicle: Standard,5.0,8,Z,14.3,336,AS,8
2022,Land Rover,Sport utility vehicle: Small,2.0,4,Z,10.5,247,AS,9
2022,Land Rover,Sport utility vehicle: Small,2.0,4,Z,10.3,244,AS,9
2022,Land Rover,Sport utility vehicle: Small,2.0,4,Z,10.4,244,AS,8
2022,Land Rover,Sport utility vehicle: Small,3.0,6,Z,10.5,248,AS,8
2022,Land Rover,Sport utility vehicle: Small,3.0,6,Z,11.3,265,AS,8
2022,Lexus,Mid-size,2.5,4,X,8.4,195,AS,8
2022,Lexus,Mid-size,2.5,4,X,5.3,124,AV,6
2022,Lexus,Mid-size,3.5,6,X,9.2,214,AS,8
2022,Lexus,Mid-size,3.5,6,X,9.4,219,AS,8
2022,Lexus,Sport utility vehicle: Standard,4.6,8,Z,14.5,337,AS,6
2022,Lexus,Compact,2.0,4,Z,9.5,221,AS,6
2022,Lexus,Compact,3.5,6,Z,10.8,253,AS,6
2022,Lexus,Compact,3.5,6,Z,10.8,253,AS,6
2022,Lexus,Compact,5.0,8,Z,11.9,280,AS,8
2022,Lexus,Subcompact,5.0,8,Z,12.6,294,AS,10
2022,Lexus,Minicompact,5.0,8,Z,13.0,304,AS,10
2022,Lexus,Subcompact,3.5,6,Z,8.1,189,AV,10
2022,Lexus,Mid-size,3.4,6,Z,11.2,270,AS,10
2022,Lexus,Mid-size,3.5,6,Z,9.2,216,AV,10
2022,Lexus,Sport utility vehicle: Standard,3.4,6,Z,12.7,298,AS,10
2022,Lexus,Sport utility vehicle: Small,2.5,4,X,8.4,198,AS,8
2022,Lexus,Sport utility vehicle: Small,2.4,4,Z,9.5,221,AS,8
2022,Lexus,Sport utility vehicle: Small,2.4,4,Z,9.5,222,AS,8
2022,Lexus,Sport utility vehicle: Small,2.5,4,Z,6.0,140,AV,6
2022,Lexus,Subcompact,3.5,6,Z,10.8,253,AS,6
2022,Lexus,Subcompact,3.5,6,Z,10.8,253,AS,6
2022,Lexus,Subcompact,5.0,8,Z,12.2,285,AS,8
2022,Lexus,Sport utility vehicle: Small,3.5,6,X,10.8,252,AS,8
2022,Lexus,Sport utility vehicle: Small,3.5,6,X,11.1,268,AS,8
2022,Lexus,Sport utility vehicle: Standard,3.5,6,Z,7.9,185,AV,6
2022,Lexus,Sport utility vehicle: Standard,3.5,6,Z,8.1,190,AV,6
2022,Lexus,Mid-size,2.0,4,X,7.2,168,AS,10
2022,Lexus,Compact,2.0,4,X,6.0,140,AV,6
2022,Lincoln,Sport utility vehicle: Standard,3.0,6,X,11.9,280,AS,10
2022,Lincoln,Sport utility vehicle: Small,2.0,4,X,9.8,229,AS,8
2022,Lincoln,Sport utility vehicle: Small,2.3,4,X,9.9,232,AS,8
2022,Lincoln,Sport utility vehicle: Small,2.0,4,X,10.7,252,A,8
2022,Lincoln,Sport utility vehicle: Small,2.0,4,X,10.7,251,AS,8
2022,Lincoln,Sport utility vehicle: Small,2.7,6,X,11.2,262,AS,8
2022,Lincoln,Sport utility vehicle: Standard,3.5,6,X,13.2,311,AS,10
2022,Maserati,Mid-size,3.0,6,Z,11.6,271,A,8
2022,Maserati,Mid-size,3.0,6,Z,11.6,271,A,8
2022,Maserati,Mid-size,3.0,6,Z,12.6,293,A,8
2022,Maserati,Mid-size,3.8,8,Z,14.9,348,A,8
2022,Maserati,Sport utility vehicle: Standard,3.0,6,Z,13.2,308,A,8
2022,Maserati,Sport utility vehicle: Standard,3.0,6,Z,13.2,308,A,8
2022,Maserati,Sport utility vehicle: Standard,3.8,8,Z,15.0,349,A,8
2022,Maserati,Sport utility vehicle: Standard,3.8,8,Z,15.0,349,A,8
2022,Maserati,Two-seater,3.0,6,Z,12.8,295,AS,8
2022,Maserati,Full-size,3.0,6,Z,12.1,281,A,8
2022,Maserati,Full-size,3.0,6,Z,12.1,281,A,8
2022,Maserati,Full-size,3.0,6,Z,12.6,293,A,8
2022,Maserati,Full-size,3.8,8,Z,14.9,348,A,8
2022,Mazda,Compact,2.0,4,X,7.7,179,AS,6
2022,Mazda,Compact,2.0,4,X,8.0,186,M,6
2022,Mazda,Compact,2.0,4,X,8.1,189,AS,6
2022,Mazda,Sport utility vehicle: Small,2.0,4,X,8.6,202,AS,6
2022,Mazda,Sport utility vehicle: Small,2.5,4,X,8.9,208,AS,6
2022,Mazda,Sport utility vehicle: Small,2.5,4,X,9.3,220,AS,6
2022,Mazda,Sport utility vehicle: Small,2.5,4,X,9.3,216,AS,6
2022,Mazda,Sport utility vehicle: Small,2.5,4,X,9.0,209,AS,6
2022,Mazda,Sport utility vehicle: Small,2.5,4,X,9.8,230,AS,6
2022,Mazda,Sport utility vehicle: Small,2.5,4,X,10.4,243,AS,6
2022,Mazda,Compact,2.0,4,X,7.6,178,AS,6
2022,Mazda,Compact,2.0,4,X,7.7,180,M,6
2022,Mazda,Compact,2.5,4,X,7.8,183,AS,6
2022,Mazda,Compact,2.5,4,X,8.5,199,AS,6
2022,Mazda,Compact,2.5,4,X,8.8,207,AS,6
2022,Mazda,Mid-size,2.0,4,X,7.7,181,AS,6
2022,Mazda,Mid-size,2.0,4,X,7.8,181,M,6
2022,Mazda,Mid-size,2.5,4,X,8.1,190,AS,6
2022,Mazda,Mid-size,2.5,4,X,8.4,198,M,6
2022,Mazda,Mid-size,2.5,4,X,8.6,200,AS,6
2022,Mazda,Mid-size,2.5,4,X,8.9,209,AS,6
2022,Mazda,Two-seater,2.0,4,Z,7.9,186,AS,6
2022,Mazda,Two-seater,2.0,4,Z,8.1,189,M,6
2022,Mercedes-Benz,Subcompact,2.0,4,Z,8.3,194,AM,7
2022,Mercedes-Benz,Station wagon: Small,2.0,4,Z,8.7,202,AM,7
2022,Mercedes-Benz,Subcompact,2.0,4,Z,9.5,221,AM,7
2022,Mercedes-Benz,Station wagon: Small,2.0,4,Z,9.4,221,AM,7
2022,Mercedes-Benz,Subcompact,3.0,6,Z,10.9,256,A,9
2022,Mercedes-Benz,Subcompact,3.0,6,Z,10.8,252,A,9
2022,Mercedes-Benz,Compact,2.0,4,Z,9.7,227,AM,7
2022,Mercedes-Benz,Compact,2.0,4,Z,10.4,243,AM,8
2022,Mercedes-Benz,Compact,3.0,6,Z,10.3,241,A,9
2022,Mercedes-Benz,Mid-size,3.0,6,Z,9.9,232,A,9
2022,Mercedes-Benz,Subcompact,3.0,6,Z,10.6,247,A,9
2022,Mercedes-Benz,Subcompact,3.0,6,Z,10.2,239,A,9
2022,Mercedes-Benz,Sport utility vehicle: Standard,4.0,8,Z,17.6,412,A,9
2022,Mercedes-Benz,Sport utility vehicle: Standard,4.0,8,Z,20.2,470,A,9
2022,Mercedes-Benz,Station wagon: Small,2.0,4,Z,9.8,230,AM,8
2022,Mercedes-Benz,Station wagon: Small,2.0,4,Z,11.1,260,AM,8
2022,Mercedes-Benz,Station wagon: Mid-size,2.0,4,Z,11.2,262,AM,8
2022,Mercedes-Benz,Sport utility vehicle: Small,3.0,6,Z,11.3,264,A,9
2022,Mercedes-Benz,Sport utility vehicle: Small,3.0,6,Z,12.3,287,A,9
2022,Mercedes-Benz,Sport utility vehicle: Standard,3.0,6,Z,12.1,283,A,9
2022,Mercedes-Benz,Sport utility vehicle: Standard,3.0,6,Z,12.5,292,A,9
2022,Mercedes-Benz,Sport utility vehicle: Standard,4.0,8,Z,14.6,341,A,9
2022,Mercedes-Benz,Sport utility vehicle: Standard,4.0,8,Z,14.8,346,A,9
2022,Mercedes-Benz,Sport utility vehicle: Standard,4.0,8,Z,15.3,360,A,9
2022,Mercedes-Benz,Compact,3.0,6,Z,11.0,258,A,9
2022,Mercedes-Benz,Minicompact,4.0,8,Z,14.5,339,A,9
2022,Mercedes-Benz,Compact,2.0,4,Z,8.6,202,A,9
2022,Mercedes-Benz,Subcompact,2.0,4,Z,9.6,224,A,9
2022,Mercedes-Benz,Subcompact,2.0,4,Z,9.3,217,A,9
2022,Mercedes-Benz,Compact,2.0,4,Z,8.6,200,AM,7
2022,Mercedes-Benz,Compact,3.0,6,Z,9.8,229,A,9
2022,Mercedes-Benz,Mid-size,2.0,4,Z,9.8,229,A,9
2022,Mercedes-Benz,Mid-size,3.0,6,Z,9.3,218,A,9
2022,Mercedes-Benz,Subcompact,3.0,6,Z,9.9,233,A,9
2022,Mercedes-Benz,Subcompact,3.0,6,Z,9.6,225,A,9
2022,Mercedes-Benz,Station wagon: Mid-size,3.0,6,Z,9.8,229,A,9
2022,Mercedes-Benz,Sport utility vehicle: Standard,4.0,8,Z,15.1,354,A,9
2022,Mercedes-Benz,Sport utility vehicle: Small,2.0,4,Z,9.0,210,AM,8
2022,Mercedes-Benz,Sport utility vehicle: Small,2.0,4,Z,9.5,224,AM,8
2022,Mercedes-Benz,Sport utility vehicle: Small,2.0,4,Z,10.4,242,A,9
2022,Mercedes-Benz,Sport utility vehicle: Small,2.0,4,Z,10.1,237,A,9
2022,Mercedes-Benz,Sport utility vehicle: Standard,2.0,4,Z,10.7,250,A,9
2022,Mercedes-Benz,Sport utility vehicle: Standard,3.0,6,Z,10.4,244,A,9
2022,Mercedes-Benz,Sport utility vehicle: Standard,3.0,6,Z,10.5,247,A,9
2022,Mercedes-Benz,Sport utility vehicle: Standard,3.0,6,Z,11.5,269,A,9
2022,Mercedes-Benz,Sport utility vehicle: Standard,4.0,8,Z,14.4,338,A,9
2022,Mercedes-Benz,Full-size,4.0,8,Z,12.9,301,A,9
2022,Mercedes-Benz,Full-size,6.0,12,Z,15.7,369,A,9
2022,Mercedes-Benz,Special purpose vehicle,2.0,4,Z,11.5,267,A,9
2022,Mercedes-Benz,Special purpose vehicle,2.0,4,Z,11.5,267,A,9
2022,Mercedes-Benz,Special purpose vehicle,2.0,4,Z,12.1,282,A,9
2022,Mercedes-Benz,Full-size,3.0,6,Z,9.9,231,A,9
2022,Mercedes-Benz,Full-size,4.0,8,Z,12.2,285,A,9
2022,MINI,Subcompact,1.5,3,Z,7.3,170,AM,7
2022,MINI,Subcompact,1.5,3,Z,7.6,177,M,6
2022,MINI,Subcompact,1.5,3,Z,7.3,170,AM,7
2022,MINI,Subcompact,1.5,3,Z,7.6,177,M,6
2022,MINI,Minicompact,1.5,3,Z,7.3,170,AM,7
2022,MINI,Minicompact,1.5,3,Z,7.6,177,M,6
2022,MINI,Mid-size,1.5,3,Z,9.1,211,AS,8
2022,MINI,Subcompact,2.0,4,Z,7.5,174,AM,7
2022,MINI,Subcompact,2.0,4,Z,9.1,211,M,6
2022,MINI,Subcompact,2.0,4,Z,7.5,174,AM,7
2022,MINI,Subcompact,2.0,4,Z,9.1,211,M,6
2022,MINI,Mid-size,2.0,4,Z,8.9,207,AS,8
2022,MINI,Minicompact,2.0,4,Z,7.8,182,AM,7
2022,MINI,Minicompact,2.0,4,Z,8.8,205,M,6
2022,MINI,Mid-size,2.0,4,Z,9.1,212,AS,8
2022,MINI,Subcompact,2.0,4,Z,8.2,191,AS,8
2022,MINI,Subcompact,2.0,4,Z,9.1,211,M,6
2022,MINI,Mid-size,2.0,4,Z,9.0,210,AS,8
2022,MINI,Minicompact,2.0,4,Z,8.5,198,AS,8
2022,MINI,Mid-size,2.0,4,Z,9.2,210,AS,8
2022,Mitsubishi,Sport utility vehicle: Small,1.5,4,X,9.3,216,AV,8
2022,Mitsubishi,Compact,1.2,3,X,6.2,143,AV,0
2022,Mitsubishi,Compact,1.2,3,X,6.5,151,M,5
2022,Mitsubishi,Sport utility vehicle: Small,2.5,4,X,8.9,208,AV,8
2022,Mitsubishi,Sport utility vehicle: Small,2.0,4,X,8.8,206,AV,6
2022,Mitsubishi,Sport utility vehicle: Small,2.0,4,X,9.2,213,AV,6
2022,Mitsubishi,Sport utility vehicle: Small,2.4,4,X,9.4,218,AV,6
2022,Nissan,Mid-size,2.5,4,X,7.9,186,AV,0
2022,Nissan,Mid-size,2.5,4,X,8.1,191,AV,0
2022,Nissan,Sport utility vehicle: Standard,5.6,8,Z,15.4,362,AS,7
2022,Nissan,Pickup truck: Standard,3.8,6,X,11.3,266,AS,9
2022,Nissan,Pickup truck: Standard,3.8,6,X,12.8,300,AS,9
2022,Nissan,Mid-size,1.6,4,X,7.2,169,AV,0
2022,Nissan,Mid-size,3.5,6,Z,9.9,233,AV,7
2022,Nissan,Station wagon: Mid-size,3.5,6,X,10.5,248,AV,7
2022,Nissan,Sport utility vehicle: Small,3.5,6,X,10.5,246,AS,9
2022,Nissan,Station wagon: Small,2.0,4,X,8.2,194,AV,8
2022,Nissan,Station wagon: Small,2.0,4,X,9.1,213,M,6
2022,Nissan,Station wagon: Small,2.0,4,X,8.6,201,AV,8
2022,Nissan,Sport utility vehicle: Small,1.5,3,X,7.2,169,AV,8
2022,Nissan,Sport utility vehicle: Small,2.5,4,X,8.4,196,AV,8
2022,Nissan,Sport utility vehicle: Small,1.5,3,X,7.6,179,AV,8
2022,Nissan,Sport utility vehicle: Small,1.5,3,X,7.7,181,AV,8
2022,Nissan,Sport utility vehicle: Small,2.5,4,X,8.3,195,AV,8
2022,Nissan,Mid-size,2.0,4,X,7.1,167,AV,0
2022,Nissan,Mid-size,2.0,4,X,7.3,171,AV,0
2022,Nissan,Mid-size,2.0,4,X,7.9,185,M,6
2022,Nissan,Mid-size,2.0,4,X,8.1,189,M,6
2022,Nissan,Compact,1.6,4,X,6.7,158,AV,0
2022,Nissan,Compact,1.6,4,X,7.7,181,M,5
2022,Porsche,Two-seater,2.0,4,Z,10.0,233,AM,7
2022,Porsche,Two-seater,2.0,4,Z,10.5,245,M,6
2022,Porsche,Two-seater,2.0,4,Z,10.1,236,AM,7
2022,Porsche,Two-seater,2.0,4,Z,10.5,245,M,6
2022,Porsche,Two-seater,2.5,4,Z,10.9,255,AM,7
2022,Porsche,Two-seater,2.5,4,Z,11.2,263,M,6
2022,Porsche,Two-seater,4.0,6,Z,11.1,260,AM,7
2022,Porsche,Two-seater,4.0,6,Z,12.2,284,M,6
2022,Porsche,Two-seater,2.0,4,Z,10.0,233,AM,7
2022,Porsche,Two-seater,2.0,4,Z,10.5,245,M,6
2022,Porsche,Two-seater,2.0,4,Z,10.1,236,AM,7
2022,Porsche,Two-seater,2.0,4,Z,10.5,245,M,6
2022,Porsche,Two-seater,2.5,4,Z,10.9,255,AM,7
2022,Porsche,Two-seater,2.5,4,Z,11.2,263,M,6
2022,Porsche,Two-seater,4.0,6,Z,11.1,260,AM,7
2022,Porsche,Two-seater,4.0,6,Z,12.2,284,M,6
2022,Porsche,Two-seater,4.0,6,Z,11.6,271,AM,7
2022,Porsche,Two-seater,4.0,6,Z,12.2,286,M,6
2022,Porsche,Two-seater,4.0,6,Z,11.6,271,AM,7
2022,Porsche,Two-seater,4.0,6,Z,12.2,286,M,6
2022,Porsche,Minicompact,3.0,6,Z,11.6,275,AM,8
2022,Porsche,Minicompact,3.0,6,Z,11.6,275,AM,8
2022,Porsche,Minicompact,3.0,6,Z,11.6,275,AM,8
2022,Porsche,Minicompact,3.0,6,Z,11.6,275,AM,8
2022,Porsche,Minicompact,3.0,6,Z,11.7,274,AM,8
2022,Porsche,Minicompact,3.0,6,Z,11.3,264,M,7
2022,Porsche,Minicompact,3.0,6,Z,11.8,275,AM,8
2022,Porsche,Minicompact,3.0,6,Z,11.8,275,M,7
2022,Porsche,Minicompact,3.0,6,Z,11.7,273,AM,8
2022,Porsche,Minicompact,3.0,6,Z,11.8,275,M,7
2022,Porsche,Minicompact,3.0,6,Z,11.7,273,AM,8
2022,Porsche,Minicompact,3.0,6,Z,12.0,281,M,7
2022,Porsche,Minicompact,3.0,6,Z,12.1,289,AM,8
2022,Porsche,Minicompact,3.0,6,Z,11.9,276,M,7
2022,Porsche,Minicompact,3.0,6,Z,12.1,288,AM,8
2022,Porsche,Minicompact,3.0,6,Z,12.2,289,M,7
2022,Porsche,Minicompact,3.0,6,Z,12.2,289,AM,8
2022,Porsche,Minicompact,3.0,6,Z,11.9,278,M,7
2022,Porsche,Minicompact,3.0,6,Z,12.3,288,AM,8
2022,Porsche,Minicompact,3.0,6,Z,12.7,296,M,7
2022,Porsche,Two-seater,4.0,6,Z,14.3,334,AM,7
2022,Porsche,Two-seater,4.0,6,Z,15.2,355,M,6
2022,Porsche,Two-seater,4.0,6,Z,14.4,335,AM,7
2022,Porsche,Two-seater,4.0,6,Z,15.2,354,M,6
2022,Porsche,Minicompact,3.0,6,Z,11.6,275,AM,8
2022,Porsche,Minicompact,3.0,6,Z,11.8,274,AM,8
2022,Porsche,Minicompact,3.0,6,Z,11.9,278,M,7
2022,Porsche,Minicompact,3.0,6,Z,12.3,287,AM,8
2022,Porsche,Minicompact,3.0,6,Z,12.7,296,M,7
2022,Porsche,Minicompact,3.7,6,Z,13.7,321,AM,8
2022,Porsche,Minicompact,3.7,6,Z,13.9,324,AM,8
2022,Porsche,Minicompact,3.7,6,Z,13.7,321,AM,8
2022,Porsche,Minicompact,3.7,6,Z,14.1,328,AM,8
2022,Porsche,Sport utility vehicle: Standard,3.0,6,Z,12.4,289,AS,8
2022,Porsche,Sport utility vehicle: Standard,3.0,6,Z,12.4,289,AS,8
2022,Porsche,Sport utility vehicle: Standard,2.9,6,Z,12.9,307,AS,8
2022,Porsche,Sport utility vehicle: Standard,2.9,6,Z,13.0,305,AS,8
2022,Porsche,Sport utility vehicle: Standard,4.0,8,Z,14.2,331,AS,8
2022,Porsche,Sport utility vehicle: Standard,4.0,8,Z,14.0,326,AS,8
2022,Porsche,Sport utility vehicle: Standard,4.0,8,Z,14.8,343,AS,8
2022,Porsche,Sport utility vehicle: Standard,4.0,8,Z,14.1,330,AS,8
2022,Porsche,Sport utility vehicle: Standard,4.0,8,Z,14.8,345,AS,8
2022,Porsche,Sport utility vehicle: Small,2.0,4,Z,11.0,263,AM,7
2022,Porsche,Sport utility vehicle: Small,2.9,6,Z,12.2,289,AM,7
2022,Porsche,Sport utility vehicle: Small,2.9,6,Z,12.2,290,AM,7
2022,Porsche,Full-size,2.9,6,Z,11.6,274,AM,8
2022,Porsche,Full-size,2.9,6,Z,11.5,274,AM,8
2022,Porsche,Full-size,2.9,6,Z,12.2,289,AM,8
2022,Porsche,Full-size,2.9,6,Z,11.7,274,AM,8
2022,Porsche,Full-size,2.9,6,Z,11.4,276,AM,8
2022,Porsche,Full-size,2.9,6,Z,12.2,292,AM,8
2022,Porsche,Full-size,2.9,6,Z,12.2,292,AM,8
2022,Porsche,Full-size,4.0,8,Z,13.7,323,AM,8
2022,Porsche,Full-size,4.0,8,Z,13.9,323,AM,8
2022,Porsche,Full-size,4.0,8,Z,13.5,326,AM,8
2022,Porsche,Full-size,4.0,8,Z,13.5,326,AM,8
2022,Porsche,Full-size,4.0,8,Z,13.5,326,AM,8
2022,Ram,Pickup truck: Standard,3.0,6,D,9.0,243,A,8
2022,Ram,Pickup truck: Standard,3.0,6,D,8.9,238,A,8
2022,Ram,Pickup truck: Standard,3.6,6,X,10.8,253,A,8
2022,Ram,Pickup truck: Standard,3.6,6,X,10.4,245,A,8
2022,Ram,Pickup truck: Standard,5.7,8,X,13.6,320,A,8
2022,Ram,Pickup truck: Standard,5.7,8,X,11.7,275,A,8
2022,Ram,Pickup truck: Standard,3.0,6,D,9.7,260,A,8
2022,Ram,Pickup truck: Standard,3.6,6,X,11.1,260,A,8
2022,Ram,Pickup truck: Standard,5.7,8,X,13.8,325,A,8
2022,Ram,Pickup truck: Standard,5.7,8,X,12.1,284,A,8
2022,Ram,Pickup truck: Standard,6.2,8,Z,19.8,465,A,8
2022,Ram,Pickup truck: Standard,3.6,6,X,11.9,280,A,8
2022,Ram,Pickup truck: Standard,5.7,8,X,13.7,323,A,8
2022,Ram,Pickup truck: Standard,3.6,6,X,12.6,295,A,8
2022,Ram,Pickup truck: Standard,5.7,8,X,14.1,330,A,8
2022,Ram,Special purpose vehicle,2.4,4,X,9.9,232,A,9
2022,Rolls-Royce,Station wagon: Mid-size,6.7,12,Z,16.5,386,AS,8
2022,Rolls-Royce,Station wagon: Mid-size,6.7,12,Z,16.5,386,AS,8
2022,Rolls-Royce,Full-size,6.7,12,Z,16.7,387,AS,8
2022,Rolls-Royce,Full-size,6.7,12,Z,16.7,387,AS,8
2022,Rolls-Royce,Full-size,6.7,12,Z,16.7,387,AS,8
2022,Rolls-Royce,Full-size,6.7,12,Z,16.3,382,AS,8
2022,Rolls-Royce,Full-size,6.7,12,Z,16.3,382,AS,8
2022,Subaru,Sport utility vehicle: Standard,2.4,4,X,10.5,245,AV,8
2022,Subaru,Minicompact,2.4,4,Z,9.5,224,AS,6
2022,Subaru,Minicompact,2.4,4,Z,10.5,247,M,6
2022,Subaru,Sport utility vehicle: Small,2.0,4,X,7.9,184,AV,8
2022,Subaru,Sport utility vehicle: Small,2.0,4,X,9.4,220,M,6
2022,Subaru,Sport utility vehicle: Small,2.5,4,X,8.0,188,AV,8
2022,Subaru,Sport utility vehicle: Small,2.5,4,X,8.2,192,AV,7
2022,Subaru,Sport utility vehicle: Small,2.5,4,X,9.0,210,AV,8
2022,Subaru,Mid-size,2.0,4,X,7.4,174,AV,7
2022,Subaru,Mid-size,2.0,4,X,9.0,209,M,5
2022,Subaru,Station wagon: Small,2.0,4,X,7.6,178,AV,7
2022,Subaru,Station wagon: Small,2.0,4,X,9.0,211,M,5
2022,Subaru,Full-size,2.4,4,X,8.7,205,AV,8
2022,Subaru,Full-size,2.5,4,X,7.8,184,AV,8
2022,Subaru,Sport utility vehicle: Small,2.4,4,X,9.1,213,AV,8
2022,Subaru,Sport utility vehicle: Small,2.5,4,X,8.2,192,AV,8
2022,Subaru,Sport utility vehicle: Small,2.4,4,X,10.0,235,AV,8
2022,Subaru,Mid-size,2.4,4,Z,11.2,262,AV,8
2022,Subaru,Mid-size,2.4,4,Z,10.8,254,M,6
2022,Toyota,Sport utility vehicle: Standard,4.0,6,X,13.8,323,AS,5
2022,Toyota,Sport utility vehicle: Standard,4.0,6,X,13.8,321,AS,5
2022,Toyota,Compact,2.0,4,X,8.2,189,AS,7
2022,Toyota,Mid-size,2.5,4,X,7.4,174,AS,8
2022,Toyota,Mid-size,2.5,4,X,7.6,178,AS,8
2022,Toyota,Mid-size,3.5,6,X,9.2,215,AS,8
2022,Toyota,Mid-size,3.5,6,X,9.4,220,AS,8
2022,Toyota,Mid-size,2.5,4,X,8.2,192,AS,8
2022,Toyota,Mid-size,2.5,4,X,8.4,195,AS,8
2022,Toyota,Mid-size,2.5,4,X,4.9,113,AV,0
2022,Toyota,Mid-size,2.5,4,X,5.1,121,AV,0
2022,Toyota,Compact,1.8,4,X,7.1,166,AV,0
2022,Toyota,Compact,1.8,4,X,7.3,170,AV,0
2022,Toyota,Compact,1.8,4,X,7.1,165,M,6
2022,Toyota,Compact,2.0,4,X,6.8,159,AV,10
2022,Toyota,Compact,2.0,4,X,7.0,164,AV,10
2022,Toyota,Compact,2.0,4,X,7.4,172,M,6
2022,Toyota,Compact,2.0,4,X,7.0,164,AV,10
2022,Toyota,Compact,2.0,4,X,6.8,159,AV,10
2022,Toyota,Compact,2.0,4,X,7.6,179,M,6
2022,Toyota,Compact,1.8,4,X,4.5,106,AV,0
2022,Toyota,Sport utility vehicle: Small,2.0,4,X,7.3,171,AV,10
2022,Toyota,Sport utility vehicle: Small,2.0,4,X,7.8,182,AV,10
2022,Toyota,Minicompact,2.4,4,Z,9.6,224,AS,6
2022,Toyota,Minicompact,2.4,4,Z,10.5,246,M,6
2022,Toyota,Two-seater,2.0,4,Z,8.4,195,AS,8
2022,Toyota,Two-seater,3.0,6,Z,9.4,218,AS,8
2022,Toyota,Sport utility vehicle: Small,3.5,6,X,10.3,241,AS,8
2022,Toyota,Sport utility vehicle: Standard,2.5,4,X,6.7,158,AV,0
2022,Toyota,Sport utility vehicle: Standard,2.5,4,X,6.7,156,AV,0
2022,Toyota,Mid-size,1.8,4,X,4.5,106,AV,0
2022,Toyota,Mid-size,1.8,4,X,4.8,111,AV,0
2022,Toyota,Sport utility vehicle: Small,2.5,4,X,7.9,184,AS,8
2022,Toyota,Sport utility vehicle: Small,2.5,4,X,7.7,180,AS,8
2022,Toyota,Sport utility vehicle: Small,2.5,4,X,8.4,198,AS,8
2022,Toyota,Sport utility vehicle: Small,2.5,4,X,8.0,187,AS,8
2022,Toyota,Sport utility vehicle: Small,2.5,4,X,7.9,184,AS,8
2022,Toyota,Sport utility vehicle: Small,2.5,4,X,8.5,200,AS,8
2022,Toyota,Sport utility vehicle: Small,2.5,4,X,6.0,140,AV,0
2022,Toyota,Sport utility vehicle: Standard,5.7,8,X,16.4,385,AS,6
2022,Toyota,Minivan,2.5,4,X,6.6,154,AV,0
2022,Toyota,Minivan,2.5,4,X,6.7,158,AV,0
2022,Toyota,Pickup truck: Small,3.5,6,X,11.8,278,AS,6
2022,Toyota,Pickup truck: Small,3.5,6,X,12.7,299,M,6
2022,Toyota,Pickup truck: Small,3.5,6,X,12.9,300,M,6
2022,Toyota,Pickup truck: Standard,3.4,6,X,11.8,277,AS,10
2022,Toyota,Pickup truck: Standard,3.4,6,X,12.4,291,AS,10
2022,Toyota,Pickup truck: Standard,3.4,6,X,12.2,286,AS,10
2022,Toyota,Pickup truck: Standard,3.4,6,X,11.7,274,AS,10
2022,Toyota,Pickup truck: Standard,3.4,6,X,12.3,287,AS,10
2022,Toyota,Sport utility vehicle: Small,2.5,4,X,6.1,142,AV,0
2022,Volkswagen,Sport utility vehicle: Small,2.0,4,X,10.6,249,AS,8
2022,Volkswagen,Sport utility vehicle: Small,3.6,6,X,12.2,286,AS,8
2022,Volkswagen,Sport utility vehicle: Small,2.0,4,X,10.7,252,AS,8
2022,Volkswagen,Sport utility vehicle: Small,3.6,6,X,11.7,275,AS,8
2022,Volkswagen,Mid-size,2.0,4,X,8.3,194,AM,7
2022,Volkswagen,Mid-size,2.0,4,X,8.5,198,M,6
2022,Volkswagen,Mid-size,2.0,4,Z,9.1,213,AM,7
2022,Volkswagen,Mid-size,2.0,4,Z,10.2,237,M,6
2022,Volkswagen,Compact,1.5,4,X,6.8,159,AS,8
2022,Volkswagen,Compact,1.5,4,X,6.9,161,M,6
2022,Volkswagen,Compact,2.0,4,X,7.9,185,AM,7
2022,Volkswagen,Compact,2.0,4,X,7.9,186,M,6
2022,Volkswagen,Mid-size,2.0,4,X,8.3,196,AS,6
2022,Volkswagen,Sport utility vehicle: Small,1.5,4,X,7.6,178,A,8
2022,Volkswagen,Sport utility vehicle: Small,1.5,4,X,8.5,200,A,7
2022,Volkswagen,Sport utility vehicle: Small,2.0,4,X,9.4,222,AS,8
2022,Volkswagen,Sport utility vehicle: Small,2.0,4,X,9.8,229,AS,8
2022,Volvo,Compact,2.0,4,Z,8.0,186,AS,8
2022,Volvo,Compact,2.0,4,Z,8.3,193,AS,8
2022,Volvo,Mid-size,2.0,4,Z,9.1,212,AS,8
2022,Volvo,Station wagon: Small,2.0,4,Z,9.6,224,AS,8
2022,Volvo,Station wagon: Small,2.0,4,Z,9.5,221,AS,8
2022,Volvo,Station wagon: Mid-size,2.0,4,Z,9.5,222,AS,8
2022,Volvo,Sport utility vehicle: Small,2.0,4,X,9.3,217,AS,8
2022,Volvo,Sport utility vehicle: Small,2.0,4,Z,9.4,219,AS,8
2022,Volvo,Sport utility vehicle: Small,2.0,4,Z,9.4,219,AS,8
2022,Volvo,Sport utility vehicle: Small,2.0,4,Z,9.9,232,AS,8
2022,Volvo,Sport utility vehicle: Standard,2.0,4,Z,10.1,236,AS,8
2022,Volvo,Sport utility vehicle: Standard,2.0,4,Z,10.8,252,AS,8
2023,Acura,Full-size,1.5,4,Z,7.2,167,AV,7
2023,Acura,Full-size,1.5,4,Z,7.4,172,AV,7
2023,Acura,Full-size,1.5,4,Z,7.8,181,M,6
2023,Acura,Sport utility vehicle: Small,3.5,6,Z,11.2,263,AS,10
2023,Acura,Sport utility vehicle: Standard,3.0,6,Z,12.4,291,AS,10
2023,Acura,Sport utility vehicle: Small,2.0,4,Z,9.9,232,AS,10
2023,Acura,Sport utility vehicle: Small,2.0,4,Z,10.3,242,AS,10
2023,Acura,Compact,2.0,4,Z,9.8,230,AS,10
2023,Acura,Compact,2.0,4,Z,9.8,231,AS,10
2023,Acura,Compact,3.0,6,Z,11.0,256,AS,10
2023,Alfa Romeo,Mid-size,2.0,4,Z,8.7,205,A,8
2023,Alfa Romeo,Mid-size,2.0,4,Z,9.2,217,A,8
2023,Alfa Romeo,Mid-size,2.9,6,Z,11.6,271,A,8
2023,Alfa Romeo,Sport utility vehicle: Small,2.0,4,Z,9.3,218,A,8
2023,Alfa Romeo,Sport utility vehicle: Small,2.0,4,Z,9.6,226,A,8
2023,Alfa Romeo,Sport utility vehicle: Small,2.9,6,Z,12.3,288,A,8
2023,Alfa Romeo,Sport utility vehicle: Small,2.0,4,X,9.8,231,A,9
2023,Aston Martin,Minicompact,4.0,8,Z,11.5,271,A,8
2023,Aston Martin,Minicompact,5.2,12,Z,13.8,324,A,8
2023,Aston Martin,Minicompact,5.2,12,Z,13.8,324,A,8
2023,Aston Martin,Sport utility vehicle: Standard,4.0,8,Z,14.6,343,A,9
2023,Aston Martin,Sport utility vehicle: Standard,4.0,8,Z,14.0,329,A,9
2023,Aston Martin,Two-seater,4.0,8,Z,11.5,270,A,8
2023,Aston Martin,Two-seater,5.2,12,Z,14.3,337,A,8
2023,Audi,Subcompact,2.0,4,X,7.9,183,AM,7
2023,Audi,Compact,2.0,4,Z,8.7,203,AM,7
2023,Audi,Station wagon: Small,2.0,4,Z,9.1,214,AM,7
2023,Audi,Subcompact,2.0,4,Z,8.9,208,AM,7
2023,Audi,Subcompact,2.0,4,Z,8.7,203,AM,7
2023,Audi,Mid-size,2.0,4,Z,8.7,203,AM,7
2023,Audi,Mid-size,2.0,4,Z,8.9,207,AM,7
2023,Audi,Mid-size,3.0,6,Z,9.6,224,AM,7
2023,Audi,Station wagon: Mid-size,3.0,6,Z,9.6,224,AM,7
2023,Audi,Mid-size,3.0,6,Z,9.6,224,AM,7
2023,Audi,Full-size,3.0,6,Z,10.6,247,AS,8
2023,Audi,Sport utility vehicle: Small,2.0,4,X,9.6,224,AS,8
2023,Audi,Sport utility vehicle: Small,2.0,4,X,10.0,233,AS,8
2023,Audi,Sport utility vehicle: Small,2.0,4,Z,9.3,217,AM,7
2023,Audi,Sport utility vehicle: Small,2.0,4,Z,9.5,223,AM,7
2023,Audi,Sport utility vehicle: Small,2.0,4,Z,9.5,223,AM,7
2023,Audi,Sport utility vehicle: Standard,2.0,4,Z,11.0,257,AS,8
2023,Audi,Sport utility vehicle: Standard,3.0,6,Z,12.0,281,AS,8
2023,Audi,Sport utility vehicle: Standard,3.0,6,Z,11.7,273,AS,8
2023,Audi,Two-seater,5.2,10,Z,13.7,320,AM,7
2023,Audi,Two-seater,5.2,10,Z,15.5,361,AM,7
2023,Audi,Two-seater,5.2,10,Z,13.7,320,AM,7
2023,Audi,Two-seater,5.2,10,Z,15.5,361,AM,7
2023,Audi,Two-seater,5.2,10,Z,14.0,328,AM,7
2023,Audi,Subcompact,2.9,6,Z,11.4,266,AS,8
2023,Audi,Mid-size,2.9,6,Z,11.5,267,AS,8
2023,Audi,Station wagon: Mid-size,4.0,8,Z,14.1,328,AS,8
2023,Audi,Mid-size,4.0,8,Z,14.1,328,AS,8
2023,Audi,Sport utility vehicle: Standard,4.0,8,Z,15.0,349,AS,8
2023,Audi,Subcompact,2.0,4,Z,8.9,207,AM,7
2023,Audi,Compact,3.0,6,Z,9.7,226,AS,8
2023,Audi,Subcompact,3.0,6,Z,10.0,233,AS,8
2023,Audi,Subcompact,3.0,6,Z,9.7,226,AS,8
2023,Audi,Mid-size,3.0,6,Z,9.7,226,AS,8
2023,Audi,Mid-size,2.9,6,Z,10.8,254,AS,8
2023,Audi,Mid-size,2.9,6,Z,10.8,254,AS,8
2023,Audi,Full-size,4.0,8,Z,13.4,313,AS,8
2023,Audi,Sport utility vehicle: Small,3.0,6,Z,11.2,262,AS,8
2023,Audi,Sport utility vehicle: Small,3.0,6,Z,11.2,262,AS,8
2023,Audi,Sport utility vehicle: Standard,4.0,8,Z,13.9,325,AS,8
2023,Audi,Sport utility vehicle: Standard,4.0,8,Z,13.9,325,AS,8
2023,Audi,Subcompact,2.0,4,X,9.4,221,AM,7
2023,Audi,Two-seater,2.0,4,X,9.4,221,AM,7
2023,Audi,Subcompact,2.0,4,Z,9.0,209,AM,7
2023,Bentley,Sport utility vehicle: Standard,4.0,8,Z,14.0,328,AS,8
2023,Bentley,Sport utility vehicle: Standard,4.0,8,Z,14.0,328,AS,8
2023,Bentley,Sport utility vehicle: Standard,6.0,12,Z,16.3,383,AS,8
2023,Bentley,Subcompact,4.0,8,Z,13.1,307,AM,8
2023,Bentley,Subcompact,6.0,12,Z,16.2,379,AM,8
2023,Bentley,Minicompact,4.0,8,Z,13.4,315,AM,8
2023,Bentley,Minicompact,6.0,12,Z,17.0,395,AM,8
2023,Bentley,Mid-size,4.0,8,Z,13.6,319,AM,8
2023,Bentley,Mid-size,6.0,12,Z,16.0,373,AM,8
2023,BMW,Subcompact,2.0,4,Z,8.4,195,AS,8
2023,BMW,Compact,2.0,4,Z,8.6,200,AS,8
2023,BMW,Subcompact,2.0,4,Z,8.7,203,AS,8
2023,BMW,Subcompact,2.0,4,Z,8.7,203,AS,8
2023,BMW,Mid-size,2.0,4,Z,8.9,206,AS,8
2023,BMW,Mid-size,3.0,6,Z,9.4,219,AS,8
2023,BMW,Full-size,4.4,8,Z,11.3,261,AS,8
2023,BMW,Mid-size,4.4,8,Z,12.2,284,AS,8
2023,BMW,Sport utility vehicle: Standard,4.4,8,Z,13.6,314,AS,8
2023,BMW,Subcompact,3.0,6,Z,12.7,294,AS,8
2023,BMW,Subcompact,3.0,6,Z,12.4,287,M,6
2023,BMW,Compact,2.0,4,Z,8.6,202,AS,8
2023,BMW,Subcompact,3.0,6,Z,9.0,210,AS,8
2023,BMW,Compact,3.0,6,Z,12.6,293,M,6
2023,BMW,Compact,3.0,6,Z,12.7,296,AS,8
2023,BMW,Compact,3.0,6,Z,9.0,210,AS,8
2023,BMW,Subcompact,3.0,6,Z,12.9,301,AS,8
2023,BMW,Subcompact,3.0,6,Z,12.6,293,M,6
2023,BMW,Subcompact,3.0,6,Z,12.7,296,AS,8
2023,BMW,Subcompact,3.0,6,Z,12.9,301,AS,8
2023,BMW,Subcompact,3.0,6,Z,9.3,216,AS,8
2023,BMW,Subcompact,3.0,6,Z,9.3,216,AS,8
2023,BMW,Mid-size,4.4,8,Z,13.8,324,AS,8
2023,BMW,Mid-size,4.4,8,Z,13.8,324,AS,8
2023,BMW,Mid-size,4.4,8,Z,12.0,277,AS,8
2023,BMW,Subcompact,4.4,8,Z,13.7,321,AS,8
2023,BMW,Subcompact,4.4,8,Z,13.7,321,AS,8
2023,BMW,Mid-size,4.4,8,Z,13.7,321,AS,8
2023,BMW,Subcompact,4.4,8,Z,12.2,284,AS,8
2023,BMW,Subcompact,4.4,8,Z,12.2,284,AS,8
2023,BMW,Mid-size,4.4,8,Z,12.2,284,AS,8
2023,BMW,Sport utility vehicle: Small,2.0,4,Z,8.4,195,AM,7
2023,BMW,Sport utility vehicle: Small,2.0,4,Z,9.9,229,AS,8
2023,BMW,Sport utility vehicle: Small,3.0,6,Z,13.9,323,AS,8
2023,BMW,Sport utility vehicle: Small,3.0,6,Z,13.9,323,AS,8
2023,BMW,Sport utility vehicle: Small,3.0,6,Z,10.1,235,AS,8
2023,BMW,Sport utility vehicle: Small,2.0,4,Z,9.9,229,AS,8
2023,BMW,Sport utility vehicle: Small,3.0,6,Z,13.9,323,AS,8
2023,BMW,Sport utility vehicle: Small,3.0,6,Z,13.9,323,AS,8
2023,BMW,Sport utility vehicle: Small,3.0,6,Z,10.1,235,AS,8
2023,BMW,Sport utility vehicle: Standard,3.0,6,Z,10.4,242,AS,8
2023,BMW,Sport utility vehicle: Standard,4.4,8,Z,15.7,364,AS,8
2023,BMW,Sport utility vehicle: Standard,4.4,8,Z,15.7,364,AS,8
2023,BMW,Sport utility vehicle: Standard,4.4,8,Z,13.0,302,AS,8
2023,BMW,Sport utility vehicle: Standard,3.0,6,Z,10.4,242,AS,8
2023,BMW,Sport utility vehicle: Standard,4.4,8,Z,15.7,364,AS,8
2023,BMW,Sport utility vehicle: Standard,4.4,8,Z,15.7,364,AS,8
2023,BMW,Sport utility vehicle: Standard,4.4,8,Z,13.0,302,AS,8
2023,BMW,Sport utility vehicle: Standard,3.0,6,Z,10.5,243,AS,8
2023,BMW,Sport utility vehicle: Standard,4.4,8,Z,12.9,299,AS,8
2023,BMW,Two-seater,2.0,4,Z,8.4,194,AS,8
2023,BMW,Two-seater,3.0,6,Z,9.1,210,AS,8
2023,Bugatti,Two-seater,8.0,16,Z,22.2,522,AM,7
2023,Bugatti,Two-seater,8.0,16,Z,26.1,608,AM,7
2023,Bugatti,Two-seater,8.0,16,Z,26.1,608,AM,7
2023,Buick,Sport utility vehicle: Standard,3.6,6,X,11.8,277,A,9
2023,Buick,Sport utility vehicle: Small,1.2,3,X,7.8,184,AV,0
2023,Buick,Sport utility vehicle: Small,1.3,3,X,7.9,185,AV,0
2023,Buick,Sport utility vehicle: Small,1.3,3,X,8.6,202,A,9
2023,Buick,Sport utility vehicle: Small,2.0,4,X,9.0,211,AS,9
2023,Buick,Sport utility vehicle: Small,2.0,4,X,9.5,222,AS,9
2023,Cadillac,Compact,2.0,4,Z,8.8,206,AS,8
2023,Cadillac,Compact,2.7,4,Z,9.5,221,AS,10
2023,Cadillac,Compact,2.0,4,Z,9.2,216,AS,8
2023,Cadillac,Compact,2.7,4,Z,9.9,231,AS,10
2023,Cadillac,Compact,2.7,4,Z,10.2,239,AS,10
2023,Cadillac,Compact,2.7,4,Z,10.4,244,AS,10
2023,Cadillac,Compact,3.6,6,Z,12.6,297,AS,10
2023,Cadillac,Compact,3.6,6,Z,13.0,303,M,6
2023,Cadillac,Mid-size,2.0,4,Z,8.8,207,AS,10
2023,Cadillac,Mid-size,3.0,6,Z,10.7,252,AS,10
2023,Cadillac,Mid-size,2.0,4,Z,9.5,222,AS,10
2023,Cadillac,Mid-size,3.0,6,Z,11.3,265,AS,10
2023,Cadillac,Mid-size,3.0,6,Z,11.2,263,AS,10
2023,Cadillac,Mid-size,3.0,6,Z,11.3,265,AS,10
2023,Cadillac,Mid-size,6.2,8,Z,14.8,347,AS,10
2023,Cadillac,Mid-size,6.2,8,Z,15.2,368,M,6
2023,Cadillac,Sport utility vehicle: Standard,3.0,6,D,10.5,281,A,10
2023,Cadillac,Sport utility vehicle: Standard,6.2,8,Z,15.0,352,A,10
2023,Cadillac,Sport utility vehicle: Standard,6.2,8,Z,18.6,436,AS,10
2023,Cadillac,Sport utility vehicle: Small,2.0,4,Z,9.1,214,AS,9
2023,Cadillac,Sport utility vehicle: Small,2.0,4,Z,9.7,228,AS,9
2023,Cadillac,Sport utility vehicle: Small,2.0,4,Z,9.7,228,AS,9
2023,Cadillac,Sport utility vehicle: Small,2.0,4,Z,10.1,237,AS,9
2023,Cadillac,Sport utility vehicle: Small,3.6,6,X,11.3,265,AS,9
2023,Cadillac,Sport utility vehicle: Small,2.0,4,Z,10.2,239,AS,9
2023,Cadillac,Sport utility vehicle: Small,3.6,6,X,11.5,269,AS,9
2023,Chevrolet,Sport utility vehicle: Small,2.0,4,X,9.4,227,A,9
2023,Chevrolet,Sport utility vehicle: Small,2.0,4,X,9.9,232,A,9
2023,Chevrolet,Sport utility vehicle: Small,3.6,6,X,11.0,259,A,9
2023,Chevrolet,Subcompact,2.0,4,Z,9.5,222,AS,8
2023,Chevrolet,Subcompact,2.0,4,Z,10.7,249,M,6
2023,Chevrolet,Subcompact,3.6,6,X,10.7,253,AS,10
2023,Chevrolet,Subcompact,3.6,6,X,12.0,281,M,6
2023,Chevrolet,Subcompact,6.2,8,Z,12.0,281,AS,10
2023,Chevrolet,Subcompact,6.2,8,Z,12.6,297,M,6
2023,Chevrolet,Subcompact,6.2,8,Z,15.1,355,AS,10
2023,Chevrolet,Subcompact,6.2,8,Z,14.9,349,M,6
2023,Chevrolet,Pickup truck: Small,2.7,4,X,10.7,252,A,8
2023,Chevrolet,Pickup truck: Small,2.7,4,X,11.8,277,A,8
2023,Chevrolet,Pickup truck: Small,2.7,4,X,11.3,265,A,8
2023,Chevrolet,Pickup truck: Small,2.7,4,X,12.4,290,A,8
2023,Chevrolet,Pickup truck: Small,2.7,4,X,13.1,307,A,8
2023,Chevrolet,Pickup truck: Small,2.7,4,X,14.3,335,A,8
2023,Chevrolet,Two-seater,6.2,8,Z,12.7,299,AS,8
2023,Chevrolet,Two-seater,5.5,8,Z,15.8,371,AS,8
2023,Chevrolet,Two-seater,5.5,8,Z,16.7,392,AS,8
2023,Chevrolet,Sport utility vehicle: Small,1.5,4,X,8.4,197,A,6
2023,Chevrolet,Sport utility vehicle: Small,1.5,4,X,9.0,211,A,6
2023,Chevrolet,Mid-size,1.5,4,X,7.8,181,AV,0
2023,Chevrolet,Pickup truck: Standard,2.7,4,X,12.0,281,A,8
2023,Chevrolet,Pickup truck: Standard,3.0,6,D,9.2,247,A,10
2023,Chevrolet,Pickup truck: Standard,5.3,8,X,12.7,298,A,10
2023,Chevrolet,Pickup truck: Standard,5.3,8,X,13.1,308,A,10
2023,Chevrolet,Pickup truck: Standard,5.3,8,E,17.7,293,A,10
2023,Chevrolet,Pickup truck: Standard,2.7,4,X,12.2,288,A,8
2023,Chevrolet,Pickup truck: Standard,2.7,4,X,13.6,318,A,8
2023,Chevrolet,Pickup truck: Standard,3.0,6,D,9.8,264,A,10
2023,Chevrolet,Pickup truck: Standard,3.0,6,D,10.7,288,A,10
2023,Chevrolet,Pickup truck: Standard,5.3,8,X,13.5,325,A,10
2023,Chevrolet,Pickup truck: Standard,5.3,8,X,13.9,326,A,10
2023,Chevrolet,Pickup truck: Standard,5.3,8,E,19.2,318,A,10
2023,Chevrolet,Pickup truck: Standard,5.3,8,X,14.6,343,A,10
2023,Chevrolet,Pickup truck: Standard,5.3,8,X,13.9,326,A,10
2023,Chevrolet,Pickup truck: Standard,5.3,8,E,19.2,318,A,10
2023,Chevrolet,Pickup truck: Standard,6.2,8,Z,13.6,319,A,10
2023,Chevrolet,Pickup truck: Standard,6.2,8,Z,14.9,349,A,10
2023,Chevrolet,Pickup truck: Standard,6.2,8,Z,15.5,364,A,10
2023,Chevrolet,Sport utility vehicle: Standard,3.0,6,D,10.1,272,A,10
2023,Chevrolet,Sport utility vehicle: Standard,5.3,8,X,14.0,327,A,10
2023,Chevrolet,Sport utility vehicle: Standard,3.0,6,D,10.5,281,A,10
2023,Chevrolet,Sport utility vehicle: Standard,5.3,8,X,14.5,339,A,10
2023,Chevrolet,Sport utility vehicle: Standard,6.2,8,Z,15.0,352,A,10
2023,Chevrolet,Sport utility vehicle: Standard,3.0,6,D,9.9,265,A,10
2023,Chevrolet,Sport utility vehicle: Standard,5.3,8,X,14.0,327,A,10
2023,Chevrolet,Sport utility vehicle: Standard,3.0,6,D,10.5,281,A,10
2023,Chevrolet,Sport utility vehicle: Standard,5.3,8,X,14.0,327,A,10
2023,Chevrolet,Sport utility vehicle: Standard,6.2,8,Z,15.0,352,A,10
2023,Chevrolet,Sport utility vehicle: Small,1.2,3,X,7.8,184,AV,0
2023,Chevrolet,Sport utility vehicle: Small,1.3,3,X,7.7,180,AV,0
2023,Chevrolet,Sport utility vehicle: Small,1.3,3,X,8.4,197,A,9
2023,Chevrolet,Sport utility vehicle: Standard,3.6,6,X,11.8,277,A,9
2023,Chrysler,Full-size,3.6,6,X,10.3,242,A,8
2023,Chrysler,Full-size,5.7,8,X,12.3,289,A,8
2023,Chrysler,Full-size,3.6,6,X,11.0,258,A,8
2023,Chrysler,Full-size,6.4,8,Z,13.1,307,A,8
2023,Chrysler,Minivan,3.6,6,X,10.6,249,A,9
2023,Chrysler,Minivan,3.6,6,X,10.6,249,A,9
2023,Chrysler,Minivan,3.6,6,X,12.0,279,A,9
2023,Dodge,Mid-size,3.6,6,X,10.3,242,A,8
2023,Dodge,Mid-size,5.7,8,X,12.3,289,A,8
2023,Dodge,Mid-size,5.7,8,Z,13.1,307,M,6
2023,Dodge,Mid-size,6.4,8,Z,13.1,307,A,8
2023,Dodge,Mid-size,6.4,8,Z,13.9,325,M,6
2023,Dodge,Mid-size,3.6,6,X,11.0,258,A,8
2023,Dodge,Mid-size,6.4,8,Z,13.1,307,A,8
2023,Dodge,Mid-size,6.4,8,Z,13.9,325,M,6
2023,Dodge,Mid-size,6.2,8,Z,18.8,440,A,8
2023,Dodge,Mid-size,6.2,8,E,25.0,419,A,8
2023,Dodge,Mid-size,6.2,8,Z,14.5,339,A,8
2023,Dodge,Mid-size,6.2,8,Z,15.1,352,M,6
2023,Dodge,Mid-size,6.2,8,Z,15.4,359,A,8
2023,Dodge,Mid-size,6.2,8,Z,15.1,352,M,6
2023,Dodge,Full-size,3.6,6,X,10.3,242,A,8
2023,Dodge,Full-size,5.7,8,X,12.3,289,A,8
2023,Dodge,Full-size,6.4,8,Z,13.1,307,A,8
2023,Dodge,Full-size,3.6,6,X,11.0,258,A,8
2023,Dodge,Full-size,6.4,8,Z,13.1,307,A,8
2023,Dodge,Full-size,6.2,8,Z,15.6,368,A,8
2023,Dodge,Sport utility vehicle: Standard,3.6,6,X,11.3,266,A,8
2023,Dodge,Sport utility vehicle: Standard,5.7,8,X,14.1,331,A,8
2023,Dodge,Sport utility vehicle: Standard,6.4,8,Z,15.6,363,A,8
2023,Dodge,Sport utility vehicle: Standard,6.2,8,Z,17.4,410,A,8
2023,Dodge,Sport utility vehicle: Small,2.0,4,X,9.9,231,A,9
2023,FIAT,Sport utility vehicle: Small,1.3,4,X,9.1,221,A,9
2023,Ford,Sport utility vehicle: Small,2.3,4,X,11.6,273,AS,10
2023,Ford,Sport utility vehicle: Small,2.3,4,X,11.6,272,M,7
2023,Ford,Sport utility vehicle: Small,2.7,6,X,12.0,283,AS,10
2023,Ford,Sport utility vehicle: Small,2.3,4,X,13.8,324,AS,10
2023,Ford,Sport utility vehicle: Small,2.3,4,X,14.3,336,M,7
2023,Ford,Sport utility vehicle: Small,2.7,6,X,14.1,331,AS,10
2023,Ford,Sport utility vehicle: Small,2.3,4,X,13.1,308,AS,10
2023,Ford,Sport utility vehicle: Small,2.3,4,X,14.0,329,M,7
2023,Ford,Sport utility vehicle: Small,2.7,6,X,13.1,308,AS,10
2023,Ford,Sport utility vehicle: Standard,3.0,6,X,15.3,358,AS,10
2023,Ford,Sport utility vehicle: Small,2.3,4,X,13.4,314,AS,10
2023,Ford,Sport utility vehicle: Small,2.3,4,X,14.0,329,M,7
2023,Ford,Sport utility vehicle: Small,2.7,6,X,14.1,331,AS,10
2023,Ford,Sport utility vehicle: Small,1.5,3,X,8.9,209,A,8
2023,Ford,Sport utility vehicle: Small,2.0,4,X,10.2,240,AS,8
2023,Ford,Sport utility vehicle: Small,2.0,4,X,10.2,239,A,8
2023,Ford,Sport utility vehicle: Small,2.0,4,X,10.1,238,AS,8
2023,Ford,Sport utility vehicle: Small,2.7,6,X,11.2,262,AS,8
2023,Ford,Sport utility vehicle: Small,1.5,3,X,8.0,188,A,8
2023,Ford,Sport utility vehicle: Small,1.5,3,X,8.4,197,A,8
2023,Ford,Sport utility vehicle: Small,2.0,4,X,9.1,211,A,8
2023,Ford,Sport utility vehicle: Small,2.5,4,X,6.0,140,AV,0
2023,Ford,Sport utility vehicle: Small,2.5,4,X,6.0,140,AV,0
2023,Ford,Sport utility vehicle: Standard,3.5,6,X,12.9,302,AS,10
2023,Ford,Sport utility vehicle: Standard,3.5,6,X,13.5,318,AS,10
2023,Ford,Sport utility vehicle: Standard,3.5,6,X,13.5,318,AS,10
2023,Ford,Sport utility vehicle: Standard,3.5,6,X,13.9,327,AS,10
2023,Ford,Sport utility vehicle: Standard,2.3,4,X,10.3,241,A,10
2023,Ford,Sport utility vehicle: Standard,2.3,4,X,10.7,251,A,10
2023,Ford,Sport utility vehicle: Standard,3.0,6,X,11.8,277,A,10
2023,Ford,Sport utility vehicle: Standard,3.0,6,X,11.9,280,A,10
2023,Ford,Sport utility vehicle: Standard,3.0,6,X,11.8,277,AS,10
2023,Ford,Sport utility vehicle: Standard,3.0,6,X,12.0,282,AS,10
2023,Ford,Sport utility vehicle: Standard,2.3,4,X,11.5,269,AS,10
2023,Ford,Sport utility vehicle: Standard,2.3,4,X,11.8,277,AS,10
2023,Ford,Sport utility vehicle: Standard,3.3,6,X,9.6,225,A,10
2023,Ford,Pickup truck: Standard,2.7,6,X,10.7,252,AS,10
2023,Ford,Pickup truck: Standard,2.7,6,X,11.5,269,AS,10
2023,Ford,Pickup truck: Standard,3.3,6,X,11.1,261,AS,10
2023,Ford,Pickup truck: Standard,3.3,6,E,15.0,244,AS,10
2023,Ford,Pickup truck: Standard,3.3,6,X,11.5,268,AS,10
2023,Ford,Pickup truck: Standard,3.3,6,E,15.2,253,AS,10
2023,Ford,Pickup truck: Standard,3.5,6,X,12.0,281,AS,10
2023,Ford,Pickup truck: Standard,5.0,8,X,12.4,291,AS,10
2023,Ford,Pickup truck: Standard,5.0,8,E,16.6,270,AS,10
2023,Ford,Pickup truck: Standard,5.0,8,X,12.7,300,AS,10
2023,Ford,Pickup truck: Standard,5.0,8,E,17.2,279,AS,10
2023,Ford,Pickup truck: Standard,2.7,6,X,11.5,271,AS,10
2023,Ford,Pickup truck: Standard,2.7,6,X,12.0,280,AS,10
2023,Ford,Pickup truck: Standard,3.3,6,X,11.8,277,AS,10
2023,Ford,Pickup truck: Standard,3.3,6,E,15.3,247,AS,10
2023,Ford,Pickup truck: Standard,3.5,6,X,12.1,284,AS,10
2023,Ford,Pickup truck: Standard,3.5,6,X,13.0,308,AS,10
2023,Ford,Pickup truck: Standard,5.0,8,X,12.7,298,AS,10
2023,Ford,Pickup truck: Standard,5.0,8,E,17.1,278,AS,10
2023,Ford,Pickup truck: Standard,5.0,8,X,13.2,309,AS,10
2023,Ford,Pickup truck: Standard,5.0,8,E,17.6,286,AS,10
2023,Ford,Pickup truck: Standard,3.5,6,X,14.6,344,AS,10
2023,Ford,Pickup truck: Standard,3.5,6,X,15.2,357,AS,10
2023,Ford,Pickup truck: Standard,3.5,6,X,15.3,359,AS,10
2023,Ford,Pickup truck: Standard,3.5,6,X,15.8,370,AS,10
2023,Ford,Pickup truck: Standard,5.2,8,X,19.7,460,AS,10
2023,Ford,Pickup truck: Standard,3.5,6,X,13.1,309,AS,10
2023,Ford,Pickup truck: Standard,3.5,6,X,13.3,311,AS,10
2023,Ford,Pickup truck: Standard,5.0,8,X,13.7,321,AS,10
2023,Ford,Pickup truck: Standard,5.0,8,E,18.0,295,AS,10
2023,Ford,Pickup truck: Standard,5.0,8,X,13.8,322,AS,10
2023,Ford,Pickup truck: Standard,5.0,8,E,18.1,298,AS,10
2023,Ford,Pickup truck: Standard,3.5,6,X,10.1,236,AS,10
2023,Ford,Pickup truck: Standard,3.5,6,X,10.4,245,AS,10
2023,Ford,Pickup truck: Small,2.0,4,X,9.8,230,A,8
2023,Ford,Pickup truck: Small,2.0,4,X,11.0,257,A,8
2023,Ford,Pickup truck: Small,2.5,4,X,6.4,149,AV,0
2023,Ford,Subcompact,2.3,4,X,9.3,220,A,10
2023,Ford,Subcompact,2.3,4,X,10.0,235,AS,10
2023,Ford,Subcompact,2.3,4,X,10.3,242,AS,10
2023,Ford,Subcompact,2.3,4,X,10.1,238,M,6
2023,Ford,Subcompact,2.3,4,X,10.5,246,M,6
2023,Ford,Subcompact,5.0,8,X,12.7,299,AS,10
2023,Ford,Subcompact,5.0,8,X,13.5,317,M,6
2023,Ford,Subcompact,2.3,4,X,10.2,240,A,10
2023,Ford,Subcompact,2.3,4,X,10.4,244,AS,10
2023,Ford,Subcompact,2.3,4,X,10.7,252,AS,10
2023,Ford,Subcompact,2.3,4,X,10.4,244,M,6
2023,Ford,Subcompact,2.3,4,X,10.9,256,M,6
2023,Ford,Subcompact,5.0,8,X,13.4,313,AS,10
2023,Ford,Subcompact,5.0,8,X,12.9,303,AS,10
2023,Ford,Subcompact,5.0,8,X,14.6,343,M,6
2023,Ford,Pickup truck: Standard,2.3,4,X,10.8,255,AS,10
2023,Ford,Pickup truck: Standard,2.3,4,X,11.1,261,AS,10
2023,Ford,Pickup truck: Standard,2.3,4,X,12.4,293,AS,10
2023,Ford,Special purpose vehicle,2.0,4,X,9.4,221,AS,8
2023,Ford,Special purpose vehicle,2.0,4,X,9.2,216,AS,8
2023,Genesis,Compact,2.0,4,Z,10.0,236,AS,8
2023,Genesis,Compact,3.3,6,Z,11.5,273,AS,8
2023,Genesis,Full-size,2.5,4,Z,9.5,225,AS,8
2023,Genesis,Full-size,3.5,6,Z,12.6,298,AS,8
2023,Genesis,Full-size,3.5,6,Z,11.8,274,AM,8
2023,Genesis,Sport utility vehicle: Small,2.5,4,Z,9.7,229,AS,8
2023,Genesis,Sport utility vehicle: Small,3.5,6,Z,11.6,275,AS,8
2023,Genesis,Sport utility vehicle: Standard,2.5,4,Z,10.5,248,AS,8
2023,Genesis,Sport utility vehicle: Standard,3.5,6,Z,11.8,279,AS,8
2023,GMC,Sport utility vehicle: Standard,2.0,4,X,9.9,232,A,9
2023,GMC,Sport utility vehicle: Standard,3.6,6,X,11.0,259,A,9
2023,GMC,Pickup truck: Small,2.7,4,X,11.8,277,A,8
2023,GMC,Pickup truck: Small,2.7,4,X,12.4,290,A,8
2023,GMC,Pickup truck: Small,2.7,4,X,13.1,308,A,8
2023,GMC,Pickup truck: Small,2.7,4,X,14.3,335,A,8
2023,GMC,Pickup truck: Standard,2.7,4,X,12.0,281,A,8
2023,GMC,Pickup truck: Standard,3.0,6,D,9.2,247,A,10
2023,GMC,Pickup truck: Standard,5.3,8,X,12.9,303,A,10
2023,GMC,Pickup truck: Standard,5.3,8,X,13.1,308,A,10
2023,GMC,Pickup truck: Standard,5.3,8,E,17.7,293,A,10
2023,GMC,Pickup truck: Standard,2.7,4,X,12.4,291,A,8
2023,GMC,Pickup truck: Standard,2.7,4,X,13.6,318,A,8
2023,GMC,Pickup truck: Standard,3.0,6,D,9.8,264,A,10
2023,GMC,Pickup truck: Standard,3.0,6,D,10.7,288,A,10
2023,GMC,Pickup truck: Standard,5.3,8,X,13.5,325,A,10
2023,GMC,Pickup truck: Standard,5.3,8,X,13.9,326,A,10
2023,GMC,Pickup truck: Standard,5.3,8,E,19.2,318,A,10
2023,GMC,Pickup truck: Standard,5.3,8,X,14.8,346,A,10
2023,GMC,Pickup truck: Standard,5.3,8,X,13.9,326,A,10
2023,GMC,Pickup truck: Standard,5.3,8,E,19.2,318,A,10
2023,GMC,Pickup truck: Standard,6.2,8,Z,14.0,330,A,10
2023,GMC,Pickup truck: Standard,6.2,8,Z,15.5,364,A,10
2023,GMC,Pickup truck: Standard,6.2,8,Z,15.5,364,A,10
2023,GMC,Sport utility vehicle: Small,1.5,4,X,9.0,211,A,9
2023,GMC,Sport utility vehicle: Small,1.5,4,X,9.2,216,A,9
2023,GMC,Sport utility vehicle: Standard,3.0,6,D,10.1,272,A,10
2023,GMC,Sport utility vehicle: Standard,5.3,8,X,14.0,327,A,10
2023,GMC,Sport utility vehicle: Standard,3.0,6,D,10.5,281,A,10
2023,GMC,Sport utility vehicle: Standard,5.3,8,X,14.0,327,A,10
2023,GMC,Sport utility vehicle: Standard,6.2,8,Z,15.0,352,A,10
2023,GMC,Sport utility vehicle: Standard,3.0,6,D,10.1,272,A,10
2023,GMC,Sport utility vehicle: Standard,5.3,8,X,14.0,327,A,10
2023,GMC,Sport utility vehicle: Standard,3.0,6,D,10.5,281,A,10
2023,GMC,Sport utility vehicle: Standard,5.3,8,X,14.5,339,A,10
2023,GMC,Sport utility vehicle: Standard,6.2,8,Z,15.0,352,A,10
2023,Honda,Full-size,1.5,4,X,7.3,171,AV,0
2023,Honda,Mid-size,2.0,4,X,5.3,124,AV,0
2023,Honda,Full-size,1.5,4,X,7.1,166,AV,7
2023,Honda,Full-size,1.5,4,X,7.5,175,M,6
2023,Honda,Full-size,2.0,4,X,7.2,167,AV,0
2023,Honda,Full-size,2.0,4,X,8.0,186,M,6
2023,Honda,Mid-size,1.5,4,X,6.9,162,AV,7
2023,Honda,Mid-size,2.0,4,X,6.9,162,AV,0
2023,Honda,Mid-size,2.0,4,X,7.1,165,AV,7
2023,Honda,Mid-size,1.5,4,Z,7.7,180,M,6
2023,Honda,Full-size,2.0,4,Z,9.7,224,M,6
2023,Honda,Sport utility vehicle: Small,1.5,4,X,7.8,181,AV,0
2023,Honda,Sport utility vehicle: Small,1.5,4,X,8.4,197,AV,0
2023,Honda,Sport utility vehicle: Small,2.0,4,X,6.4,151,AV,0
2023,Honda,Station wagon: Small,2.0,4,X,8.3,194,AV,0
2023,Honda,Station wagon: Small,2.0,4,X,8.7,203,AV,0
2023,Honda,Minivan,3.5,6,X,10.6,248,AS,10
2023,Honda,Sport utility vehicle: Small,3.5,6,X,11.3,265,AS,9
2023,Honda,Sport utility vehicle: Standard,3.5,6,X,11.0,258,AS,10
2023,Honda,Sport utility vehicle: Standard,3.5,6,X,11.2,262,AS,10
2023,Honda,Sport utility vehicle: Standard,3.5,6,X,11.8,275,AS,10
2023,Honda,Pickup truck: Standard,3.5,6,X,11.5,271,AS,9
2023,Hyundai,Mid-size,1.6,4,X,7.6,179,AM,7
2023,Hyundai,Mid-size,2.0,4,X,6.7,158,AV,1
2023,Hyundai,Mid-size,2.0,4,X,6.4,151,AV,1
2023,Hyundai,Mid-size,2.0,4,Z,10.2,241,AM,8
2023,Hyundai,Mid-size,2.0,4,Z,9.4,223,M,6
2023,Hyundai,Mid-size,1.6,4,X,4.7,110,AM,6
2023,Hyundai,Sport utility vehicle: Small,2.0,4,X,7.4,174,AV,0
2023,Hyundai,Sport utility vehicle: Small,2.0,4,Z,10.4,246,AM,8
2023,Hyundai,Sport utility vehicle: Small,1.6,4,X,8.2,193,AM,7
2023,Hyundai,Sport utility vehicle: Small,2.0,4,X,7.9,187,AV,0
2023,Hyundai,Sport utility vehicle: Small,3.8,6,X,11.2,263,AS,8
2023,Hyundai,Pickup truck: Small,2.5,4,X,10.6,250,AM,8
2023,Hyundai,Sport utility vehicle: Small,2.5,4,X,9.9,233,AM,8
2023,Hyundai,Sport utility vehicle: Small,2.5,4,X,10.0,235,AS,8
2023,Hyundai,Sport utility vehicle: Small,1.6,4,X,7.4,176,AM,6
2023,Hyundai,Full-size,1.6,4,X,7.9,186,AS,8
2023,Hyundai,Full-size,2.5,4,X,8.8,208,AM,8
2023,Hyundai,Full-size,2.5,4,X,7.7,182,AS,8
2023,Hyundai,Full-size,2.0,4,X,5.0,117,AM,6
2023,Hyundai,Sport utility vehicle: Small,2.5,4,X,8.5,200,AS,8
2023,Hyundai,Sport utility vehicle: Small,2.5,4,X,9.3,218,AS,8
2023,Hyundai,Sport utility vehicle: Small,1.6,4,X,6.4,152,AM,6
2023,Hyundai,Mid-size,1.6,4,X,7.5,177,AV,1
2023,Infiniti,Mid-size,3.0,6,Z,10.8,254,AS,7
2023,Infiniti,Mid-size,3.0,6,Z,11.1,261,AS,7
2023,Infiniti,Sport utility vehicle: Small,2.0,4,Z,9.7,228,AV,8
2023,Infiniti,Sport utility vehicle: Small,2.0,4,Z,9.4,222,AV,8
2023,Infiniti,Sport utility vehicle: Standard,3.5,6,Z,10.7,251,AS,9
2023,Infiniti,Sport utility vehicle: Standard,5.6,8,Z,15.1,355,AS,7
2023,Jaguar,Sport utility vehicle: Small,2.0,4,Z,10.4,247,AS,9
2023,Jaguar,Sport utility vehicle: Small,2.0,4,Z,9.9,227,AS,8
2023,Jaguar,Sport utility vehicle: Small,3.0,6,Z,10.8,253,AS,8
2023,Jaguar,Sport utility vehicle: Small,5.0,8,Z,13.4,316,AS,8
2023,Jaguar,Two-seater,5.0,8,Z,12.1,286,AS,8
2023,Jaguar,Two-seater,5.0,8,Z,12.7,299,AS,8
2023,Jaguar,Two-seater,5.0,8,Z,12.1,286,AS,8
2023,Jaguar,Two-seater,5.0,8,Z,12.7,299,AS,8
2023,Jaguar,Two-seater,5.0,8,Z,12.7,299,AS,8
2023,Jaguar,Two-seater,5.0,8,Z,12.7,299,AS,8
2023,Jaguar,Mid-size,2.0,4,Z,8.4,197,AS,8
2023,Jaguar,Mid-size,2.0,4,Z,9.3,219,AS,8
2023,Jeep,Sport utility vehicle: Small,2.4,4,X,9.8,230,A,9
2023,Jeep,Sport utility vehicle: Small,2.0,4,X,10.6,249,A,9
2023,Jeep,Sport utility vehicle: Small,2.0,4,X,8.8,205,A,8
2023,Jeep,Pickup truck: Standard,3.0,6,D,9.8,263,A,8
2023,Jeep,Pickup truck: Standard,3.0,6,D,10.0,271,A,8
2023,Jeep,Pickup truck: Standard,3.6,6,X,12.3,290,A,8
2023,Jeep,Pickup truck: Standard,3.6,6,X,12.6,296,M,6
2023,Jeep,Sport utility vehicle: Standard,3.6,6,X,10.9,256,A,8
2023,Jeep,Sport utility vehicle: Standard,5.7,8,X,14.1,331,A,8
2023,Jeep,Sport utility vehicle: Standard,3.6,6,X,11.3,266,A,8
2023,Jeep,Sport utility vehicle: Standard,5.7,8,X,14.1,331,A,8
2023,Jeep,Sport utility vehicle: Standard,3.0,6,Z,14.3,334,A,8
2023,Jeep,Sport utility vehicle: Standard,6.4,8,Z,16.0,374,A,8
2023,Jeep,Sport utility vehicle: Standard,3.0,6,Z,15.0,352,A,8
2023,Jeep,Sport utility vehicle: Small,1.3,4,X,9.2,222,A,9
2023,Jeep,Sport utility vehicle: Small,1.3,4,X,9.9,231,A,9
2023,Jeep,Sport utility vehicle: Standard,3.0,6,X,12.5,293,A,8
2023,Jeep,Sport utility vehicle: Standard,5.7,8,X,13.8,324,A,8
2023,Jeep,Sport utility vehicle: Standard,3.0,6,X,12.7,297,A,8
2023,Jeep,Sport utility vehicle: Small,2.0,4,X,10.3,241,A,8
2023,Jeep,Sport utility vehicle: Small,3.6,6,X,11.8,274,A,8
2023,Jeep,Sport utility vehicle: Small,3.6,6,X,11.0,258,A,8
2023,Jeep,Sport utility vehicle: Small,3.6,6,X,11.8,277,M,6
2023,Jeep,Sport utility vehicle: Small,2.0,4,X,10.8,251,A,8
2023,Jeep,Sport utility vehicle: Small,3.0,6,D,9.5,255,A,8
2023,Jeep,Sport utility vehicle: Small,3.0,6,D,10.2,275,A,8
2023,Jeep,Sport utility vehicle: Small,3.6,6,X,11.7,275,A,8
2023,Jeep,Sport utility vehicle: Small,3.6,6,X,11.2,262,A,8
2023,Jeep,Sport utility vehicle: Small,3.6,6,X,12.2,285,M,6
2023,Jeep,Sport utility vehicle: Small,6.4,8,Z,16.5,387,A,8
2023,Kia,Minivan,3.5,6,X,10.6,252,AS,8
2023,Kia,Mid-size,1.6,4,X,7.8,184,AM,7
2023,Kia,Mid-size,2.0,4,X,7.2,170,AV,0
2023,Kia,Full-size,1.6,4,X,8.0,190,AM,7
2023,Kia,Full-size,2.0,4,X,7.7,182,AV,0
2023,Kia,Full-size,2.5,4,X,8.7,207,AM,8
2023,Kia,Full-size,1.6,4,X,8.3,196,AS,8
2023,Kia,Station wagon: Small,1.6,4,X,4.8,112,AM,6
2023,Kia,Station wagon: Small,1.6,4,X,4.4,104,AM,6
2023,Kia,Compact,1.6,4,X,6.7,160,AV,1
2023,Kia,Compact,1.6,4,X,7.0,166,M,6
2023,Kia,Sport utility vehicle: Small,2.0,4,X,7.7,182,AV,8
2023,Kia,Sport utility vehicle: Small,1.6,4,X,8.7,205,AM,7
2023,Kia,Sport utility vehicle: Small,2.0,4,X,8.2,195,AV,8
2023,Kia,Sport utility vehicle: Small,2.5,4,X,9.9,234,AM,8
2023,Kia,Sport utility vehicle: Small,2.5,4,X,9.7,227,AS,8
2023,Kia,Sport utility vehicle: Small,1.6,4,X,6.6,157,AM,6
2023,Kia,Station wagon: Small,2.0,4,X,7.9,187,AV,0
2023,Kia,Sport utility vehicle: Small,2.5,4,X,8.4,198,AS,8
2023,Kia,Sport utility vehicle: Small,2.5,4,X,9.5,224,AS,8
2023,Kia,Sport utility vehicle: Small,1.6,4,X,6.2,145,AM,6
2023,Kia,Mid-size,3.3,6,Z,11.9,280,AS,8
2023,Kia,Sport utility vehicle: Small,3.8,6,X,11.4,269,AS,8
2023,Lamborghini,Two-seater,5.2,10,Z,15.8,368,AM,7
2023,Lamborghini,Two-seater,5.2,10,Z,15.9,370,AM,7
2023,Lamborghini,Two-seater,5.2,10,Z,15.8,368,AM,7
2023,Lamborghini,Two-seater,5.2,10,Z,15.9,370,AM,7
2023,Lamborghini,Sport utility vehicle: Standard,4.0,8,Z,14.8,345,AS,8
2023,Lamborghini,Sport utility vehicle: Standard,4.0,8,Z,14.8,345,AS,8
2023,Land Rover,Sport utility vehicle: Standard,2.0,4,Z,12.3,289,AS,8
2023,Land Rover,Sport utility vehicle: Standard,3.0,6,Z,11.8,276,AS,8
2023,Land Rover,Sport utility vehicle: Standard,5.0,8,Z,14.3,339,AS,8
2023,Land Rover,Sport utility vehicle: Standard,2.0,4,Z,13.0,306,AS,8
2023,Land Rover,Sport utility vehicle: Standard,3.0,6,Z,11.8,276,AS,8
2023,Land Rover,Sport utility vehicle: Standard,5.0,8,Z,14.7,350,AS,8
2023,Land Rover,Sport utility vehicle: Standard,3.0,6,Z,12.6,298,AS,8
2023,Land Rover,Sport utility vehicle: Standard,3.0,6,Z,12.6,298,AS,8
2023,Land Rover,Sport utility vehicle: Standard,2.0,4,Z,11.5,271,AS,8
2023,Land Rover,Sport utility vehicle: Standard,3.0,6,Z,10.9,258,AS,8
2023,Land Rover,Sport utility vehicle: Small,2.0,4,Z,11.5,271,AS,9
2023,Land Rover,Sport utility vehicle: Standard,3.0,6,Z,11.3,265,AS,8
2023,Land Rover,Sport utility vehicle: Standard,3.0,6,Z,11.3,265,AS,8
2023,Land Rover,Sport utility vehicle: Standard,4.4,8,Z,13.3,316,AS,8
2023,Land Rover,Sport utility vehicle: Standard,4.4,8,Z,13.3,314,AS,8
2023,Land Rover,Sport utility vehicle: Standard,4.4,8,Z,13.3,316,AS,8
2023,Land Rover,Sport utility vehicle: Standard,4.4,8,Z,13.3,314,AS,8
2023,Land Rover,Sport utility vehicle: Standard,3.0,6,Z,10.8,254,AS,8
2023,Land Rover,Sport utility vehicle: Standard,3.0,6,Z,11.3,265,AS,8
2023,Land Rover,Sport utility vehicle: Standard,4.4,8,Z,13.3,316,AS,8
2023,Land Rover,Sport utility vehicle: Small,2.0,4,Z,10.5,247,AS,9
2023,Land Rover,Sport utility vehicle: Small,2.0,4,Z,10.3,244,AS,9
2023,Land Rover,Sport utility vehicle: Small,2.0,4,Z,10.4,244,AS,8
2023,Land Rover,Sport utility vehicle: Small,3.0,6,Z,10.5,248,AS,8
2023,Land Rover,Sport utility vehicle: Small,3.0,6,Z,11.2,265,AS,8
2023,Lexus,Mid-size,2.5,4,X,8.4,195,AS,8
2023,Lexus,Mid-size,2.5,4,X,5.3,124,AV,6
2023,Lexus,Mid-size,3.5,6,X,9.2,214,AS,8
2023,Lexus,Mid-size,3.5,6,X,9.4,219,AS,8
2023,Lexus,Sport utility vehicle: Standard,4.6,8,Z,14.5,337,AS,6
2023,Lexus,Compact,2.0,4,Z,9.5,221,AS,8
2023,Lexus,Compact,3.5,6,Z,10.8,253,AS,6
2023,Lexus,Compact,3.5,6,Z,10.8,253,AS,6
2023,Lexus,Compact,5.0,8,Z,11.9,280,AS,8
2023,Lexus,Subcompact,5.0,8,Z,12.6,294,AS,10
2023,Lexus,Minicompact,5.0,8,Z,13.0,304,AS,10
2023,Lexus,Subcompact,3.5,6,Z,8.1,189,AV,10
2023,Lexus,Mid-size,3.4,6,Z,11.2,270,AS,10
2023,Lexus,Mid-size,3.5,6,Z,9.2,217,AV,10
2023,Lexus,Sport utility vehicle: Standard,3.4,6,Z,12.7,298,AS,10
2023,Lexus,Sport utility vehicle: Small,2.5,4,X,8.4,198,AS,8
2023,Lexus,Sport utility vehicle: Small,2.4,4,Z,9.5,221,AS,8
2023,Lexus,Sport utility vehicle: Small,2.4,4,Z,9.5,222,AS,8
2023,Lexus,Sport utility vehicle: Small,2.5,4,Z,6.0,139,AV,6
2023,Lexus,Subcompact,3.5,6,Z,10.8,253,AS,6
2023,Lexus,Subcompact,3.5,6,Z,10.8,253,AS,6
2023,Lexus,Subcompact,5.0,8,Z,12.2,285,AS,8
2023,Lexus,Sport utility vehicle: Small,2.4,4,Z,9.9,231,AS,8
2023,Lexus,Sport utility vehicle: Small,2.5,4,Z,6.5,151,AV,6
2023,Lexus,Sport utility vehicle: Small,2.4,4,Z,8.6,199,AS,6
2023,Lexus,Compact,2.0,4,X,6.0,140,AV,6
2023,Lincoln,Sport utility vehicle: Standard,3.0,6,X,11.9,280,AS,10
2023,Lincoln,Sport utility vehicle: Standard,3.0,6,X,12.5,292,AS,10
2023,Lincoln,Sport utility vehicle: Small,2.0,4,X,9.9,232,AS,8
2023,Lincoln,Sport utility vehicle: Small,2.0,4,X,10.6,249,A,8
2023,Lincoln,Sport utility vehicle: Small,2.0,4,X,10.6,249,AS,8
2023,Lincoln,Sport utility vehicle: Small,2.7,6,X,11.2,262,AS,8
2023,Lincoln,Sport utility vehicle: Standard,3.5,6,X,13.2,310,AS,10
2023,Lincoln,Sport utility vehicle: Standard,3.5,6,X,13.6,320,AS,10
2023,Maserati,Mid-size,3.0,6,Z,11.6,271,A,8
2023,Maserati,Mid-size,3.0,6,Z,11.6,271,A,8
2023,Maserati,Mid-size,3.0,6,Z,12.0,284,A,8
2023,Maserati,Mid-size,3.8,8,Z,14.9,348,A,8
2023,Maserati,Sport utility vehicle: Small,2.0,4,Z,9.4,218,A,8
2023,Maserati,Sport utility vehicle: Small,2.0,4,Z,9.4,218,A,8
2023,Maserati,Sport utility vehicle: Small,3.0,6,Z,11.6,268,A,8
2023,Maserati,Sport utility vehicle: Standard,3.0,6,Z,13.2,308,A,8
2023,Maserati,Sport utility vehicle: Standard,3.0,6,Z,13.2,308,A,8
2023,Maserati,Sport utility vehicle: Standard,3.8,8,Z,15.0,349,A,8
2023,Maserati,Sport utility vehicle: Standard,3.8,8,Z,15.0,349,A,8
2023,Maserati,Two-seater,3.0,6,Z,12.8,295,AS,8
2023,Maserati,Two-seater,3.0,6,Z,12.8,299,AS,8
2023,Maserati,Full-size,3.0,6,Z,12.1,281,A,8
2023,Maserati,Full-size,3.0,6,Z,12.1,281,A,8
2023,Maserati,Full-size,3.0,6,Z,12.0,284,A,8
2023,Maserati,Full-size,3.8,8,Z,14.9,348,A,8
2023,Mazda,Sport utility vehicle: Small,2.0,4,X,8.6,202,AS,6
2023,Mazda,Sport utility vehicle: Small,2.5,4,X,8.2,192,AS,6
2023,Mazda,Sport utility vehicle: Small,2.5,4,X,9.3,220,AS,6
2023,Mazda,Sport utility vehicle: Small,2.5,4,X,9.0,209,AS,6
2023,Mazda,Sport utility vehicle: Small,2.5,4,X,9.8,230,AS,6
2023,Mazda,Sport utility vehicle: Small,2.5,4,X,8.9,209,AS,6
2023,Mazda,Sport utility vehicle: Small,2.5,4,X,9.4,220,AS,6
2023,Mazda,Sport utility vehicle: Small,2.5,4,X,10.5,245,AS,6
2023,Mazda,Compact,2.0,4,X,7.6,178,AS,6
2023,Mazda,Compact,2.0,4,X,7.7,180,M,6
2023,Mazda,Compact,2.5,4,X,7.6,179,AS,6
2023,Mazda,Compact,2.5,4,X,7.9,185,AS,6
2023,Mazda,Compact,2.5,4,X,8.8,207,AS,6
2023,Mazda,Mid-size,2.0,4,X,7.7,181,AS,6
2023,Mazda,Mid-size,2.0,4,X,7.8,181,M,6
2023,Mazda,Mid-size,2.5,4,X,7.8,183,AS,6
2023,Mazda,Mid-size,2.5,4,X,7.8,184,M,6
2023,Mazda,Mid-size,2.5,4,X,8.1,190,AS,6
2023,Mazda,Mid-size,2.5,4,X,8.9,209,AS,6
2023,Mazda,Two-seater,2.0,4,Z,7.9,186,AS,6
2023,Mazda,Two-seater,2.0,4,Z,8.1,189,M,6
2023,Mercedes-Benz,Subcompact,3.0,6,Z,11.4,268,A,9
2023,Mercedes-Benz,Subcompact,3.0,6,Z,11.0,257,A,9
2023,Mercedes-Benz,Compact,2.0,4,Z,10.7,251,A,9
2023,Mercedes-Benz,Compact,2.0,4,Z,9.9,232,AM,7
2023,Mercedes-Benz,Compact,2.0,4,Z,10.3,241,AM,8
2023,Mercedes-Benz,Compact,3.0,6,Z,10.3,241,A,9
2023,Mercedes-Benz,Mid-size,3.0,6,Z,9.7,227,A,9
2023,Mercedes-Benz,Subcompact,3.0,6,Z,10.3,242,A,9
2023,Mercedes-Benz,Subcompact,3.0,6,Z,10.2,238,A,9
2023,Mercedes-Benz,Station wagon: Mid-size,4.0,8,Z,12.3,312,A,9
2023,Mercedes-Benz,Mid-size,4.0,8,Z,12.6,296,A,9
2023,Mercedes-Benz,Sport utility vehicle: Standard,4.0,8,Z,17.7,415,A,9
2023,Mercedes-Benz,Sport utility vehicle: Standard,4.0,8,Z,21.7,508,A,9
2023,Mercedes-Benz,Station wagon: Small,2.0,4,Z,9.5,222,AM,8
2023,Mercedes-Benz,Station wagon: Small,2.0,4,Z,10.9,256,AM,8
2023,Mercedes-Benz,Station wagon: Mid-size,2.0,4,Z,10.2,238,AM,8
2023,Mercedes-Benz,Sport utility vehicle: Small,3.0,6,Z,11.8,274,A,9
2023,Mercedes-Benz,Sport utility vehicle: Standard,3.0,6,Z,12.2,284,A,9
2023,Mercedes-Benz,Sport utility vehicle: Standard,3.0,6,Z,11.9,277,A,9
2023,Mercedes-Benz,Sport utility vehicle: Standard,4.0,8,Z,14.7,343,A,9
2023,Mercedes-Benz,Sport utility vehicle: Standard,4.0,8,Z,14.8,347,A,9
2023,Mercedes-Benz,Sport utility vehicle: Standard,4.0,8,Z,15.1,354,A,9
2023,Mercedes-Benz,Compact,3.0,6,Z,11.2,262,A,9
2023,Mercedes-Benz,Compact,4.0,8,Z,14.0,329,A,9
2023,Mercedes-Benz,Compact,4.0,8,Z,14.0,329,A,9
2023,Mercedes-Benz,Minicompact,4.0,8,Z,15.3,360,A,9
2023,Mercedes-Benz,Subcompact,2.0,4,Z,9.5,223,A,9
2023,Mercedes-Benz,Subcompact,2.0,4,Z,9.3,218,A,9
2023,Mercedes-Benz,Compact,2.0,4,Z,8.6,201,A,9
2023,Mercedes-Benz,Compact,2.0,4,Z,8.6,200,AM,7
2023,Mercedes-Benz,Compact,3.0,6,Z,9.7,229,A,9
2023,Mercedes-Benz,Mid-size,2.0,4,Z,9.7,228,A,9
2023,Mercedes-Benz,Subcompact,3.0,6,Z,9.9,233,A,9
2023,Mercedes-Benz,Subcompact,3.0,6,Z,9.6,225,A,9
2023,Mercedes-Benz,Mid-size,3.0,6,Z,9.3,219,A,9
2023,Mercedes-Benz,Station wagon: Mid-size,3.0,6,Z,10.0,233,A,9
2023,Mercedes-Benz,Sport utility vehicle: Standard,4.0,8,Z,16.3,383,A,9
2023,Mercedes-Benz,Sport utility vehicle: Small,2.0,4,Z,9.0,210,AM,8
2023,Mercedes-Benz,Sport utility vehicle: Small,2.0,4,Z,9.4,221,AM,8
2023,Mercedes-Benz,Sport utility vehicle: Small,2.0,4,Z,9.8,229,A,9
2023,Mercedes-Benz,Sport utility vehicle: Small,2.0,4,Z,10.9,253,A,9
2023,Mercedes-Benz,Sport utility vehicle: Standard,2.0,4,Z,11.0,257,A,9
2023,Mercedes-Benz,Sport utility vehicle: Standard,3.0,6,Z,10.5,245,A,9
2023,Mercedes-Benz,Sport utility vehicle: Standard,3.0,6,Z,10.5,247,A,9
2023,Mercedes-Benz,Sport utility vehicle: Standard,3.0,6,Z,11.6,270,A,9
2023,Mercedes-Benz,Sport utility vehicle: Standard,4.0,8,Z,13.2,310,A,9
2023,Mercedes-Benz,Sport utility vehicle: Standard,4.0,8,Z,14.8,346,A,9
2023,Mercedes-Benz,Full-size,4.0,8,Z,13.0,305,A,9
2023,Mercedes-Benz,Full-size,6.0,12,Z,16.4,384,A,9
2023,Mercedes-Benz,Special purpose vehicle,2.0,4,Z,11.6,271,A,9
2023,Mercedes-Benz,Special purpose vehicle,2.0,4,Z,11.6,271,A,9
2023,Mercedes-Benz,Special purpose vehicle,2.0,4,Z,12.3,285,A,9
2023,Mercedes-Benz,Full-size,3.0,6,Z,10.4,242,A,9
2023,Mercedes-Benz,Full-size,4.0,8,Z,12.2,285,A,9
2023,MINI,Subcompact,1.5,3,Z,7.3,170,AM,7
2023,MINI,Subcompact,1.5,3,Z,7.6,177,M,6
2023,MINI,Subcompact,1.5,3,Z,7.3,170,AM,7
2023,MINI,Subcompact,1.5,3,Z,7.6,177,M,6
2023,MINI,Mid-size,1.5,3,Z,8.5,199,AS,8
2023,MINI,Minicompact,1.5,3,Z,7.3,170,AM,7
2023,MINI,Minicompact,1.5,3,Z,7.6,177,M,6
2023,MINI,Mid-size,1.5,3,Z,8.3,194,AM,7
2023,MINI,Mid-size,1.5,3,Z,9.0,209,AS,8
2023,MINI,Subcompact,2.0,4,Z,7.5,174,AM,7
2023,MINI,Subcompact,2.0,4,Z,8.8,205,M,6
2023,MINI,Subcompact,2.0,4,Z,7.5,174,AM,7
2023,MINI,Subcompact,2.0,4,Z,8.8,205,M,6
2023,MINI,Mid-size,2.0,4,Z,8.2,191,AM,7
2023,MINI,Mid-size,2.0,4,Z,9.3,217,M,6
2023,MINI,Mid-size,2.0,4,Z,8.9,206,AS,8
2023,MINI,Minicompact,2.0,4,Z,7.8,182,AM,7
2023,MINI,Minicompact,2.0,4,Z,8.8,205,M,6
2023,MINI,Mid-size,2.0,4,Z,8.5,199,AM,7
2023,MINI,Mid-size,2.0,4,Z,9.1,212,AS,8
2023,MINI,Subcompact,2.0,4,Z,8.2,191,AS,8
2023,MINI,Subcompact,2.0,4,Z,9.3,216,M,6
2023,MINI,Mid-size,2.0,4,Z,9.0,210,AS,8
2023,MINI,Minicompact,2.0,4,Z,8.6,200,AS,8
2023,MINI,Mid-size,2.0,4,Z,9.0,210,AS,8
2023,Mitsubishi,Sport utility vehicle: Small,1.5,4,X,9.3,216,AV,8
2023,Mitsubishi,Compact,1.2,3,X,6.2,143,AV,0
2023,Mitsubishi,Compact,1.2,3,X,6.5,151,M,5
2023,Mitsubishi,Sport utility vehicle: Small,2.5,4,X,8.9,208,AV,8
2023,Mitsubishi,Sport utility vehicle: Small,2.0,4,X,8.9,207,AV,6
2023,Mitsubishi,Sport utility vehicle: Small,2.0,4,X,9.1,213,AV,6
2023,Mitsubishi,Sport utility vehicle: Small,2.4,4,X,9.4,218,AV,6
2023,Nissan,Mid-size,2.5,4,X,8.2,193,AV,0
2023,Nissan,Mid-size,2.5,4,X,8.1,191,AV,0
2023,Nissan,Sport utility vehicle: Standard,5.6,8,Z,15.4,362,AS,7
2023,Nissan,Pickup truck: Standard,3.8,6,X,11.1,260,AS,9
2023,Nissan,Pickup truck: Standard,3.8,6,X,12.6,296,AS,9
2023,Nissan,Pickup truck: Standard,3.8,6,X,12.0,281,AS,9
2023,Nissan,Pickup truck: Standard,3.8,6,X,13.0,305,AS,9
2023,Nissan,Pickup truck: Standard,3.8,6,X,12.4,292,AS,9
2023,Nissan,Subcompact,3.8,6,Z,12.8,300,AM,6
2023,Nissan,Mid-size,1.6,4,X,7.2,169,AV,0
2023,Nissan,Mid-size,3.5,6,Z,9.9,233,AV,7
2023,Nissan,Station wagon: Mid-size,3.5,6,X,10.6,248,AV,7
2023,Nissan,Sport utility vehicle: Small,3.5,6,X,10.5,246,AS,9
2023,Nissan,Sport utility vehicle: Small,3.5,6,Z,11.1,260,AS,9
2023,Nissan,Station wagon: Small,2.0,4,X,8.2,194,AV,8
2023,Nissan,Station wagon: Small,2.0,4,X,8.6,201,AV,8
2023,Nissan,Sport utility vehicle: Small,1.5,3,X,7.2,170,AV,8
2023,Nissan,Sport utility vehicle: Small,2.5,4,X,8.4,196,AV,8
2023,Nissan,Sport utility vehicle: Small,1.5,3,X,7.6,179,AV,8
2023,Nissan,Sport utility vehicle: Small,1.5,3,X,7.7,181,AV,8
2023,Nissan,Sport utility vehicle: Small,2.5,4,X,8.3,195,AV,8
2023,Nissan,Mid-size,2.0,4,X,7.1,167,AV,0
2023,Nissan,Mid-size,2.0,4,X,7.3,171,AV,0
2023,Nissan,Mid-size,2.0,4,X,7.9,185,M,6
2023,Nissan,Mid-size,2.0,4,X,8.1,189,M,6
2023,Nissan,Compact,1.6,4,X,6.7,158,AV,0
2023,Nissan,Compact,1.6,4,X,7.7,181,M,5
2023,Nissan,Two-seater,3.0,6,Z,10.6,249,AS,9
2023,Nissan,Two-seater,3.0,6,Z,11.9,280,M,6
2023,Porsche,Two-seater,2.0,4,Z,10.0,233,AM,7
2023,Porsche,Two-seater,2.0,4,Z,10.9,254,M,6
2023,Porsche,Two-seater,2.0,4,Z,10.1,236,AM,7
2023,Porsche,Two-seater,2.0,4,Z,10.5,245,M,6
2023,Porsche,Two-seater,2.5,4,Z,10.9,255,AM,7
2023,Porsche,Two-seater,2.5,4,Z,11.2,263,M,6
2023,Porsche,Two-seater,4.0,6,Z,11.1,260,AM,7
2023,Porsche,Two-seater,4.0,6,Z,12.2,284,M,6
2023,Porsche,Two-seater,2.0,4,Z,10.0,233,AM,7
2023,Porsche,Two-seater,2.0,4,Z,10.9,254,M,6
2023,Porsche,Two-seater,2.0,4,Z,10.1,236,AM,7
2023,Porsche,Two-seater,2.0,4,Z,10.5,245,M,6
2023,Porsche,Two-seater,2.5,4,Z,10.9,255,AM,7
2023,Porsche,Two-seater,2.5,4,Z,11.2,263,M,6
2023,Porsche,Two-seater,4.0,6,Z,11.6,271,AM,7
2023,Porsche,Two-seater,4.0,6,Z,12.3,287,M,6
2023,Porsche,Two-seater,4.0,6,Z,11.1,260,AM,7
2023,Porsche,Two-seater,4.0,6,Z,12.2,284,M,6
2023,Porsche,Two-seater,4.0,6,Z,14.4,338,AM,7
2023,Porsche,Two-seater,4.0,6,Z,11.6,271,AM,7
2023,Porsche,Two-seater,4.0,6,Z,12.3,287,M,6
2023,Porsche,Minicompact,3.0,6,Z,11.6,275,AM,8
2023,Porsche,Minicompact,3.0,6,Z,11.6,260,AM,8
2023,Porsche,Minicompact,3.0,6,Z,11.6,275,AM,8
2023,Porsche,Minicompact,3.0,6,Z,11.6,264,AM,8
2023,Porsche,Minicompact,3.0,6,Z,11.6,264,AM,8
2023,Porsche,Minicompact,3.0,6,Z,11.8,269,M,7
2023,Porsche,Minicompact,3.0,6,Z,11.7,274,AM,8
2023,Porsche,Minicompact,3.0,6,Z,11.3,264,M,7
2023,Porsche,Minicompact,3.0,6,Z,11.8,271,AM,8
2023,Porsche,Minicompact,3.0,6,Z,11.8,266,M,7
2023,Porsche,Minicompact,3.0,6,Z,11.7,273,AM,8
2023,Porsche,Minicompact,3.0,6,Z,11.8,275,M,7
2023,Porsche,Minicompact,3.0,6,Z,11.7,270,AM,8
2023,Porsche,Minicompact,3.0,6,Z,12.0,269,M,7
2023,Porsche,Minicompact,3.0,6,Z,12.1,275,AM,8
2023,Porsche,Minicompact,3.0,6,Z,11.9,273,M,7
2023,Porsche,Minicompact,3.0,6,Z,12.1,275,AM,8
2023,Porsche,Minicompact,3.0,6,Z,12.2,281,M,7
2023,Porsche,Minicompact,3.0,6,Z,12.2,272,AM,8
2023,Porsche,Minicompact,3.0,6,Z,11.9,272,M,7
2023,Porsche,Minicompact,3.0,6,Z,12.3,284,AM,8
2023,Porsche,Minicompact,3.0,6,Z,12.7,284,M,7
2023,Porsche,Minicompact,3.0,6,Z,12.5,284,AM,8
2023,Porsche,Two-seater,4.0,6,Z,14.3,334,AM,7
2023,Porsche,Two-seater,4.0,6,Z,15.2,349,M,6
2023,Porsche,Two-seater,4.0,6,Z,15.1,354,AM,7
2023,Porsche,Two-seater,4.0,6,Z,14.4,335,AM,7
2023,Porsche,Two-seater,4.0,6,Z,15.2,348,M,6
2023,Porsche,Minicompact,3.7,6,Z,13.7,321,M,7
2023,Porsche,Minicompact,3.0,6,Z,11.6,261,AM,8
2023,Porsche,Minicompact,3.0,6,Z,11.8,264,AM,8
2023,Porsche,Minicompact,3.0,6,Z,11.9,274,M,7
2023,Porsche,Minicompact,3.0,6,Z,12.3,283,AM,8
2023,Porsche,Minicompact,3.0,6,Z,12.7,284,M,7
2023,Porsche,Minicompact,3.7,6,Z,13.7,321,AM,8
2023,Porsche,Minicompact,3.7,6,Z,13.9,320,AM,8
2023,Porsche,Minicompact,3.7,6,Z,13.7,316,AM,8
2023,Porsche,Minicompact,3.7,6,Z,14.1,325,AM,8
2023,Porsche,Sport utility vehicle: Standard,3.0,6,Z,12.4,281,AS,8
2023,Porsche,Sport utility vehicle: Standard,3.0,6,Z,12.4,281,AS,8
2023,Porsche,Sport utility vehicle: Standard,2.9,6,Z,13.7,305,AS,8
2023,Porsche,Sport utility vehicle: Standard,2.9,6,Z,13.0,305,AS,8
2023,Porsche,Sport utility vehicle: Standard,4.0,8,Z,14.0,327,AS,8
2023,Porsche,Sport utility vehicle: Standard,4.0,8,Z,14.0,319,AS,8
2023,Porsche,Sport utility vehicle: Standard,4.0,8,Z,14.8,330,AS,8
2023,Porsche,Sport utility vehicle: Standard,4.0,8,Z,14.1,330,AS,8
2023,Porsche,Sport utility vehicle: Standard,4.0,8,Z,14.8,334,AS,8
2023,Porsche,Sport utility vehicle: Small,2.0,4,Z,11.0,252,AM,7
2023,Porsche,Sport utility vehicle: Small,2.0,4,Z,11.0,259,AM,7
2023,Porsche,Sport utility vehicle: Small,2.9,6,Z,12.2,276,AM,7
2023,Porsche,Sport utility vehicle: Small,2.9,6,Z,12.2,281,AM,7
2023,Porsche,Full-size,2.9,6,Z,11.5,265,AM,8
2023,Porsche,Full-size,2.9,6,Z,12.2,271,AM,8
2023,Porsche,Full-size,2.9,6,Z,11.7,267,AM,8
2023,Porsche,Full-size,2.9,6,Z,11.4,266,AM,8
2023,Porsche,Full-size,2.9,6,Z,12.2,280,AM,8
2023,Porsche,Full-size,2.9,6,Z,12.2,280,AM,8
2023,Porsche,Full-size,4.0,8,Z,13.7,303,AM,8
2023,Porsche,Full-size,4.0,8,Z,13.9,312,AM,8
2023,Porsche,Full-size,4.0,8,Z,13.5,315,AM,8
2023,Porsche,Full-size,4.0,8,Z,13.5,315,AM,8
2023,Porsche,Full-size,4.0,8,Z,13.5,315,AM,8
2023,Ram,Pickup truck: Standard,3.6,6,X,10.8,253,A,8
2023,Ram,Pickup truck: Standard,5.7,8,X,11.7,275,A,8
2023,Ram,Pickup truck: Standard,3.0,6,D,9.7,260,A,8
2023,Ram,Pickup truck: Standard,3.6,6,X,11.0,259,A,8
2023,Ram,Pickup truck: Standard,5.7,8,X,13.8,325,A,8
2023,Ram,Pickup truck: Standard,5.7,8,X,12.1,284,A,8
2023,Ram,Pickup truck: Standard,6.2,8,Z,19.8,465,A,8
2023,Ram,Pickup truck: Standard,3.6,6,X,11.7,276,A,8
2023,Ram,Pickup truck: Standard,5.7,8,X,13.8,322,A,8
2023,Ram,Pickup truck: Standard,3.6,6,X,12.5,294,A,8
2023,Ram,Pickup truck: Standard,5.7,8,X,14.1,330,A,8
2023,Rolls-Royce,Station wagon: Mid-size,6.7,12,Z,16.6,389,AS,8
2023,Rolls-Royce,Station wagon: Mid-size,6.7,12,Z,16.6,389,AS,8
2023,Rolls-Royce,Full-size,6.7,12,Z,16.7,388,AS,8
2023,Rolls-Royce,Full-size,6.7,12,Z,16.7,388,AS,8
2023,Rolls-Royce,Full-size,6.7,12,Z,16.7,388,AS,8
2023,Rolls-Royce,Full-size,6.7,12,Z,17.0,397,AS,8
2023,Rolls-Royce,Full-size,6.7,12,Z,17.0,397,AS,8
2023,Subaru,Sport utility vehicle: Standard,2.4,4,X,11.0,256,AV,8
2023,Subaru,Minicompact,2.4,4,Z,9.5,224,AS,6
2023,Subaru,Minicompact,2.4,4,Z,10.5,247,M,6
2023,Subaru,Sport utility vehicle: Small,2.0,4,X,7.9,184,AV,8
2023,Subaru,Sport utility vehicle: Small,2.0,4,X,9.4,220,M,6
2023,Subaru,Sport utility vehicle: Small,2.5,4,X,8.0,187,AV,8
2023,Subaru,Sport utility vehicle: Small,2.5,4,X,8.2,192,AV,7
2023,Subaru,Sport utility vehicle: Small,2.5,4,X,9.0,210,AV,8
2023,Subaru,Station wagon: Small,2.0,4,X,7.6,178,AV,7
2023,Subaru,Station wagon: Small,2.0,4,X,9.0,211,M,5
2023,Subaru,Full-size,2.4,4,X,9.0,209,AV,8
2023,Subaru,Full-size,2.5,4,X,7.8,183,AV,8
2023,Subaru,Sport utility vehicle: Small,2.4,4,X,9.5,221,AV,8
2023,Subaru,Sport utility vehicle: Small,2.5,4,X,8.3,195,AV,8
2023,Subaru,Sport utility vehicle: Small,2.4,4,X,10.1,235,AV,8
2023,Subaru,Mid-size,2.4,4,Z,11.2,262,AV,8
2023,Subaru,Mid-size,2.4,4,Z,10.8,254,M,6
2023,Toyota,Sport utility vehicle: Standard,4.0,6,X,13.8,323,AS,5
2023,Toyota,Sport utility vehicle: Standard,4.0,6,X,13.8,320,AS,5
2023,Toyota,Mid-size,2.5,4,X,7.4,174,AS,8
2023,Toyota,Mid-size,3.5,6,X,9.4,220,AS,8
2023,Toyota,Mid-size,2.5,4,X,8.2,192,AS,8
2023,Toyota,Mid-size,2.5,4,X,8.4,195,AS,8
2023,Toyota,Mid-size,2.5,4,X,4.9,113,AV,6
2023,Toyota,Mid-size,2.5,4,X,5.1,121,AV,6
2023,Toyota,Compact,2.0,4,X,6.7,158,AV,10
2023,Toyota,Compact,2.0,4,X,6.8,160,AV,10
2023,Toyota,Compact,2.0,4,X,6.8,159,AV,10
2023,Toyota,Compact,1.8,4,X,4.7,110,AV,0
2023,Toyota,Compact,1.8,4,X,4.9,115,AV,0
2023,Toyota,Compact,1.8,4,X,5.3,124,AV,0
2023,Toyota,Sport utility vehicle: Small,2.0,4,X,7.3,171,AV,10
2023,Toyota,Sport utility vehicle: Small,2.0,4,X,7.8,182,AV,10
2023,Toyota,Sport utility vehicle: Small,2.0,4,X,5.6,130,AV,6
2023,Toyota,Mid-size,2.4,4,X,7.8,182,AS,6
2023,Toyota,Mid-size,2.5,4,X,5.7,133,AV,0
2023,Toyota,Subcompact,1.6,3,Z,9.8,229,M,6
2023,Toyota,Two-seater,2.0,4,Z,8.6,200,AS,8
2023,Toyota,Two-seater,3.0,6,Z,9.1,212,AS,8
2023,Toyota,Two-seater,3.0,6,Z,10.9,255,M,6
2023,Toyota,Minicompact,2.4,4,Z,9.6,225,AS,6
2023,Toyota,Minicompact,2.4,4,Z,10.5,247,M,6
2023,Toyota,Sport utility vehicle: Small,2.4,4,X,9.9,231,AS,8
2023,Toyota,Sport utility vehicle: Standard,2.5,4,X,6.7,158,AV,0
2023,Toyota,Sport utility vehicle: Standard,2.5,4,X,6.7,156,AV,0
2023,Toyota,Mid-size,2.0,4,X,4.8,111,AV,0
2023,Toyota,Sport utility vehicle: Small,2.5,4,X,7.9,184,AS,8
2023,Toyota,Sport utility vehicle: Small,2.5,4,X,8.5,199,AS,8
2023,Toyota,Sport utility vehicle: Small,2.5,4,X,8.0,187,AS,8
2023,Toyota,Sport utility vehicle: Small,2.5,4,X,7.9,184,AS,8
2023,Toyota,Sport utility vehicle: Small,2.5,4,X,6.0,141,AV,0
2023,Toyota,Sport utility vehicle: Standard,3.4,6,X,11.7,273,AS,10
2023,Toyota,Minivan,2.5,4,X,6.6,154,AV,0
2023,Toyota,Minivan,2.5,4,X,6.7,158,AV,0
2023,Toyota,Pickup truck: Small,3.5,6,X,11.9,278,AS,6
2023,Toyota,Pickup truck: Small,3.5,6,X,12.7,299,M,6
2023,Toyota,Pickup truck: Small,3.5,6,X,12.9,300,M,6
2023,Toyota,Pickup truck: Standard,3.4,6,X,11.8,277,AS,10
2023,Toyota,Pickup truck: Standard,3.4,6,X,12.4,291,AS,10
2023,Toyota,Pickup truck: Standard,3.4,6,X,12.2,286,AS,10
2023,Toyota,Pickup truck: Standard,3.4,6,X,11.7,274,AS,10
2023,Toyota,Pickup truck: Standard,3.4,6,X,12.3,287,AS,10
2023,Toyota,Sport utility vehicle: Small,2.5,4,X,6.1,142,AV,0
2023,Volkswagen,Sport utility vehicle: Small,2.0,4,X,10.2,240,AS,8
2023,Volkswagen,Sport utility vehicle: Small,2.0,4,X,10.9,255,AS,8
2023,Volkswagen,Sport utility vehicle: Small,3.6,6,X,11.9,279,AS,8
2023,Volkswagen,Sport utility vehicle: Small,2.0,4,X,10.3,243,AS,8
2023,Volkswagen,Sport utility vehicle: Small,2.0,4,X,10.9,256,AS,8
2023,Volkswagen,Sport utility vehicle: Small,3.6,6,X,11.7,275,AS,8
2023,Volkswagen,Compact,2.0,4,X,8.5,198,AM,7
2023,Volkswagen,Compact,2.0,4,X,8.8,205,M,6
2023,Volkswagen,Compact,2.0,4,Z,9.1,213,A,7
2023,Volkswagen,Compact,2.0,4,Z,10.2,237,M,6
2023,Volkswagen,Compact,1.5,4,X,6.8,159,AS,8
2023,Volkswagen,Compact,1.5,4,X,7.1,167,AS,8
2023,Volkswagen,Compact,1.5,4,X,7.0,165,M,6
2023,Volkswagen,Compact,2.0,4,X,7.9,185,AM,7
2023,Volkswagen,Compact,2.0,4,X,7.9,186,M,6
2023,Volkswagen,Sport utility vehicle: Small,1.5,4,X,7.6,178,AS,8
2023,Volkswagen,Sport utility vehicle: Small,1.5,4,X,8.5,200,AM,7
2023,Volkswagen,Sport utility vehicle: Small,2.0,4,X,9.4,222,AS,8
2023,Volkswagen,Sport utility vehicle: Small,2.0,4,X,9.8,229,AS,8
2023,Volvo,Compact,2.0,4,Z,8.0,186,AS,8
2023,Volvo,Compact,2.0,4,Z,8.3,193,AS,8
2023,Volvo,Mid-size,2.0,4,Z,9.0,211,AS,8
2023,Volvo,Station wagon: Small,2.0,4,Z,9.1,212,AS,8
2023,Volvo,Station wagon: Small,2.0,4,Z,9.0,211,AS,8
2023,Volvo,Station wagon: Mid-size,2.0,4,Z,9.7,227,AS,8
2023,Volvo,Sport utility vehicle: Small,2.0,4,Z,8.9,208,AS,8
2023,Volvo,Sport utility vehicle: Small,2.0,4,Z,9.2,215,AS,8
2023,Volvo,Sport utility vehicle: Small,2.0,4,Z,9.4,218,AS,8
2023,Volvo,Sport utility vehicle: Small,2.0,4,Z,10.0,233,AS,8
2023,Volvo,Sport utility vehicle: Standard,2.0,4,Z,9.6,223,AS,8
2023,Volvo,Sport utility vehicle: Standard,2.0,4,Z,10.6,249,AS,8
2024,Acura,Full-size,1.5,4,Z,7.4,172,AV,7
2024,Acura,Full-size,1.5,4,Z,7.8,181,M,6
2024,Acura,Full-size,2.0,4,Z,9.9,230,M,6
2024,Acura,Sport utility vehicle: Small,3.5,6,Z,11.2,263,AS,10
2024,Acura,Sport utility vehicle: Standard,3.0,6,Z,12.4,291,AS,10
2024,Acura,Sport utility vehicle: Small,2.0,4,Z,9.9,232,AS,10
2024,Acura,Sport utility vehicle: Small,2.0,4,Z,10.3,241,AS,10
2024,Acura,Compact,2.0,4,Z,9.8,231,AS,10
2024,Acura,Compact,3.0,6,Z,11.2,261,AS,10
2024,Alfa Romeo,Mid-size,2.0,4,Z,8.7,205,A,8
2024,Alfa Romeo,Mid-size,2.0,4,Z,9.2,217,A,8
2024,Alfa Romeo,Mid-size,2.9,6,Z,11.6,271,A,8
2024,Alfa Romeo,Sport utility vehicle: Small,2.0,4,Z,9.3,218,A,8
2024,Alfa Romeo,Sport utility vehicle: Small,2.0,4,Z,9.6,226,A,8
2024,Alfa Romeo,Sport utility vehicle: Small,2.9,6,Z,12.3,288,A,8
2024,Alfa Romeo,Sport utility vehicle: Small,2.0,4,X,9.8,231,A,9
2024,Aston Martin,Minicompact,4.0,8,Z,13.5,316,A,8
2024,Aston Martin,Minicompact,5.2,12,Z,13.8,324,A,8
2024,Aston Martin,Sport utility vehicle: Standard,4.0,8,Z,14.6,343,A,9
2024,Aston Martin,Sport utility vehicle: Standard,4.0,8,Z,14.0,329,A,9
2024,Aston Martin,Two-seater,5.2,12,Z,16.3,383,M,6
2024,Audi,Subcompact,2.0,4,X,8.1,191,AM,7
2024,Audi,Compact,2.0,4,Z,8.8,208,AM,7
2024,Audi,Station wagon: Small,2.0,4,Z,9.2,215,AM,7
2024,Audi,Subcompact,2.0,4,Z,8.6,202,AM,7
2024,Audi,Subcompact,2.0,4,Z,8.8,208,AM,7
2024,Audi,Mid-size,2.0,4,Z,8.8,208,AM,7
2024,Audi,Mid-size,2.0,4,Z,9.0,210,AM,7
2024,Audi,Mid-size,3.0,6,Z,9.6,225,AM,7
2024,Audi,Station wagon: Mid-size,3.0,6,Z,9.6,225,AM,7
2024,Audi,Mid-size,3.0,6,Z,9.6,225,AM,7
2024,Audi,Full-size,3.0,6,Z,10.6,249,AS,8
2024,Audi,Sport utility vehicle: Small,2.0,4,X,9.5,224,AS,8
2024,Audi,Sport utility vehicle: Small,2.0,4,X,10.2,239,AS,8
2024,Audi,Sport utility vehicle: Small,2.0,4,Z,9.2,215,AM,7
2024,Audi,Sport utility vehicle: Small,2.0,4,Z,9.9,230,AM,7
2024,Audi,Sport utility vehicle: Small,2.0,4,Z,9.9,230,AM,7
2024,Audi,Sport utility vehicle: Standard,2.0,4,Z,11.0,258,AS,8
2024,Audi,Sport utility vehicle: Standard,3.0,6,Z,11.4,268,AS,8
2024,Audi,Sport utility vehicle: Standard,3.0,6,Z,12.1,285,AS,8
2024,Audi,Subcompact,2.9,6,Z,11.3,264,AS,8
2024,Audi,Mid-size,2.9,6,Z,11.6,272,AS,8
2024,Audi,Station wagon: Mid-size,4.0,8,Z,14.2,335,AS,8
2024,Audi,Mid-size,4.0,8,Z,14.2,335,AS,8
2024,Audi,Sport utility vehicle: Standard,4.0,8,Z,15.3,357,AS,8
2024,Audi,Subcompact,2.0,4,Z,8.9,208,AM,7
2024,Audi,Compact,3.0,6,Z,9.7,228,AS,8
2024,Audi,Subcompact,3.0,6,Z,10.5,247,AS,8
2024,Audi,Subcompact,3.0,6,Z,9.7,228,AS,8
2024,Audi,Mid-size,3.0,6,Z,10.2,238,AS,8
2024,Audi,Mid-size,2.9,6,Z,10.7,252,AS,8
2024,Audi,Mid-size,2.9,6,Z,10.7,252,AS,8
2024,Audi,Full-size,4.0,8,Z,13.3,312,AS,8
2024,Audi,Sport utility vehicle: Small,3.0,6,Z,11.4,266,AS,8
2024,Audi,Sport utility vehicle: Small,3.0,6,Z,11.4,266,AS,8
2024,Audi,Sport utility vehicle: Standard,4.0,8,Z,13.9,326,AS,8
2024,Audi,Sport utility vehicle: Standard,4.0,8,Z,13.8,322,AS,8
2024,Bentley,Sport utility vehicle: Standard,4.0,8,Z,14.6,343,AS,8
2024,Bentley,Sport utility vehicle: Standard,4.0,8,Z,14.6,343,AS,8
2024,Bentley,Subcompact,4.0,8,Z,13.7,322,AM,8
2024,Bentley,Subcompact,6.0,12,Z,15.7,367,AM,8
2024,Bentley,Minicompact,4.0,8,Z,14.3,337,AM,8
2024,Bentley,Minicompact,6.0,12,Z,16.6,388,AM,8
2024,Bentley,Mid-size,4.0,8,Z,14.2,333,AM,8
2024,Bentley,Mid-size,6.0,12,Z,16.2,378,AM,8
2024,BMW,Compact,2.0,4,Z,8.8,205,AS,8
2024,BMW,Subcompact,2.0,4,Z,8.4,195,AS,8
2024,BMW,Compact,2.0,4,Z,8.6,200,AS,8
2024,BMW,Subcompact,2.0,4,Z,8.7,203,AS,8
2024,BMW,Subcompact,2.0,4,Z,8.7,203,AS,8
2024,BMW,Mid-size,2.0,4,Z,7.9,182,AS,8
2024,BMW,Full-size,4.4,8,Z,11.5,265,AS,8
2024,BMW,Mid-size,4.4,8,Z,12.2,284,AS,8
2024,BMW,Sport utility vehicle: Standard,4.4,8,Z,13.6,314,AS,8
2024,BMW,Subcompact,3.0,6,Z,12.7,294,AS,8
2024,BMW,Subcompact,3.0,6,Z,12.4,287,M,6
2024,BMW,Subcompact,3.0,6,Z,9.0,210,AS,8
2024,BMW,Compact,3.0,6,Z,12.6,293,M,6
2024,BMW,Compact,3.0,6,Z,12.7,296,AS,8
2024,BMW,Compact,3.0,6,Z,13.2,305,AS,8
2024,BMW,Compact,3.0,6,Z,9.1,212,AS,8
2024,BMW,Subcompact,3.0,6,Z,12.9,301,AS,8
2024,BMW,Subcompact,3.0,6,Z,12.7,296,AS,8
2024,BMW,Subcompact,3.0,6,Z,12.6,293,M,6
2024,BMW,Subcompact,3.0,6,Z,9.1,211,AS,8
2024,BMW,Subcompact,3.0,6,Z,9.3,216,AS,8
2024,BMW,Compact,3.0,6,Z,9.4,218,AS,8
2024,BMW,Subcompact,4.4,8,Z,13.7,321,AS,8
2024,BMW,Subcompact,4.4,8,Z,13.7,321,AS,8
2024,BMW,Mid-size,4.4,8,Z,13.7,321,AS,8
2024,BMW,Subcompact,4.4,8,Z,12.2,284,AS,8
2024,BMW,Subcompact,4.4,8,Z,12.2,284,AS,8
2024,BMW,Mid-size,4.4,8,Z,12.2,284,AS,8
2024,BMW,Sport utility vehicle: Small,2.0,4,Z,8.4,195,AM,7
2024,BMW,Sport utility vehicle: Small,2.0,4,Z,9.0,208,AM,7
2024,BMW,Sport utility vehicle: Small,2.0,4,Z,8.5,198,AM,7
2024,BMW,Sport utility vehicle: Small,2.0,4,Z,8.9,207,AM,7
2024,BMW,Sport utility vehicle: Small,2.0,4,Z,9.9,229,AS,8
2024,BMW,Sport utility vehicle: Small,3.0,6,Z,13.9,323,AS,8
2024,BMW,Sport utility vehicle: Small,3.0,6,Z,13.9,323,AS,8
2024,BMW,Sport utility vehicle: Small,3.0,6,Z,10.1,235,AS,8
2024,BMW,Sport utility vehicle: Small,2.0,4,Z,9.9,229,AS,8
2024,BMW,Sport utility vehicle: Small,3.0,6,Z,13.9,323,AS,8
2024,BMW,Sport utility vehicle: Small,3.0,6,Z,13.9,323,AS,8
2024,BMW,Sport utility vehicle: Small,3.0,6,Z,10.1,235,AS,8
2024,BMW,Sport utility vehicle: Standard,3.0,6,Z,9.4,218,AS,8
2024,BMW,Sport utility vehicle: Standard,4.4,8,Z,15.8,366,AS,8
2024,BMW,Sport utility vehicle: Standard,4.4,8,Z,12.3,285,AS,8
2024,BMW,Sport utility vehicle: Standard,3.0,6,Z,9.6,223,AS,8
2024,BMW,Sport utility vehicle: Standard,4.4,8,Z,15.8,366,AS,8
2024,BMW,Sport utility vehicle: Standard,4.4,8,Z,12.3,285,AS,8
2024,BMW,Sport utility vehicle: Standard,3.0,6,Z,10.5,243,AS,8
2024,BMW,Sport utility vehicle: Standard,4.4,8,Z,12.9,299,AS,8
2024,BMW,Two-seater,2.0,4,Z,8.4,194,AS,8
2024,BMW,Two-seater,3.0,6,Z,9.1,210,AS,8
2024,Bugatti,Two-seater,8.0,16,Z,26.1,608,AM,7
2024,Buick,Sport utility vehicle: Standard,3.6,6,X,11.9,280,A,9
2024,Buick,Sport utility vehicle: Small,1.3,3,X,7.8,183,AV,0
2024,Buick,Sport utility vehicle: Small,1.3,3,X,8.8,207,A,9
2024,Buick,Sport utility vehicle: Small,2.0,4,X,9.7,229,AS,9
2024,Buick,Station wagon: Small,1.2,3,X,7.9,185,A,6
2024,Cadillac,Compact,2.0,4,Z,9.1,214,AS,8
2024,Cadillac,Compact,2.7,4,Z,9.5,221,AS,10
2024,Cadillac,Compact,2.0,4,Z,9.5,223,AS,8
2024,Cadillac,Compact,2.7,4,Z,9.9,231,AS,10
2024,Cadillac,Compact,2.7,4,Z,10.2,236,AS,10
2024,Cadillac,Compact,3.6,6,Z,12.6,297,AS,10
2024,Cadillac,Compact,3.6,6,Z,13.0,303,M,6
2024,Cadillac,Compact,2.7,4,Z,10.4,244,AS,10
2024,Cadillac,Mid-size,2.0,4,Z,8.8,207,AS,10
2024,Cadillac,Mid-size,3.0,6,Z,10.8,252,AS,10
2024,Cadillac,Mid-size,2.0,4,Z,9.5,224,AS,10
2024,Cadillac,Mid-size,3.0,6,Z,11.3,265,AS,10
2024,Cadillac,Mid-size,3.0,6,Z,11.2,263,AS,10
2024,Cadillac,Mid-size,6.2,8,Z,14.8,347,AS,10
2024,Cadillac,Mid-size,6.2,8,Z,15.3,358,M,6
2024,Cadillac,Mid-size,3.0,6,Z,11.3,265,AS,10
2024,Cadillac,Sport utility vehicle: Standard,3.0,6,D,10.5,281,A,10
2024,Cadillac,Sport utility vehicle: Standard,6.2,8,Z,15.0,350,A,10
2024,Cadillac,Sport utility vehicle: Standard,6.2,8,Z,18.1,425,AS,10
2024,Cadillac,Sport utility vehicle: Small,2.0,4,Z,9.1,214,AS,9
2024,Cadillac,Sport utility vehicle: Small,2.0,4,Z,9.5,224,AS,9
2024,Cadillac,Sport utility vehicle: Small,2.0,4,Z,9.7,228,AS,9
2024,Cadillac,Sport utility vehicle: Small,2.0,4,Z,10.1,237,AS,9
2024,Cadillac,Sport utility vehicle: Small,3.6,6,X,11.2,264,AS,9
2024,Cadillac,Sport utility vehicle: Small,2.0,4,Z,10.2,239,AS,9
2024,Cadillac,Sport utility vehicle: Small,3.6,6,X,11.5,269,AS,9
2024,Chevrolet,Sport utility vehicle: Small,2.0,4,X,9.9,229,A,9
2024,Chevrolet,Sport utility vehicle: Small,3.6,6,X,11.2,262,A,9
2024,Chevrolet,Subcompact,3.6,6,X,10.7,253,AS,10
2024,Chevrolet,Subcompact,3.6,6,X,11.9,280,M,6
2024,Chevrolet,Subcompact,6.2,8,Z,12.0,281,AS,10
2024,Chevrolet,Subcompact,6.2,8,Z,12.6,297,M,6
2024,Chevrolet,Subcompact,6.2,8,Z,15.1,355,AS,10
2024,Chevrolet,Subcompact,6.2,8,Z,14.9,349,M,6
2024,Chevrolet,Pickup truck: Small,2.7,4,X,10.9,256,A,8
2024,Chevrolet,Pickup truck: Small,2.7,4,X,11.1,261,A,8
2024,Chevrolet,Pickup truck: Small,2.7,4,X,11.8,278,A,8
2024,Chevrolet,Pickup truck: Small,2.7,4,X,11.8,277,A,8
2024,Chevrolet,Pickup truck: Small,2.7,4,X,13.1,307,A,8
2024,Chevrolet,Pickup truck: Small,2.7,4,X,14.0,328,A,8
2024,Chevrolet,Pickup truck: Small,2.7,4,X,14.9,350,A,8
2024,Chevrolet,Two-seater,6.2,8,Z,12.5,295,AS,8
2024,Chevrolet,Two-seater,6.2,8,Z,12.7,298,AS,8
2024,Chevrolet,Two-seater,5.5,8,Z,15.8,371,AS,8
2024,Chevrolet,Two-seater,5.5,8,Z,16.7,392,AS,8
2024,Chevrolet,Sport utility vehicle: Small,1.5,4,X,8.5,193,A,6
2024,Chevrolet,Sport utility vehicle: Small,1.5,4,X,8.9,207,A,6
2024,Chevrolet,Mid-size,1.5,4,X,7.7,178,AV,0
2024,Chevrolet,Pickup truck: Standard,2.7,4,X,12.0,281,A,8
2024,Chevrolet,Pickup truck: Standard,2.7,4,X,12.5,292,A,8
2024,Chevrolet,Pickup truck: Standard,3.0,6,D,9.2,247,A,10
2024,Chevrolet,Pickup truck: Standard,5.3,8,X,13.2,309,A,10
2024,Chevrolet,Pickup truck: Standard,5.3,8,X,13.1,308,A,10
2024,Chevrolet,Pickup truck: Standard,5.3,8,E,17.7,293,A,10
2024,Chevrolet,Pickup truck: Standard,2.7,4,X,12.3,289,A,8
2024,Chevrolet,Pickup truck: Standard,2.7,4,X,13.4,314,A,8
2024,Chevrolet,Pickup truck: Standard,2.7,4,X,14.4,337,A,8
2024,Chevrolet,Pickup truck: Standard,2.7,4,X,14.2,332,A,8
2024,Chevrolet,Pickup truck: Standard,3.0,6,D,10.4,280,A,10
2024,Chevrolet,Pickup truck: Standard,3.0,6,D,9.6,259,A,10
2024,Chevrolet,Pickup truck: Standard,3.0,6,D,10.9,293,A,10
2024,Chevrolet,Pickup truck: Standard,5.3,8,X,14.2,332,A,10
2024,Chevrolet,Pickup truck: Standard,5.3,8,X,13.9,326,A,10
2024,Chevrolet,Pickup truck: Standard,5.3,8,E,19.2,318,A,10
2024,Chevrolet,Pickup truck: Standard,5.3,8,X,14.6,342,A,10
2024,Chevrolet,Pickup truck: Standard,5.3,8,X,13.9,326,A,10
2024,Chevrolet,Pickup truck: Standard,5.3,8,E,19.2,318,A,10
2024,Chevrolet,Pickup truck: Standard,6.2,8,Z,13.9,327,A,10
2024,Chevrolet,Pickup truck: Standard,6.2,8,Z,15.7,367,A,10
2024,Chevrolet,Pickup truck: Standard,3.0,6,D,11.4,306,A,10
2024,Chevrolet,Pickup truck: Standard,6.2,8,Z,15.6,367,A,10
2024,Chevrolet,Sport utility vehicle: Standard,3.0,6,D,10.1,272,A,10
2024,Chevrolet,Sport utility vehicle: Standard,5.3,8,X,14.0,327,A,10
2024,Chevrolet,Sport utility vehicle: Standard,3.0,6,D,10.5,281,A,10
2024,Chevrolet,Sport utility vehicle: Standard,5.3,8,X,14.8,346,A,10
2024,Chevrolet,Sport utility vehicle: Standard,6.2,8,Z,15.0,350,A,10
2024,Chevrolet,Sport utility vehicle: Standard,3.0,6,D,9.8,263,A,10
2024,Chevrolet,Sport utility vehicle: Standard,5.3,8,X,14.0,327,A,10
2024,Chevrolet,Sport utility vehicle: Standard,3.0,6,D,10.5,281,A,10
2024,Chevrolet,Sport utility vehicle: Standard,5.3,8,X,14.0,327,A,10
2024,Chevrolet,Sport utility vehicle: Standard,6.2,8,Z,15.0,350,A,10
2024,Chevrolet,Sport utility vehicle: Small,1.2,3,X,7.8,183,AV,0
2024,Chevrolet,Sport utility vehicle: Small,1.3,3,X,7.7,181,AV,0
2024,Chevrolet,Sport utility vehicle: Small,1.3,3,X,8.6,204,A,9
2024,Chevrolet,Sport utility vehicle: Standard,2.5,4,X,11.3,264,A,8
2024,Chevrolet,Sport utility vehicle: Standard,3.6,6,X,11.9,280,A,9
2024,Chevrolet,Station wagon: Small,1.2,3,X,7.9,185,A,6
2024,Chrysler,Minivan,3.6,6,X,10.6,249,A,9
2024,Chrysler,Minivan,3.6,6,X,10.6,249,A,9
2024,Chrysler,Minivan,3.6,6,X,12.0,279,A,9
2024,Dodge,Sport utility vehicle: Standard,3.6,6,X,11.3,266,A,8
2024,Dodge,Sport utility vehicle: Standard,5.7,8,X,14.1,331,A,8
2024,Dodge,Sport utility vehicle: Standard,6.4,8,Z,15.6,363,A,8
2024,Dodge,Sport utility vehicle: Standard,6.2,8,Z,17.4,410,A,8
2024,Dodge,Sport utility vehicle: Small,2.0,4,X,9.9,231,A,9
2024,Ferrari,Two-seater,6.5,12,Z,17.4,405,AM,7
2024,Ferrari,Two-seater,6.5,12,Z,17.3,402,AM,7
2024,Ferrari,Two-seater,6.5,12,Z,17.6,410,AM,7
2024,Ferrari,Sport utility vehicle: Standard,6.5,12,Z,19.0,442,AM,8
2024,Ferrari,Subcompact,3.9,8,Z,12.6,293,AM,8
2024,Ferrari,Minicompact,3.9,8,Z,12.4,290,AM,8
2024,Ford,Sport utility vehicle: Small,2.3,4,X,11.6,273,AS,10
2024,Ford,Sport utility vehicle: Small,2.3,4,X,11.6,271,M,7
2024,Ford,Sport utility vehicle: Small,2.7,6,X,11.9,281,AS,10
2024,Ford,Sport utility vehicle: Small,2.3,4,X,14.0,329,M,7
2024,Ford,Sport utility vehicle: Small,2.7,6,X,13.8,324,AS,10
2024,Ford,Sport utility vehicle: Small,2.3,4,X,13.1,308,AS,10
2024,Ford,Sport utility vehicle: Small,2.3,4,X,14.0,328,M,7
2024,Ford,Sport utility vehicle: Small,2.7,6,X,13.1,308,AS,10
2024,Ford,Sport utility vehicle: Standard,3.0,6,X,15.3,358,AS,10
2024,Ford,Sport utility vehicle: Small,2.3,4,X,13.4,315,AS,10
2024,Ford,Sport utility vehicle: Small,2.3,4,X,14.0,328,M,7
2024,Ford,Sport utility vehicle: Small,2.7,6,X,13.9,326,AS,10
2024,Ford,Sport utility vehicle: Small,1.5,3,X,9.0,211,A,8
2024,Ford,Sport utility vehicle: Small,2.0,4,X,10.2,240,AS,8
2024,Ford,Sport utility vehicle: Small,2.0,4,X,10.0,236,A,8
2024,Ford,Sport utility vehicle: Small,2.0,4,X,10.1,238,AS,8
2024,Ford,Sport utility vehicle: Small,2.7,6,X,11.1,260,AS,8
2024,Ford,Sport utility vehicle: Small,1.5,3,X,8.0,187,A,8
2024,Ford,Sport utility vehicle: Small,1.5,3,X,8.4,197,A,8
2024,Ford,Sport utility vehicle: Small,2.0,4,X,9.1,213,A,8
2024,Ford,Sport utility vehicle: Small,2.5,4,X,6.0,140,AV,0
2024,Ford,Sport utility vehicle: Small,2.5,4,X,6.0,140,AV,0
2024,Ford,Sport utility vehicle: Standard,3.5,6,X,12.9,304,AS,10
2024,Ford,Sport utility vehicle: Standard,3.5,6,X,13.5,318,AS,10
2024,Ford,Sport utility vehicle: Standard,2.3,4,X,10.3,241,A,10
2024,Ford,Sport utility vehicle: Standard,2.3,4,X,11.5,269,AS,10
2024,Ford,Sport utility vehicle: Standard,3.0,6,X,11.7,275,A,10
2024,Ford,Sport utility vehicle: Standard,3.0,6,X,11.8,277,AS,10
2024,Ford,Pickup truck: Standard,2.7,6,X,11.3,266,AS,10
2024,Ford,Pickup truck: Standard,3.5,6,X,12.0,282,AS,10
2024,Ford,Pickup truck: Standard,5.0,8,X,12.5,293,AS,10
2024,Ford,Pickup truck: Standard,2.7,6,X,11.8,278,AS,10
2024,Ford,Pickup truck: Standard,3.5,6,X,12.3,289,AS,10
2024,Ford,Pickup truck: Standard,5.0,8,X,12.8,300,AS,10
2024,Ford,Pickup truck: Standard,3.5,6,X,15.0,353,AS,10
2024,Ford,Pickup truck: Standard,5.2,8,X,19.7,460,AS,10
2024,Ford,Pickup truck: Standard,3.5,6,X,12.9,303,AS,10
2024,Ford,Pickup truck: Standard,5.0,8,X,13.7,322,AS,10
2024,Ford,Pickup truck: Standard,3.5,6,X,10.8,253,AS,10
2024,Ford,Pickup truck: Small,2.0,4,X,9.6,225,A,8
2024,Ford,Pickup truck: Small,2.0,4,X,11.0,257,A,8
2024,Ford,Pickup truck: Small,2.5,4,X,6.3,147,AV,0
2024,Ford,Subcompact,2.3,4,X,9.2,214,A,10
2024,Ford,Subcompact,2.3,4,X,9.8,228,AS,10
2024,Ford,Subcompact,5.0,8,X,13.1,307,AS,10
2024,Ford,Subcompact,5.0,8,X,12.6,296,AS,10
2024,Ford,Subcompact,5.0,8,X,13.8,321,M,6
2024,Ford,Subcompact,5.0,8,X,13.0,306,M,6
2024,Ford,Subcompact,5.0,8,X,13.9,326,AS,10
2024,Ford,Subcompact,5.0,8,X,14.2,333,M,6
2024,Ford,Pickup truck: Standard,2.3,4,X,11.0,257,AS,10
2024,Ford,Pickup truck: Standard,2.7,6,X,11.5,270,AS,10
2024,Ford,Pickup truck: Standard,3.0,6,X,14.0,326,AS,10
2024,Genesis,Compact,2.5,4,Z,10.2,239,AS,8
2024,Genesis,Compact,3.3,6,Z,11.9,282,AS,8
2024,Genesis,Full-size,2.5,4,Z,9.5,225,AS,8
2024,Genesis,Full-size,3.5,6,Z,12.6,298,AS,8
2024,Genesis,Full-size,3.5,6,Z,11.8,274,AS,8
2024,Genesis,Sport utility vehicle: Small,2.5,4,Z,10.5,247,AS,8
2024,Genesis,Sport utility vehicle: Small,3.5,6,Z,11.6,275,AS,8
2024,Genesis,Sport utility vehicle: Standard,2.5,4,Z,10.5,248,AS,8
2024,Genesis,Sport utility vehicle: Standard,3.5,6,Z,11.8,279,AS,8
2024,GMC,Sport utility vehicle: Standard,2.5,4,X,11.3,264,A,8
2024,GMC,Pickup truck: Small,2.7,4,X,11.5,270,A,8
2024,GMC,Pickup truck: Small,2.7,4,X,12.2,286,A,8
2024,GMC,Pickup truck: Small,2.7,4,X,13.1,307,A,8
2024,GMC,Pickup truck: Small,2.7,4,X,14.0,328,A,8
2024,GMC,Pickup truck: Small,2.7,4,X,14.9,350,A,8
2024,GMC,Pickup truck: Standard,2.7,4,X,12.0,281,A,8
2024,GMC,Pickup truck: Standard,2.7,4,X,12.5,292,A,8
2024,GMC,Pickup truck: Standard,3.0,6,D,9.2,248,A,10
2024,GMC,Pickup truck: Standard,5.3,8,X,13.4,314,A,10
2024,GMC,Pickup truck: Standard,5.3,8,X,13.1,308,A,10
2024,GMC,Pickup truck: Standard,5.3,8,E,17.7,293,A,10
2024,GMC,Pickup truck: Standard,2.7,4,X,12.9,302,A,8
2024,GMC,Pickup truck: Standard,2.7,4,X,13.6,319,A,8
2024,GMC,Pickup truck: Standard,2.7,4,X,14.4,337,A,8
2024,GMC,Pickup truck: Standard,3.0,6,D,9.6,259,A,10
2024,GMC,Pickup truck: Standard,3.0,6,D,10.9,293,A,10
2024,GMC,Pickup truck: Standard,5.3,8,X,14.1,331,A,10
2024,GMC,Pickup truck: Standard,5.3,8,X,13.9,326,A,10
2024,GMC,Pickup truck: Standard,5.3,8,E,19.2,318,A,10
2024,GMC,Pickup truck: Standard,5.3,8,X,14.8,346,A,10
2024,GMC,Pickup truck: Standard,5.3,8,X,13.9,326,A,10
2024,GMC,Pickup truck: Standard,5.3,8,E,19.2,318,A,10
2024,GMC,Pickup truck: Standard,6.2,8,Z,14.3,335,A,10
2024,GMC,Pickup truck: Standard,6.2,8,Z,15.7,367,A,10
2024,GMC,Pickup truck: Standard,3.0,6,D,12.1,326,A,10
2024,GMC,Pickup truck: Standard,6.2,8,Z,15.9,375,A,10
2024,GMC,Sport utility vehicle: Small,1.5,4,X,9.0,212,A,9
2024,GMC,Sport utility vehicle: Small,1.5,4,X,9.3,219,A,9
2024,GMC,Sport utility vehicle: Standard,3.0,6,D,10.1,272,A,10
2024,GMC,Sport utility vehicle: Standard,5.3,8,X,14.0,327,A,10
2024,GMC,Sport utility vehicle: Standard,3.0,6,D,10.5,281,A,10
2024,GMC,Sport utility vehicle: Standard,5.3,8,X,14.0,327,A,10
2024,GMC,Sport utility vehicle: Standard,6.2,8,Z,15.0,350,A,10
2024,GMC,Sport utility vehicle: Standard,3.0,6,D,10.1,272,A,10
2024,GMC,Sport utility vehicle: Standard,5.3,8,X,14.0,327,A,10
2024,GMC,Sport utility vehicle: Standard,3.0,6,D,10.5,281,A,10
2024,GMC,Sport utility vehicle: Standard,5.3,8,X,14.8,346,A,10
2024,GMC,Sport utility vehicle: Standard,6.2,8,Z,15.0,350,A,10
2024,Honda,Full-size,1.5,4,X,7.3,171,AV,0
2024,Honda,Mid-size,2.0,4,X,5.3,124,AV,0
2024,Honda,Full-size,1.5,4,X,7.1,166,AV,7
2024,Honda,Full-size,1.5,4,X,7.5,175,M,6
2024,Honda,Full-size,2.0,4,X,7.2,167,AV,0
2024,Honda,Full-size,2.0,4,X,8.0,186,M,6
2024,Honda,Mid-size,1.5,4,X,6.9,162,AV,7
2024,Honda,Mid-size,2.0,4,X,6.9,162,AV,0
2024,Honda,Mid-size,2.0,4,X,7.1,165,AV,7
2024,Honda,Mid-size,1.5,4,Z,7.7,180,M,6
2024,Honda,Full-size,2.0,4,Z,9.7,224,M,6
2024,Honda,Sport utility vehicle: Small,1.5,4,X,7.8,181,AV,0
2024,Honda,Sport utility vehicle: Small,1.5,4,X,8.4,197,AV,0
2024,Honda,Sport utility vehicle: Small,2.0,4,X,6.4,151,AV,0
2024,Honda,Station wagon: Small,2.0,4,X,8.3,194,AV,0
2024,Honda,Station wagon: Small,2.0,4,X,8.7,203,AV,0
2024,Honda,Minivan,3.5,6,X,10.6,248,AS,10
2024,Honda,Sport utility vehicle: Small,3.5,6,X,11.3,265,AS,9
2024,Honda,Sport utility vehicle: Standard,3.5,6,X,11.0,258,AS,10
2024,Honda,Sport utility vehicle: Standard,3.5,6,X,11.2,262,AS,10
2024,Honda,Sport utility vehicle: Standard,3.5,6,X,11.8,275,AS,10
2024,Honda,Pickup truck: Standard,3.5,6,X,11.5,271,AS,9
2024,Honda,Pickup truck: Standard,3.5,6,X,11.6,273,AS,9
2024,Hyundai,Mid-size,1.6,4,X,7.6,179,AM,7
2024,Hyundai,Mid-size,2.0,4,X,6.8,160,AV,1
2024,Hyundai,Mid-size,2.0,4,X,6.5,153,AV,1
2024,Hyundai,Mid-size,2.0,4,Z,10.4,244,AM,8
2024,Hyundai,Mid-size,2.0,4,Z,9.7,227,M,6
2024,Hyundai,Mid-size,1.6,4,X,4.7,110,AM,6
2024,Hyundai,Sport utility vehicle: Small,2.0,4,X,7.6,179,AV,1
2024,Hyundai,Sport utility vehicle: Small,2.0,4,X,7.5,177,AV,1
2024,Hyundai,Sport utility vehicle: Small,1.6,4,X,9.1,214,AS,8
2024,Hyundai,Sport utility vehicle: Small,2.0,4,X,8.6,201,AV,1
2024,Hyundai,Sport utility vehicle: Small,2.0,4,X,8.5,198,AV,1
2024,Hyundai,Sport utility vehicle: Small,3.8,6,X,11.1,261,AS,8
2024,Hyundai,Pickup truck: Small,2.5,4,X,10.6,251,AM,8
2024,Hyundai,Sport utility vehicle: Small,2.5,4,X,10.6,249,AM,8
2024,Hyundai,Sport utility vehicle: Small,2.5,4,X,10.8,254,AM,8
2024,Hyundai,Sport utility vehicle: Small,1.6,4,X,6.9,161,AM,6
2024,Hyundai,Full-size,2.5,4,X,8.8,207,AM,8
2024,Hyundai,Full-size,2.5,4,X,8.2,193,AS,8
2024,Hyundai,Full-size,2.5,4,X,8.6,203,AS,8
2024,Hyundai,Full-size,2.0,4,X,5.0,117,AM,6
2024,Hyundai,Sport utility vehicle: Small,2.5,4,X,9.1,213,AS,8
2024,Hyundai,Sport utility vehicle: Small,1.6,4,X,6.4,152,AM,6
2024,Hyundai,Sport utility vehicle: Small,1.6,4,X,7.5,177,AV,1
2024,Infiniti,Mid-size,3.0,6,Z,10.8,254,AS,7
2024,Infiniti,Mid-size,3.0,6,Z,11.1,261,AS,7
2024,Infiniti,Sport utility vehicle: Small,2.0,4,Z,9.7,228,AV,8
2024,Infiniti,Sport utility vehicle: Small,2.0,4,Z,9.4,222,AV,8
2024,Infiniti,Sport utility vehicle: Standard,3.5,6,Z,10.7,252,AS,9
2024,Infiniti,Sport utility vehicle: Standard,5.6,8,Z,15.2,358,AS,7
2024,Jaguar,Sport utility vehicle: Small,2.0,4,Z,10.4,247,AS,9
2024,Jaguar,Sport utility vehicle: Small,2.0,4,Z,9.9,234,AS,8
2024,Jaguar,Sport utility vehicle: Small,3.0,6,Z,11.1,261,AS,8
2024,Jaguar,Sport utility vehicle: Small,5.0,8,Z,13.8,322,AS,8
2024,Jaguar,Two-seater,5.0,8,Z,12.1,286,AS,8
2024,Jaguar,Two-seater,5.0,8,Z,12.7,299,AS,8
2024,Jaguar,Two-seater,5.0,8,Z,12.1,286,AS,8
2024,Jaguar,Two-seater,5.0,8,Z,12.7,299,AS,8
2024,Jaguar,Two-seater,5.0,8,Z,12.7,299,AS,8
2024,Jaguar,Two-seater,5.0,8,Z,12.7,299,AS,8
2024,Jaguar,Mid-size,2.0,4,Z,9.1,215,AS,8
2024,Jaguar,Mid-size,2.0,4,Z,9.8,231,AS,8
2024,Jeep,Sport utility vehicle: Small,2.0,4,X,8.8,205,A,8
2024,Jeep,Pickup truck: Standard,3.6,6,X,12.3,290,A,8
2024,Jeep,Pickup truck: Standard,3.6,6,X,13.2,311,M,6
2024,Jeep,Sport utility vehicle: Standard,3.6,6,X,10.9,256,A,8
2024,Jeep,Sport utility vehicle: Standard,3.6,6,X,11.3,266,A,8
2024,Jeep,Sport utility vehicle: Standard,5.7,8,X,14.1,331,A,8
2024,Jeep,Sport utility vehicle: Standard,3.0,6,Z,14.3,334,A,8
2024,Jeep,Sport utility vehicle: Standard,6.4,8,Z,16.0,374,A,8
2024,Jeep,Sport utility vehicle: Standard,3.0,6,Z,14.3,334,A,8
2024,Jeep,Sport utility vehicle: Standard,3.0,6,X,12.5,293,A,8
2024,Jeep,Sport utility vehicle: Standard,3.0,6,X,12.7,297,A,8
2024,Jeep,Sport utility vehicle: Small,2.0,4,X,11.5,269,A,8
2024,Jeep,Sport utility vehicle: Small,3.6,6,X,11.6,272,A,8
2024,Jeep,Sport utility vehicle: Small,3.6,6,X,13.3,311,A,8
2024,Jeep,Sport utility vehicle: Small,3.6,6,X,12.2,287,M,6
2024,Jeep,Sport utility vehicle: Small,2.0,4,X,11.7,271,A,8
2024,Jeep,Sport utility vehicle: Small,3.6,6,X,11.9,280,A,8
2024,Jeep,Sport utility vehicle: Small,3.6,6,X,13.7,322,A,8
2024,Jeep,Sport utility vehicle: Small,3.6,6,X,12.6,296,M,6
2024,Jeep,Sport utility vehicle: Small,6.4,8,Z,16.8,393,A,8
2024,Kia,Minivan,3.5,6,X,10.7,253,AS,8
2024,Kia,Mid-size,1.6,4,X,7.8,184,AM,7
2024,Kia,Mid-size,2.0,4,X,7.2,170,AV,0
2024,Kia,Full-size,1.6,4,X,8.0,190,AM,7
2024,Kia,Full-size,2.0,4,X,7.7,182,AV,0
2024,Kia,Full-size,2.5,4,X,8.7,207,AM,8
2024,Kia,Full-size,1.6,4,X,8.3,196,AS,8
2024,Kia,Sport utility vehicle: Small,1.6,4,X,4.8,112,AM,6
2024,Kia,Sport utility vehicle: Small,1.6,4,X,4.4,104,AM,6
2024,Kia,Sport utility vehicle: Small,2.0,4,X,7.6,179,AV,8
2024,Kia,Sport utility vehicle: Small,1.6,4,X,9.1,213,AS,8
2024,Kia,Sport utility vehicle: Small,2.0,4,X,8.2,192,AV,8
2024,Kia,Sport utility vehicle: Small,2.5,4,X,10.3,241,AM,8
2024,Kia,Sport utility vehicle: Small,2.5,4,X,9.4,222,AS,8
2024,Kia,Sport utility vehicle: Small,1.6,4,X,6.8,160,AM,6
2024,Kia,Station wagon: Small,2.0,4,X,7.8,186,AV,0
2024,Kia,Sport utility vehicle: Small,2.5,4,X,8.3,195,AS,8
2024,Kia,Sport utility vehicle: Small,2.5,4,X,9.5,222,AS,8
2024,Kia,Sport utility vehicle: Small,1.6,4,X,6.2,145,AM,6
2024,Kia,Sport utility vehicle: Small,3.8,6,X,11.7,275,AS,8
2024,Lamborghini,Two-seater,5.2,10,Z,16.1,375,AM,7
2024,Lamborghini,Two-seater,5.2,10,Z,16.1,375,AM,7
2024,Lamborghini,Two-seater,5.2,10,Z,15.9,370,AM,7
2024,Lamborghini,Two-seater,5.2,10,Z,15.9,370,AM,7
2024,Lamborghini,Mid-size,4.0,8,Z,14.8,345,AS,8
2024,Lamborghini,Sport utility vehicle: Standard,4.0,8,Z,14.8,345,AS,8
2024,Land Rover,Sport utility vehicle: Standard,2.0,4,Z,12.3,289,AS,8
2024,Land Rover,Sport utility vehicle: Standard,3.0,6,Z,12.0,281,AS,8
2024,Land Rover,Sport utility vehicle: Standard,5.0,8,Z,14.3,339,AS,8
2024,Land Rover,Sport utility vehicle: Standard,2.0,4,Z,12.6,294,AS,8
2024,Land Rover,Sport utility vehicle: Standard,3.0,6,Z,12.8,301,AS,8
2024,Land Rover,Sport utility vehicle: Standard,5.0,8,Z,14.7,350,AS,8
2024,Land Rover,Sport utility vehicle: Standard,3.0,6,Z,14.0,329,AS,8
2024,Land Rover,Sport utility vehicle: Standard,3.0,6,Z,12.9,304,AS,8
2024,Land Rover,Sport utility vehicle: Standard,3.0,6,Z,13.0,305,AS,8
2024,Land Rover,Sport utility vehicle: Standard,5.0,8,Z,15.0,353,AS,8
2024,Land Rover,Sport utility vehicle: Standard,2.0,4,Z,11.1,262,AS,8
2024,Land Rover,Sport utility vehicle: Standard,3.0,6,Z,12.1,284,AS,8
2024,Land Rover,Sport utility vehicle: Small,2.0,4,Z,11.5,271,AS,9
2024,Land Rover,Sport utility vehicle: Standard,3.0,6,Z,11.7,276,AS,8
2024,Land Rover,Sport utility vehicle: Standard,3.0,6,Z,11.7,276,AS,8
2024,Land Rover,Sport utility vehicle: Standard,4.4,8,Z,12.6,296,AS,8
2024,Land Rover,Sport utility vehicle: Standard,4.4,8,Z,13.2,311,AS,8
2024,Land Rover,Sport utility vehicle: Standard,4.4,8,Z,13.2,311,AS,8
2024,Land Rover,Sport utility vehicle: Standard,4.4,8,Z,13.2,311,AS,8
2024,Land Rover,Sport utility vehicle: Standard,3.0,6,Z,11.5,269,AS,8
2024,Land Rover,Sport utility vehicle: Standard,3.0,6,Z,11.1,262,AS,8
2024,Land Rover,Sport utility vehicle: Standard,4.4,8,Z,13.1,309,AS,8
2024,Land Rover,Sport utility vehicle: Small,2.0,4,Z,10.5,247,AS,9
2024,Land Rover,Sport utility vehicle: Small,2.0,4,Z,10.0,237,AS,8
2024,Land Rover,Sport utility vehicle: Small,3.0,6,Z,10.7,253,AS,8
2024,Land Rover,Sport utility vehicle: Small,3.0,6,Z,11.1,261,AS,8
2024,Lexus,Mid-size,2.5,4,X,8.4,195,AS,8
2024,Lexus,Mid-size,2.5,4,X,5.3,124,AV,6
2024,Lexus,Mid-size,3.5,6,X,9.2,214,AS,8
2024,Lexus,Mid-size,3.5,6,X,9.4,219,AS,8
2024,Lexus,Sport utility vehicle: Standard,3.4,6,Z,13.5,313,AS,10
2024,Lexus,Compact,3.5,6,Z,10.8,253,AS,6
2024,Lexus,Compact,3.5,6,Z,10.8,253,AS,6
2024,Lexus,Compact,5.0,8,Z,11.9,280,AS,8
2024,Lexus,Subcompact,5.0,8,Z,12.7,299,AS,10
2024,Lexus,Minicompact,5.0,8,Z,13.0,304,AS,10
2024,Lexus,Subcompact,3.5,6,Z,8.1,189,AV,10
2024,Lexus,Mid-size,3.4,6,Z,11.2,270,AS,10
2024,Lexus,Mid-size,3.5,6,Z,9.2,217,AV,10
2024,Lexus,Sport utility vehicle: Standard,3.4,6,Z,12.7,298,AS,10
2024,Lexus,Sport utility vehicle: Small,2.5,4,X,8.4,198,AS,8
2024,Lexus,Sport utility vehicle: Small,2.4,4,Z,9.8,228,AS,8
2024,Lexus,Sport utility vehicle: Small,2.4,4,Z,9.7,230,AS,8
2024,Lexus,Sport utility vehicle: Small,2.5,4,Z,6.0,140,AV,6
2024,Lexus,Subcompact,3.5,6,Z,10.8,253,AS,6
2024,Lexus,Subcompact,3.5,6,Z,10.8,253,AS,6
2024,Lexus,Subcompact,5.0,8,Z,12.2,285,AS,8
2024,Lexus,Sport utility vehicle: Small,2.4,4,Z,9.9,231,AS,8
2024,Lexus,Sport utility vehicle: Small,2.5,4,Z,6.5,151,AV,6
2024,Lexus,Sport utility vehicle: Small,2.4,4,Z,8.6,199,AS,6
2024,Lexus,Sport utility vehicle: Standard,2.4,4,Z,10.3,241,AS,8
2024,Lexus,Sport utility vehicle: Standard,2.4,4,Z,8.6,200,AS,6
2024,Lexus,Compact,2.0,4,X,6.0,140,AV,6
2024,Lincoln,Sport utility vehicle: Standard,3.0,6,X,11.9,280,AS,10
2024,Lincoln,Sport utility vehicle: Small,2.0,4,X,9.9,232,AS,8
2024,Lincoln,Sport utility vehicle: Small,2.0,4,X,9.8,231,A,8
2024,Lincoln,Sport utility vehicle: Small,2.0,4,X,7.7,180,AV,0
2024,Lincoln,Sport utility vehicle: Standard,3.5,6,X,13.2,310,AS,10
2024,Maserati,Mid-size,3.0,6,Z,11.6,271,A,8
2024,Maserati,Mid-size,3.0,6,Z,11.6,271,A,8
2024,Maserati,Mid-size,3.0,6,Z,12.0,284,A,8
2024,Maserati,Mid-size,3.8,8,Z,14.9,348,A,8
2024,Maserati,Subcompact,3.0,6,Z,11.1,256,A,8
2024,Maserati,Subcompact,3.0,6,Z,11.1,256,A,8
2024,Maserati,Sport utility vehicle: Small,2.0,4,Z,9.4,218,A,8
2024,Maserati,Sport utility vehicle: Small,2.0,4,Z,9.4,218,A,8
2024,Maserati,Sport utility vehicle: Small,3.0,6,Z,11.6,268,A,8
2024,Maserati,Sport utility vehicle: Standard,3.0,6,Z,13.2,308,A,8
2024,Maserati,Sport utility vehicle: Standard,3.0,6,Z,13.2,308,A,8
2024,Maserati,Sport utility vehicle: Standard,3.8,8,Z,15.0,349,A,8
2024,Maserati,Sport utility vehicle: Standard,3.8,8,Z,15.0,349,A,8
2024,Maserati,Two-seater,3.0,6,Z,12.8,295,AS,8
2024,Maserati,Two-seater,3.0,6,Z,12.8,299,AS,8
2024,Maserati,Full-size,3.0,6,Z,12.1,281,A,8
2024,Maserati,Full-size,3.0,6,Z,12.1,281,A,8
2024,Maserati,Full-size,3.0,6,Z,12.0,284,A,8
2024,Maserati,Full-size,3.8,8,Z,14.9,348,A,8
2024,Mazda,Sport utility vehicle: Small,2.5,4,X,8.2,192,AS,6
2024,Mazda,Sport utility vehicle: Small,2.5,4,X,9.3,220,AS,6
2024,Mazda,Sport utility vehicle: Small,2.5,4,X,9.3,216,AS,6
2024,Mazda,Sport utility vehicle: Small,2.5,4,X,8.5,199,AS,6
2024,Mazda,Sport utility vehicle: Small,2.5,4,X,9.8,230,AS,6
2024,Mazda,Sport utility vehicle: Small,2.5,4,X,8.9,209,AS,6
2024,Mazda,Sport utility vehicle: Small,2.5,4,X,9.4,221,AS,6
2024,Mazda,Sport utility vehicle: Standard,3.3,6,X,9.3,216,AS,8
2024,Mazda,Sport utility vehicle: Standard,3.3,6,Z,9.5,222,AS,8
2024,Mazda,Compact,2.5,4,X,7.5,175,AS,6
2024,Mazda,Compact,2.5,4,X,7.9,185,AS,6
2024,Mazda,Compact,2.5,4,X,8.8,207,AS,6
2024,Mazda,Mid-size,2.5,4,X,7.6,178,AS,6
2024,Mazda,Mid-size,2.5,4,X,7.8,184,M,6
2024,Mazda,Mid-size,2.5,4,X,8.1,191,AS,6
2024,Mazda,Mid-size,2.5,4,X,8.9,209,AS,6
2024,Mazda,Two-seater,2.0,4,Z,8.0,187,AS,6
2024,Mazda,Two-seater,2.0,4,Z,8.1,189,M,6
2024,Mercedes-Benz,Compact,2.0,4,Z,10.3,242,A,9
2024,Mercedes-Benz,Compact,2.0,4,Z,9.6,225,AM,8
2024,Mercedes-Benz,Compact,2.0,4,Z,10.3,242,AM,8
2024,Mercedes-Benz,Subcompact,3.0,6,Z,10.4,243,A,9
2024,Mercedes-Benz,Sport utility vehicle: Standard,4.0,8,Z,17.7,415,A,9
2024,Mercedes-Benz,Sport utility vehicle: Standard,4.0,8,Z,21.7,508,A,9
2024,Mercedes-Benz,Station wagon: Small,2.0,4,Z,9.9,230,AM,8
2024,Mercedes-Benz,Station wagon: Small,2.0,4,Z,10.4,238,AM,8
2024,Mercedes-Benz,Sport utility vehicle: Small,2.0,4,Z,11.4,269,A,9
2024,Mercedes-Benz,Sport utility vehicle: Small,2.0,4,Z,11.2,263,A,9
2024,Mercedes-Benz,Sport utility vehicle: Standard,3.0,6,Z,11.7,273,A,9
2024,Mercedes-Benz,Sport utility vehicle: Standard,3.0,6,Z,11.6,273,A,9
2024,Mercedes-Benz,Sport utility vehicle: Standard,4.0,8,Z,14.7,343,A,9
2024,Mercedes-Benz,Sport utility vehicle: Standard,4.0,8,Z,14.7,343,A,9
2024,Mercedes-Benz,Sport utility vehicle: Standard,4.0,8,Z,15.2,357,A,9
2024,Mercedes-Benz,Compact,3.0,6,Z,11.2,262,A,9
2024,Mercedes-Benz,Subcompact,4.0,8,Z,15.0,353,A,9
2024,Mercedes-Benz,Compact,4.0,8,Z,13.5,318,A,9
2024,Mercedes-Benz,Subcompact,4.0,8,Z,15.0,353,A,9
2024,Mercedes-Benz,Minicompact,4.0,8,Z,14.5,340,A,9
2024,Mercedes-Benz,Minicompact,4.0,8,Z,14.5,340,A,9
2024,Mercedes-Benz,Compact,2.0,4,Z,8.8,206,A,9
2024,Mercedes-Benz,Compact,2.0,4,Z,8.3,194,AM,8
2024,Mercedes-Benz,Subcompact,2.0,4,Z,8.9,209,A,9
2024,Mercedes-Benz,Subcompact,2.0,4,Z,8.6,201,A,9
2024,Mercedes-Benz,Mid-size,2.0,4,Z,8.6,203,A,9
2024,Mercedes-Benz,Mid-size,3.0,6,Z,9.4,221,A,9
2024,Mercedes-Benz,Sport utility vehicle: Standard,4.0,8,Z,16.3,383,A,9
2024,Mercedes-Benz,Sport utility vehicle: Small,2.0,4,Z,8.6,202,AM,8
2024,Mercedes-Benz,Sport utility vehicle: Small,2.0,4,Z,8.7,205,AM,8
2024,Mercedes-Benz,Sport utility vehicle: Small,2.0,4,Z,9.0,212,A,9
2024,Mercedes-Benz,Sport utility vehicle: Small,2.0,4,Z,9.0,212,A,9
2024,Mercedes-Benz,Sport utility vehicle: Standard,2.0,4,Z,10.2,238,A,9
2024,Mercedes-Benz,Sport utility vehicle: Standard,3.0,6,Z,10.8,252,A,9
2024,Mercedes-Benz,Sport utility vehicle: Standard,3.0,6,Z,10.8,252,A,9
2024,Mercedes-Benz,Sport utility vehicle: Standard,3.0,6,Z,11.3,266,A,9
2024,Mercedes-Benz,Sport utility vehicle: Standard,4.0,8,Z,14.6,344,A,9
2024,Mercedes-Benz,Sport utility vehicle: Standard,4.0,8,Z,15.6,364,A,9
2024,Mercedes-Benz,Full-size,3.0,6,Z,9.7,226,A,9
2024,Mercedes-Benz,Full-size,4.0,8,Z,11.0,260,A,9
2024,Mercedes-Benz,Full-size,4.0,8,Z,11.3,266,A,9
2024,Mercedes-Benz,Full-size,6.0,12,Z,16.1,379,A,9
2024,MINI,Subcompact,1.5,3,Z,7.3,170,AM,7
2024,MINI,Subcompact,1.5,3,Z,7.5,176,M,6
2024,MINI,Subcompact,1.5,3,Z,7.3,170,AM,7
2024,MINI,Subcompact,1.5,3,Z,7.5,176,M,6
2024,MINI,Minicompact,1.5,3,Z,7.3,170,AM,7
2024,MINI,Minicompact,1.5,3,Z,7.5,176,M,6
2024,MINI,Mid-size,1.5,3,Z,9.0,209,AS,8
2024,MINI,Subcompact,2.0,4,Z,7.5,174,AM,7
2024,MINI,Subcompact,2.0,4,Z,8.8,205,M,6
2024,MINI,Subcompact,2.0,4,Z,7.5,174,AM,7
2024,MINI,Subcompact,2.0,4,Z,8.8,205,M,6
2024,MINI,Minicompact,2.0,4,Z,7.8,182,AM,7
2024,MINI,Minicompact,2.0,4,Z,8.8,205,M,6
2024,MINI,Mid-size,2.0,4,Z,9.1,212,AS,8
2024,MINI,Subcompact,2.0,4,Z,8.0,186,AS,8
2024,MINI,Subcompact,2.0,4,Z,9.2,215,M,6
2024,MINI,Minicompact,2.0,4,Z,8.5,197,AS,8
2024,MINI,Mid-size,2.0,4,Z,9.0,210,AS,8
2024,Mitsubishi,Sport utility vehicle: Small,1.5,4,X,9.3,216,AV,8
2024,Mitsubishi,Compact,1.2,3,X,6.2,143,AV,0
2024,Mitsubishi,Sport utility vehicle: Small,2.5,4,X,8.9,208,AV,8
2024,Mitsubishi,Sport utility vehicle: Small,2.0,4,X,8.9,207,AV,6
2024,Mitsubishi,Sport utility vehicle: Small,2.0,4,X,9.1,213,AV,6
2024,Mitsubishi,Sport utility vehicle: Small,2.4,4,X,9.4,218,AV,6
2024,Nissan,Mid-size,2.5,4,X,8.2,193,AV,0
2024,Nissan,Mid-size,2.5,4,X,8.1,191,AV,8
2024,Nissan,Sport utility vehicle: Standard,5.6,8,Z,15.4,363,AS,7
2024,Nissan,Pickup truck: Standard,3.8,6,X,11.1,260,AS,9
2024,Nissan,Pickup truck: Standard,3.8,6,X,12.0,281,AS,9
2024,Nissan,Pickup truck: Standard,3.8,6,X,12.4,291,AS,9
2024,Nissan,Subcompact,3.8,6,Z,12.8,300,AM,6
2024,Nissan,Mid-size,1.6,4,X,7.2,169,AV,0
2024,Nissan,Station wagon: Mid-size,3.5,6,X,10.6,248,AV,7
2024,Nissan,Sport utility vehicle: Small,3.5,6,X,10.6,248,AS,9
2024,Nissan,Sport utility vehicle: Standard,3.5,6,Z,11.1,260,AS,9
2024,Nissan,Sport utility vehicle: Small,1.5,3,X,7.2,169,AV,8
2024,Nissan,Sport utility vehicle: Small,1.5,3,X,7.6,179,AV,8
2024,Nissan,Sport utility vehicle: Small,1.5,3,X,7.7,181,AV,8
2024,Nissan,Mid-size,2.0,4,X,6.7,157,AV,0
2024,Nissan,Mid-size,2.0,4,X,6.8,161,AV,0
2024,Nissan,Mid-size,2.0,4,X,8.0,189,M,6
2024,Nissan,Mid-size,2.0,4,X,8.2,194,M,6
2024,Nissan,Compact,1.6,4,X,6.7,158,AV,0
2024,Nissan,Compact,1.6,4,X,7.7,181,M,5
2024,Nissan,Two-seater,3.0,6,Z,10.6,250,AS,9
2024,Nissan,Two-seater,3.0,6,Z,11.9,280,M,6
2024,Nissan,Two-seater,3.0,6,Z,12.2,287,AS,9
2024,Porsche,Two-seater,2.0,4,Z,10.0,233,AM,7
2024,Porsche,Two-seater,2.0,4,Z,10.9,254,M,6
2024,Porsche,Two-seater,2.5,4,Z,10.9,255,AM,7
2024,Porsche,Two-seater,2.5,4,Z,11.2,263,M,6
2024,Porsche,Two-seater,4.0,6,Z,11.1,260,AM,7
2024,Porsche,Two-seater,4.0,6,Z,12.2,284,M,6
2024,Porsche,Two-seater,2.0,4,Z,10.0,233,AM,7
2024,Porsche,Two-seater,2.0,4,Z,10.9,254,M,6
2024,Porsche,Two-seater,2.5,4,Z,10.9,255,AM,7
2024,Porsche,Two-seater,2.5,4,Z,11.2,263,M,6
2024,Porsche,Two-seater,4.0,6,Z,11.1,260,AM,7
2024,Porsche,Two-seater,4.0,6,Z,12.2,284,M,6
2024,Porsche,Two-seater,4.0,6,Z,14.4,338,AM,7
2024,Porsche,Two-seater,4.0,6,Z,14.6,342,AM,7
2024,Porsche,Minicompact,3.0,6,Z,11.6,275,AM,8
2024,Porsche,Minicompact,3.0,6,Z,11.6,275,AM,8
2024,Porsche,Minicompact,3.0,6,Z,11.6,275,AM,8
2024,Porsche,Minicompact,3.0,6,Z,11.6,275,AM,8
2024,Porsche,Minicompact,3.0,6,Z,11.4,276,AM,8
2024,Porsche,Minicompact,3.0,6,Z,11.8,275,M,7
2024,Porsche,Minicompact,3.0,6,Z,11.7,274,AM,8
2024,Porsche,Minicompact,3.0,6,Z,11.3,264,M,7
2024,Porsche,Minicompact,3.0,6,Z,11.8,275,AM,8
2024,Porsche,Minicompact,3.0,6,Z,11.8,275,M,7
2024,Porsche,Minicompact,3.0,6,Z,11.7,273,AM,8
2024,Porsche,Minicompact,3.0,6,Z,11.8,275,M,7
2024,Porsche,Minicompact,3.0,6,Z,11.7,273,AM,8
2024,Porsche,Minicompact,3.0,6,Z,12.0,281,M,7
2024,Porsche,Minicompact,3.0,6,Z,12.1,289,AM,8
2024,Porsche,Minicompact,3.0,6,Z,11.9,276,M,7
2024,Porsche,Minicompact,3.0,6,Z,12.1,288,AM,8
2024,Porsche,Minicompact,3.0,6,Z,12.2,289,M,7
2024,Porsche,Minicompact,3.0,6,Z,12.2,289,AM,8
2024,Porsche,Minicompact,3.0,6,Z,11.9,278,M,7
2024,Porsche,Minicompact,3.0,6,Z,12.3,288,AM,8
2024,Porsche,Minicompact,3.0,6,Z,12.7,296,M,7
2024,Porsche,Minicompact,3.0,6,Z,12.5,293,AM,8
2024,Porsche,Two-seater,4.0,6,Z,15.1,355,AM,7
2024,Porsche,Two-seater,4.0,6,Z,15.3,356,M,6
2024,Porsche,Two-seater,4.0,6,Z,15.1,354,AM,7
2024,Porsche,Two-seater,4.0,6,Z,15.1,355,AM,7
2024,Porsche,Two-seater,4.0,6,Z,15.3,356,M,6
2024,Porsche,Two-seater,4.0,6,Z,15.5,363,M,6
2024,Porsche,Minicompact,3.0,6,Z,11.6,275,AM,8
2024,Porsche,Minicompact,3.0,6,Z,11.8,274,AM,8
2024,Porsche,Minicompact,3.0,6,Z,11.9,278,M,7
2024,Porsche,Minicompact,3.0,6,Z,12.3,286,AM,8
2024,Porsche,Minicompact,3.0,6,Z,12.7,296,M,7
2024,Porsche,Minicompact,3.7,6,Z,14.2,332,AM,8
2024,Porsche,Minicompact,3.7,6,Z,14.5,339,AM,8
2024,Porsche,Minicompact,3.7,6,Z,14.4,345,AM,8
2024,Porsche,Minicompact,3.7,6,Z,14.5,341,AM,8
2024,Porsche,Sport utility vehicle: Standard,3.0,6,Z,12.2,291,AS,8
2024,Porsche,Sport utility vehicle: Standard,3.0,6,Z,12.2,291,AS,8
2024,Porsche,Sport utility vehicle: Standard,4.0,8,Z,13.5,324,AS,8
2024,Porsche,Sport utility vehicle: Standard,4.0,8,Z,13.6,324,AS,8
2024,Porsche,Sport utility vehicle: Standard,4.0,8,Z,13.8,324,AS,8
2024,Porsche,Sport utility vehicle: Small,2.0,4,Z,11.0,263,AM,7
2024,Porsche,Sport utility vehicle: Small,2.0,4,Z,11.0,259,AM,7
2024,Porsche,Sport utility vehicle: Small,2.9,6,Z,12.2,289,AM,7
2024,Porsche,Sport utility vehicle: Small,2.9,6,Z,12.2,290,AM,7
2024,Porsche,Full-size,2.9,6,Z,10.9,258,AM,8
2024,Ram,Pickup truck: Standard,3.6,6,X,10.8,253,A,8
2024,Ram,Pickup truck: Standard,5.7,8,X,11.7,275,A,8
2024,Ram,Pickup truck: Standard,3.6,6,X,11.0,259,A,8
2024,Ram,Pickup truck: Standard,5.7,8,X,12.1,284,A,8
2024,Ram,Pickup truck: Standard,6.2,8,Z,19.8,465,A,8
2024,Ram,Pickup truck: Standard,3.6,6,X,11.9,280,A,8
2024,Ram,Pickup truck: Standard,5.7,8,X,13.8,325,A,8
2024,Ram,Pickup truck: Standard,3.6,6,X,12.5,294,A,8
2024,Ram,Pickup truck: Standard,5.7,8,X,14.1,330,A,8
2024,Rolls-Royce,Station wagon: Mid-size,6.7,12,Z,16.7,390,AS,8
2024,Rolls-Royce,Station wagon: Mid-size,6.7,12,Z,16.7,390,AS,8
2024,Rolls-Royce,Full-size,6.7,12,Z,16.7,388,AS,8
2024,Rolls-Royce,Full-size,6.7,12,Z,16.7,388,AS,8
2024,Rolls-Royce,Full-size,6.7,12,Z,16.7,388,AS,8
2024,Rolls-Royce,Full-size,6.7,12,Z,17.0,397,AS,8
2024,Rolls-Royce,Full-size,6.7,12,Z,17.0,397,AS,8
2024,Subaru,Sport utility vehicle: Standard,2.4,4,X,11.0,256,AV,8
2024,Subaru,Minicompact,2.4,4,Z,9.5,224,AS,6
2024,Subaru,Minicompact,2.4,4,Z,10.5,247,M,6
2024,Subaru,Sport utility vehicle: Small,2.0,4,X,8.0,188,AV,8
2024,Subaru,Sport utility vehicle: Small,2.5,4,X,8.1,190,AV,8
2024,Subaru,Sport utility vehicle: Small,2.5,4,X,8.8,206,AV,8
2024,Subaru,Sport utility vehicle: Small,2.5,4,X,8.2,192,AV,8
2024,Subaru,Sport utility vehicle: Small,2.5,4,X,9.0,210,AV,8
2024,Subaru,Station wagon: Small,2.0,4,X,8.0,185,AV,8
2024,Subaru,Station wagon: Small,2.5,4,X,8.2,190,AV,8
2024,Subaru,Mid-size,2.4,4,X,9.0,209,AV,8
2024,Subaru,Sport utility vehicle: Small,2.4,4,X,9.5,221,AV,8
2024,Subaru,Sport utility vehicle: Small,2.5,4,X,8.3,195,AV,8
2024,Subaru,Sport utility vehicle: Small,2.4,4,X,10.1,235,AV,8
2024,Subaru,Mid-size,2.4,4,Z,11.2,262,AV,8
2024,Subaru,Mid-size,2.4,4,Z,10.8,254,M,6
2024,Toyota,Sport utility vehicle: Standard,4.0,6,X,13.8,323,AS,5
2024,Toyota,Sport utility vehicle: Standard,4.0,6,X,13.8,320,AS,5
2024,Toyota,Mid-size,2.5,4,X,7.4,174,AS,8
2024,Toyota,Mid-size,3.5,6,X,9.2,215,AS,8
2024,Toyota,Mid-size,2.5,4,X,8.2,192,AS,8
2024,Toyota,Mid-size,2.5,4,X,8.4,195,AS,8
2024,Toyota,Mid-size,2.5,4,X,4.9,113,AV,6
2024,Toyota,Mid-size,2.5,4,X,5.1,121,AV,6
2024,Toyota,Compact,2.0,4,X,6.7,158,AV,10
2024,Toyota,Compact,2.0,4,X,6.8,160,AV,10
2024,Toyota,Compact,2.0,4,X,6.8,159,AV,10
2024,Toyota,Compact,1.8,4,X,4.7,110,AV,0
2024,Toyota,Compact,1.8,4,X,4.9,115,AV,0
2024,Toyota,Compact,1.8,4,X,5.3,124,AV,0
2024,Toyota,Sport utility vehicle: Small,2.0,4,X,7.4,172,AV,10
2024,Toyota,Sport utility vehicle: Small,2.0,4,X,7.8,183,AV,10
2024,Toyota,Sport utility vehicle: Small,2.0,4,X,5.6,130,AV,6
2024,Toyota,Mid-size,2.4,4,X,7.8,182,AS,6
2024,Toyota,Mid-size,2.5,4,X,5.7,133,AV,0
2024,Toyota,Subcompact,1.6,3,Z,9.8,229,M,6
2024,Toyota,Two-seater,2.0,4,Z,8.6,200,AS,8
2024,Toyota,Two-seater,3.0,6,Z,9.1,212,AS,8
2024,Toyota,Two-seater,3.0,6,Z,10.9,255,M,6
2024,Toyota,Minicompact,2.4,4,Z,9.7,227,AS,6
2024,Toyota,Minicompact,2.4,4,Z,10.6,249,M,6
2024,Toyota,Sport utility vehicle: Standard,2.4,4,X,10.7,249,AS,8
2024,Toyota,Sport utility vehicle: Standard,2.4,4,X,10.0,236,AS,8
2024,Toyota,Sport utility vehicle: Standard,2.5,4,X,7.0,161,AV,6
2024,Toyota,Sport utility vehicle: Standard,2.5,4,X,7.0,161,AV,6
2024,Toyota,Sport utility vehicle: Standard,2.4,4,X,8.8,206,AS,6
2024,Toyota,Sport utility vehicle: Small,2.4,4,X,9.9,232,AS,8
2024,Toyota,Sport utility vehicle: Standard,2.5,4,X,6.7,158,AV,0
2024,Toyota,Sport utility vehicle: Standard,2.5,4,X,6.7,156,AV,0
2024,Toyota,Sport utility vehicle: Standard,2.4,4,Z,10.1,236,AS,8
2024,Toyota,Mid-size,2.0,4,X,4.8,111,AV,0
2024,Toyota,Sport utility vehicle: Small,2.5,4,X,8.5,199,AS,8
2024,Toyota,Sport utility vehicle: Small,2.5,4,X,8.0,187,AS,8
2024,Toyota,Sport utility vehicle: Small,2.5,4,X,7.9,184,AS,8
2024,Toyota,Sport utility vehicle: Small,2.5,4,X,6.0,139,AV,0
2024,Toyota,Sport utility vehicle: Small,2.5,4,X,6.4,149,AV,0
2024,Toyota,Sport utility vehicle: Standard,3.4,6,X,11.7,273,AS,10
2024,Toyota,Minivan,2.5,4,X,6.6,153,AV,0
2024,Toyota,Minivan,2.5,4,X,6.7,158,AV,0
2024,Toyota,Pickup truck: Small,2.4,4,X,11.2,264,AS,8
2024,Toyota,Pickup truck: Small,2.4,4,X,11.4,269,AS,8
2024,Toyota,Pickup truck: Small,2.4,4,X,11.9,279,M,6
2024,Toyota,Pickup truck: Standard,2.4,4,X,10.3,241,AS,8
2024,Toyota,Pickup truck: Standard,2.4,4,X,10.0,235,AS,8
2024,Toyota,Pickup truck: Standard,3.4,6,X,12.0,283,AS,10
2024,Toyota,Pickup truck: Standard,3.4,6,X,12.4,291,AS,10
2024,Toyota,Pickup truck: Standard,3.4,6,X,12.2,286,AS,10
2024,Toyota,Pickup truck: Standard,3.4,6,X,11.7,274,AS,10
2024,Toyota,Pickup truck: Standard,3.4,6,X,12.3,287,AS,10
2024,Toyota,Sport utility vehicle: Small,2.5,4,X,6.1,141,AV,0
2024,Volkswagen,Sport utility vehicle: Small,2.0,4,X,10.8,253,AS,8
2024,Volkswagen,Sport utility vehicle: Small,2.0,4,X,11.2,262,AS,8
2024,Volkswagen,Sport utility vehicle: Small,2.0,4,X,11.5,270,AS,8
2024,Volkswagen,Sport utility vehicle: Small,2.0,4,X,10.8,253,AS,8
2024,Volkswagen,Compact,2.0,4,X,8.8,205,AM,7
2024,Volkswagen,Compact,2.0,4,X,8.7,203,M,6
2024,Volkswagen,Compact,2.0,4,Z,9.3,217,AM,7
2024,Volkswagen,Compact,2.0,4,Z,10.2,237,M,6
2024,Volkswagen,Compact,1.5,4,X,6.9,162,AS,8
2024,Volkswagen,Compact,1.5,4,X,7.1,168,AS,8
2024,Volkswagen,Compact,1.5,4,X,7.0,165,M,6
2024,Volkswagen,Compact,2.0,4,X,7.9,185,AM,7
2024,Volkswagen,Compact,2.0,4,X,8.4,198,M,6
2024,Volkswagen,Sport utility vehicle: Small,1.5,4,X,7.5,178,AS,8
2024,Volkswagen,Sport utility vehicle: Small,1.5,4,X,8.8,208,AM,7
2024,Volkswagen,Sport utility vehicle: Small,2.0,4,X,9.4,222,AS,8
2024,Volkswagen,Sport utility vehicle: Small,2.0,4,X,9.7,228,AS,8
2024,Volvo,Compact,2.0,4,Z,8.4,196,AS,8
2024,Volvo,Mid-size,2.0,4,Z,9.2,216,AS,8
2024,Volvo,Station wagon: Small,2.0,4,Z,8.9,207,AS,8
2024,Volvo,Station wagon: Mid-size,2.0,4,Z,9.5,223,AS,8
2024,Volvo,Sport utility vehicle: Small,2.0,4,Z,9.0,210,AS,8
2024,Volvo,Sport utility vehicle: Small,2.0,4,Z,9.6,226,AS,8
2024,Volvo,Sport utility vehicle: Standard,2.0,4,Z,9.8,230,AS,8
